ISO-10303-21;
HEADER;
/* Generated by software containing ST-Developer
 * from STEP Tools, Inc. (www.steptools.com) 
 */

FILE_DESCRIPTION(
/* description */ (''),
/* implementation_level */ '2;1');

FILE_NAME(
/* name */ '/Users/Shared/Dropbox/3D Print/Models/AirTag.step',
/* time_stamp */ '2022-08-08T18:40:07+02:00',
/* author */ (''),
/* organization */ (''),
/* preprocessor_version */ 'ST-DEVELOPER v19',
/* originating_system */ 'Autodesk Translation Framework v11.7.0.108',
/* authorisation */ '');

FILE_SCHEMA (('AUTOMOTIVE_DESIGN { 1 0 10303 214 3 1 1 }'));
ENDSEC;

DATA;
#10=MECHANICAL_DESIGN_GEOMETRIC_PRESENTATION_REPRESENTATION('',(#13),#2165);
#11=SHAPE_REPRESENTATION_RELATIONSHIP('SRR','None',#2172,#12);
#12=ADVANCED_BREP_SHAPE_REPRESENTATION('',(#14),#2164);
#13=STYLED_ITEM('',(#2181),#14);
#14=MANIFOLD_SOLID_BREP('AirTag',#121);
#15=CONICAL_SURFACE('',#142,12.745,0.785398163397437);
#16=CONICAL_SURFACE('',#146,12.745,0.785398163397437);
#17=LINE('',#1443,#21);
#18=LINE('',#1450,#22);
#19=LINE('',#1454,#23);
#20=LINE('',#1460,#24);
#21=VECTOR('',#161,11.555);
#22=VECTOR('',#170,12.745);
#23=VECTOR('',#175,12.77);
#24=VECTOR('',#182,12.745);
#25=CYLINDRICAL_SURFACE('',#138,11.555);
#26=CYLINDRICAL_SURFACE('',#144,12.77);
#27=FACE_BOUND('',#41,.T.);
#28=FACE_BOUND('',#44,.T.);
#29=PLANE('',#136);
#30=PLANE('',#140);
#31=FACE_OUTER_BOUND('',#39,.T.);
#32=FACE_OUTER_BOUND('',#40,.T.);
#33=FACE_OUTER_BOUND('',#42,.T.);
#34=FACE_OUTER_BOUND('',#43,.T.);
#35=FACE_OUTER_BOUND('',#45,.T.);
#36=FACE_OUTER_BOUND('',#46,.T.);
#37=FACE_OUTER_BOUND('',#47,.T.);
#38=FACE_OUTER_BOUND('',#48,.T.);
#39=EDGE_LOOP('',(#83,#84,#85));
#40=EDGE_LOOP('',(#86));
#41=EDGE_LOOP('',(#87));
#42=EDGE_LOOP('',(#88,#89,#90,#91));
#43=EDGE_LOOP('',(#92));
#44=EDGE_LOOP('',(#93));
#45=EDGE_LOOP('',(#94,#95,#96,#97));
#46=EDGE_LOOP('',(#98,#99,#100,#101));
#47=EDGE_LOOP('',(#102,#103,#104,#105,#106));
#48=EDGE_LOOP('',(#107,#108,#109,#110));
#49=CIRCLE('',#135,14.47);
#50=CIRCLE('',#137,11.555);
#51=CIRCLE('',#139,11.555);
#52=CIRCLE('',#141,12.72);
#53=CIRCLE('',#143,12.77);
#54=CIRCLE('',#145,12.77);
#55=CIRCLE('',#147,12.72);
#56=CIRCLE('',#148,12.72);
#57=(
BOUNDED_CURVE()
B_SPLINE_CURVE(5,(#1311,#1312,#1313,#1314,#1315,#1316,#1317,#1318,#1319,
#1320,#1321,#1322,#1323,#1324,#1325,#1326,#1327,#1328,#1329,#1330,#1331,
#1332,#1333,#1334,#1335,#1336,#1337,#1338,#1339,#1340,#1341,#1342,#1343,
#1344,#1345,#1346,#1347,#1348,#1349,#1350,#1351,#1352,#1353,#1354,#1355,
#1356,#1357,#1358,#1359,#1360,#1361,#1362,#1363,#1364,#1365,#1366,#1367,
#1368,#1369,#1370,#1371,#1372,#1373,#1374,#1375,#1376,#1377,#1378,#1379,
#1380,#1381,#1382,#1383,#1384,#1385,#1386,#1387,#1388,#1389,#1390,#1391,
#1392,#1393,#1394,#1395,#1396,#1397,#1398,#1399,#1400,#1401,#1402,#1403,
#1404,#1405,#1406,#1407,#1408,#1409,#1410,#1411,#1412,#1413,#1414,#1415,
#1416,#1417,#1418,#1419,#1420,#1421,#1422,#1423,#1424,#1425,#1426,#1427,
#1428,#1429,#1430,#1431,#1432,#1433,#1434,#1435),.UNSPECIFIED.,.F.,.F.)
B_SPLINE_CURVE_WITH_KNOTS((6,1,1,1,1,1,1,1,1,1,1,1,1,1,1,1,1,1,1,1,1,1,
1,1,1,1,1,1,1,1,1,1,1,1,1,1,1,1,1,1,1,1,1,1,1,1,1,1,1,1,1,1,1,1,1,1,1,1,
1,1,1,1,1,1,1,1,1,1,1,1,1,1,1,1,1,1,1,1,1,1,1,1,1,1,1,1,1,1,1,1,1,1,1,1,
1,1,1,1,1,1,1,1,1,1,1,1,1,1,1,1,1,1,1,1,1,1,1,1,1,1,6),(0.,0.00833333333333333,
0.0166666666666667,0.025,0.0333333333333333,0.0416666666666667,0.05,0.0583333333333333,
0.0666666666666667,0.075,0.0833333333333333,0.0916666666666667,0.1,0.108333333333333,
0.116666666666667,0.125,0.133333333333333,0.141666666666667,0.15,0.158333333333333,
0.166666666666667,0.175,0.183333333333333,0.191666666666667,0.2,0.208333333333333,
0.216666666666667,0.225,0.233333333333333,0.241666666666667,0.25,0.258333333333333,
0.266666666666667,0.275,0.283333333333333,0.291666666666667,0.3,0.308333333333333,
0.316666666666667,0.325,0.333333333333334,0.341666666666667,0.35,0.358333333333334,
0.366666666666667,0.375,0.383333333333334,0.391666666666667,0.4,0.408333333333334,
0.416666666666667,0.425,0.433333333333334,0.441666666666667,0.450000000000001,
0.458333333333334,0.466666666666667,0.475000000000001,0.483333333333334,
0.491666666666667,0.500000000000001,0.508333333333334,0.516666666666667,
0.525000000000001,0.533333333333334,0.541666666666667,0.55,0.558333333333334,
0.566666666666667,0.575,0.583333333333334,0.591666666666667,0.6,0.608333333333334,
0.616666666666667,0.625,0.633333333333334,0.641666666666667,0.65,0.658333333333333,
0.666666666666667,0.675,0.683333333333333,0.691666666666667,0.7,0.708333333333333,
0.716666666666667,0.725,0.733333333333333,0.741666666666666,0.75,0.758333333333333,
0.766666666666666,0.775,0.783333333333333,0.791666666666666,0.8,0.808333333333333,
0.816666666666666,0.825,0.833333333333333,0.841666666666666,0.849999999999999,
0.858333333333333,0.866666666666666,0.874999999999999,0.883333333333333,
0.891666666666666,0.899999999999999,0.908333333333333,0.916666666666666,
0.924999999999999,0.933333333333332,0.941666666666666,0.949999999999999,
0.958333333333332,0.966666666666666,0.974999999999999,0.983333333333332,
0.991666666666666,1.),.UNSPECIFIED.)
CURVE()
GEOMETRIC_REPRESENTATION_ITEM()
RATIONAL_B_SPLINE_CURVE((1.,1.,1.,1.,1.,1.,1.,1.,1.,1.,1.,1.,1.,1.,1.,1.,
1.,1.,1.,1.,1.,1.,1.,1.,1.,1.,1.,1.,1.,1.,1.,1.,1.,1.,1.,1.,1.,1.,1.,1.,
1.,1.,1.,1.,1.,1.,1.,1.,1.,1.,1.,1.,1.,1.,1.,1.,1.,1.,1.,1.,1.,1.,1.,1.,
1.,1.,1.,1.,1.,1.,1.,1.,1.,1.,1.,1.,1.,1.,1.,1.,1.,1.,1.,1.,1.,1.,1.,1.,
1.,1.,1.,1.,1.,1.,1.,1.,1.,1.,1.,1.,1.,1.,1.,1.,1.,1.,1.,1.,1.,1.,1.,1.,
1.,1.,1.,1.,1.,1.,1.,1.,1.,1.,1.,1.,1.))
REPRESENTATION_ITEM('')
);
#58=(
BOUNDED_CURVE()
B_SPLINE_CURVE(5,(#2092,#2093,#2094,#2095,#2096,#2097,#2098,#2099,#2100,
#2101,#2102,#2103,#2104,#2105,#2106,#2107,#2108,#2109,#2110,#2111,#2112,
#2113,#2114,#2115,#2116,#2117,#2118,#2119,#2120,#2121,#2122,#2123,#2124,
#2125,#2126,#2127,#2128,#2129,#2130,#2131,#2132,#2133,#2134,#2135,#2136,
#2137,#2138,#2139,#2140,#2141,#2142,#2143,#2144,#2145,#2146,#2147,#2148,
#2149,#2150,#2151,#2152,#2153,#2154,#2155,#2156,#2157,#2158,#2159,#2160,
#2161),.UNSPECIFIED.,.F.,.F.)
B_SPLINE_CURVE_WITH_KNOTS((6,1,1,1,1,1,1,1,1,1,1,1,1,1,1,1,1,1,1,1,1,1,
1,1,1,1,1,1,1,1,1,1,1,1,1,1,1,1,1,1,1,1,1,1,1,1,1,1,1,1,1,1,1,1,1,1,1,1,
1,1,1,1,1,1,1,6),(0.,0.0153846153846154,0.0307692307692308,0.0461538461538462,
0.0615384615384615,0.0769230769230769,0.0923076923076923,0.107692307692308,
0.123076923076923,0.138461538461538,0.153846153846154,0.169230769230769,
0.184615384615385,0.2,0.215384615384615,0.230769230769231,0.246153846153846,
0.261538461538462,0.276923076923077,0.292307692307692,0.307692307692308,
0.323076923076923,0.338461538461538,0.353846153846154,0.369230769230769,
0.384615384615385,0.4,0.415384615384615,0.430769230769231,0.446153846153846,
0.461538461538462,0.476923076923077,0.492307692307692,0.507692307692308,
0.523076923076923,0.538461538461538,0.553846153846154,0.569230769230769,
0.584615384615384,0.6,0.615384615384615,0.63076923076923,0.646153846153846,
0.661538461538461,0.676923076923076,0.692307692307692,0.707692307692307,
0.723076923076922,0.738461538461538,0.753846153846153,0.769230769230768,
0.784615384615384,0.799999999999999,0.815384615384614,0.83076923076923,
0.846153846153845,0.86153846153846,0.876923076923076,0.892307692307691,
0.907692307692306,0.923076923076922,0.938461538461537,0.953846153846152,
0.969230769230768,0.984615384615383,1.),.UNSPECIFIED.)
CURVE()
GEOMETRIC_REPRESENTATION_ITEM()
RATIONAL_B_SPLINE_CURVE((1.,1.,1.,1.,1.,1.,1.,1.,1.,1.,1.,1.,1.,1.,1.,1.,
1.,1.,1.,1.,1.,1.,1.,1.,1.,1.,1.,1.,1.,1.,1.,1.,1.,1.,1.,1.,1.,1.,1.,1.,
1.,1.,1.,1.,1.,1.,1.,1.,1.,1.,1.,1.,1.,1.,1.,1.,1.,1.,1.,1.,1.,1.,1.,1.,
1.,1.,1.,1.,1.,1.))
REPRESENTATION_ITEM('')
);
#59=VERTEX_POINT('',#1309);
#60=VERTEX_POINT('',#1310);
#61=VERTEX_POINT('',#1438);
#62=VERTEX_POINT('',#1441);
#63=VERTEX_POINT('',#1445);
#64=VERTEX_POINT('',#1448);
#65=VERTEX_POINT('',#1452);
#66=VERTEX_POINT('',#1456);
#67=VERTEX_POINT('',#1457);
#68=VERTEX_POINT('',#2091);
#69=EDGE_CURVE('',#59,#60,#57,.T.);
#70=EDGE_CURVE('',#59,#59,#49,.T.);
#71=EDGE_CURVE('',#61,#61,#50,.T.);
#72=EDGE_CURVE('',#62,#62,#51,.T.);
#73=EDGE_CURVE('',#62,#61,#17,.T.);
#74=EDGE_CURVE('',#63,#63,#52,.T.);
#75=EDGE_CURVE('',#64,#64,#53,.T.);
#76=EDGE_CURVE('',#64,#63,#18,.T.);
#77=EDGE_CURVE('',#65,#65,#54,.T.);
#78=EDGE_CURVE('',#65,#64,#19,.T.);
#79=EDGE_CURVE('',#66,#67,#55,.T.);
#80=EDGE_CURVE('',#67,#66,#56,.T.);
#81=EDGE_CURVE('',#67,#65,#20,.T.);
#82=EDGE_CURVE('',#68,#66,#58,.T.);
#83=ORIENTED_EDGE('',*,*,#69,.T.);
#84=ORIENTED_EDGE('',*,*,#69,.F.);
#85=ORIENTED_EDGE('',*,*,#70,.F.);
#86=ORIENTED_EDGE('',*,*,#70,.T.);
#87=ORIENTED_EDGE('',*,*,#71,.F.);
#88=ORIENTED_EDGE('',*,*,#72,.F.);
#89=ORIENTED_EDGE('',*,*,#73,.T.);
#90=ORIENTED_EDGE('',*,*,#71,.T.);
#91=ORIENTED_EDGE('',*,*,#73,.F.);
#92=ORIENTED_EDGE('',*,*,#74,.F.);
#93=ORIENTED_EDGE('',*,*,#72,.T.);
#94=ORIENTED_EDGE('',*,*,#75,.F.);
#95=ORIENTED_EDGE('',*,*,#76,.T.);
#96=ORIENTED_EDGE('',*,*,#74,.T.);
#97=ORIENTED_EDGE('',*,*,#76,.F.);
#98=ORIENTED_EDGE('',*,*,#77,.F.);
#99=ORIENTED_EDGE('',*,*,#78,.T.);
#100=ORIENTED_EDGE('',*,*,#75,.T.);
#101=ORIENTED_EDGE('',*,*,#78,.F.);
#102=ORIENTED_EDGE('',*,*,#79,.F.);
#103=ORIENTED_EDGE('',*,*,#80,.F.);
#104=ORIENTED_EDGE('',*,*,#81,.T.);
#105=ORIENTED_EDGE('',*,*,#77,.T.);
#106=ORIENTED_EDGE('',*,*,#81,.F.);
#107=ORIENTED_EDGE('',*,*,#82,.T.);
#108=ORIENTED_EDGE('',*,*,#79,.T.);
#109=ORIENTED_EDGE('',*,*,#80,.T.);
#110=ORIENTED_EDGE('',*,*,#82,.F.);
#111=(
BOUNDED_SURFACE()
B_SPLINE_SURFACE(5,2,((#184,#185,#186,#187,#188,#189,#190,#191,#192),(#193,
#194,#195,#196,#197,#198,#199,#200,#201),(#202,#203,#204,#205,#206,#207,
#208,#209,#210),(#211,#212,#213,#214,#215,#216,#217,#218,#219),(#220,#221,
#222,#223,#224,#225,#226,#227,#228),(#229,#230,#231,#232,#233,#234,#235,
#236,#237),(#238,#239,#240,#241,#242,#243,#244,#245,#246),(#247,#248,#249,
#250,#251,#252,#253,#254,#255),(#256,#257,#258,#259,#260,#261,#262,#263,
#264),(#265,#266,#267,#268,#269,#270,#271,#272,#273),(#274,#275,#276,#277,
#278,#279,#280,#281,#282),(#283,#284,#285,#286,#287,#288,#289,#290,#291),
(#292,#293,#294,#295,#296,#297,#298,#299,#300),(#301,#302,#303,#304,#305,
#306,#307,#308,#309),(#310,#311,#312,#313,#314,#315,#316,#317,#318),(#319,
#320,#321,#322,#323,#324,#325,#326,#327),(#328,#329,#330,#331,#332,#333,
#334,#335,#336),(#337,#338,#339,#340,#341,#342,#343,#344,#345),(#346,#347,
#348,#349,#350,#351,#352,#353,#354),(#355,#356,#357,#358,#359,#360,#361,
#362,#363),(#364,#365,#366,#367,#368,#369,#370,#371,#372),(#373,#374,#375,
#376,#377,#378,#379,#380,#381),(#382,#383,#384,#385,#386,#387,#388,#389,
#390),(#391,#392,#393,#394,#395,#396,#397,#398,#399),(#400,#401,#402,#403,
#404,#405,#406,#407,#408),(#409,#410,#411,#412,#413,#414,#415,#416,#417),
(#418,#419,#420,#421,#422,#423,#424,#425,#426),(#427,#428,#429,#430,#431,
#432,#433,#434,#435),(#436,#437,#438,#439,#440,#441,#442,#443,#444),(#445,
#446,#447,#448,#449,#450,#451,#452,#453),(#454,#455,#456,#457,#458,#459,
#460,#461,#462),(#463,#464,#465,#466,#467,#468,#469,#470,#471),(#472,#473,
#474,#475,#476,#477,#478,#479,#480),(#481,#482,#483,#484,#485,#486,#487,
#488,#489),(#490,#491,#492,#493,#494,#495,#496,#497,#498),(#499,#500,#501,
#502,#503,#504,#505,#506,#507),(#508,#509,#510,#511,#512,#513,#514,#515,
#516),(#517,#518,#519,#520,#521,#522,#523,#524,#525),(#526,#527,#528,#529,
#530,#531,#532,#533,#534),(#535,#536,#537,#538,#539,#540,#541,#542,#543),
(#544,#545,#546,#547,#548,#549,#550,#551,#552),(#553,#554,#555,#556,#557,
#558,#559,#560,#561),(#562,#563,#564,#565,#566,#567,#568,#569,#570),(#571,
#572,#573,#574,#575,#576,#577,#578,#579),(#580,#581,#582,#583,#584,#585,
#586,#587,#588),(#589,#590,#591,#592,#593,#594,#595,#596,#597),(#598,#599,
#600,#601,#602,#603,#604,#605,#606),(#607,#608,#609,#610,#611,#612,#613,
#614,#615),(#616,#617,#618,#619,#620,#621,#622,#623,#624),(#625,#626,#627,
#628,#629,#630,#631,#632,#633),(#634,#635,#636,#637,#638,#639,#640,#641,
#642),(#643,#644,#645,#646,#647,#648,#649,#650,#651),(#652,#653,#654,#655,
#656,#657,#658,#659,#660),(#661,#662,#663,#664,#665,#666,#667,#668,#669),
(#670,#671,#672,#673,#674,#675,#676,#677,#678),(#679,#680,#681,#682,#683,
#684,#685,#686,#687),(#688,#689,#690,#691,#692,#693,#694,#695,#696),(#697,
#698,#699,#700,#701,#702,#703,#704,#705),(#706,#707,#708,#709,#710,#711,
#712,#713,#714),(#715,#716,#717,#718,#719,#720,#721,#722,#723),(#724,#725,
#726,#727,#728,#729,#730,#731,#732),(#733,#734,#735,#736,#737,#738,#739,
#740,#741),(#742,#743,#744,#745,#746,#747,#748,#749,#750),(#751,#752,#753,
#754,#755,#756,#757,#758,#759),(#760,#761,#762,#763,#764,#765,#766,#767,
#768),(#769,#770,#771,#772,#773,#774,#775,#776,#777),(#778,#779,#780,#781,
#782,#783,#784,#785,#786),(#787,#788,#789,#790,#791,#792,#793,#794,#795),
(#796,#797,#798,#799,#800,#801,#802,#803,#804),(#805,#806,#807,#808,#809,
#810,#811,#812,#813),(#814,#815,#816,#817,#818,#819,#820,#821,#822),(#823,
#824,#825,#826,#827,#828,#829,#830,#831),(#832,#833,#834,#835,#836,#837,
#838,#839,#840),(#841,#842,#843,#844,#845,#846,#847,#848,#849),(#850,#851,
#852,#853,#854,#855,#856,#857,#858),(#859,#860,#861,#862,#863,#864,#865,
#866,#867),(#868,#869,#870,#871,#872,#873,#874,#875,#876),(#877,#878,#879,
#880,#881,#882,#883,#884,#885),(#886,#887,#888,#889,#890,#891,#892,#893,
#894),(#895,#896,#897,#898,#899,#900,#901,#902,#903),(#904,#905,#906,#907,
#908,#909,#910,#911,#912),(#913,#914,#915,#916,#917,#918,#919,#920,#921),
(#922,#923,#924,#925,#926,#927,#928,#929,#930),(#931,#932,#933,#934,#935,
#936,#937,#938,#939),(#940,#941,#942,#943,#944,#945,#946,#947,#948),(#949,
#950,#951,#952,#953,#954,#955,#956,#957),(#958,#959,#960,#961,#962,#963,
#964,#965,#966),(#967,#968,#969,#970,#971,#972,#973,#974,#975),(#976,#977,
#978,#979,#980,#981,#982,#983,#984),(#985,#986,#987,#988,#989,#990,#991,
#992,#993),(#994,#995,#996,#997,#998,#999,#1000,#1001,#1002),(#1003,#1004,
#1005,#1006,#1007,#1008,#1009,#1010,#1011),(#1012,#1013,#1014,#1015,#1016,
#1017,#1018,#1019,#1020),(#1021,#1022,#1023,#1024,#1025,#1026,#1027,#1028,
#1029),(#1030,#1031,#1032,#1033,#1034,#1035,#1036,#1037,#1038),(#1039,#1040,
#1041,#1042,#1043,#1044,#1045,#1046,#1047),(#1048,#1049,#1050,#1051,#1052,
#1053,#1054,#1055,#1056),(#1057,#1058,#1059,#1060,#1061,#1062,#1063,#1064,
#1065),(#1066,#1067,#1068,#1069,#1070,#1071,#1072,#1073,#1074),(#1075,#1076,
#1077,#1078,#1079,#1080,#1081,#1082,#1083),(#1084,#1085,#1086,#1087,#1088,
#1089,#1090,#1091,#1092),(#1093,#1094,#1095,#1096,#1097,#1098,#1099,#1100,
#1101),(#1102,#1103,#1104,#1105,#1106,#1107,#1108,#1109,#1110),(#1111,#1112,
#1113,#1114,#1115,#1116,#1117,#1118,#1119),(#1120,#1121,#1122,#1123,#1124,
#1125,#1126,#1127,#1128),(#1129,#1130,#1131,#1132,#1133,#1134,#1135,#1136,
#1137),(#1138,#1139,#1140,#1141,#1142,#1143,#1144,#1145,#1146),(#1147,#1148,
#1149,#1150,#1151,#1152,#1153,#1154,#1155),(#1156,#1157,#1158,#1159,#1160,
#1161,#1162,#1163,#1164),(#1165,#1166,#1167,#1168,#1169,#1170,#1171,#1172,
#1173),(#1174,#1175,#1176,#1177,#1178,#1179,#1180,#1181,#1182),(#1183,#1184,
#1185,#1186,#1187,#1188,#1189,#1190,#1191),(#1192,#1193,#1194,#1195,#1196,
#1197,#1198,#1199,#1200),(#1201,#1202,#1203,#1204,#1205,#1206,#1207,#1208,
#1209),(#1210,#1211,#1212,#1213,#1214,#1215,#1216,#1217,#1218),(#1219,#1220,
#1221,#1222,#1223,#1224,#1225,#1226,#1227),(#1228,#1229,#1230,#1231,#1232,
#1233,#1234,#1235,#1236),(#1237,#1238,#1239,#1240,#1241,#1242,#1243,#1244,
#1245),(#1246,#1247,#1248,#1249,#1250,#1251,#1252,#1253,#1254),(#1255,#1256,
#1257,#1258,#1259,#1260,#1261,#1262,#1263),(#1264,#1265,#1266,#1267,#1268,
#1269,#1270,#1271,#1272),(#1273,#1274,#1275,#1276,#1277,#1278,#1279,#1280,
#1281),(#1282,#1283,#1284,#1285,#1286,#1287,#1288,#1289,#1290),(#1291,#1292,
#1293,#1294,#1295,#1296,#1297,#1298,#1299),(#1300,#1301,#1302,#1303,#1304,
#1305,#1306,#1307,#1308)),.UNSPECIFIED.,.F.,.T.,.F.)
B_SPLINE_SURFACE_WITH_KNOTS((6,1,1,1,1,1,1,1,1,1,1,1,1,1,1,1,1,1,1,1,1,
1,1,1,1,1,1,1,1,1,1,1,1,1,1,1,1,1,1,1,1,1,1,1,1,1,1,1,1,1,1,1,1,1,1,1,1,
1,1,1,1,1,1,1,1,1,1,1,1,1,1,1,1,1,1,1,1,1,1,1,1,1,1,1,1,1,1,1,1,1,1,1,1,
1,1,1,1,1,1,1,1,1,1,1,1,1,1,1,1,1,1,1,1,1,1,1,1,1,1,1,6),(3,2,2,2,3),(0.,
0.00833333333333333,0.0166666666666667,0.025,0.0333333333333333,0.0416666666666667,
0.05,0.0583333333333333,0.0666666666666667,0.075,0.0833333333333333,0.0916666666666667,
0.1,0.108333333333333,0.116666666666667,0.125,0.133333333333333,0.141666666666667,
0.15,0.158333333333333,0.166666666666667,0.175,0.183333333333333,0.191666666666667,
0.2,0.208333333333333,0.216666666666667,0.225,0.233333333333333,0.241666666666667,
0.25,0.258333333333333,0.266666666666667,0.275,0.283333333333333,0.291666666666667,
0.3,0.308333333333333,0.316666666666667,0.325,0.333333333333334,0.341666666666667,
0.35,0.358333333333334,0.366666666666667,0.375,0.383333333333334,0.391666666666667,
0.4,0.408333333333334,0.416666666666667,0.425,0.433333333333334,0.441666666666667,
0.450000000000001,0.458333333333334,0.466666666666667,0.475000000000001,
0.483333333333334,0.491666666666667,0.500000000000001,0.508333333333334,
0.516666666666667,0.525000000000001,0.533333333333334,0.541666666666667,
0.55,0.558333333333334,0.566666666666667,0.575,0.583333333333334,0.591666666666667,
0.6,0.608333333333334,0.616666666666667,0.625,0.633333333333334,0.641666666666667,
0.65,0.658333333333333,0.666666666666667,0.675,0.683333333333333,0.691666666666667,
0.7,0.708333333333333,0.716666666666667,0.725,0.733333333333333,0.741666666666666,
0.75,0.758333333333333,0.766666666666666,0.775,0.783333333333333,0.791666666666666,
0.8,0.808333333333333,0.816666666666666,0.825,0.833333333333333,0.841666666666666,
0.849999999999999,0.858333333333333,0.866666666666666,0.874999999999999,
0.883333333333333,0.891666666666666,0.899999999999999,0.908333333333333,
0.916666666666666,0.924999999999999,0.933333333333332,0.941666666666666,
0.949999999999999,0.958333333333332,0.966666666666666,0.974999999999999,
0.983333333333332,0.991666666666666,1.),(0.,1.5707963267949,3.14159265358979,
4.71238898038469,6.28318530717959),.UNSPECIFIED.)
GEOMETRIC_REPRESENTATION_ITEM()
RATIONAL_B_SPLINE_SURFACE(((1.,0.707106781186548,1.,0.707106781186548,1.,
0.707106781186548,1.,0.707106781186548,1.),(1.,0.707106781186548,1.,0.707106781186548,
1.,0.707106781186548,1.,0.707106781186548,1.),(1.,0.707106781186548,1.,
0.707106781186548,1.,0.707106781186548,1.,0.707106781186548,1.),(1.,0.707106781186548,
1.,0.707106781186548,1.,0.707106781186548,1.,0.707106781186548,1.),(1.,
0.707106781186548,1.,0.707106781186548,1.,0.707106781186548,1.,0.707106781186548,
1.),(1.,0.707106781186548,1.,0.707106781186548,1.,0.707106781186548,1.,
0.707106781186548,1.),(1.,0.707106781186548,1.,0.707106781186548,1.,0.707106781186548,
1.,0.707106781186548,1.),(1.,0.707106781186548,1.,0.707106781186548,1.,
0.707106781186548,1.,0.707106781186548,1.),(1.,0.707106781186548,1.,0.707106781186548,
1.,0.707106781186548,1.,0.707106781186548,1.),(1.,0.707106781186548,1.,
0.707106781186548,1.,0.707106781186548,1.,0.707106781186548,1.),(1.,0.707106781186548,
1.,0.707106781186548,1.,0.707106781186548,1.,0.707106781186548,1.),(1.,
0.707106781186548,1.,0.707106781186548,1.,0.707106781186548,1.,0.707106781186548,
1.),(1.,0.707106781186548,1.,0.707106781186548,1.,0.707106781186548,1.,
0.707106781186548,1.),(1.,0.707106781186548,1.,0.707106781186548,1.,0.707106781186548,
1.,0.707106781186548,1.),(1.,0.707106781186548,1.,0.707106781186548,1.,
0.707106781186548,1.,0.707106781186548,1.),(1.,0.707106781186548,1.,0.707106781186548,
1.,0.707106781186548,1.,0.707106781186548,1.),(1.,0.707106781186548,1.,
0.707106781186548,1.,0.707106781186548,1.,0.707106781186548,1.),(1.,0.707106781186548,
1.,0.707106781186548,1.,0.707106781186548,1.,0.707106781186548,1.),(1.,
0.707106781186548,1.,0.707106781186548,1.,0.707106781186548,1.,0.707106781186548,
1.),(1.,0.707106781186548,1.,0.707106781186548,1.,0.707106781186548,1.,
0.707106781186548,1.),(1.,0.707106781186548,1.,0.707106781186548,1.,0.707106781186548,
1.,0.707106781186548,1.),(1.,0.707106781186548,1.,0.707106781186548,1.,
0.707106781186548,1.,0.707106781186548,1.),(1.,0.707106781186548,1.,0.707106781186548,
1.,0.707106781186548,1.,0.707106781186548,1.),(1.,0.707106781186548,1.,
0.707106781186548,1.,0.707106781186548,1.,0.707106781186548,1.),(1.,0.707106781186548,
1.,0.707106781186548,1.,0.707106781186548,1.,0.707106781186548,1.),(1.,
0.707106781186548,1.,0.707106781186548,1.,0.707106781186548,1.,0.707106781186548,
1.),(1.,0.707106781186548,1.,0.707106781186548,1.,0.707106781186548,1.,
0.707106781186548,1.),(1.,0.707106781186548,1.,0.707106781186548,1.,0.707106781186548,
1.,0.707106781186548,1.),(1.,0.707106781186548,1.,0.707106781186548,1.,
0.707106781186548,1.,0.707106781186548,1.),(1.,0.707106781186548,1.,0.707106781186548,
1.,0.707106781186548,1.,0.707106781186548,1.),(1.,0.707106781186548,1.,
0.707106781186548,1.,0.707106781186548,1.,0.707106781186548,1.),(1.,0.707106781186548,
1.,0.707106781186548,1.,0.707106781186548,1.,0.707106781186548,1.),(1.,
0.707106781186548,1.,0.707106781186548,1.,0.707106781186548,1.,0.707106781186548,
1.),(1.,0.707106781186548,1.,0.707106781186548,1.,0.707106781186548,1.,
0.707106781186548,1.),(1.,0.707106781186548,1.,0.707106781186548,1.,0.707106781186548,
1.,0.707106781186548,1.),(1.,0.707106781186548,1.,0.707106781186548,1.,
0.707106781186548,1.,0.707106781186548,1.),(1.,0.707106781186548,1.,0.707106781186548,
1.,0.707106781186548,1.,0.707106781186548,1.),(1.,0.707106781186548,1.,
0.707106781186548,1.,0.707106781186548,1.,0.707106781186548,1.),(1.,0.707106781186548,
1.,0.707106781186548,1.,0.707106781186548,1.,0.707106781186548,1.),(1.,
0.707106781186548,1.,0.707106781186548,1.,0.707106781186548,1.,0.707106781186548,
1.),(1.,0.707106781186548,1.,0.707106781186548,1.,0.707106781186548,1.,
0.707106781186548,1.),(1.,0.707106781186548,1.,0.707106781186548,1.,0.707106781186548,
1.,0.707106781186548,1.),(1.,0.707106781186548,1.,0.707106781186548,1.,
0.707106781186548,1.,0.707106781186548,1.),(1.,0.707106781186548,1.,0.707106781186548,
1.,0.707106781186548,1.,0.707106781186548,1.),(1.,0.707106781186548,1.,
0.707106781186548,1.,0.707106781186548,1.,0.707106781186548,1.),(1.,0.707106781186548,
1.,0.707106781186548,1.,0.707106781186548,1.,0.707106781186548,1.),(1.,
0.707106781186548,1.,0.707106781186548,1.,0.707106781186548,1.,0.707106781186548,
1.),(1.,0.707106781186548,1.,0.707106781186548,1.,0.707106781186548,1.,
0.707106781186548,1.),(1.,0.707106781186548,1.,0.707106781186548,1.,0.707106781186548,
1.,0.707106781186548,1.),(1.,0.707106781186548,1.,0.707106781186548,1.,
0.707106781186548,1.,0.707106781186548,1.),(1.,0.707106781186548,1.,0.707106781186548,
1.,0.707106781186548,1.,0.707106781186548,1.),(1.,0.707106781186548,1.,
0.707106781186548,1.,0.707106781186548,1.,0.707106781186548,1.),(1.,0.707106781186548,
1.,0.707106781186548,1.,0.707106781186548,1.,0.707106781186548,1.),(1.,
0.707106781186548,1.,0.707106781186548,1.,0.707106781186548,1.,0.707106781186548,
1.),(1.,0.707106781186548,1.,0.707106781186548,1.,0.707106781186548,1.,
0.707106781186548,1.),(1.,0.707106781186548,1.,0.707106781186548,1.,0.707106781186548,
1.,0.707106781186548,1.),(1.,0.707106781186548,1.,0.707106781186548,1.,
0.707106781186548,1.,0.707106781186548,1.),(1.,0.707106781186548,1.,0.707106781186548,
1.,0.707106781186548,1.,0.707106781186548,1.),(1.,0.707106781186548,1.,
0.707106781186548,1.,0.707106781186548,1.,0.707106781186548,1.),(1.,0.707106781186548,
1.,0.707106781186548,1.,0.707106781186548,1.,0.707106781186548,1.),(1.,
0.707106781186548,1.,0.707106781186548,1.,0.707106781186548,1.,0.707106781186548,
1.),(1.,0.707106781186548,1.,0.707106781186548,1.,0.707106781186548,1.,
0.707106781186548,1.),(1.,0.707106781186548,1.,0.707106781186548,1.,0.707106781186548,
1.,0.707106781186548,1.),(1.,0.707106781186548,1.,0.707106781186548,1.,
0.707106781186548,1.,0.707106781186548,1.),(1.,0.707106781186548,1.,0.707106781186548,
1.,0.707106781186548,1.,0.707106781186548,1.),(1.,0.707106781186548,1.,
0.707106781186548,1.,0.707106781186548,1.,0.707106781186548,1.),(1.,0.707106781186548,
1.,0.707106781186548,1.,0.707106781186548,1.,0.707106781186548,1.),(1.,
0.707106781186548,1.,0.707106781186548,1.,0.707106781186548,1.,0.707106781186548,
1.),(1.,0.707106781186548,1.,0.707106781186548,1.,0.707106781186548,1.,
0.707106781186548,1.),(1.,0.707106781186548,1.,0.707106781186548,1.,0.707106781186548,
1.,0.707106781186548,1.),(1.,0.707106781186548,1.,0.707106781186548,1.,
0.707106781186548,1.,0.707106781186548,1.),(1.,0.707106781186548,1.,0.707106781186548,
1.,0.707106781186548,1.,0.707106781186548,1.),(1.,0.707106781186548,1.,
0.707106781186548,1.,0.707106781186548,1.,0.707106781186548,1.),(1.,0.707106781186548,
1.,0.707106781186548,1.,0.707106781186548,1.,0.707106781186548,1.),(1.,
0.707106781186548,1.,0.707106781186548,1.,0.707106781186548,1.,0.707106781186548,
1.),(1.,0.707106781186548,1.,0.707106781186548,1.,0.707106781186548,1.,
0.707106781186548,1.),(1.,0.707106781186548,1.,0.707106781186548,1.,0.707106781186548,
1.,0.707106781186548,1.),(1.,0.707106781186548,1.,0.707106781186548,1.,
0.707106781186548,1.,0.707106781186548,1.),(1.,0.707106781186548,1.,0.707106781186548,
1.,0.707106781186548,1.,0.707106781186548,1.),(1.,0.707106781186548,1.,
0.707106781186548,1.,0.707106781186548,1.,0.707106781186548,1.),(1.,0.707106781186548,
1.,0.707106781186548,1.,0.707106781186548,1.,0.707106781186548,1.),(1.,
0.707106781186548,1.,0.707106781186548,1.,0.707106781186548,1.,0.707106781186548,
1.),(1.,0.707106781186548,1.,0.707106781186548,1.,0.707106781186548,1.,
0.707106781186548,1.),(1.,0.707106781186548,1.,0.707106781186548,1.,0.707106781186548,
1.,0.707106781186548,1.),(1.,0.707106781186548,1.,0.707106781186548,1.,
0.707106781186548,1.,0.707106781186548,1.),(1.,0.707106781186548,1.,0.707106781186548,
1.,0.707106781186548,1.,0.707106781186548,1.),(1.,0.707106781186548,1.,
0.707106781186548,1.,0.707106781186548,1.,0.707106781186548,1.),(1.,0.707106781186548,
1.,0.707106781186548,1.,0.707106781186548,1.,0.707106781186548,1.),(1.,
0.707106781186548,1.,0.707106781186548,1.,0.707106781186548,1.,0.707106781186548,
1.),(1.,0.707106781186548,1.,0.707106781186548,1.,0.707106781186548,1.,
0.707106781186548,1.),(1.,0.707106781186548,1.,0.707106781186548,1.,0.707106781186548,
1.,0.707106781186548,1.),(1.,0.707106781186548,1.,0.707106781186548,1.,
0.707106781186548,1.,0.707106781186548,1.),(1.,0.707106781186548,1.,0.707106781186548,
1.,0.707106781186548,1.,0.707106781186548,1.),(1.,0.707106781186548,1.,
0.707106781186548,1.,0.707106781186548,1.,0.707106781186548,1.),(1.,0.707106781186548,
1.,0.707106781186548,1.,0.707106781186548,1.,0.707106781186548,1.),(1.,
0.707106781186548,1.,0.707106781186548,1.,0.707106781186548,1.,0.707106781186548,
1.),(1.,0.707106781186548,1.,0.707106781186548,1.,0.707106781186548,1.,
0.707106781186548,1.),(1.,0.707106781186548,1.,0.707106781186548,1.,0.707106781186548,
1.,0.707106781186548,1.),(1.,0.707106781186548,1.,0.707106781186548,1.,
0.707106781186548,1.,0.707106781186548,1.),(1.,0.707106781186548,1.,0.707106781186548,
1.,0.707106781186548,1.,0.707106781186548,1.),(1.,0.707106781186548,1.,
0.707106781186548,1.,0.707106781186548,1.,0.707106781186548,1.),(1.,0.707106781186548,
1.,0.707106781186548,1.,0.707106781186548,1.,0.707106781186548,1.),(1.,
0.707106781186548,1.,0.707106781186548,1.,0.707106781186548,1.,0.707106781186548,
1.),(1.,0.707106781186548,1.,0.707106781186548,1.,0.707106781186548,1.,
0.707106781186548,1.),(1.,0.707106781186548,1.,0.707106781186548,1.,0.707106781186548,
1.,0.707106781186548,1.),(1.,0.707106781186548,1.,0.707106781186548,1.,
0.707106781186548,1.,0.707106781186548,1.),(1.,0.707106781186548,1.,0.707106781186548,
1.,0.707106781186548,1.,0.707106781186548,1.),(1.,0.707106781186548,1.,
0.707106781186548,1.,0.707106781186548,1.,0.707106781186548,1.),(1.,0.707106781186548,
1.,0.707106781186548,1.,0.707106781186548,1.,0.707106781186548,1.),(1.,
0.707106781186548,1.,0.707106781186548,1.,0.707106781186548,1.,0.707106781186548,
1.),(1.,0.707106781186548,1.,0.707106781186548,1.,0.707106781186548,1.,
0.707106781186548,1.),(1.,0.707106781186548,1.,0.707106781186548,1.,0.707106781186548,
1.,0.707106781186548,1.),(1.,0.707106781186548,1.,0.707106781186548,1.,
0.707106781186548,1.,0.707106781186548,1.),(1.,0.707106781186548,1.,0.707106781186548,
1.,0.707106781186548,1.,0.707106781186548,1.),(1.,0.707106781186548,1.,
0.707106781186548,1.,0.707106781186548,1.,0.707106781186548,1.),(1.,0.707106781186548,
1.,0.707106781186548,1.,0.707106781186548,1.,0.707106781186548,1.),(1.,
0.707106781186548,1.,0.707106781186548,1.,0.707106781186548,1.,0.707106781186548,
1.),(1.,0.707106781186548,1.,0.707106781186548,1.,0.707106781186548,1.,
0.707106781186548,1.),(1.,0.707106781186548,1.,0.707106781186548,1.,0.707106781186548,
1.,0.707106781186548,1.),(1.,0.707106781186548,1.,0.707106781186548,1.,
0.707106781186548,1.,0.707106781186548,1.),(1.,0.707106781186548,1.,0.707106781186548,
1.,0.707106781186548,1.,0.707106781186548,1.),(1.,0.707106781186548,1.,
0.707106781186548,1.,0.707106781186548,1.,0.707106781186548,1.),(1.,0.707106781186548,
1.,0.707106781186548,1.,0.707106781186548,1.,0.707106781186548,1.),(1.,
0.707106781186548,1.,0.707106781186548,1.,0.707106781186548,1.,0.707106781186548,
1.),(1.,0.707106781186548,1.,0.707106781186548,1.,0.707106781186548,1.,
0.707106781186548,1.)))
REPRESENTATION_ITEM('')
SURFACE()
);
#112=(
BOUNDED_SURFACE()
B_SPLINE_SURFACE(5,2,((#1461,#1462,#1463,#1464,#1465,#1466,#1467,#1468,
#1469),(#1470,#1471,#1472,#1473,#1474,#1475,#1476,#1477,#1478),(#1479,#1480,
#1481,#1482,#1483,#1484,#1485,#1486,#1487),(#1488,#1489,#1490,#1491,#1492,
#1493,#1494,#1495,#1496),(#1497,#1498,#1499,#1500,#1501,#1502,#1503,#1504,
#1505),(#1506,#1507,#1508,#1509,#1510,#1511,#1512,#1513,#1514),(#1515,#1516,
#1517,#1518,#1519,#1520,#1521,#1522,#1523),(#1524,#1525,#1526,#1527,#1528,
#1529,#1530,#1531,#1532),(#1533,#1534,#1535,#1536,#1537,#1538,#1539,#1540,
#1541),(#1542,#1543,#1544,#1545,#1546,#1547,#1548,#1549,#1550),(#1551,#1552,
#1553,#1554,#1555,#1556,#1557,#1558,#1559),(#1560,#1561,#1562,#1563,#1564,
#1565,#1566,#1567,#1568),(#1569,#1570,#1571,#1572,#1573,#1574,#1575,#1576,
#1577),(#1578,#1579,#1580,#1581,#1582,#1583,#1584,#1585,#1586),(#1587,#1588,
#1589,#1590,#1591,#1592,#1593,#1594,#1595),(#1596,#1597,#1598,#1599,#1600,
#1601,#1602,#1603,#1604),(#1605,#1606,#1607,#1608,#1609,#1610,#1611,#1612,
#1613),(#1614,#1615,#1616,#1617,#1618,#1619,#1620,#1621,#1622),(#1623,#1624,
#1625,#1626,#1627,#1628,#1629,#1630,#1631),(#1632,#1633,#1634,#1635,#1636,
#1637,#1638,#1639,#1640),(#1641,#1642,#1643,#1644,#1645,#1646,#1647,#1648,
#1649),(#1650,#1651,#1652,#1653,#1654,#1655,#1656,#1657,#1658),(#1659,#1660,
#1661,#1662,#1663,#1664,#1665,#1666,#1667),(#1668,#1669,#1670,#1671,#1672,
#1673,#1674,#1675,#1676),(#1677,#1678,#1679,#1680,#1681,#1682,#1683,#1684,
#1685),(#1686,#1687,#1688,#1689,#1690,#1691,#1692,#1693,#1694),(#1695,#1696,
#1697,#1698,#1699,#1700,#1701,#1702,#1703),(#1704,#1705,#1706,#1707,#1708,
#1709,#1710,#1711,#1712),(#1713,#1714,#1715,#1716,#1717,#1718,#1719,#1720,
#1721),(#1722,#1723,#1724,#1725,#1726,#1727,#1728,#1729,#1730),(#1731,#1732,
#1733,#1734,#1735,#1736,#1737,#1738,#1739),(#1740,#1741,#1742,#1743,#1744,
#1745,#1746,#1747,#1748),(#1749,#1750,#1751,#1752,#1753,#1754,#1755,#1756,
#1757),(#1758,#1759,#1760,#1761,#1762,#1763,#1764,#1765,#1766),(#1767,#1768,
#1769,#1770,#1771,#1772,#1773,#1774,#1775),(#1776,#1777,#1778,#1779,#1780,
#1781,#1782,#1783,#1784),(#1785,#1786,#1787,#1788,#1789,#1790,#1791,#1792,
#1793),(#1794,#1795,#1796,#1797,#1798,#1799,#1800,#1801,#1802),(#1803,#1804,
#1805,#1806,#1807,#1808,#1809,#1810,#1811),(#1812,#1813,#1814,#1815,#1816,
#1817,#1818,#1819,#1820),(#1821,#1822,#1823,#1824,#1825,#1826,#1827,#1828,
#1829),(#1830,#1831,#1832,#1833,#1834,#1835,#1836,#1837,#1838),(#1839,#1840,
#1841,#1842,#1843,#1844,#1845,#1846,#1847),(#1848,#1849,#1850,#1851,#1852,
#1853,#1854,#1855,#1856),(#1857,#1858,#1859,#1860,#1861,#1862,#1863,#1864,
#1865),(#1866,#1867,#1868,#1869,#1870,#1871,#1872,#1873,#1874),(#1875,#1876,
#1877,#1878,#1879,#1880,#1881,#1882,#1883),(#1884,#1885,#1886,#1887,#1888,
#1889,#1890,#1891,#1892),(#1893,#1894,#1895,#1896,#1897,#1898,#1899,#1900,
#1901),(#1902,#1903,#1904,#1905,#1906,#1907,#1908,#1909,#1910),(#1911,#1912,
#1913,#1914,#1915,#1916,#1917,#1918,#1919),(#1920,#1921,#1922,#1923,#1924,
#1925,#1926,#1927,#1928),(#1929,#1930,#1931,#1932,#1933,#1934,#1935,#1936,
#1937),(#1938,#1939,#1940,#1941,#1942,#1943,#1944,#1945,#1946),(#1947,#1948,
#1949,#1950,#1951,#1952,#1953,#1954,#1955),(#1956,#1957,#1958,#1959,#1960,
#1961,#1962,#1963,#1964),(#1965,#1966,#1967,#1968,#1969,#1970,#1971,#1972,
#1973),(#1974,#1975,#1976,#1977,#1978,#1979,#1980,#1981,#1982),(#1983,#1984,
#1985,#1986,#1987,#1988,#1989,#1990,#1991),(#1992,#1993,#1994,#1995,#1996,
#1997,#1998,#1999,#2000),(#2001,#2002,#2003,#2004,#2005,#2006,#2007,#2008,
#2009),(#2010,#2011,#2012,#2013,#2014,#2015,#2016,#2017,#2018),(#2019,#2020,
#2021,#2022,#2023,#2024,#2025,#2026,#2027),(#2028,#2029,#2030,#2031,#2032,
#2033,#2034,#2035,#2036),(#2037,#2038,#2039,#2040,#2041,#2042,#2043,#2044,
#2045),(#2046,#2047,#2048,#2049,#2050,#2051,#2052,#2053,#2054),(#2055,#2056,
#2057,#2058,#2059,#2060,#2061,#2062,#2063),(#2064,#2065,#2066,#2067,#2068,
#2069,#2070,#2071,#2072),(#2073,#2074,#2075,#2076,#2077,#2078,#2079,#2080,
#2081),(#2082,#2083,#2084,#2085,#2086,#2087,#2088,#2089,#2090)),
 .UNSPECIFIED.,.F.,.T.,.F.)
B_SPLINE_SURFACE_WITH_KNOTS((6,1,1,1,1,1,1,1,1,1,1,1,1,1,1,1,1,1,1,1,1,
1,1,1,1,1,1,1,1,1,1,1,1,1,1,1,1,1,1,1,1,1,1,1,1,1,1,1,1,1,1,1,1,1,1,1,1,
1,1,1,1,1,1,1,1,6),(3,2,2,2,3),(0.,0.0153846153846154,0.0307692307692308,
0.0461538461538462,0.0615384615384615,0.0769230769230769,0.0923076923076923,
0.107692307692308,0.123076923076923,0.138461538461538,0.153846153846154,
0.169230769230769,0.184615384615385,0.2,0.215384615384615,0.230769230769231,
0.246153846153846,0.261538461538462,0.276923076923077,0.292307692307692,
0.307692307692308,0.323076923076923,0.338461538461538,0.353846153846154,
0.369230769230769,0.384615384615385,0.4,0.415384615384615,0.430769230769231,
0.446153846153846,0.461538461538462,0.476923076923077,0.492307692307692,
0.507692307692308,0.523076923076923,0.538461538461538,0.553846153846154,
0.569230769230769,0.584615384615384,0.6,0.615384615384615,0.63076923076923,
0.646153846153846,0.661538461538461,0.676923076923076,0.692307692307692,
0.707692307692307,0.723076923076922,0.738461538461538,0.753846153846153,
0.769230769230768,0.784615384615384,0.799999999999999,0.815384615384614,
0.83076923076923,0.846153846153845,0.86153846153846,0.876923076923076,0.892307692307691,
0.907692307692306,0.923076923076922,0.938461538461537,0.953846153846152,
0.969230769230768,0.984615384615383,1.),(0.,1.5707963267949,3.14159265358979,
4.71238898038469,6.28318530717959),.UNSPECIFIED.)
GEOMETRIC_REPRESENTATION_ITEM()
RATIONAL_B_SPLINE_SURFACE(((1.,0.707106781186548,1.,0.707106781186548,1.,
0.707106781186548,1.,0.707106781186548,1.),(1.,0.707106781186548,1.,0.707106781186548,
1.,0.707106781186548,1.,0.707106781186548,1.),(1.,0.707106781186548,1.,
0.707106781186548,1.,0.707106781186548,1.,0.707106781186548,1.),(1.,0.707106781186548,
1.,0.707106781186548,1.,0.707106781186548,1.,0.707106781186548,1.),(1.,
0.707106781186548,1.,0.707106781186548,1.,0.707106781186548,1.,0.707106781186548,
1.),(1.,0.707106781186548,1.,0.707106781186548,1.,0.707106781186548,1.,
0.707106781186548,1.),(1.,0.707106781186548,1.,0.707106781186548,1.,0.707106781186548,
1.,0.707106781186548,1.),(1.,0.707106781186548,1.,0.707106781186548,1.,
0.707106781186548,1.,0.707106781186548,1.),(1.,0.707106781186548,1.,0.707106781186548,
1.,0.707106781186548,1.,0.707106781186548,1.),(1.,0.707106781186548,1.,
0.707106781186548,1.,0.707106781186548,1.,0.707106781186548,1.),(1.,0.707106781186548,
1.,0.707106781186548,1.,0.707106781186548,1.,0.707106781186548,1.),(1.,
0.707106781186548,1.,0.707106781186548,1.,0.707106781186548,1.,0.707106781186548,
1.),(1.,0.707106781186548,1.,0.707106781186548,1.,0.707106781186548,1.,
0.707106781186548,1.),(1.,0.707106781186548,1.,0.707106781186548,1.,0.707106781186548,
1.,0.707106781186548,1.),(1.,0.707106781186548,1.,0.707106781186548,1.,
0.707106781186548,1.,0.707106781186548,1.),(1.,0.707106781186548,1.,0.707106781186548,
1.,0.707106781186548,1.,0.707106781186548,1.),(1.,0.707106781186548,1.,
0.707106781186548,1.,0.707106781186548,1.,0.707106781186548,1.),(1.,0.707106781186548,
1.,0.707106781186548,1.,0.707106781186548,1.,0.707106781186548,1.),(1.,
0.707106781186548,1.,0.707106781186548,1.,0.707106781186548,1.,0.707106781186548,
1.),(1.,0.707106781186548,1.,0.707106781186548,1.,0.707106781186548,1.,
0.707106781186548,1.),(1.,0.707106781186548,1.,0.707106781186548,1.,0.707106781186548,
1.,0.707106781186548,1.),(1.,0.707106781186548,1.,0.707106781186548,1.,
0.707106781186548,1.,0.707106781186548,1.),(1.,0.707106781186548,1.,0.707106781186548,
1.,0.707106781186548,1.,0.707106781186548,1.),(1.,0.707106781186548,1.,
0.707106781186548,1.,0.707106781186548,1.,0.707106781186548,1.),(1.,0.707106781186548,
1.,0.707106781186548,1.,0.707106781186548,1.,0.707106781186548,1.),(1.,
0.707106781186548,1.,0.707106781186548,1.,0.707106781186548,1.,0.707106781186548,
1.),(1.,0.707106781186548,1.,0.707106781186548,1.,0.707106781186548,1.,
0.707106781186548,1.),(1.,0.707106781186548,1.,0.707106781186548,1.,0.707106781186548,
1.,0.707106781186548,1.),(1.,0.707106781186548,1.,0.707106781186548,1.,
0.707106781186548,1.,0.707106781186548,1.),(1.,0.707106781186548,1.,0.707106781186548,
1.,0.707106781186548,1.,0.707106781186548,1.),(1.,0.707106781186548,1.,
0.707106781186548,1.,0.707106781186548,1.,0.707106781186548,1.),(1.,0.707106781186548,
1.,0.707106781186548,1.,0.707106781186548,1.,0.707106781186548,1.),(1.,
0.707106781186548,1.,0.707106781186548,1.,0.707106781186548,1.,0.707106781186548,
1.),(1.,0.707106781186548,1.,0.707106781186548,1.,0.707106781186548,1.,
0.707106781186548,1.),(1.,0.707106781186548,1.,0.707106781186548,1.,0.707106781186548,
1.,0.707106781186548,1.),(1.,0.707106781186548,1.,0.707106781186548,1.,
0.707106781186548,1.,0.707106781186548,1.),(1.,0.707106781186548,1.,0.707106781186548,
1.,0.707106781186548,1.,0.707106781186548,1.),(1.,0.707106781186548,1.,
0.707106781186548,1.,0.707106781186548,1.,0.707106781186548,1.),(1.,0.707106781186548,
1.,0.707106781186548,1.,0.707106781186548,1.,0.707106781186548,1.),(1.,
0.707106781186548,1.,0.707106781186548,1.,0.707106781186548,1.,0.707106781186548,
1.),(1.,0.707106781186548,1.,0.707106781186548,1.,0.707106781186548,1.,
0.707106781186548,1.),(1.,0.707106781186548,1.,0.707106781186548,1.,0.707106781186548,
1.,0.707106781186548,1.),(1.,0.707106781186548,1.,0.707106781186548,1.,
0.707106781186548,1.,0.707106781186548,1.),(1.,0.707106781186548,1.,0.707106781186548,
1.,0.707106781186548,1.,0.707106781186548,1.),(1.,0.707106781186548,1.,
0.707106781186548,1.,0.707106781186548,1.,0.707106781186548,1.),(1.,0.707106781186548,
1.,0.707106781186548,1.,0.707106781186548,1.,0.707106781186548,1.),(1.,
0.707106781186548,1.,0.707106781186548,1.,0.707106781186548,1.,0.707106781186548,
1.),(1.,0.707106781186548,1.,0.707106781186548,1.,0.707106781186548,1.,
0.707106781186548,1.),(1.,0.707106781186548,1.,0.707106781186548,1.,0.707106781186548,
1.,0.707106781186548,1.),(1.,0.707106781186548,1.,0.707106781186548,1.,
0.707106781186548,1.,0.707106781186548,1.),(1.,0.707106781186548,1.,0.707106781186548,
1.,0.707106781186548,1.,0.707106781186548,1.),(1.,0.707106781186548,1.,
0.707106781186548,1.,0.707106781186548,1.,0.707106781186548,1.),(1.,0.707106781186548,
1.,0.707106781186548,1.,0.707106781186548,1.,0.707106781186548,1.),(1.,
0.707106781186548,1.,0.707106781186548,1.,0.707106781186548,1.,0.707106781186548,
1.),(1.,0.707106781186548,1.,0.707106781186548,1.,0.707106781186548,1.,
0.707106781186548,1.),(1.,0.707106781186548,1.,0.707106781186548,1.,0.707106781186548,
1.,0.707106781186548,1.),(1.,0.707106781186548,1.,0.707106781186548,1.,
0.707106781186548,1.,0.707106781186548,1.),(1.,0.707106781186548,1.,0.707106781186548,
1.,0.707106781186548,1.,0.707106781186548,1.),(1.,0.707106781186548,1.,
0.707106781186548,1.,0.707106781186548,1.,0.707106781186548,1.),(1.,0.707106781186548,
1.,0.707106781186548,1.,0.707106781186548,1.,0.707106781186548,1.),(1.,
0.707106781186548,1.,0.707106781186548,1.,0.707106781186548,1.,0.707106781186548,
1.),(1.,0.707106781186548,1.,0.707106781186548,1.,0.707106781186548,1.,
0.707106781186548,1.),(1.,0.707106781186548,1.,0.707106781186548,1.,0.707106781186548,
1.,0.707106781186548,1.),(1.,0.707106781186548,1.,0.707106781186548,1.,
0.707106781186548,1.,0.707106781186548,1.),(1.,0.707106781186548,1.,0.707106781186548,
1.,0.707106781186548,1.,0.707106781186548,1.),(1.,0.707106781186548,1.,
0.707106781186548,1.,0.707106781186548,1.,0.707106781186548,1.),(1.,0.707106781186548,
1.,0.707106781186548,1.,0.707106781186548,1.,0.707106781186548,1.),(1.,
0.707106781186548,1.,0.707106781186548,1.,0.707106781186548,1.,0.707106781186548,
1.),(1.,0.707106781186548,1.,0.707106781186548,1.,0.707106781186548,1.,
0.707106781186548,1.),(1.,0.707106781186548,1.,0.707106781186548,1.,0.707106781186548,
1.,0.707106781186548,1.)))
REPRESENTATION_ITEM('')
SURFACE()
);
#113=ADVANCED_FACE('',(#31),#111,.T.);
#114=ADVANCED_FACE('',(#32,#27),#29,.T.);
#115=ADVANCED_FACE('',(#33),#25,.T.);
#116=ADVANCED_FACE('',(#34,#28),#30,.T.);
#117=ADVANCED_FACE('',(#35),#15,.T.);
#118=ADVANCED_FACE('',(#36),#26,.T.);
#119=ADVANCED_FACE('',(#37),#16,.T.);
#120=ADVANCED_FACE('',(#38),#112,.T.);
#121=CLOSED_SHELL('',(#113,#114,#115,#116,#117,#118,#119,#120));
#122=DERIVED_UNIT_ELEMENT(#124,1.);
#123=DERIVED_UNIT_ELEMENT(#2167,-3.);
#124=(
MASS_UNIT()
NAMED_UNIT(*)
SI_UNIT(.KILO.,.GRAM.)
);
#125=DERIVED_UNIT((#122,#123));
#126=MEASURE_REPRESENTATION_ITEM('density measure',
POSITIVE_RATIO_MEASURE(7850.),#125);
#127=PROPERTY_DEFINITION_REPRESENTATION(#132,#129);
#128=PROPERTY_DEFINITION_REPRESENTATION(#133,#130);
#129=REPRESENTATION('material name',(#131),#2164);
#130=REPRESENTATION('density',(#126),#2164);
#131=DESCRIPTIVE_REPRESENTATION_ITEM('Steel','Steel');
#132=PROPERTY_DEFINITION('material property','material name',#2174);
#133=PROPERTY_DEFINITION('material property','density of part',#2174);
#134=AXIS2_PLACEMENT_3D('placement',#183,#149,#150);
#135=AXIS2_PLACEMENT_3D('',#1436,#151,#152);
#136=AXIS2_PLACEMENT_3D('',#1437,#153,#154);
#137=AXIS2_PLACEMENT_3D('',#1439,#155,#156);
#138=AXIS2_PLACEMENT_3D('',#1440,#157,#158);
#139=AXIS2_PLACEMENT_3D('',#1442,#159,#160);
#140=AXIS2_PLACEMENT_3D('',#1444,#162,#163);
#141=AXIS2_PLACEMENT_3D('',#1446,#164,#165);
#142=AXIS2_PLACEMENT_3D('',#1447,#166,#167);
#143=AXIS2_PLACEMENT_3D('',#1449,#168,#169);
#144=AXIS2_PLACEMENT_3D('',#1451,#171,#172);
#145=AXIS2_PLACEMENT_3D('',#1453,#173,#174);
#146=AXIS2_PLACEMENT_3D('',#1455,#176,#177);
#147=AXIS2_PLACEMENT_3D('',#1458,#178,#179);
#148=AXIS2_PLACEMENT_3D('',#1459,#180,#181);
#149=DIRECTION('axis',(0.,0.,1.));
#150=DIRECTION('refdir',(1.,0.,0.));
#151=DIRECTION('center_axis',(0.,0.,-1.));
#152=DIRECTION('ref_axis',(1.,0.,0.));
#153=DIRECTION('center_axis',(0.,0.,-1.));
#154=DIRECTION('ref_axis',(-1.,0.,0.));
#155=DIRECTION('center_axis',(0.,0.,-1.));
#156=DIRECTION('ref_axis',(1.,0.,0.));
#157=DIRECTION('center_axis',(0.,0.,-1.));
#158=DIRECTION('ref_axis',(-1.,0.,0.));
#159=DIRECTION('center_axis',(0.,0.,-1.));
#160=DIRECTION('ref_axis',(1.,0.,0.));
#161=DIRECTION('',(0.,0.,1.));
#162=DIRECTION('center_axis',(0.,0.,1.));
#163=DIRECTION('ref_axis',(1.,0.,0.));
#164=DIRECTION('center_axis',(0.,0.,-1.));
#165=DIRECTION('ref_axis',(1.,0.,0.));
#166=DIRECTION('center_axis',(0.,0.,-1.));
#167=DIRECTION('ref_axis',(-1.,0.,0.));
#168=DIRECTION('center_axis',(0.,0.,-1.));
#169=DIRECTION('ref_axis',(1.,0.,0.));
#170=DIRECTION('',(-0.70710678118654,8.65956056235484E-17,0.707106781186555));
#171=DIRECTION('center_axis',(0.,0.,-1.));
#172=DIRECTION('ref_axis',(-1.,0.,0.));
#173=DIRECTION('center_axis',(0.,0.,-1.));
#174=DIRECTION('ref_axis',(1.,0.,0.));
#175=DIRECTION('',(0.,0.,1.));
#176=DIRECTION('center_axis',(0.,0.,1.));
#177=DIRECTION('ref_axis',(-1.,0.,0.));
#178=DIRECTION('center_axis',(0.,0.,-1.));
#179=DIRECTION('ref_axis',(1.,0.,0.));
#180=DIRECTION('center_axis',(0.,0.,-1.));
#181=DIRECTION('ref_axis',(1.,0.,0.));
#182=DIRECTION('',(0.70710678118654,-8.65956056235484E-17,0.707106781186556));
#183=CARTESIAN_POINT('',(0.,0.,0.));
#184=CARTESIAN_POINT('Ctrl Pts',(-14.47,0.,2.29));
#185=CARTESIAN_POINT('Ctrl Pts',(-14.47,14.47,2.29));
#186=CARTESIAN_POINT('Ctrl Pts',(0.,14.47,2.29));
#187=CARTESIAN_POINT('Ctrl Pts',(14.47,14.47,2.29));
#188=CARTESIAN_POINT('Ctrl Pts',(14.47,0.,2.29));
#189=CARTESIAN_POINT('Ctrl Pts',(14.47,-14.47,2.29));
#190=CARTESIAN_POINT('Ctrl Pts',(0.,-14.47,2.29));
#191=CARTESIAN_POINT('Ctrl Pts',(-14.47,-14.47,2.29));
#192=CARTESIAN_POINT('Ctrl Pts',(-14.47,0.,2.29));
#193=CARTESIAN_POINT('Ctrl Pts',(-14.4998698619714,0.,2.30517868656973));
#194=CARTESIAN_POINT('Ctrl Pts',(-14.4998698619714,14.4998698619714,2.30517868656973));
#195=CARTESIAN_POINT('Ctrl Pts',(0.,14.4998698619714,2.30517868656973));
#196=CARTESIAN_POINT('Ctrl Pts',(14.4998698619714,14.4998698619714,2.30517868656973));
#197=CARTESIAN_POINT('Ctrl Pts',(14.4998698619714,0.,2.30517868656973));
#198=CARTESIAN_POINT('Ctrl Pts',(14.4998698619714,-14.4998698619714,2.30517868656973));
#199=CARTESIAN_POINT('Ctrl Pts',(0.,-14.4998698619714,2.30517868656973));
#200=CARTESIAN_POINT('Ctrl Pts',(-14.4998698619714,-14.4998698619714,2.30517868656973));
#201=CARTESIAN_POINT('Ctrl Pts',(-14.4998698619714,0.,2.30517868656973));
#202=CARTESIAN_POINT('Ctrl Pts',(-14.5591650996479,0.,2.33617189167526));
#203=CARTESIAN_POINT('Ctrl Pts',(-14.5591650996479,14.5591650996479,2.33617189167526));
#204=CARTESIAN_POINT('Ctrl Pts',(0.,14.5591650996479,2.33617189167526));
#205=CARTESIAN_POINT('Ctrl Pts',(14.5591650996479,14.5591650996479,2.33617189167526));
#206=CARTESIAN_POINT('Ctrl Pts',(14.5591650996479,0.,2.33617189167526));
#207=CARTESIAN_POINT('Ctrl Pts',(14.5591650996479,-14.5591650996479,2.33617189167526));
#208=CARTESIAN_POINT('Ctrl Pts',(0.,-14.5591650996479,2.33617189167526));
#209=CARTESIAN_POINT('Ctrl Pts',(-14.5591650996479,-14.5591650996479,2.33617189167526));
#210=CARTESIAN_POINT('Ctrl Pts',(-14.5591650996479,0.,2.33617189167526));
#211=CARTESIAN_POINT('Ctrl Pts',(-14.6467744971364,0.,2.38456919540497));
#212=CARTESIAN_POINT('Ctrl Pts',(-14.6467744971364,14.6467744971364,2.38456919540497));
#213=CARTESIAN_POINT('Ctrl Pts',(0.,14.6467744971364,2.38456919540497));
#214=CARTESIAN_POINT('Ctrl Pts',(14.6467744971364,14.6467744971364,2.38456919540497));
#215=CARTESIAN_POINT('Ctrl Pts',(14.6467744971364,0.,2.38456919540497));
#216=CARTESIAN_POINT('Ctrl Pts',(14.6467744971364,-14.6467744971364,2.38456919540497));
#217=CARTESIAN_POINT('Ctrl Pts',(0.,-14.6467744971364,2.38456919540497));
#218=CARTESIAN_POINT('Ctrl Pts',(-14.6467744971364,-14.6467744971364,2.38456919540497));
#219=CARTESIAN_POINT('Ctrl Pts',(-14.6467744971364,0.,2.38456919540497));
#220=CARTESIAN_POINT('Ctrl Pts',(-14.7609198096543,0.,2.45291435556342));
#221=CARTESIAN_POINT('Ctrl Pts',(-14.7609198096543,14.7609198096543,2.45291435556342));
#222=CARTESIAN_POINT('Ctrl Pts',(0.,14.7609198096543,2.45291435556342));
#223=CARTESIAN_POINT('Ctrl Pts',(14.7609198096543,14.7609198096543,2.45291435556342));
#224=CARTESIAN_POINT('Ctrl Pts',(14.7609198096543,0.,2.45291435556342));
#225=CARTESIAN_POINT('Ctrl Pts',(14.7609198096543,-14.7609198096543,2.45291435556342));
#226=CARTESIAN_POINT('Ctrl Pts',(0.,-14.7609198096543,2.45291435556342));
#227=CARTESIAN_POINT('Ctrl Pts',(-14.7609198096543,-14.7609198096543,2.45291435556342));
#228=CARTESIAN_POINT('Ctrl Pts',(-14.7609198096543,0.,2.45291435556342));
#229=CARTESIAN_POINT('Ctrl Pts',(-14.8990887010333,0.,2.54472816907807));
#230=CARTESIAN_POINT('Ctrl Pts',(-14.8990887010333,14.8990887010333,2.54472816907807));
#231=CARTESIAN_POINT('Ctrl Pts',(0.,14.8990887010333,2.54472816907807));
#232=CARTESIAN_POINT('Ctrl Pts',(14.8990887010333,14.8990887010333,2.54472816907807));
#233=CARTESIAN_POINT('Ctrl Pts',(14.8990887010333,0.,2.54472816907807));
#234=CARTESIAN_POINT('Ctrl Pts',(14.8990887010333,-14.8990887010333,2.54472816907807));
#235=CARTESIAN_POINT('Ctrl Pts',(0.,-14.8990887010333,2.54472816907807));
#236=CARTESIAN_POINT('Ctrl Pts',(-14.8990887010333,-14.8990887010333,2.54472816907807));
#237=CARTESIAN_POINT('Ctrl Pts',(-14.8990887010333,0.,2.54472816907807));
#238=CARTESIAN_POINT('Ctrl Pts',(-15.032545714569,0.,2.64298998934868));
#239=CARTESIAN_POINT('Ctrl Pts',(-15.032545714569,15.032545714569,2.64298998934868));
#240=CARTESIAN_POINT('Ctrl Pts',(0.,15.032545714569,2.64298998934868));
#241=CARTESIAN_POINT('Ctrl Pts',(15.032545714569,15.032545714569,2.64298998934868));
#242=CARTESIAN_POINT('Ctrl Pts',(15.032545714569,0.,2.64298998934868));
#243=CARTESIAN_POINT('Ctrl Pts',(15.032545714569,-15.032545714569,2.64298998934868));
#244=CARTESIAN_POINT('Ctrl Pts',(0.,-15.032545714569,2.64298998934868));
#245=CARTESIAN_POINT('Ctrl Pts',(-15.032545714569,-15.032545714569,2.64298998934868));
#246=CARTESIAN_POINT('Ctrl Pts',(-15.032545714569,0.,2.64298998934868));
#247=CARTESIAN_POINT('Ctrl Pts',(-15.1608947268148,0.,2.74782793317651));
#248=CARTESIAN_POINT('Ctrl Pts',(-15.1608947268148,15.1608947268148,2.74782793317651));
#249=CARTESIAN_POINT('Ctrl Pts',(0.,15.1608947268148,2.74782793317651));
#250=CARTESIAN_POINT('Ctrl Pts',(15.1608947268148,15.1608947268148,2.74782793317651));
#251=CARTESIAN_POINT('Ctrl Pts',(15.1608947268148,0.,2.74782793317651));
#252=CARTESIAN_POINT('Ctrl Pts',(15.1608947268148,-15.1608947268148,2.74782793317651));
#253=CARTESIAN_POINT('Ctrl Pts',(0.,-15.1608947268148,2.74782793317651));
#254=CARTESIAN_POINT('Ctrl Pts',(-15.1608947268148,-15.1608947268148,2.74782793317651));
#255=CARTESIAN_POINT('Ctrl Pts',(-15.1608947268148,0.,2.74782793317651));
#256=CARTESIAN_POINT('Ctrl Pts',(-15.2834775441698,0.,2.85945257957));
#257=CARTESIAN_POINT('Ctrl Pts',(-15.2834775441698,15.2834775441698,2.85945257957));
#258=CARTESIAN_POINT('Ctrl Pts',(0.,15.2834775441698,2.85945257957));
#259=CARTESIAN_POINT('Ctrl Pts',(15.2834775441698,15.2834775441698,2.85945257957));
#260=CARTESIAN_POINT('Ctrl Pts',(15.2834775441698,0.,2.85945257957));
#261=CARTESIAN_POINT('Ctrl Pts',(15.2834775441698,-15.2834775441698,2.85945257957));
#262=CARTESIAN_POINT('Ctrl Pts',(0.,-15.2834775441698,2.85945257957));
#263=CARTESIAN_POINT('Ctrl Pts',(-15.2834775441698,-15.2834775441698,2.85945257957));
#264=CARTESIAN_POINT('Ctrl Pts',(-15.2834775441698,0.,2.85945257957));
#265=CARTESIAN_POINT('Ctrl Pts',(-15.3993080954847,0.,2.97817748027444));
#266=CARTESIAN_POINT('Ctrl Pts',(-15.3993080954847,15.3993080954847,2.97817748027444));
#267=CARTESIAN_POINT('Ctrl Pts',(0.,15.3993080954847,2.97817748027444));
#268=CARTESIAN_POINT('Ctrl Pts',(15.3993080954847,15.3993080954847,2.97817748027444));
#269=CARTESIAN_POINT('Ctrl Pts',(15.3993080954847,0.,2.97817748027444));
#270=CARTESIAN_POINT('Ctrl Pts',(15.3993080954847,-15.3993080954847,2.97817748027444));
#271=CARTESIAN_POINT('Ctrl Pts',(0.,-15.3993080954847,2.97817748027444));
#272=CARTESIAN_POINT('Ctrl Pts',(-15.3993080954847,-15.3993080954847,2.97817748027444));
#273=CARTESIAN_POINT('Ctrl Pts',(-15.3993080954847,0.,2.97817748027444));
#274=CARTESIAN_POINT('Ctrl Pts',(-15.5071723295911,0.,3.10430838692091));
#275=CARTESIAN_POINT('Ctrl Pts',(-15.5071723295911,15.5071723295911,3.10430838692091));
#276=CARTESIAN_POINT('Ctrl Pts',(0.,15.5071723295911,3.10430838692091));
#277=CARTESIAN_POINT('Ctrl Pts',(15.5071723295911,15.5071723295911,3.10430838692091));
#278=CARTESIAN_POINT('Ctrl Pts',(15.5071723295911,0.,3.10430838692091));
#279=CARTESIAN_POINT('Ctrl Pts',(15.5071723295911,-15.5071723295911,3.10430838692091));
#280=CARTESIAN_POINT('Ctrl Pts',(0.,-15.5071723295911,3.10430838692091));
#281=CARTESIAN_POINT('Ctrl Pts',(-15.5071723295911,-15.5071723295911,3.10430838692091));
#282=CARTESIAN_POINT('Ctrl Pts',(-15.5071723295911,0.,3.10430838692091));
#283=CARTESIAN_POINT('Ctrl Pts',(-15.6057287325553,0.,3.23803184542055));
#284=CARTESIAN_POINT('Ctrl Pts',(-15.6057287325553,15.6057287325553,3.23803184542055));
#285=CARTESIAN_POINT('Ctrl Pts',(0.,15.6057287325553,3.23803184542055));
#286=CARTESIAN_POINT('Ctrl Pts',(15.6057287325553,15.6057287325553,3.23803184542055));
#287=CARTESIAN_POINT('Ctrl Pts',(15.6057287325553,0.,3.23803184542055));
#288=CARTESIAN_POINT('Ctrl Pts',(15.6057287325553,-15.6057287325553,3.23803184542055));
#289=CARTESIAN_POINT('Ctrl Pts',(0.,-15.6057287325553,3.23803184542055));
#290=CARTESIAN_POINT('Ctrl Pts',(-15.6057287325553,-15.6057287325553,3.23803184542055));
#291=CARTESIAN_POINT('Ctrl Pts',(-15.6057287325553,0.,3.23803184542055));
#292=CARTESIAN_POINT('Ctrl Pts',(-15.6936084799,0.,3.37930418314608));
#293=CARTESIAN_POINT('Ctrl Pts',(-15.6936084799,15.6936084799,3.37930418314608));
#294=CARTESIAN_POINT('Ctrl Pts',(0.,15.6936084799,3.37930418314608));
#295=CARTESIAN_POINT('Ctrl Pts',(15.6936084799,15.6936084799,3.37930418314608));
#296=CARTESIAN_POINT('Ctrl Pts',(15.6936084799,0.,3.37930418314608));
#297=CARTESIAN_POINT('Ctrl Pts',(15.6936084799,-15.6936084799,3.37930418314608));
#298=CARTESIAN_POINT('Ctrl Pts',(0.,-15.6936084799,3.37930418314608));
#299=CARTESIAN_POINT('Ctrl Pts',(-15.6936084799,-15.6936084799,3.37930418314608));
#300=CARTESIAN_POINT('Ctrl Pts',(-15.6936084799,0.,3.37930418314608));
#301=CARTESIAN_POINT('Ctrl Pts',(-15.7695158852399,0.,3.52773975348252));
#302=CARTESIAN_POINT('Ctrl Pts',(-15.7695158852399,15.7695158852399,3.52773975348252));
#303=CARTESIAN_POINT('Ctrl Pts',(0.,15.7695158852399,3.52773975348252));
#304=CARTESIAN_POINT('Ctrl Pts',(15.7695158852399,15.7695158852399,3.52773975348252));
#305=CARTESIAN_POINT('Ctrl Pts',(15.7695158852399,0.,3.52773975348252));
#306=CARTESIAN_POINT('Ctrl Pts',(15.7695158852399,-15.7695158852399,3.52773975348252));
#307=CARTESIAN_POINT('Ctrl Pts',(0.,-15.7695158852399,3.52773975348252));
#308=CARTESIAN_POINT('Ctrl Pts',(-15.7695158852399,-15.7695158852399,3.52773975348252));
#309=CARTESIAN_POINT('Ctrl Pts',(-15.7695158852399,0.,3.52773975348252));
#310=CARTESIAN_POINT('Ctrl Pts',(-15.8323283015481,0.,3.68250065628623));
#311=CARTESIAN_POINT('Ctrl Pts',(-15.8323283015481,15.8323283015481,3.68250065628623));
#312=CARTESIAN_POINT('Ctrl Pts',(0.,15.8323283015481,3.68250065628623));
#313=CARTESIAN_POINT('Ctrl Pts',(15.8323283015481,15.8323283015481,3.68250065628623));
#314=CARTESIAN_POINT('Ctrl Pts',(15.8323283015481,0.,3.68250065628623));
#315=CARTESIAN_POINT('Ctrl Pts',(15.8323283015481,-15.8323283015481,3.68250065628623));
#316=CARTESIAN_POINT('Ctrl Pts',(0.,-15.8323283015481,3.68250065628623));
#317=CARTESIAN_POINT('Ctrl Pts',(-15.8323283015481,-15.8323283015481,3.68250065628623));
#318=CARTESIAN_POINT('Ctrl Pts',(-15.8323283015481,0.,3.68250065628623));
#319=CARTESIAN_POINT('Ctrl Pts',(-15.8811167938971,0.,3.84241167819246));
#320=CARTESIAN_POINT('Ctrl Pts',(-15.8811167938971,15.8811167938971,3.84241167819246));
#321=CARTESIAN_POINT('Ctrl Pts',(0.,15.8811167938971,3.84241167819246));
#322=CARTESIAN_POINT('Ctrl Pts',(15.8811167938971,15.8811167938971,3.84241167819246));
#323=CARTESIAN_POINT('Ctrl Pts',(15.8811167938971,0.,3.84241167819246));
#324=CARTESIAN_POINT('Ctrl Pts',(15.8811167938971,-15.8811167938971,3.84241167819246));
#325=CARTESIAN_POINT('Ctrl Pts',(0.,-15.8811167938971,3.84241167819246));
#326=CARTESIAN_POINT('Ctrl Pts',(-15.8811167938971,-15.8811167938971,3.84241167819246));
#327=CARTESIAN_POINT('Ctrl Pts',(-15.8811167938971,0.,3.84241167819246));
#328=CARTESIAN_POINT('Ctrl Pts',(-15.9151674573025,0.,4.00607370079471));
#329=CARTESIAN_POINT('Ctrl Pts',(-15.9151674573025,15.9151674573025,4.00607370079471));
#330=CARTESIAN_POINT('Ctrl Pts',(0.,15.9151674573025,4.00607370079471));
#331=CARTESIAN_POINT('Ctrl Pts',(15.9151674573025,15.9151674573025,4.00607370079471));
#332=CARTESIAN_POINT('Ctrl Pts',(15.9151674573025,0.,4.00607370079471));
#333=CARTESIAN_POINT('Ctrl Pts',(15.9151674573025,-15.9151674573025,4.00607370079471));
#334=CARTESIAN_POINT('Ctrl Pts',(0.,-15.9151674573025,4.00607370079471));
#335=CARTESIAN_POINT('Ctrl Pts',(-15.9151674573025,-15.9151674573025,4.00607370079471));
#336=CARTESIAN_POINT('Ctrl Pts',(-15.9151674573025,0.,4.00607370079471));
#337=CARTESIAN_POINT('Ctrl Pts',(-15.9340025140269,0.,4.17197736545951));
#338=CARTESIAN_POINT('Ctrl Pts',(-15.9340025140269,15.9340025140269,4.17197736545951));
#339=CARTESIAN_POINT('Ctrl Pts',(0.,15.9340025140269,4.17197736545951));
#340=CARTESIAN_POINT('Ctrl Pts',(15.9340025140269,15.9340025140269,4.17197736545951));
#341=CARTESIAN_POINT('Ctrl Pts',(15.9340025140269,0.,4.17197736545951));
#342=CARTESIAN_POINT('Ctrl Pts',(15.9340025140269,-15.9340025140269,4.17197736545951));
#343=CARTESIAN_POINT('Ctrl Pts',(0.,-15.9340025140269,4.17197736545951));
#344=CARTESIAN_POINT('Ctrl Pts',(-15.9340025140269,-15.9340025140269,4.17197736545951));
#345=CARTESIAN_POINT('Ctrl Pts',(-15.9340025140269,0.,4.17197736545951));
#346=CARTESIAN_POINT('Ctrl Pts',(-15.9374018353248,0.,4.33861699274824));
#347=CARTESIAN_POINT('Ctrl Pts',(-15.9374018353248,15.9374018353248,4.33861699274824));
#348=CARTESIAN_POINT('Ctrl Pts',(0.,15.9374018353248,4.33861699274824));
#349=CARTESIAN_POINT('Ctrl Pts',(15.9374018353248,15.9374018353248,4.33861699274824));
#350=CARTESIAN_POINT('Ctrl Pts',(15.9374018353248,0.,4.33861699274824));
#351=CARTESIAN_POINT('Ctrl Pts',(15.9374018353248,-15.9374018353248,4.33861699274824));
#352=CARTESIAN_POINT('Ctrl Pts',(0.,-15.9374018353248,4.33861699274824));
#353=CARTESIAN_POINT('Ctrl Pts',(-15.9374018353248,-15.9374018353248,4.33861699274824));
#354=CARTESIAN_POINT('Ctrl Pts',(-15.9374018353248,0.,4.33861699274824));
#355=CARTESIAN_POINT('Ctrl Pts',(-15.9254238396058,0.,4.50460316628533));
#356=CARTESIAN_POINT('Ctrl Pts',(-15.9254238396058,15.9254238396058,4.50460316628533));
#357=CARTESIAN_POINT('Ctrl Pts',(0.,15.9254238396058,4.50460316628533));
#358=CARTESIAN_POINT('Ctrl Pts',(15.9254238396058,15.9254238396058,4.50460316628533));
#359=CARTESIAN_POINT('Ctrl Pts',(15.9254238396058,0.,4.50460316628533));
#360=CARTESIAN_POINT('Ctrl Pts',(15.9254238396058,-15.9254238396058,4.50460316628533));
#361=CARTESIAN_POINT('Ctrl Pts',(0.,-15.9254238396058,4.50460316628533));
#362=CARTESIAN_POINT('Ctrl Pts',(-15.9254238396058,-15.9254238396058,4.50460316628533));
#363=CARTESIAN_POINT('Ctrl Pts',(-15.9254238396058,0.,4.50460316628533));
#364=CARTESIAN_POINT('Ctrl Pts',(-15.8983694323434,0.,4.66865630623789));
#365=CARTESIAN_POINT('Ctrl Pts',(-15.8983694323434,15.8983694323434,4.66865630623789));
#366=CARTESIAN_POINT('Ctrl Pts',(0.,15.8983694323434,4.66865630623789));
#367=CARTESIAN_POINT('Ctrl Pts',(15.8983694323434,15.8983694323434,4.66865630623789));
#368=CARTESIAN_POINT('Ctrl Pts',(15.8983694323434,0.,4.66865630623789));
#369=CARTESIAN_POINT('Ctrl Pts',(15.8983694323434,-15.8983694323434,4.66865630623789));
#370=CARTESIAN_POINT('Ctrl Pts',(0.,-15.8983694323434,4.66865630623789));
#371=CARTESIAN_POINT('Ctrl Pts',(-15.8983694323434,-15.8983694323434,4.66865630623789));
#372=CARTESIAN_POINT('Ctrl Pts',(-15.8983694323434,0.,4.66865630623789));
#373=CARTESIAN_POINT('Ctrl Pts',(-15.8567466627525,0.,4.82960156372171));
#374=CARTESIAN_POINT('Ctrl Pts',(-15.8567466627525,15.8567466627525,4.82960156372171));
#375=CARTESIAN_POINT('Ctrl Pts',(0.,15.8567466627525,4.82960156372171));
#376=CARTESIAN_POINT('Ctrl Pts',(15.8567466627525,15.8567466627525,4.82960156372171));
#377=CARTESIAN_POINT('Ctrl Pts',(15.8567466627525,0.,4.82960156372171));
#378=CARTESIAN_POINT('Ctrl Pts',(15.8567466627525,-15.8567466627525,4.82960156372171));
#379=CARTESIAN_POINT('Ctrl Pts',(0.,-15.8567466627525,4.82960156372171));
#380=CARTESIAN_POINT('Ctrl Pts',(-15.8567466627525,-15.8567466627525,4.82960156372171));
#381=CARTESIAN_POINT('Ctrl Pts',(-15.8567466627525,0.,4.82960156372171));
#382=CARTESIAN_POINT('Ctrl Pts',(-15.8012352802648,0.,4.98636348754069));
#383=CARTESIAN_POINT('Ctrl Pts',(-15.8012352802648,15.8012352802648,4.98636348754069));
#384=CARTESIAN_POINT('Ctrl Pts',(0.,15.8012352802648,4.98636348754069));
#385=CARTESIAN_POINT('Ctrl Pts',(15.8012352802648,15.8012352802648,4.98636348754069));
#386=CARTESIAN_POINT('Ctrl Pts',(15.8012352802648,0.,4.98636348754069));
#387=CARTESIAN_POINT('Ctrl Pts',(15.8012352802648,-15.8012352802648,4.98636348754069));
#388=CARTESIAN_POINT('Ctrl Pts',(0.,-15.8012352802648,4.98636348754069));
#389=CARTESIAN_POINT('Ctrl Pts',(-15.8012352802648,-15.8012352802648,4.98636348754069));
#390=CARTESIAN_POINT('Ctrl Pts',(-15.8012352802648,0.,4.98636348754069));
#391=CARTESIAN_POINT('Ctrl Pts',(-15.7326513121496,0.,5.13796034413918));
#392=CARTESIAN_POINT('Ctrl Pts',(-15.7326513121496,15.7326513121496,5.13796034413918));
#393=CARTESIAN_POINT('Ctrl Pts',(0.,15.7326513121496,5.13796034413918));
#394=CARTESIAN_POINT('Ctrl Pts',(15.7326513121496,15.7326513121496,5.13796034413918));
#395=CARTESIAN_POINT('Ctrl Pts',(15.7326513121496,0.,5.13796034413918));
#396=CARTESIAN_POINT('Ctrl Pts',(15.7326513121496,-15.7326513121496,5.13796034413918));
#397=CARTESIAN_POINT('Ctrl Pts',(0.,-15.7326513121496,5.13796034413918));
#398=CARTESIAN_POINT('Ctrl Pts',(-15.7326513121496,-15.7326513121496,5.13796034413918));
#399=CARTESIAN_POINT('Ctrl Pts',(-15.7326513121496,0.,5.13796034413918));
#400=CARTESIAN_POINT('Ctrl Pts',(-15.6519120556015,0.,5.28350000791732));
#401=CARTESIAN_POINT('Ctrl Pts',(-15.6519120556015,15.6519120556015,5.28350000791732));
#402=CARTESIAN_POINT('Ctrl Pts',(0.,15.6519120556015,5.28350000791732));
#403=CARTESIAN_POINT('Ctrl Pts',(15.6519120556015,15.6519120556015,5.28350000791732));
#404=CARTESIAN_POINT('Ctrl Pts',(15.6519120556015,0.,5.28350000791732));
#405=CARTESIAN_POINT('Ctrl Pts',(15.6519120556015,-15.6519120556015,5.28350000791732));
#406=CARTESIAN_POINT('Ctrl Pts',(0.,-15.6519120556015,5.28350000791732));
#407=CARTESIAN_POINT('Ctrl Pts',(-15.6519120556015,-15.6519120556015,5.28350000791732));
#408=CARTESIAN_POINT('Ctrl Pts',(-15.6519120556015,0.,5.28350000791732));
#409=CARTESIAN_POINT('Ctrl Pts',(-15.5600140142251,0.,5.42222626565839));
#410=CARTESIAN_POINT('Ctrl Pts',(-15.5600140142251,15.5600140142251,5.42222626565839));
#411=CARTESIAN_POINT('Ctrl Pts',(0.,15.5600140142251,5.42222626565839));
#412=CARTESIAN_POINT('Ctrl Pts',(15.5600140142251,15.5600140142251,5.42222626565839));
#413=CARTESIAN_POINT('Ctrl Pts',(15.5600140142251,0.,5.42222626565839));
#414=CARTESIAN_POINT('Ctrl Pts',(15.5600140142251,-15.5600140142251,5.42222626565839));
#415=CARTESIAN_POINT('Ctrl Pts',(0.,-15.5600140142251,5.42222626565839));
#416=CARTESIAN_POINT('Ctrl Pts',(-15.5600140142251,-15.5600140142251,5.42222626565839));
#417=CARTESIAN_POINT('Ctrl Pts',(-15.5600140142251,0.,5.42222626565839));
#418=CARTESIAN_POINT('Ctrl Pts',(-15.4580105259334,0.,5.5535641041821));
#419=CARTESIAN_POINT('Ctrl Pts',(-15.4580105259334,15.4580105259334,5.5535641041821));
#420=CARTESIAN_POINT('Ctrl Pts',(0.,15.4580105259334,5.5535641041821));
#421=CARTESIAN_POINT('Ctrl Pts',(15.4580105259334,15.4580105259334,5.5535641041821));
#422=CARTESIAN_POINT('Ctrl Pts',(15.4580105259334,0.,5.5535641041821));
#423=CARTESIAN_POINT('Ctrl Pts',(15.4580105259334,-15.4580105259334,5.5535641041821));
#424=CARTESIAN_POINT('Ctrl Pts',(0.,-15.4580105259334,5.5535641041821));
#425=CARTESIAN_POINT('Ctrl Pts',(-15.4580105259334,-15.4580105259334,5.5535641041821));
#426=CARTESIAN_POINT('Ctrl Pts',(-15.4580105259334,0.,5.5535641041821));
#427=CARTESIAN_POINT('Ctrl Pts',(-15.3469894816272,0.,5.67716470298655));
#428=CARTESIAN_POINT('Ctrl Pts',(-15.3469894816272,15.3469894816272,5.67716470298655));
#429=CARTESIAN_POINT('Ctrl Pts',(0.,15.3469894816272,5.67716470298655));
#430=CARTESIAN_POINT('Ctrl Pts',(15.3469894816272,15.3469894816272,5.67716470298655));
#431=CARTESIAN_POINT('Ctrl Pts',(15.3469894816272,0.,5.67716470298655));
#432=CARTESIAN_POINT('Ctrl Pts',(15.3469894816272,-15.3469894816272,5.67716470298655));
#433=CARTESIAN_POINT('Ctrl Pts',(0.,-15.3469894816272,5.67716470298655));
#434=CARTESIAN_POINT('Ctrl Pts',(-15.3469894816272,-15.3469894816272,5.67716470298655));
#435=CARTESIAN_POINT('Ctrl Pts',(-15.3469894816272,0.,5.67716470298655));
#436=CARTESIAN_POINT('Ctrl Pts',(-15.2280511818856,0.,5.79295241977769));
#437=CARTESIAN_POINT('Ctrl Pts',(-15.2280511818856,15.2280511818856,5.79295241977769));
#438=CARTESIAN_POINT('Ctrl Pts',(0.,15.2280511818856,5.79295241977769));
#439=CARTESIAN_POINT('Ctrl Pts',(15.2280511818856,15.2280511818856,5.79295241977769));
#440=CARTESIAN_POINT('Ctrl Pts',(15.2280511818856,0.,5.79295241977769));
#441=CARTESIAN_POINT('Ctrl Pts',(15.2280511818856,-15.2280511818856,5.79295241977769));
#442=CARTESIAN_POINT('Ctrl Pts',(0.,-15.2280511818856,5.79295241977769));
#443=CARTESIAN_POINT('Ctrl Pts',(-15.2280511818856,-15.2280511818856,5.79295241977769));
#444=CARTESIAN_POINT('Ctrl Pts',(-15.2280511818856,0.,5.79295241977769));
#445=CARTESIAN_POINT('Ctrl Pts',(-15.1022857429159,0.,5.90116612007579));
#446=CARTESIAN_POINT('Ctrl Pts',(-15.1022857429159,15.1022857429159,5.90116612007579));
#447=CARTESIAN_POINT('Ctrl Pts',(0.,15.1022857429159,5.90116612007579));
#448=CARTESIAN_POINT('Ctrl Pts',(15.1022857429159,15.1022857429159,5.90116612007579));
#449=CARTESIAN_POINT('Ctrl Pts',(15.1022857429159,0.,5.90116612007579));
#450=CARTESIAN_POINT('Ctrl Pts',(15.1022857429159,-15.1022857429159,5.90116612007579));
#451=CARTESIAN_POINT('Ctrl Pts',(0.,-15.1022857429159,5.90116612007579));
#452=CARTESIAN_POINT('Ctrl Pts',(-15.1022857429159,-15.1022857429159,5.90116612007579));
#453=CARTESIAN_POINT('Ctrl Pts',(-15.1022857429159,0.,5.90116612007579));
#454=CARTESIAN_POINT('Ctrl Pts',(-14.9707397310029,0.,6.00226109763056));
#455=CARTESIAN_POINT('Ctrl Pts',(-14.9707397310029,14.9707397310029,6.00226109763056));
#456=CARTESIAN_POINT('Ctrl Pts',(0.,14.9707397310029,6.00226109763056));
#457=CARTESIAN_POINT('Ctrl Pts',(14.9707397310029,14.9707397310029,6.00226109763056));
#458=CARTESIAN_POINT('Ctrl Pts',(14.9707397310029,0.,6.00226109763056));
#459=CARTESIAN_POINT('Ctrl Pts',(14.9707397310029,-14.9707397310029,6.00226109763056));
#460=CARTESIAN_POINT('Ctrl Pts',(0.,-14.9707397310029,6.00226109763056));
#461=CARTESIAN_POINT('Ctrl Pts',(-14.9707397310029,-14.9707397310029,6.00226109763056));
#462=CARTESIAN_POINT('Ctrl Pts',(-14.9707397310029,0.,6.00226109763056));
#463=CARTESIAN_POINT('Ctrl Pts',(-14.8343829918689,0.,6.09681586083067));
#464=CARTESIAN_POINT('Ctrl Pts',(-14.8343829918689,14.8343829918689,6.09681586083067));
#465=CARTESIAN_POINT('Ctrl Pts',(0.,14.8343829918689,6.09681586083067));
#466=CARTESIAN_POINT('Ctrl Pts',(14.8343829918689,14.8343829918689,6.09681586083067));
#467=CARTESIAN_POINT('Ctrl Pts',(14.8343829918689,0.,6.09681586083067));
#468=CARTESIAN_POINT('Ctrl Pts',(14.8343829918689,-14.8343829918689,6.09681586083067));
#469=CARTESIAN_POINT('Ctrl Pts',(0.,-14.8343829918689,6.09681586083067));
#470=CARTESIAN_POINT('Ctrl Pts',(-14.8343829918689,-14.8343829918689,6.09681586083067));
#471=CARTESIAN_POINT('Ctrl Pts',(-14.8343829918689,0.,6.09681586083067));
#472=CARTESIAN_POINT('Ctrl Pts',(-14.6940757754654,0.,6.18543799330507));
#473=CARTESIAN_POINT('Ctrl Pts',(-14.6940757754654,14.6940757754654,6.18543799330507));
#474=CARTESIAN_POINT('Ctrl Pts',(0.,14.6940757754654,6.18543799330507));
#475=CARTESIAN_POINT('Ctrl Pts',(14.6940757754654,14.6940757754654,6.18543799330507));
#476=CARTESIAN_POINT('Ctrl Pts',(14.6940757754654,0.,6.18543799330507));
#477=CARTESIAN_POINT('Ctrl Pts',(14.6940757754654,-14.6940757754654,6.18543799330507));
#478=CARTESIAN_POINT('Ctrl Pts',(0.,-14.6940757754654,6.18543799330507));
#479=CARTESIAN_POINT('Ctrl Pts',(-14.6940757754654,-14.6940757754654,6.18543799330507));
#480=CARTESIAN_POINT('Ctrl Pts',(-14.6940757754654,0.,6.18543799330507));
#481=CARTESIAN_POINT('Ctrl Pts',(-14.5505347766642,0.,6.2686685267438));
#482=CARTESIAN_POINT('Ctrl Pts',(-14.5505347766642,14.5505347766642,6.2686685267438));
#483=CARTESIAN_POINT('Ctrl Pts',(0.,14.5505347766642,6.2686685267438));
#484=CARTESIAN_POINT('Ctrl Pts',(14.5505347766642,14.5505347766642,6.2686685267438));
#485=CARTESIAN_POINT('Ctrl Pts',(14.5505347766642,0.,6.2686685267438));
#486=CARTESIAN_POINT('Ctrl Pts',(14.5505347766642,-14.5505347766642,6.2686685267438));
#487=CARTESIAN_POINT('Ctrl Pts',(0.,-14.5505347766642,6.2686685267438));
#488=CARTESIAN_POINT('Ctrl Pts',(-14.5505347766642,-14.5505347766642,6.2686685267438));
#489=CARTESIAN_POINT('Ctrl Pts',(-14.5505347766642,0.,6.2686685267438));
#490=CARTESIAN_POINT('Ctrl Pts',(-14.4043021543476,0.,6.34689232321681));
#491=CARTESIAN_POINT('Ctrl Pts',(-14.4043021543476,14.4043021543476,6.34689232321681));
#492=CARTESIAN_POINT('Ctrl Pts',(0.,14.4043021543476,6.34689232321681));
#493=CARTESIAN_POINT('Ctrl Pts',(14.4043021543476,14.4043021543476,6.34689232321681));
#494=CARTESIAN_POINT('Ctrl Pts',(14.4043021543476,0.,6.34689232321681));
#495=CARTESIAN_POINT('Ctrl Pts',(14.4043021543476,-14.4043021543476,6.34689232321681));
#496=CARTESIAN_POINT('Ctrl Pts',(0.,-14.4043021543476,6.34689232321681));
#497=CARTESIAN_POINT('Ctrl Pts',(-14.4043021543476,-14.4043021543476,6.34689232321681));
#498=CARTESIAN_POINT('Ctrl Pts',(-14.4043021543476,0.,6.34689232321681));
#499=CARTESIAN_POINT('Ctrl Pts',(-14.2557813163832,0.,6.42038831335716));
#500=CARTESIAN_POINT('Ctrl Pts',(-14.2557813163832,14.2557813163832,6.42038831335716));
#501=CARTESIAN_POINT('Ctrl Pts',(0.,14.2557813163832,6.42038831335716));
#502=CARTESIAN_POINT('Ctrl Pts',(14.2557813163832,14.2557813163832,6.42038831335716));
#503=CARTESIAN_POINT('Ctrl Pts',(14.2557813163832,0.,6.42038831335716));
#504=CARTESIAN_POINT('Ctrl Pts',(14.2557813163832,-14.2557813163832,6.42038831335716));
#505=CARTESIAN_POINT('Ctrl Pts',(0.,-14.2557813163832,6.42038831335716));
#506=CARTESIAN_POINT('Ctrl Pts',(-14.2557813163832,-14.2557813163832,6.42038831335716));
#507=CARTESIAN_POINT('Ctrl Pts',(-14.2557813163832,0.,6.42038831335716));
#508=CARTESIAN_POINT('Ctrl Pts',(-14.1052700568177,0.,6.48937420385606));
#509=CARTESIAN_POINT('Ctrl Pts',(-14.1052700568177,14.1052700568177,6.48937420385606));
#510=CARTESIAN_POINT('Ctrl Pts',(0.,14.1052700568177,6.48937420385606));
#511=CARTESIAN_POINT('Ctrl Pts',(14.1052700568177,14.1052700568177,6.48937420385606));
#512=CARTESIAN_POINT('Ctrl Pts',(14.1052700568177,0.,6.48937420385606));
#513=CARTESIAN_POINT('Ctrl Pts',(14.1052700568177,-14.1052700568177,6.48937420385606));
#514=CARTESIAN_POINT('Ctrl Pts',(0.,-14.1052700568177,6.48937420385606));
#515=CARTESIAN_POINT('Ctrl Pts',(-14.1052700568177,-14.1052700568177,6.48937420385606));
#516=CARTESIAN_POINT('Ctrl Pts',(-14.1052700568177,0.,6.48937420385606));
#517=CARTESIAN_POINT('Ctrl Pts',(-13.9529944333448,0.,6.55405280888675));
#518=CARTESIAN_POINT('Ctrl Pts',(-13.9529944333448,13.9529944333448,6.55405280888675));
#519=CARTESIAN_POINT('Ctrl Pts',(0.,13.9529944333448,6.55405280888675));
#520=CARTESIAN_POINT('Ctrl Pts',(13.9529944333448,13.9529944333448,6.55405280888675));
#521=CARTESIAN_POINT('Ctrl Pts',(13.9529944333448,0.,6.55405280888675));
#522=CARTESIAN_POINT('Ctrl Pts',(13.9529944333448,-13.9529944333448,6.55405280888675));
#523=CARTESIAN_POINT('Ctrl Pts',(0.,-13.9529944333448,6.55405280888675));
#524=CARTESIAN_POINT('Ctrl Pts',(-13.9529944333448,-13.9529944333448,6.55405280888675));
#525=CARTESIAN_POINT('Ctrl Pts',(-13.9529944333448,0.,6.55405280888675));
#526=CARTESIAN_POINT('Ctrl Pts',(-13.7991427650218,0.,6.6146586744816));
#527=CARTESIAN_POINT('Ctrl Pts',(-13.7991427650218,13.7991427650218,6.6146586744816));
#528=CARTESIAN_POINT('Ctrl Pts',(0.,13.7991427650218,6.6146586744816));
#529=CARTESIAN_POINT('Ctrl Pts',(13.7991427650218,13.7991427650218,6.6146586744816));
#530=CARTESIAN_POINT('Ctrl Pts',(13.7991427650218,0.,6.6146586744816));
#531=CARTESIAN_POINT('Ctrl Pts',(13.7991427650218,-13.7991427650218,6.6146586744816));
#532=CARTESIAN_POINT('Ctrl Pts',(0.,-13.7991427650218,6.6146586744816));
#533=CARTESIAN_POINT('Ctrl Pts',(-13.7991427650218,-13.7991427650218,6.6146586744816));
#534=CARTESIAN_POINT('Ctrl Pts',(-13.7991427650218,0.,6.6146586744816));
#535=CARTESIAN_POINT('Ctrl Pts',(-13.6438982255424,0.,6.67150179639887));
#536=CARTESIAN_POINT('Ctrl Pts',(-13.6438982255424,13.6438982255424,6.67150179639887));
#537=CARTESIAN_POINT('Ctrl Pts',(0.,13.6438982255424,6.67150179639887));
#538=CARTESIAN_POINT('Ctrl Pts',(13.6438982255424,13.6438982255424,6.67150179639887));
#539=CARTESIAN_POINT('Ctrl Pts',(13.6438982255424,0.,6.67150179639887));
#540=CARTESIAN_POINT('Ctrl Pts',(13.6438982255424,-13.6438982255424,6.67150179639887));
#541=CARTESIAN_POINT('Ctrl Pts',(0.,-13.6438982255424,6.67150179639887));
#542=CARTESIAN_POINT('Ctrl Pts',(-13.6438982255424,-13.6438982255424,6.67150179639887));
#543=CARTESIAN_POINT('Ctrl Pts',(-13.6438982255424,0.,6.67150179639887));
#544=CARTESIAN_POINT('Ctrl Pts',(-13.4874370866779,0.,6.72493986329509));
#545=CARTESIAN_POINT('Ctrl Pts',(-13.4874370866779,13.4874370866779,6.72493986329509));
#546=CARTESIAN_POINT('Ctrl Pts',(0.,13.4874370866779,6.72493986329509));
#547=CARTESIAN_POINT('Ctrl Pts',(13.4874370866779,13.4874370866779,6.72493986329509));
#548=CARTESIAN_POINT('Ctrl Pts',(13.4874370866779,0.,6.72493986329509));
#549=CARTESIAN_POINT('Ctrl Pts',(13.4874370866779,-13.4874370866779,6.72493986329509));
#550=CARTESIAN_POINT('Ctrl Pts',(0.,-13.4874370866779,6.72493986329509));
#551=CARTESIAN_POINT('Ctrl Pts',(-13.4874370866779,-13.4874370866779,6.72493986329509));
#552=CARTESIAN_POINT('Ctrl Pts',(-13.4874370866779,0.,6.72493986329509));
#553=CARTESIAN_POINT('Ctrl Pts',(-13.3299284347849,0.,6.77535345907227));
#554=CARTESIAN_POINT('Ctrl Pts',(-13.3299284347849,13.3299284347849,6.77535345907227));
#555=CARTESIAN_POINT('Ctrl Pts',(0.,13.3299284347849,6.77535345907227));
#556=CARTESIAN_POINT('Ctrl Pts',(13.3299284347849,13.3299284347849,6.77535345907227));
#557=CARTESIAN_POINT('Ctrl Pts',(13.3299284347849,0.,6.77535345907227));
#558=CARTESIAN_POINT('Ctrl Pts',(13.3299284347849,-13.3299284347849,6.77535345907227));
#559=CARTESIAN_POINT('Ctrl Pts',(0.,-13.3299284347849,6.77535345907227));
#560=CARTESIAN_POINT('Ctrl Pts',(-13.3299284347849,-13.3299284347849,6.77535345907227));
#561=CARTESIAN_POINT('Ctrl Pts',(-13.3299284347849,0.,6.77535345907227));
#562=CARTESIAN_POINT('Ctrl Pts',(-13.1715332668454,0.,6.82312029321046));
#563=CARTESIAN_POINT('Ctrl Pts',(-13.1715332668454,13.1715332668454,6.82312029321046));
#564=CARTESIAN_POINT('Ctrl Pts',(0.,13.1715332668454,6.82312029321046));
#565=CARTESIAN_POINT('Ctrl Pts',(13.1715332668454,13.1715332668454,6.82312029321046));
#566=CARTESIAN_POINT('Ctrl Pts',(13.1715332668454,0.,6.82312029321046));
#567=CARTESIAN_POINT('Ctrl Pts',(13.1715332668454,-13.1715332668454,6.82312029321046));
#568=CARTESIAN_POINT('Ctrl Pts',(0.,-13.1715332668454,6.82312029321046));
#569=CARTESIAN_POINT('Ctrl Pts',(-13.1715332668454,-13.1715332668454,6.82312029321046));
#570=CARTESIAN_POINT('Ctrl Pts',(-13.1715332668454,0.,6.82312029321046));
#571=CARTESIAN_POINT('Ctrl Pts',(-13.0124039913493,0.,6.86858955222361));
#572=CARTESIAN_POINT('Ctrl Pts',(-13.0124039913493,13.0124039913493,6.86858955222361));
#573=CARTESIAN_POINT('Ctrl Pts',(0.,13.0124039913493,6.86858955222361));
#574=CARTESIAN_POINT('Ctrl Pts',(13.0124039913493,13.0124039913493,6.86858955222361));
#575=CARTESIAN_POINT('Ctrl Pts',(13.0124039913493,0.,6.86858955222361));
#576=CARTESIAN_POINT('Ctrl Pts',(13.0124039913493,-13.0124039913493,6.86858955222361));
#577=CARTESIAN_POINT('Ctrl Pts',(0.,-13.0124039913493,6.86858955222361));
#578=CARTESIAN_POINT('Ctrl Pts',(-13.0124039913493,-13.0124039913493,6.86858955222361));
#579=CARTESIAN_POINT('Ctrl Pts',(-13.0124039913493,0.,6.86858955222361));
#580=CARTESIAN_POINT('Ctrl Pts',(-12.8526833490405,0.,6.91205703421816));
#581=CARTESIAN_POINT('Ctrl Pts',(-12.8526833490405,12.8526833490405,6.91205703421816));
#582=CARTESIAN_POINT('Ctrl Pts',(0.,12.8526833490405,6.91205703421816));
#583=CARTESIAN_POINT('Ctrl Pts',(12.8526833490405,12.8526833490405,6.91205703421816));
#584=CARTESIAN_POINT('Ctrl Pts',(12.8526833490405,0.,6.91205703421816));
#585=CARTESIAN_POINT('Ctrl Pts',(12.8526833490405,-12.8526833490405,6.91205703421816));
#586=CARTESIAN_POINT('Ctrl Pts',(0.,-12.8526833490405,6.91205703421816));
#587=CARTESIAN_POINT('Ctrl Pts',(-12.8526833490405,-12.8526833490405,6.91205703421816));
#588=CARTESIAN_POINT('Ctrl Pts',(-12.8526833490405,0.,6.91205703421816));
#589=CARTESIAN_POINT('Ctrl Pts',(-12.6924948366278,0.,6.95375999659177));
#590=CARTESIAN_POINT('Ctrl Pts',(-12.6924948366278,12.6924948366278,6.95375999659177));
#591=CARTESIAN_POINT('Ctrl Pts',(0.,12.6924948366278,6.95375999659177));
#592=CARTESIAN_POINT('Ctrl Pts',(12.6924948366278,12.6924948366278,6.95375999659177));
#593=CARTESIAN_POINT('Ctrl Pts',(12.6924948366278,0.,6.95375999659177));
#594=CARTESIAN_POINT('Ctrl Pts',(12.6924948366278,-12.6924948366278,6.95375999659177));
#595=CARTESIAN_POINT('Ctrl Pts',(0.,-12.6924948366278,6.95375999659177));
#596=CARTESIAN_POINT('Ctrl Pts',(-12.6924948366278,-12.6924948366278,6.95375999659177));
#597=CARTESIAN_POINT('Ctrl Pts',(-12.6924948366278,0.,6.95375999659177));
#598=CARTESIAN_POINT('Ctrl Pts',(-12.5319333573352,0.,6.99387088552117));
#599=CARTESIAN_POINT('Ctrl Pts',(-12.5319333573352,12.5319333573352,6.99387088552117));
#600=CARTESIAN_POINT('Ctrl Pts',(0.,12.5319333573352,6.99387088552117));
#601=CARTESIAN_POINT('Ctrl Pts',(12.5319333573352,12.5319333573352,6.99387088552117));
#602=CARTESIAN_POINT('Ctrl Pts',(12.5319333573352,0.,6.99387088552117));
#603=CARTESIAN_POINT('Ctrl Pts',(12.5319333573352,-12.5319333573352,6.99387088552117));
#604=CARTESIAN_POINT('Ctrl Pts',(0.,-12.5319333573352,6.99387088552117));
#605=CARTESIAN_POINT('Ctrl Pts',(-12.5319333573352,-12.5319333573352,6.99387088552117));
#606=CARTESIAN_POINT('Ctrl Pts',(-12.5319333573352,0.,6.99387088552117));
#607=CARTESIAN_POINT('Ctrl Pts',(-12.3710560561851,0.,7.03249177488823));
#608=CARTESIAN_POINT('Ctrl Pts',(-12.3710560561851,12.3710560561851,7.03249177488823));
#609=CARTESIAN_POINT('Ctrl Pts',(0.,12.3710560561851,7.03249177488823));
#610=CARTESIAN_POINT('Ctrl Pts',(12.3710560561851,12.3710560561851,7.03249177488823));
#611=CARTESIAN_POINT('Ctrl Pts',(12.3710560561851,0.,7.03249177488823));
#612=CARTESIAN_POINT('Ctrl Pts',(12.3710560561851,-12.3710560561851,7.03249177488823));
#613=CARTESIAN_POINT('Ctrl Pts',(0.,-12.3710560561851,7.03249177488823));
#614=CARTESIAN_POINT('Ctrl Pts',(-12.3710560561851,-12.3710560561851,7.03249177488823));
#615=CARTESIAN_POINT('Ctrl Pts',(-12.3710560561851,0.,7.03249177488823));
#616=CARTESIAN_POINT('Ctrl Pts',(-12.2098724098959,0.,7.0696477449784));
#617=CARTESIAN_POINT('Ctrl Pts',(-12.2098724098959,12.2098724098959,7.0696477449784));
#618=CARTESIAN_POINT('Ctrl Pts',(0.,12.2098724098959,7.0696477449784));
#619=CARTESIAN_POINT('Ctrl Pts',(12.2098724098959,12.2098724098959,7.0696477449784));
#620=CARTESIAN_POINT('Ctrl Pts',(12.2098724098959,0.,7.0696477449784));
#621=CARTESIAN_POINT('Ctrl Pts',(12.2098724098959,-12.2098724098959,7.0696477449784));
#622=CARTESIAN_POINT('Ctrl Pts',(0.,-12.2098724098959,7.0696477449784));
#623=CARTESIAN_POINT('Ctrl Pts',(-12.2098724098959,-12.2098724098959,7.0696477449784));
#624=CARTESIAN_POINT('Ctrl Pts',(-12.2098724098959,0.,7.0696477449784));
#625=CARTESIAN_POINT('Ctrl Pts',(-12.048336444786,0.,7.10528272939093));
#626=CARTESIAN_POINT('Ctrl Pts',(-12.048336444786,12.048336444786,7.10528272939093));
#627=CARTESIAN_POINT('Ctrl Pts',(0.,12.048336444786,7.10528272939093));
#628=CARTESIAN_POINT('Ctrl Pts',(12.048336444786,12.048336444786,7.10528272939093));
#629=CARTESIAN_POINT('Ctrl Pts',(12.048336444786,0.,7.10528272939093));
#630=CARTESIAN_POINT('Ctrl Pts',(12.048336444786,-12.048336444786,7.10528272939093));
#631=CARTESIAN_POINT('Ctrl Pts',(0.,-12.048336444786,7.10528272939093));
#632=CARTESIAN_POINT('Ctrl Pts',(-12.048336444786,-12.048336444786,7.10528272939093));
#633=CARTESIAN_POINT('Ctrl Pts',(-12.048336444786,0.,7.10528272939093));
#634=CARTESIAN_POINT('Ctrl Pts',(-11.8863779770293,0.,7.13929925549234));
#635=CARTESIAN_POINT('Ctrl Pts',(-11.8863779770293,11.8863779770293,7.13929925549234));
#636=CARTESIAN_POINT('Ctrl Pts',(0.,11.8863779770293,7.13929925549234));
#637=CARTESIAN_POINT('Ctrl Pts',(11.8863779770293,11.8863779770293,7.13929925549234));
#638=CARTESIAN_POINT('Ctrl Pts',(11.8863779770293,0.,7.13929925549234));
#639=CARTESIAN_POINT('Ctrl Pts',(11.8863779770293,-11.8863779770293,7.13929925549234));
#640=CARTESIAN_POINT('Ctrl Pts',(0.,-11.8863779770293,7.13929925549234));
#641=CARTESIAN_POINT('Ctrl Pts',(-11.8863779770293,-11.8863779770293,7.13929925549234));
#642=CARTESIAN_POINT('Ctrl Pts',(-11.8863779770293,0.,7.13929925549234));
#643=CARTESIAN_POINT('Ctrl Pts',(-11.7239322700777,0.,7.17159634725016));
#644=CARTESIAN_POINT('Ctrl Pts',(-11.7239322700777,11.7239322700777,7.17159634725016));
#645=CARTESIAN_POINT('Ctrl Pts',(0.,11.7239322700777,7.17159634725016));
#646=CARTESIAN_POINT('Ctrl Pts',(11.7239322700777,11.7239322700777,7.17159634725016));
#647=CARTESIAN_POINT('Ctrl Pts',(11.7239322700777,0.,7.17159634725016));
#648=CARTESIAN_POINT('Ctrl Pts',(11.7239322700777,-11.7239322700777,7.17159634725016));
#649=CARTESIAN_POINT('Ctrl Pts',(0.,-11.7239322700777,7.17159634725016));
#650=CARTESIAN_POINT('Ctrl Pts',(-11.7239322700777,-11.7239322700777,7.17159634725016));
#651=CARTESIAN_POINT('Ctrl Pts',(-11.7239322700777,0.,7.17159634725016));
#652=CARTESIAN_POINT('Ctrl Pts',(-11.5609697466348,0.,7.20210764183077));
#653=CARTESIAN_POINT('Ctrl Pts',(-11.5609697466348,11.5609697466348,7.20210764183077));
#654=CARTESIAN_POINT('Ctrl Pts',(0.,11.5609697466348,7.20210764183077));
#655=CARTESIAN_POINT('Ctrl Pts',(11.5609697466348,11.5609697466348,7.20210764183077));
#656=CARTESIAN_POINT('Ctrl Pts',(11.5609697466348,0.,7.20210764183077));
#657=CARTESIAN_POINT('Ctrl Pts',(11.5609697466348,-11.5609697466348,7.20210764183077));
#658=CARTESIAN_POINT('Ctrl Pts',(0.,-11.5609697466348,7.20210764183077));
#659=CARTESIAN_POINT('Ctrl Pts',(-11.5609697466348,-11.5609697466348,7.20210764183077));
#660=CARTESIAN_POINT('Ctrl Pts',(-11.5609697466348,0.,7.20210764183077));
#661=CARTESIAN_POINT('Ctrl Pts',(-11.3975269440279,0.,7.23084052373158));
#662=CARTESIAN_POINT('Ctrl Pts',(-11.3975269440279,11.3975269440279,7.23084052373158));
#663=CARTESIAN_POINT('Ctrl Pts',(0.,11.3975269440279,7.23084052373158));
#664=CARTESIAN_POINT('Ctrl Pts',(11.3975269440279,11.3975269440279,7.23084052373158));
#665=CARTESIAN_POINT('Ctrl Pts',(11.3975269440279,0.,7.23084052373158));
#666=CARTESIAN_POINT('Ctrl Pts',(11.3975269440279,-11.3975269440279,7.23084052373158));
#667=CARTESIAN_POINT('Ctrl Pts',(0.,-11.3975269440279,7.23084052373158));
#668=CARTESIAN_POINT('Ctrl Pts',(-11.3975269440279,-11.3975269440279,7.23084052373158));
#669=CARTESIAN_POINT('Ctrl Pts',(-11.3975269440279,0.,7.23084052373158));
#670=CARTESIAN_POINT('Ctrl Pts',(-11.2337334317647,0.,7.25791175830213));
#671=CARTESIAN_POINT('Ctrl Pts',(-11.2337334317647,11.2337334317647,7.25791175830213));
#672=CARTESIAN_POINT('Ctrl Pts',(0.,11.2337334317647,7.25791175830213));
#673=CARTESIAN_POINT('Ctrl Pts',(11.2337334317647,11.2337334317647,7.25791175830213));
#674=CARTESIAN_POINT('Ctrl Pts',(11.2337334317647,0.,7.25791175830213));
#675=CARTESIAN_POINT('Ctrl Pts',(11.2337334317647,-11.2337334317647,7.25791175830213));
#676=CARTESIAN_POINT('Ctrl Pts',(0.,-11.2337334317647,7.25791175830213));
#677=CARTESIAN_POINT('Ctrl Pts',(-11.2337334317647,-11.2337334317647,7.25791175830213));
#678=CARTESIAN_POINT('Ctrl Pts',(-11.2337334317647,0.,7.25791175830213));
#679=CARTESIAN_POINT('Ctrl Pts',(-11.069762715067,0.,7.28351556499806));
#680=CARTESIAN_POINT('Ctrl Pts',(-11.069762715067,11.069762715067,7.28351556499806));
#681=CARTESIAN_POINT('Ctrl Pts',(0.,11.069762715067,7.28351556499806));
#682=CARTESIAN_POINT('Ctrl Pts',(11.069762715067,11.069762715067,7.28351556499806));
#683=CARTESIAN_POINT('Ctrl Pts',(11.069762715067,0.,7.28351556499806));
#684=CARTESIAN_POINT('Ctrl Pts',(11.069762715067,-11.069762715067,7.28351556499806));
#685=CARTESIAN_POINT('Ctrl Pts',(0.,-11.069762715067,7.28351556499806));
#686=CARTESIAN_POINT('Ctrl Pts',(-11.069762715067,-11.069762715067,7.28351556499806));
#687=CARTESIAN_POINT('Ctrl Pts',(-11.069762715067,0.,7.28351556499806));
#688=CARTESIAN_POINT('Ctrl Pts',(-10.9057864248803,0.,7.30789488128029));
#689=CARTESIAN_POINT('Ctrl Pts',(-10.9057864248803,10.9057864248803,7.30789488128029));
#690=CARTESIAN_POINT('Ctrl Pts',(0.,10.9057864248803,7.30789488128029));
#691=CARTESIAN_POINT('Ctrl Pts',(10.9057864248803,10.9057864248803,7.30789488128029));
#692=CARTESIAN_POINT('Ctrl Pts',(10.9057864248803,0.,7.30789488128029));
#693=CARTESIAN_POINT('Ctrl Pts',(10.9057864248803,-10.9057864248803,7.30789488128029));
#694=CARTESIAN_POINT('Ctrl Pts',(0.,-10.9057864248803,7.30789488128029));
#695=CARTESIAN_POINT('Ctrl Pts',(-10.9057864248803,-10.9057864248803,7.30789488128029));
#696=CARTESIAN_POINT('Ctrl Pts',(-10.9057864248803,0.,7.30789488128029));
#697=CARTESIAN_POINT('Ctrl Pts',(-10.7419279528395,0.,7.33131155557059));
#698=CARTESIAN_POINT('Ctrl Pts',(-10.7419279528395,10.7419279528395,7.33131155557059));
#699=CARTESIAN_POINT('Ctrl Pts',(0.,10.7419279528395,7.33131155557059));
#700=CARTESIAN_POINT('Ctrl Pts',(10.7419279528395,10.7419279528395,7.33131155557059));
#701=CARTESIAN_POINT('Ctrl Pts',(10.7419279528395,0.,7.33131155557059));
#702=CARTESIAN_POINT('Ctrl Pts',(10.7419279528395,-10.7419279528395,7.33131155557059));
#703=CARTESIAN_POINT('Ctrl Pts',(0.,-10.7419279528395,7.33131155557059));
#704=CARTESIAN_POINT('Ctrl Pts',(-10.7419279528395,-10.7419279528395,7.33131155557059));
#705=CARTESIAN_POINT('Ctrl Pts',(-10.7419279528395,0.,7.33131155557059));
#706=CARTESIAN_POINT('Ctrl Pts',(-10.5782147321843,0.,7.35401676551685));
#707=CARTESIAN_POINT('Ctrl Pts',(-10.5782147321843,10.5782147321843,7.35401676551685));
#708=CARTESIAN_POINT('Ctrl Pts',(0.,10.5782147321843,7.35401676551685));
#709=CARTESIAN_POINT('Ctrl Pts',(10.5782147321843,10.5782147321843,7.35401676551685));
#710=CARTESIAN_POINT('Ctrl Pts',(10.5782147321843,0.,7.35401676551685));
#711=CARTESIAN_POINT('Ctrl Pts',(10.5782147321843,-10.5782147321843,7.35401676551685));
#712=CARTESIAN_POINT('Ctrl Pts',(0.,-10.5782147321843,7.35401676551685));
#713=CARTESIAN_POINT('Ctrl Pts',(-10.5782147321843,-10.5782147321843,7.35401676551685));
#714=CARTESIAN_POINT('Ctrl Pts',(-10.5782147321843,0.,7.35401676551685));
#715=CARTESIAN_POINT('Ctrl Pts',(-10.4145354798447,0.,7.37622203286204));
#716=CARTESIAN_POINT('Ctrl Pts',(-10.4145354798447,10.4145354798447,7.37622203286204));
#717=CARTESIAN_POINT('Ctrl Pts',(0.,10.4145354798447,7.37622203286204));
#718=CARTESIAN_POINT('Ctrl Pts',(10.4145354798447,10.4145354798447,7.37622203286204));
#719=CARTESIAN_POINT('Ctrl Pts',(10.4145354798447,0.,7.37622203286204));
#720=CARTESIAN_POINT('Ctrl Pts',(10.4145354798447,-10.4145354798447,7.37622203286204));
#721=CARTESIAN_POINT('Ctrl Pts',(0.,-10.4145354798447,7.37622203286204));
#722=CARTESIAN_POINT('Ctrl Pts',(-10.4145354798447,-10.4145354798447,7.37622203286204));
#723=CARTESIAN_POINT('Ctrl Pts',(-10.4145354798447,0.,7.37622203286204));
#724=CARTESIAN_POINT('Ctrl Pts',(-10.2507071446163,0.,7.39808863797003));
#725=CARTESIAN_POINT('Ctrl Pts',(-10.2507071446163,10.2507071446163,7.39808863797003));
#726=CARTESIAN_POINT('Ctrl Pts',(0.,10.2507071446163,7.39808863797003));
#727=CARTESIAN_POINT('Ctrl Pts',(10.2507071446163,10.2507071446163,7.39808863797003));
#728=CARTESIAN_POINT('Ctrl Pts',(10.2507071446163,0.,7.39808863797003));
#729=CARTESIAN_POINT('Ctrl Pts',(10.2507071446163,-10.2507071446163,7.39808863797003));
#730=CARTESIAN_POINT('Ctrl Pts',(0.,-10.2507071446163,7.39808863797003));
#731=CARTESIAN_POINT('Ctrl Pts',(-10.2507071446163,-10.2507071446163,7.39808863797003));
#732=CARTESIAN_POINT('Ctrl Pts',(-10.2507071446163,0.,7.39808863797003));
#733=CARTESIAN_POINT('Ctrl Pts',(-10.0865376592648,0.,7.41971602605055));
#734=CARTESIAN_POINT('Ctrl Pts',(-10.0865376592648,10.0865376592648,7.41971602605055));
#735=CARTESIAN_POINT('Ctrl Pts',(0.,10.0865376592648,7.41971602605055));
#736=CARTESIAN_POINT('Ctrl Pts',(10.0865376592648,10.0865376592648,7.41971602605055));
#737=CARTESIAN_POINT('Ctrl Pts',(10.0865376592648,0.,7.41971602605055));
#738=CARTESIAN_POINT('Ctrl Pts',(10.0865376592648,-10.0865376592648,7.41971602605055));
#739=CARTESIAN_POINT('Ctrl Pts',(0.,-10.0865376592648,7.41971602605055));
#740=CARTESIAN_POINT('Ctrl Pts',(-10.0865376592648,-10.0865376592648,7.41971602605055));
#741=CARTESIAN_POINT('Ctrl Pts',(-10.0865376592648,0.,7.41971602605055));
#742=CARTESIAN_POINT('Ctrl Pts',(-9.92188937961372,0.,7.44113093952318));
#743=CARTESIAN_POINT('Ctrl Pts',(-9.92188937961372,9.92188937961372,7.44113093952318));
#744=CARTESIAN_POINT('Ctrl Pts',(0.,9.92188937961372,7.44113093952318));
#745=CARTESIAN_POINT('Ctrl Pts',(9.92188937961372,9.92188937961372,7.44113093952318));
#746=CARTESIAN_POINT('Ctrl Pts',(9.92188937961372,0.,7.44113093952318));
#747=CARTESIAN_POINT('Ctrl Pts',(9.92188937961372,-9.92188937961372,7.44113093952318));
#748=CARTESIAN_POINT('Ctrl Pts',(0.,-9.92188937961372,7.44113093952318));
#749=CARTESIAN_POINT('Ctrl Pts',(-9.92188937961372,-9.92188937961372,7.44113093952318));
#750=CARTESIAN_POINT('Ctrl Pts',(-9.92188937961372,0.,7.44113093952318));
#751=CARTESIAN_POINT('Ctrl Pts',(-9.756744290057,0.,7.46227534846542));
#752=CARTESIAN_POINT('Ctrl Pts',(-9.756744290057,9.756744290057,7.46227534846542));
#753=CARTESIAN_POINT('Ctrl Pts',(0.,9.756744290057,7.46227534846542));
#754=CARTESIAN_POINT('Ctrl Pts',(9.756744290057,9.756744290057,7.46227534846542));
#755=CARTESIAN_POINT('Ctrl Pts',(9.756744290057,0.,7.46227534846542));
#756=CARTESIAN_POINT('Ctrl Pts',(9.756744290057,-9.756744290057,7.46227534846542));
#757=CARTESIAN_POINT('Ctrl Pts',(0.,-9.756744290057,7.46227534846542));
#758=CARTESIAN_POINT('Ctrl Pts',(-9.756744290057,-9.756744290057,7.46227534846542));
#759=CARTESIAN_POINT('Ctrl Pts',(-9.756744290057,0.,7.46227534846542));
#760=CARTESIAN_POINT('Ctrl Pts',(-9.59126275497209,0.,7.48299727798348));
#761=CARTESIAN_POINT('Ctrl Pts',(-9.59126275497209,9.59126275497209,7.48299727798348));
#762=CARTESIAN_POINT('Ctrl Pts',(0.,9.59126275497209,7.48299727798348));
#763=CARTESIAN_POINT('Ctrl Pts',(9.59126275497209,9.59126275497209,7.48299727798348));
#764=CARTESIAN_POINT('Ctrl Pts',(9.59126275497209,0.,7.48299727798348));
#765=CARTESIAN_POINT('Ctrl Pts',(9.59126275497209,-9.59126275497209,7.48299727798348));
#766=CARTESIAN_POINT('Ctrl Pts',(0.,-9.59126275497209,7.48299727798348));
#767=CARTESIAN_POINT('Ctrl Pts',(-9.59126275497209,-9.59126275497209,7.48299727798348));
#768=CARTESIAN_POINT('Ctrl Pts',(-9.59126275497209,0.,7.48299727798348));
#769=CARTESIAN_POINT('Ctrl Pts',(-9.42570105868148,0.,7.50310074705913));
#770=CARTESIAN_POINT('Ctrl Pts',(-9.42570105868147,9.42570105868147,7.50310074705913));
#771=CARTESIAN_POINT('Ctrl Pts',(0.,9.42570105868148,7.50310074705913));
#772=CARTESIAN_POINT('Ctrl Pts',(9.42570105868147,9.42570105868147,7.50310074705913));
#773=CARTESIAN_POINT('Ctrl Pts',(9.42570105868148,0.,7.50310074705913));
#774=CARTESIAN_POINT('Ctrl Pts',(9.42570105868147,-9.42570105868147,7.50310074705913));
#775=CARTESIAN_POINT('Ctrl Pts',(0.,-9.42570105868148,7.50310074705913));
#776=CARTESIAN_POINT('Ctrl Pts',(-9.42570105868147,-9.42570105868147,7.50310074705913));
#777=CARTESIAN_POINT('Ctrl Pts',(-9.42570105868148,0.,7.50310074705913));
#778=CARTESIAN_POINT('Ctrl Pts',(-9.26033473603817,0.,7.52239338091672));
#779=CARTESIAN_POINT('Ctrl Pts',(-9.26033473603816,9.26033473603816,7.52239338091672));
#780=CARTESIAN_POINT('Ctrl Pts',(0.,9.26033473603817,7.52239338091672));
#781=CARTESIAN_POINT('Ctrl Pts',(9.26033473603816,9.26033473603816,7.52239338091672));
#782=CARTESIAN_POINT('Ctrl Pts',(9.26033473603817,0.,7.52239338091672));
#783=CARTESIAN_POINT('Ctrl Pts',(9.26033473603816,-9.26033473603816,7.52239338091672));
#784=CARTESIAN_POINT('Ctrl Pts',(0.,-9.26033473603817,7.52239338091672));
#785=CARTESIAN_POINT('Ctrl Pts',(-9.26033473603816,-9.26033473603816,7.52239338091672));
#786=CARTESIAN_POINT('Ctrl Pts',(-9.26033473603817,0.,7.52239338091672));
#787=CARTESIAN_POINT('Ctrl Pts',(-9.0953802977023,0.,7.54073452724429));
#788=CARTESIAN_POINT('Ctrl Pts',(-9.0953802977023,9.0953802977023,7.54073452724429));
#789=CARTESIAN_POINT('Ctrl Pts',(0.,9.0953802977023,7.54073452724429));
#790=CARTESIAN_POINT('Ctrl Pts',(9.0953802977023,9.0953802977023,7.54073452724429));
#791=CARTESIAN_POINT('Ctrl Pts',(9.0953802977023,0.,7.54073452724429));
#792=CARTESIAN_POINT('Ctrl Pts',(9.0953802977023,-9.0953802977023,7.54073452724429));
#793=CARTESIAN_POINT('Ctrl Pts',(0.,-9.0953802977023,7.54073452724429));
#794=CARTESIAN_POINT('Ctrl Pts',(-9.0953802977023,-9.0953802977023,7.54073452724429));
#795=CARTESIAN_POINT('Ctrl Pts',(-9.0953802977023,0.,7.54073452724429));
#796=CARTESIAN_POINT('Ctrl Pts',(-8.93091633079889,0.,7.55808402542199));
#797=CARTESIAN_POINT('Ctrl Pts',(-8.93091633079889,8.93091633079889,7.55808402542199));
#798=CARTESIAN_POINT('Ctrl Pts',(0.,8.93091633079889,7.55808402542199));
#799=CARTESIAN_POINT('Ctrl Pts',(8.93091633079889,8.93091633079889,7.55808402542199));
#800=CARTESIAN_POINT('Ctrl Pts',(8.93091633079889,0.,7.55808402542199));
#801=CARTESIAN_POINT('Ctrl Pts',(8.93091633079889,-8.93091633079889,7.55808402542199));
#802=CARTESIAN_POINT('Ctrl Pts',(0.,-8.93091633079889,7.55808402542199));
#803=CARTESIAN_POINT('Ctrl Pts',(-8.93091633079889,-8.93091633079889,7.55808402542199));
#804=CARTESIAN_POINT('Ctrl Pts',(-8.93091633079889,0.,7.55808402542199));
#805=CARTESIAN_POINT('Ctrl Pts',(-8.76680840007058,0.,7.57454837760878));
#806=CARTESIAN_POINT('Ctrl Pts',(-8.76680840007058,8.76680840007058,7.57454837760878));
#807=CARTESIAN_POINT('Ctrl Pts',(0.,8.76680840007058,7.57454837760878));
#808=CARTESIAN_POINT('Ctrl Pts',(8.76680840007058,8.76680840007058,7.57454837760878));
#809=CARTESIAN_POINT('Ctrl Pts',(8.76680840007058,0.,7.57454837760878));
#810=CARTESIAN_POINT('Ctrl Pts',(8.76680840007058,-8.76680840007058,7.57454837760878));
#811=CARTESIAN_POINT('Ctrl Pts',(0.,-8.76680840007058,7.57454837760878));
#812=CARTESIAN_POINT('Ctrl Pts',(-8.76680840007058,-8.76680840007058,7.57454837760878));
#813=CARTESIAN_POINT('Ctrl Pts',(-8.76680840007058,0.,7.57454837760878));
#814=CARTESIAN_POINT('Ctrl Pts',(-8.60279855042886,0.,7.59031901503787));
#815=CARTESIAN_POINT('Ctrl Pts',(-8.60279855042886,8.60279855042886,7.59031901503787));
#816=CARTESIAN_POINT('Ctrl Pts',(0.,8.60279855042886,7.59031901503787));
#817=CARTESIAN_POINT('Ctrl Pts',(8.60279855042886,8.60279855042886,7.59031901503787));
#818=CARTESIAN_POINT('Ctrl Pts',(8.60279855042886,0.,7.59031901503787));
#819=CARTESIAN_POINT('Ctrl Pts',(8.60279855042886,-8.60279855042886,7.59031901503787));
#820=CARTESIAN_POINT('Ctrl Pts',(0.,-8.60279855042886,7.59031901503787));
#821=CARTESIAN_POINT('Ctrl Pts',(-8.60279855042886,-8.60279855042886,7.59031901503787));
#822=CARTESIAN_POINT('Ctrl Pts',(-8.60279855042886,0.,7.59031901503787));
#823=CARTESIAN_POINT('Ctrl Pts',(-8.43859117261883,0.,7.605612889887));
#824=CARTESIAN_POINT('Ctrl Pts',(-8.43859117261883,8.43859117261883,7.605612889887));
#825=CARTESIAN_POINT('Ctrl Pts',(0.,8.43859117261883,7.605612889887));
#826=CARTESIAN_POINT('Ctrl Pts',(8.43859117261883,8.43859117261883,7.605612889887));
#827=CARTESIAN_POINT('Ctrl Pts',(8.43859117261883,0.,7.605612889887));
#828=CARTESIAN_POINT('Ctrl Pts',(8.43859117261883,-8.43859117261883,7.605612889887));
#829=CARTESIAN_POINT('Ctrl Pts',(0.,-8.43859117261883,7.605612889887));
#830=CARTESIAN_POINT('Ctrl Pts',(-8.43859117261883,-8.43859117261883,7.605612889887));
#831=CARTESIAN_POINT('Ctrl Pts',(-8.43859117261883,0.,7.605612889887));
#832=CARTESIAN_POINT('Ctrl Pts',(-8.27393941905262,0.,7.62061281505128));
#833=CARTESIAN_POINT('Ctrl Pts',(-8.27393941905262,8.27393941905262,7.62061281505128));
#834=CARTESIAN_POINT('Ctrl Pts',(0.,8.27393941905262,7.62061281505128));
#835=CARTESIAN_POINT('Ctrl Pts',(8.27393941905262,8.27393941905262,7.62061281505128));
#836=CARTESIAN_POINT('Ctrl Pts',(8.27393941905262,0.,7.62061281505128));
#837=CARTESIAN_POINT('Ctrl Pts',(8.27393941905262,-8.27393941905262,7.62061281505128));
#838=CARTESIAN_POINT('Ctrl Pts',(0.,-8.27393941905262,7.62061281505128));
#839=CARTESIAN_POINT('Ctrl Pts',(-8.27393941905262,-8.27393941905262,7.62061281505128));
#840=CARTESIAN_POINT('Ctrl Pts',(-8.27393941905262,0.,7.62061281505128));
#841=CARTESIAN_POINT('Ctrl Pts',(-8.10873321138356,0.,7.63540651958391));
#842=CARTESIAN_POINT('Ctrl Pts',(-8.10873321138356,8.10873321138356,7.63540651958391));
#843=CARTESIAN_POINT('Ctrl Pts',(0.,8.10873321138356,7.63540651958391));
#844=CARTESIAN_POINT('Ctrl Pts',(8.10873321138356,8.10873321138356,7.63540651958391));
#845=CARTESIAN_POINT('Ctrl Pts',(8.10873321138356,0.,7.63540651958391));
#846=CARTESIAN_POINT('Ctrl Pts',(8.10873321138356,-8.10873321138356,7.63540651958391));
#847=CARTESIAN_POINT('Ctrl Pts',(0.,-8.10873321138356,7.63540651958391));
#848=CARTESIAN_POINT('Ctrl Pts',(-8.10873321138356,-8.10873321138356,7.63540651958391));
#849=CARTESIAN_POINT('Ctrl Pts',(-8.10873321138356,0.,7.63540651958391));
#850=CARTESIAN_POINT('Ctrl Pts',(-7.94308153670332,0.,7.64993009274201));
#851=CARTESIAN_POINT('Ctrl Pts',(-7.94308153670332,7.94308153670332,7.64993009274201));
#852=CARTESIAN_POINT('Ctrl Pts',(0.,7.94308153670332,7.64993009274201));
#853=CARTESIAN_POINT('Ctrl Pts',(7.94308153670332,7.94308153670332,7.64993009274201));
#854=CARTESIAN_POINT('Ctrl Pts',(7.94308153670332,0.,7.64993009274201));
#855=CARTESIAN_POINT('Ctrl Pts',(7.94308153670332,-7.94308153670332,7.64993009274201));
#856=CARTESIAN_POINT('Ctrl Pts',(0.,-7.94308153670332,7.64993009274201));
#857=CARTESIAN_POINT('Ctrl Pts',(-7.94308153670332,-7.94308153670332,7.64993009274201));
#858=CARTESIAN_POINT('Ctrl Pts',(-7.94308153670332,0.,7.64993009274201));
#859=CARTESIAN_POINT('Ctrl Pts',(-7.77722578698832,0.,7.66403975997862));
#860=CARTESIAN_POINT('Ctrl Pts',(-7.77722578698831,7.77722578698831,7.66403975997862));
#861=CARTESIAN_POINT('Ctrl Pts',(0.,7.77722578698832,7.66403975997862));
#862=CARTESIAN_POINT('Ctrl Pts',(7.77722578698831,7.77722578698831,7.66403975997862));
#863=CARTESIAN_POINT('Ctrl Pts',(7.77722578698832,0.,7.66403975997862));
#864=CARTESIAN_POINT('Ctrl Pts',(7.77722578698831,-7.77722578698831,7.66403975997862));
#865=CARTESIAN_POINT('Ctrl Pts',(0.,-7.77722578698832,7.66403975997862));
#866=CARTESIAN_POINT('Ctrl Pts',(-7.77722578698831,-7.77722578698831,7.66403975997862));
#867=CARTESIAN_POINT('Ctrl Pts',(-7.77722578698832,0.,7.66403975997862));
#868=CARTESIAN_POINT('Ctrl Pts',(-7.61145844766758,0.,7.6775796925468));
#869=CARTESIAN_POINT('Ctrl Pts',(-7.61145844766757,7.61145844766757,7.6775796925468));
#870=CARTESIAN_POINT('Ctrl Pts',(0.,7.61145844766758,7.6775796925468));
#871=CARTESIAN_POINT('Ctrl Pts',(7.61145844766757,7.61145844766757,7.6775796925468));
#872=CARTESIAN_POINT('Ctrl Pts',(7.61145844766758,0.,7.6775796925468));
#873=CARTESIAN_POINT('Ctrl Pts',(7.61145844766757,-7.61145844766757,7.6775796925468));
#874=CARTESIAN_POINT('Ctrl Pts',(0.,-7.61145844766758,7.6775796925468));
#875=CARTESIAN_POINT('Ctrl Pts',(-7.61145844766757,-7.61145844766757,7.6775796925468));
#876=CARTESIAN_POINT('Ctrl Pts',(-7.61145844766758,0.,7.6775796925468));
#877=CARTESIAN_POINT('Ctrl Pts',(-7.44604023075463,0.,7.69045080819651));
#878=CARTESIAN_POINT('Ctrl Pts',(-7.44604023075463,7.44604023075463,7.69045080819651));
#879=CARTESIAN_POINT('Ctrl Pts',(0.,7.44604023075463,7.69045080819651));
#880=CARTESIAN_POINT('Ctrl Pts',(7.44604023075463,7.44604023075463,7.69045080819651));
#881=CARTESIAN_POINT('Ctrl Pts',(7.44604023075463,0.,7.69045080819651));
#882=CARTESIAN_POINT('Ctrl Pts',(7.44604023075463,-7.44604023075463,7.69045080819651));
#883=CARTESIAN_POINT('Ctrl Pts',(0.,-7.44604023075463,7.69045080819651));
#884=CARTESIAN_POINT('Ctrl Pts',(-7.44604023075463,-7.44604023075463,7.69045080819651));
#885=CARTESIAN_POINT('Ctrl Pts',(-7.44604023075463,0.,7.69045080819651));
#886=CARTESIAN_POINT('Ctrl Pts',(-7.28111689816839,0.,7.70268028643389));
#887=CARTESIAN_POINT('Ctrl Pts',(-7.28111689816839,7.28111689816839,7.70268028643389));
#888=CARTESIAN_POINT('Ctrl Pts',(0.,7.28111689816839,7.70268028643389));
#889=CARTESIAN_POINT('Ctrl Pts',(7.28111689816839,7.28111689816839,7.70268028643389));
#890=CARTESIAN_POINT('Ctrl Pts',(7.28111689816839,0.,7.70268028643389));
#891=CARTESIAN_POINT('Ctrl Pts',(7.28111689816839,-7.28111689816839,7.70268028643389));
#892=CARTESIAN_POINT('Ctrl Pts',(0.,-7.28111689816839,7.70268028643389));
#893=CARTESIAN_POINT('Ctrl Pts',(-7.28111689816839,-7.28111689816839,7.70268028643389));
#894=CARTESIAN_POINT('Ctrl Pts',(-7.28111689816839,0.,7.70268028643389));
#895=CARTESIAN_POINT('Ctrl Pts',(-7.11663886284605,0.,7.7144877295692));
#896=CARTESIAN_POINT('Ctrl Pts',(-7.11663886284605,7.11663886284605,7.7144877295692));
#897=CARTESIAN_POINT('Ctrl Pts',(0.,7.11663886284605,7.7144877295692));
#898=CARTESIAN_POINT('Ctrl Pts',(7.11663886284605,7.11663886284605,7.7144877295692));
#899=CARTESIAN_POINT('Ctrl Pts',(7.11663886284605,0.,7.7144877295692));
#900=CARTESIAN_POINT('Ctrl Pts',(7.11663886284605,-7.11663886284605,7.7144877295692));
#901=CARTESIAN_POINT('Ctrl Pts',(0.,-7.11663886284605,7.7144877295692));
#902=CARTESIAN_POINT('Ctrl Pts',(-7.11663886284605,-7.11663886284605,7.7144877295692));
#903=CARTESIAN_POINT('Ctrl Pts',(-7.11663886284605,0.,7.7144877295692));
#904=CARTESIAN_POINT('Ctrl Pts',(-6.95242734197716,0.,7.72618512142083));
#905=CARTESIAN_POINT('Ctrl Pts',(-6.95242734197716,6.95242734197716,7.72618512142083));
#906=CARTESIAN_POINT('Ctrl Pts',(0.,6.95242734197716,7.72618512142083));
#907=CARTESIAN_POINT('Ctrl Pts',(6.95242734197716,6.95242734197716,7.72618512142083));
#908=CARTESIAN_POINT('Ctrl Pts',(6.95242734197716,0.,7.72618512142083));
#909=CARTESIAN_POINT('Ctrl Pts',(6.95242734197716,-6.95242734197716,7.72618512142083));
#910=CARTESIAN_POINT('Ctrl Pts',(0.,-6.95242734197716,7.72618512142083));
#911=CARTESIAN_POINT('Ctrl Pts',(-6.95242734197716,-6.95242734197716,7.72618512142083));
#912=CARTESIAN_POINT('Ctrl Pts',(-6.95242734197716,0.,7.72618512142083));
#913=CARTESIAN_POINT('Ctrl Pts',(-6.78823762963525,0.,7.73807970474759));
#914=CARTESIAN_POINT('Ctrl Pts',(-6.78823762963524,6.78823762963524,7.73807970474759));
#915=CARTESIAN_POINT('Ctrl Pts',(0.,6.78823762963525,7.73807970474759));
#916=CARTESIAN_POINT('Ctrl Pts',(6.78823762963524,6.78823762963524,7.73807970474759));
#917=CARTESIAN_POINT('Ctrl Pts',(6.78823762963525,0.,7.73807970474759));
#918=CARTESIAN_POINT('Ctrl Pts',(6.78823762963524,-6.78823762963524,7.73807970474759));
#919=CARTESIAN_POINT('Ctrl Pts',(0.,-6.78823762963525,7.73807970474759));
#920=CARTESIAN_POINT('Ctrl Pts',(-6.78823762963524,-6.78823762963524,7.73807970474759));
#921=CARTESIAN_POINT('Ctrl Pts',(-6.78823762963525,0.,7.73807970474759));
#922=CARTESIAN_POINT('Ctrl Pts',(-6.62382298853065,0.,7.7503768540127));
#923=CARTESIAN_POINT('Ctrl Pts',(-6.62382298853065,6.62382298853065,7.7503768540127));
#924=CARTESIAN_POINT('Ctrl Pts',(0.,6.62382298853065,7.7503768540127));
#925=CARTESIAN_POINT('Ctrl Pts',(6.62382298853065,6.62382298853065,7.7503768540127));
#926=CARTESIAN_POINT('Ctrl Pts',(6.62382298853065,0.,7.7503768540127));
#927=CARTESIAN_POINT('Ctrl Pts',(6.62382298853065,-6.62382298853065,7.7503768540127));
#928=CARTESIAN_POINT('Ctrl Pts',(0.,-6.62382298853065,7.7503768540127));
#929=CARTESIAN_POINT('Ctrl Pts',(-6.62382298853065,-6.62382298853065,7.7503768540127));
#930=CARTESIAN_POINT('Ctrl Pts',(-6.62382298853065,0.,7.7503768540127));
#931=CARTESIAN_POINT('Ctrl Pts',(-6.45899924234854,0.,7.76308042504334));
#932=CARTESIAN_POINT('Ctrl Pts',(-6.45899924234854,6.45899924234854,7.76308042504334));
#933=CARTESIAN_POINT('Ctrl Pts',(0.,6.45899924234854,7.76308042504334));
#934=CARTESIAN_POINT('Ctrl Pts',(6.45899924234854,6.45899924234854,7.76308042504334));
#935=CARTESIAN_POINT('Ctrl Pts',(6.45899924234854,0.,7.76308042504334));
#936=CARTESIAN_POINT('Ctrl Pts',(6.45899924234854,-6.45899924234854,7.76308042504334));
#937=CARTESIAN_POINT('Ctrl Pts',(0.,-6.45899924234854,7.76308042504334));
#938=CARTESIAN_POINT('Ctrl Pts',(-6.45899924234854,-6.45899924234854,7.76308042504334));
#939=CARTESIAN_POINT('Ctrl Pts',(-6.45899924234854,0.,7.76308042504334));
#940=CARTESIAN_POINT('Ctrl Pts',(-6.29370635749086,0.,7.775901076567));
#941=CARTESIAN_POINT('Ctrl Pts',(-6.29370635749086,6.29370635749086,7.775901076567));
#942=CARTESIAN_POINT('Ctrl Pts',(0.,6.29370635749086,7.775901076567));
#943=CARTESIAN_POINT('Ctrl Pts',(6.29370635749086,6.29370635749086,7.775901076567));
#944=CARTESIAN_POINT('Ctrl Pts',(6.29370635749086,0.,7.775901076567));
#945=CARTESIAN_POINT('Ctrl Pts',(6.29370635749086,-6.29370635749086,7.775901076567));
#946=CARTESIAN_POINT('Ctrl Pts',(0.,-6.29370635749086,7.775901076567));
#947=CARTESIAN_POINT('Ctrl Pts',(-6.29370635749086,-6.29370635749086,7.775901076567));
#948=CARTESIAN_POINT('Ctrl Pts',(-6.29370635749086,0.,7.775901076567));
#949=CARTESIAN_POINT('Ctrl Pts',(-6.12798005173673,0.,7.78839196999015));
#950=CARTESIAN_POINT('Ctrl Pts',(-6.12798005173673,6.12798005173673,7.78839196999015));
#951=CARTESIAN_POINT('Ctrl Pts',(0.,6.12798005173673,7.78839196999015));
#952=CARTESIAN_POINT('Ctrl Pts',(6.12798005173673,6.12798005173673,7.78839196999015));
#953=CARTESIAN_POINT('Ctrl Pts',(6.12798005173673,0.,7.78839196999015));
#954=CARTESIAN_POINT('Ctrl Pts',(6.12798005173673,-6.12798005173673,7.78839196999015));
#955=CARTESIAN_POINT('Ctrl Pts',(0.,-6.12798005173673,7.78839196999015));
#956=CARTESIAN_POINT('Ctrl Pts',(-6.12798005173673,-6.12798005173673,7.78839196999015));
#957=CARTESIAN_POINT('Ctrl Pts',(-6.12798005173673,0.,7.78839196999015));
#958=CARTESIAN_POINT('Ctrl Pts',(-5.96192641151748,0.,7.80007734598263));
#959=CARTESIAN_POINT('Ctrl Pts',(-5.96192641151748,5.96192641151748,7.80007734598263));
#960=CARTESIAN_POINT('Ctrl Pts',(0.,5.96192641151748,7.80007734598263));
#961=CARTESIAN_POINT('Ctrl Pts',(5.96192641151748,5.96192641151748,7.80007734598263));
#962=CARTESIAN_POINT('Ctrl Pts',(5.96192641151748,0.,7.80007734598263));
#963=CARTESIAN_POINT('Ctrl Pts',(5.96192641151748,-5.96192641151748,7.80007734598263));
#964=CARTESIAN_POINT('Ctrl Pts',(0.,-5.96192641151748,7.80007734598263));
#965=CARTESIAN_POINT('Ctrl Pts',(-5.96192641151748,-5.96192641151748,7.80007734598263));
#966=CARTESIAN_POINT('Ctrl Pts',(-5.96192641151748,0.,7.80007734598263));
#967=CARTESIAN_POINT('Ctrl Pts',(-5.79569544185789,0.,7.8105828848362));
#968=CARTESIAN_POINT('Ctrl Pts',(-5.79569544185789,5.79569544185789,7.8105828848362));
#969=CARTESIAN_POINT('Ctrl Pts',(0.,5.79569544185789,7.8105828848362));
#970=CARTESIAN_POINT('Ctrl Pts',(5.79569544185789,5.79569544185789,7.8105828848362));
#971=CARTESIAN_POINT('Ctrl Pts',(5.79569544185789,0.,7.8105828848362));
#972=CARTESIAN_POINT('Ctrl Pts',(5.79569544185789,-5.79569544185789,7.8105828848362));
#973=CARTESIAN_POINT('Ctrl Pts',(0.,-5.79569544185789,7.8105828848362));
#974=CARTESIAN_POINT('Ctrl Pts',(-5.79569544185789,-5.79569544185789,7.8105828848362));
#975=CARTESIAN_POINT('Ctrl Pts',(-5.79569544185789,0.,7.8105828848362));
#976=CARTESIAN_POINT('Ctrl Pts',(-5.62945503323578,0.,7.81976732756847));
#977=CARTESIAN_POINT('Ctrl Pts',(-5.62945503323577,5.62945503323577,7.81976732756847));
#978=CARTESIAN_POINT('Ctrl Pts',(0.,5.62945503323578,7.81976732756847));
#979=CARTESIAN_POINT('Ctrl Pts',(5.62945503323577,5.62945503323577,7.81976732756847));
#980=CARTESIAN_POINT('Ctrl Pts',(5.62945503323578,0.,7.81976732756847));
#981=CARTESIAN_POINT('Ctrl Pts',(5.62945503323577,-5.62945503323577,7.81976732756847));
#982=CARTESIAN_POINT('Ctrl Pts',(0.,-5.62945503323578,7.81976732756847));
#983=CARTESIAN_POINT('Ctrl Pts',(-5.62945503323577,-5.62945503323577,7.81976732756847));
#984=CARTESIAN_POINT('Ctrl Pts',(-5.62945503323578,0.,7.81976732756847));
#985=CARTESIAN_POINT('Ctrl Pts',(-5.46336493484986,0.,7.82784811198573));
#986=CARTESIAN_POINT('Ctrl Pts',(-5.46336493484986,5.46336493484986,7.82784811198573));
#987=CARTESIAN_POINT('Ctrl Pts',(0.,5.46336493484986,7.82784811198573));
#988=CARTESIAN_POINT('Ctrl Pts',(5.46336493484986,5.46336493484986,7.82784811198573));
#989=CARTESIAN_POINT('Ctrl Pts',(5.46336493484986,0.,7.82784811198573));
#990=CARTESIAN_POINT('Ctrl Pts',(5.46336493484986,-5.46336493484986,7.82784811198573));
#991=CARTESIAN_POINT('Ctrl Pts',(0.,-5.46336493484986,7.82784811198573));
#992=CARTESIAN_POINT('Ctrl Pts',(-5.46336493484986,-5.46336493484986,7.82784811198573));
#993=CARTESIAN_POINT('Ctrl Pts',(-5.46336493484986,0.,7.82784811198573));
#994=CARTESIAN_POINT('Ctrl Pts',(-5.29755984982599,0.,7.83525619015081));
#995=CARTESIAN_POINT('Ctrl Pts',(-5.29755984982599,5.29755984982599,7.83525619015081));
#996=CARTESIAN_POINT('Ctrl Pts',(0.,5.29755984982599,7.83525619015081));
#997=CARTESIAN_POINT('Ctrl Pts',(5.29755984982599,5.29755984982599,7.83525619015081));
#998=CARTESIAN_POINT('Ctrl Pts',(5.29755984982599,0.,7.83525619015081));
#999=CARTESIAN_POINT('Ctrl Pts',(5.29755984982599,-5.29755984982599,7.83525619015081));
#1000=CARTESIAN_POINT('Ctrl Pts',(0.,-5.29755984982599,7.83525619015081));
#1001=CARTESIAN_POINT('Ctrl Pts',(-5.29755984982599,-5.29755984982599,7.83525619015081));
#1002=CARTESIAN_POINT('Ctrl Pts',(-5.29755984982599,0.,7.83525619015081));
#1003=CARTESIAN_POINT('Ctrl Pts',(-5.13213221578649,0.,7.84249684647884));
#1004=CARTESIAN_POINT('Ctrl Pts',(-5.13213221578649,5.13213221578649,7.84249684647884));
#1005=CARTESIAN_POINT('Ctrl Pts',(0.,5.13213221578649,7.84249684647884));
#1006=CARTESIAN_POINT('Ctrl Pts',(5.13213221578649,5.13213221578649,7.84249684647884));
#1007=CARTESIAN_POINT('Ctrl Pts',(5.13213221578649,0.,7.84249684647884));
#1008=CARTESIAN_POINT('Ctrl Pts',(5.13213221578649,-5.13213221578649,7.84249684647884));
#1009=CARTESIAN_POINT('Ctrl Pts',(0.,-5.13213221578649,7.84249684647884));
#1010=CARTESIAN_POINT('Ctrl Pts',(-5.13213221578649,-5.13213221578649,7.84249684647884));
#1011=CARTESIAN_POINT('Ctrl Pts',(-5.13213221578649,0.,7.84249684647884));
#1012=CARTESIAN_POINT('Ctrl Pts',(-4.96711521298071,0.,7.85000889631507));
#1013=CARTESIAN_POINT('Ctrl Pts',(-4.96711521298071,4.96711521298071,7.85000889631507));
#1014=CARTESIAN_POINT('Ctrl Pts',(0.,4.96711521298071,7.85000889631507));
#1015=CARTESIAN_POINT('Ctrl Pts',(4.96711521298071,4.96711521298071,7.85000889631507));
#1016=CARTESIAN_POINT('Ctrl Pts',(4.96711521298071,0.,7.85000889631507));
#1017=CARTESIAN_POINT('Ctrl Pts',(4.96711521298071,-4.96711521298071,7.85000889631507));
#1018=CARTESIAN_POINT('Ctrl Pts',(0.,-4.96711521298071,7.85000889631507));
#1019=CARTESIAN_POINT('Ctrl Pts',(-4.96711521298071,-4.96711521298071,7.85000889631507));
#1020=CARTESIAN_POINT('Ctrl Pts',(-4.96711521298071,0.,7.85000889631507));
#1021=CARTESIAN_POINT('Ctrl Pts',(-4.80246535969235,0.,7.85802323340693));
#1022=CARTESIAN_POINT('Ctrl Pts',(-4.80246535969235,4.80246535969235,7.85802323340693));
#1023=CARTESIAN_POINT('Ctrl Pts',(0.,4.80246535969235,7.85802323340693));
#1024=CARTESIAN_POINT('Ctrl Pts',(4.80246535969235,4.80246535969235,7.85802323340693));
#1025=CARTESIAN_POINT('Ctrl Pts',(4.80246535969235,0.,7.85802323340693));
#1026=CARTESIAN_POINT('Ctrl Pts',(4.80246535969235,-4.80246535969235,7.85802323340693));
#1027=CARTESIAN_POINT('Ctrl Pts',(0.,-4.80246535969235,7.85802323340693));
#1028=CARTESIAN_POINT('Ctrl Pts',(-4.80246535969235,-4.80246535969235,7.85802323340693));
#1029=CARTESIAN_POINT('Ctrl Pts',(-4.80246535969235,0.,7.85802323340693));
#1030=CARTESIAN_POINT('Ctrl Pts',(-4.63804605061685,0.,7.86642524973717));
#1031=CARTESIAN_POINT('Ctrl Pts',(-4.63804605061685,4.63804605061685,7.86642524973717));
#1032=CARTESIAN_POINT('Ctrl Pts',(0.,4.63804605061685,7.86642524973717));
#1033=CARTESIAN_POINT('Ctrl Pts',(4.63804605061685,4.63804605061685,7.86642524973717));
#1034=CARTESIAN_POINT('Ctrl Pts',(4.63804605061685,0.,7.86642524973717));
#1035=CARTESIAN_POINT('Ctrl Pts',(4.63804605061685,-4.63804605061685,7.86642524973717));
#1036=CARTESIAN_POINT('Ctrl Pts',(0.,-4.63804605061685,7.86642524973717));
#1037=CARTESIAN_POINT('Ctrl Pts',(-4.63804605061685,-4.63804605061685,7.86642524973717));
#1038=CARTESIAN_POINT('Ctrl Pts',(-4.63804605061685,0.,7.86642524973717));
#1039=CARTESIAN_POINT('Ctrl Pts',(-4.47366999969315,0.,7.87489050536479));
#1040=CARTESIAN_POINT('Ctrl Pts',(-4.47366999969315,4.47366999969315,7.87489050536479));
#1041=CARTESIAN_POINT('Ctrl Pts',(0.,4.47366999969315,7.87489050536479));
#1042=CARTESIAN_POINT('Ctrl Pts',(4.47366999969315,4.47366999969315,7.87489050536479));
#1043=CARTESIAN_POINT('Ctrl Pts',(4.47366999969315,0.,7.87489050536479));
#1044=CARTESIAN_POINT('Ctrl Pts',(4.47366999969315,-4.47366999969315,7.87489050536479));
#1045=CARTESIAN_POINT('Ctrl Pts',(0.,-4.47366999969315,7.87489050536479));
#1046=CARTESIAN_POINT('Ctrl Pts',(-4.47366999969315,-4.47366999969315,7.87489050536479));
#1047=CARTESIAN_POINT('Ctrl Pts',(-4.47366999969315,0.,7.87489050536479));
#1048=CARTESIAN_POINT('Ctrl Pts',(-4.30914096289898,0.,7.8830167401225));
#1049=CARTESIAN_POINT('Ctrl Pts',(-4.30914096289898,4.30914096289898,7.8830167401225));
#1050=CARTESIAN_POINT('Ctrl Pts',(0.,4.30914096289898,7.8830167401225));
#1051=CARTESIAN_POINT('Ctrl Pts',(4.30914096289898,4.30914096289898,7.8830167401225));
#1052=CARTESIAN_POINT('Ctrl Pts',(4.30914096289898,0.,7.8830167401225));
#1053=CARTESIAN_POINT('Ctrl Pts',(4.30914096289898,-4.30914096289898,7.8830167401225));
#1054=CARTESIAN_POINT('Ctrl Pts',(0.,-4.30914096289898,7.8830167401225));
#1055=CARTESIAN_POINT('Ctrl Pts',(-4.30914096289898,-4.30914096289898,7.8830167401225));
#1056=CARTESIAN_POINT('Ctrl Pts',(-4.30914096289898,0.,7.8830167401225));
#1057=CARTESIAN_POINT('Ctrl Pts',(-4.14429537393691,0.,7.89045606306811));
#1058=CARTESIAN_POINT('Ctrl Pts',(-4.1442953739369,4.1442953739369,7.89045606306811));
#1059=CARTESIAN_POINT('Ctrl Pts',(0.,4.14429537393691,7.89045606306811));
#1060=CARTESIAN_POINT('Ctrl Pts',(4.1442953739369,4.1442953739369,7.89045606306811));
#1061=CARTESIAN_POINT('Ctrl Pts',(4.14429537393691,0.,7.89045606306811));
#1062=CARTESIAN_POINT('Ctrl Pts',(4.1442953739369,-4.1442953739369,7.89045606306811));
#1063=CARTESIAN_POINT('Ctrl Pts',(0.,-4.14429537393691,7.89045606306811));
#1064=CARTESIAN_POINT('Ctrl Pts',(-4.1442953739369,-4.1442953739369,7.89045606306811));
#1065=CARTESIAN_POINT('Ctrl Pts',(-4.14429537393691,0.,7.89045606306811));
#1066=CARTESIAN_POINT('Ctrl Pts',(-3.97904482511534,0.,7.89704969914665));
#1067=CARTESIAN_POINT('Ctrl Pts',(-3.97904482511534,3.97904482511534,7.89704969914665));
#1068=CARTESIAN_POINT('Ctrl Pts',(0.,3.97904482511534,7.89704969914665));
#1069=CARTESIAN_POINT('Ctrl Pts',(3.97904482511534,3.97904482511534,7.89704969914665));
#1070=CARTESIAN_POINT('Ctrl Pts',(3.97904482511534,0.,7.89704969914665));
#1071=CARTESIAN_POINT('Ctrl Pts',(3.97904482511534,-3.97904482511534,7.89704969914665));
#1072=CARTESIAN_POINT('Ctrl Pts',(0.,-3.97904482511534,7.89704969914665));
#1073=CARTESIAN_POINT('Ctrl Pts',(-3.97904482511534,-3.97904482511534,7.89704969914665));
#1074=CARTESIAN_POINT('Ctrl Pts',(-3.97904482511534,0.,7.89704969914665));
#1075=CARTESIAN_POINT('Ctrl Pts',(-3.81341598169644,0.,7.90295436755819));
#1076=CARTESIAN_POINT('Ctrl Pts',(-3.81341598169644,3.81341598169644,7.90295436755819));
#1077=CARTESIAN_POINT('Ctrl Pts',(0.,3.81341598169644,7.90295436755819));
#1078=CARTESIAN_POINT('Ctrl Pts',(3.81341598169644,3.81341598169644,7.90295436755819));
#1079=CARTESIAN_POINT('Ctrl Pts',(3.81341598169644,0.,7.90295436755819));
#1080=CARTESIAN_POINT('Ctrl Pts',(3.81341598169644,-3.81341598169644,7.90295436755819));
#1081=CARTESIAN_POINT('Ctrl Pts',(0.,-3.81341598169644,7.90295436755819));
#1082=CARTESIAN_POINT('Ctrl Pts',(-3.81341598169644,-3.81341598169644,7.90295436755819));
#1083=CARTESIAN_POINT('Ctrl Pts',(-3.81341598169644,0.,7.90295436755819));
#1084=CARTESIAN_POINT('Ctrl Pts',(-3.64751096063097,0.,7.90850781726232));
#1085=CARTESIAN_POINT('Ctrl Pts',(-3.64751096063097,3.64751096063097,7.90850781726232));
#1086=CARTESIAN_POINT('Ctrl Pts',(0.,3.64751096063097,7.90850781726232));
#1087=CARTESIAN_POINT('Ctrl Pts',(3.64751096063097,3.64751096063097,7.90850781726232));
#1088=CARTESIAN_POINT('Ctrl Pts',(3.64751096063097,0.,7.90850781726232));
#1089=CARTESIAN_POINT('Ctrl Pts',(3.64751096063097,-3.64751096063097,7.90850781726232));
#1090=CARTESIAN_POINT('Ctrl Pts',(0.,-3.64751096063097,7.90850781726232));
#1091=CARTESIAN_POINT('Ctrl Pts',(-3.64751096063097,-3.64751096063097,7.90850781726232));
#1092=CARTESIAN_POINT('Ctrl Pts',(-3.64751096063097,0.,7.90850781726232));
#1093=CARTESIAN_POINT('Ctrl Pts',(-3.48147006121237,0.,7.91410196027529));
#1094=CARTESIAN_POINT('Ctrl Pts',(-3.48147006121237,3.48147006121237,7.91410196027529));
#1095=CARTESIAN_POINT('Ctrl Pts',(0.,3.48147006121237,7.91410196027529));
#1096=CARTESIAN_POINT('Ctrl Pts',(3.48147006121237,3.48147006121237,7.91410196027529));
#1097=CARTESIAN_POINT('Ctrl Pts',(3.48147006121237,0.,7.91410196027529));
#1098=CARTESIAN_POINT('Ctrl Pts',(3.48147006121237,-3.48147006121237,7.91410196027529));
#1099=CARTESIAN_POINT('Ctrl Pts',(0.,-3.48147006121237,7.91410196027529));
#1100=CARTESIAN_POINT('Ctrl Pts',(-3.48147006121237,-3.48147006121237,7.91410196027529));
#1101=CARTESIAN_POINT('Ctrl Pts',(-3.48147006121237,0.,7.91410196027529));
#1102=CARTESIAN_POINT('Ctrl Pts',(-3.31543383581772,0.,7.92005406212007));
#1103=CARTESIAN_POINT('Ctrl Pts',(-3.31543383581772,3.31543383581772,7.92005406212007));
#1104=CARTESIAN_POINT('Ctrl Pts',(0.,3.31543383581772,7.92005406212007));
#1105=CARTESIAN_POINT('Ctrl Pts',(3.31543383581772,3.31543383581772,7.92005406212007));
#1106=CARTESIAN_POINT('Ctrl Pts',(3.31543383581772,0.,7.92005406212007));
#1107=CARTESIAN_POINT('Ctrl Pts',(3.31543383581772,-3.31543383581772,7.92005406212007));
#1108=CARTESIAN_POINT('Ctrl Pts',(0.,-3.31543383581772,7.92005406212007));
#1109=CARTESIAN_POINT('Ctrl Pts',(-3.31543383581772,-3.31543383581772,7.92005406212007));
#1110=CARTESIAN_POINT('Ctrl Pts',(-3.31543383581772,0.,7.92005406212007));
#1111=CARTESIAN_POINT('Ctrl Pts',(-3.1495049864616,0.,7.9264767411423));
#1112=CARTESIAN_POINT('Ctrl Pts',(-3.1495049864616,3.1495049864616,7.9264767411423));
#1113=CARTESIAN_POINT('Ctrl Pts',(0.,3.1495049864616,7.9264767411423));
#1114=CARTESIAN_POINT('Ctrl Pts',(3.1495049864616,3.1495049864616,7.9264767411423));
#1115=CARTESIAN_POINT('Ctrl Pts',(3.1495049864616,0.,7.9264767411423));
#1116=CARTESIAN_POINT('Ctrl Pts',(3.1495049864616,-3.1495049864616,7.9264767411423));
#1117=CARTESIAN_POINT('Ctrl Pts',(0.,-3.1495049864616,7.9264767411423));
#1118=CARTESIAN_POINT('Ctrl Pts',(-3.1495049864616,-3.1495049864616,7.9264767411423));
#1119=CARTESIAN_POINT('Ctrl Pts',(-3.1495049864616,0.,7.9264767411423));
#1120=CARTESIAN_POINT('Ctrl Pts',(-2.983711606848,0.,7.9331539716571));
#1121=CARTESIAN_POINT('Ctrl Pts',(-2.983711606848,2.983711606848,7.9331539716571));
#1122=CARTESIAN_POINT('Ctrl Pts',(0.,2.983711606848,7.9331539716571));
#1123=CARTESIAN_POINT('Ctrl Pts',(2.983711606848,2.983711606848,7.9331539716571));
#1124=CARTESIAN_POINT('Ctrl Pts',(2.983711606848,0.,7.9331539716571));
#1125=CARTESIAN_POINT('Ctrl Pts',(2.983711606848,-2.983711606848,7.9331539716571));
#1126=CARTESIAN_POINT('Ctrl Pts',(0.,-2.983711606848,7.9331539716571));
#1127=CARTESIAN_POINT('Ctrl Pts',(-2.983711606848,-2.983711606848,7.9331539716571));
#1128=CARTESIAN_POINT('Ctrl Pts',(-2.983711606848,0.,7.9331539716571));
#1129=CARTESIAN_POINT('Ctrl Pts',(-2.81803001284794,0.,7.93967486221238));
#1130=CARTESIAN_POINT('Ctrl Pts',(-2.81803001284793,2.81803001284793,7.93967486221238));
#1131=CARTESIAN_POINT('Ctrl Pts',(0.,2.81803001284794,7.93967486221238));
#1132=CARTESIAN_POINT('Ctrl Pts',(2.81803001284793,2.81803001284793,7.93967486221238));
#1133=CARTESIAN_POINT('Ctrl Pts',(2.81803001284794,0.,7.93967486221238));
#1134=CARTESIAN_POINT('Ctrl Pts',(2.81803001284793,-2.81803001284793,7.93967486221238));
#1135=CARTESIAN_POINT('Ctrl Pts',(0.,-2.81803001284794,7.93967486221238));
#1136=CARTESIAN_POINT('Ctrl Pts',(-2.81803001284793,-2.81803001284793,7.93967486221238));
#1137=CARTESIAN_POINT('Ctrl Pts',(-2.81803001284794,0.,7.93967486221238));
#1138=CARTESIAN_POINT('Ctrl Pts',(-2.65240614310512,0.,7.9455614046544));
#1139=CARTESIAN_POINT('Ctrl Pts',(-2.65240614310512,2.65240614310512,7.9455614046544));
#1140=CARTESIAN_POINT('Ctrl Pts',(0.,2.65240614310512,7.9455614046544));
#1141=CARTESIAN_POINT('Ctrl Pts',(2.65240614310512,2.65240614310512,7.9455614046544));
#1142=CARTESIAN_POINT('Ctrl Pts',(2.65240614310512,0.,7.9455614046544));
#1143=CARTESIAN_POINT('Ctrl Pts',(2.65240614310512,-2.65240614310512,7.9455614046544));
#1144=CARTESIAN_POINT('Ctrl Pts',(0.,-2.65240614310512,7.9455614046544));
#1145=CARTESIAN_POINT('Ctrl Pts',(-2.65240614310512,-2.65240614310512,7.9455614046544));
#1146=CARTESIAN_POINT('Ctrl Pts',(-2.65240614310512,0.,7.9455614046544));
#1147=CARTESIAN_POINT('Ctrl Pts',(-2.48677740412664,0.,7.95039788263058));
#1148=CARTESIAN_POINT('Ctrl Pts',(-2.48677740412664,2.48677740412664,7.95039788263058));
#1149=CARTESIAN_POINT('Ctrl Pts',(0.,2.48677740412664,7.95039788263058));
#1150=CARTESIAN_POINT('Ctrl Pts',(2.48677740412664,2.48677740412664,7.95039788263058));
#1151=CARTESIAN_POINT('Ctrl Pts',(2.48677740412664,0.,7.95039788263058));
#1152=CARTESIAN_POINT('Ctrl Pts',(2.48677740412664,-2.48677740412664,7.95039788263058));
#1153=CARTESIAN_POINT('Ctrl Pts',(0.,-2.48677740412664,7.95039788263058));
#1154=CARTESIAN_POINT('Ctrl Pts',(-2.48677740412664,-2.48677740412664,7.95039788263058));
#1155=CARTESIAN_POINT('Ctrl Pts',(-2.48677740412664,0.,7.95039788263058));
#1156=CARTESIAN_POINT('Ctrl Pts',(-2.32109449206019,0.,7.95396086349615));
#1157=CARTESIAN_POINT('Ctrl Pts',(-2.32109449206019,2.32109449206019,7.95396086349615));
#1158=CARTESIAN_POINT('Ctrl Pts',(0.,2.32109449206019,7.95396086349615));
#1159=CARTESIAN_POINT('Ctrl Pts',(2.32109449206019,2.32109449206019,7.95396086349615));
#1160=CARTESIAN_POINT('Ctrl Pts',(2.32109449206019,0.,7.95396086349615));
#1161=CARTESIAN_POINT('Ctrl Pts',(2.32109449206019,-2.32109449206019,7.95396086349615));
#1162=CARTESIAN_POINT('Ctrl Pts',(0.,-2.32109449206019,7.95396086349615));
#1163=CARTESIAN_POINT('Ctrl Pts',(-2.32109449206019,-2.32109449206019,7.95396086349615));
#1164=CARTESIAN_POINT('Ctrl Pts',(-2.32109449206019,0.,7.95396086349615));
#1165=CARTESIAN_POINT('Ctrl Pts',(-2.15534274748843,0.,7.95634546626789));
#1166=CARTESIAN_POINT('Ctrl Pts',(-2.15534274748843,2.15534274748843,7.95634546626789));
#1167=CARTESIAN_POINT('Ctrl Pts',(0.,2.15534274748843,7.95634546626789));
#1168=CARTESIAN_POINT('Ctrl Pts',(2.15534274748843,2.15534274748843,7.95634546626789));
#1169=CARTESIAN_POINT('Ctrl Pts',(2.15534274748843,0.,7.95634546626789));
#1170=CARTESIAN_POINT('Ctrl Pts',(2.15534274748843,-2.15534274748843,7.95634546626789));
#1171=CARTESIAN_POINT('Ctrl Pts',(0.,-2.15534274748843,7.95634546626789));
#1172=CARTESIAN_POINT('Ctrl Pts',(-2.15534274748843,-2.15534274748843,7.95634546626789));
#1173=CARTESIAN_POINT('Ctrl Pts',(-2.15534274748843,0.,7.95634546626789));
#1174=CARTESIAN_POINT('Ctrl Pts',(-1.9895319166695,0.,7.95785882140162));
#1175=CARTESIAN_POINT('Ctrl Pts',(-1.9895319166695,1.9895319166695,7.95785882140162));
#1176=CARTESIAN_POINT('Ctrl Pts',(0.,1.9895319166695,7.95785882140162));
#1177=CARTESIAN_POINT('Ctrl Pts',(1.9895319166695,1.9895319166695,7.95785882140162));
#1178=CARTESIAN_POINT('Ctrl Pts',(1.9895319166695,0.,7.95785882140162));
#1179=CARTESIAN_POINT('Ctrl Pts',(1.9895319166695,-1.9895319166695,7.95785882140162));
#1180=CARTESIAN_POINT('Ctrl Pts',(0.,-1.9895319166695,7.95785882140162));
#1181=CARTESIAN_POINT('Ctrl Pts',(-1.9895319166695,-1.9895319166695,7.95785882140162));
#1182=CARTESIAN_POINT('Ctrl Pts',(-1.9895319166695,0.,7.95785882140162));
#1183=CARTESIAN_POINT('Ctrl Pts',(-1.82368647110606,0.,7.95891755867748));
#1184=CARTESIAN_POINT('Ctrl Pts',(-1.82368647110606,1.82368647110606,7.95891755867748));
#1185=CARTESIAN_POINT('Ctrl Pts',(0.,1.82368647110606,7.95891755867748));
#1186=CARTESIAN_POINT('Ctrl Pts',(1.82368647110606,1.82368647110606,7.95891755867748));
#1187=CARTESIAN_POINT('Ctrl Pts',(1.82368647110606,0.,7.95891755867748));
#1188=CARTESIAN_POINT('Ctrl Pts',(1.82368647110606,-1.82368647110606,7.95891755867748));
#1189=CARTESIAN_POINT('Ctrl Pts',(0.,-1.82368647110606,7.95891755867748));
#1190=CARTESIAN_POINT('Ctrl Pts',(-1.82368647110606,-1.82368647110606,7.95891755867748));
#1191=CARTESIAN_POINT('Ctrl Pts',(-1.82368647110606,0.,7.95891755867748));
#1192=CARTESIAN_POINT('Ctrl Pts',(-1.65783574717333,0.,7.95994409529103));
#1193=CARTESIAN_POINT('Ctrl Pts',(-1.65783574717333,1.65783574717333,7.95994409529103));
#1194=CARTESIAN_POINT('Ctrl Pts',(0.,1.65783574717333,7.95994409529103));
#1195=CARTESIAN_POINT('Ctrl Pts',(1.65783574717333,1.65783574717333,7.95994409529103));
#1196=CARTESIAN_POINT('Ctrl Pts',(1.65783574717333,0.,7.95994409529103));
#1197=CARTESIAN_POINT('Ctrl Pts',(1.65783574717333,-1.65783574717333,7.95994409529103));
#1198=CARTESIAN_POINT('Ctrl Pts',(0.,-1.65783574717333,7.95994409529103));
#1199=CARTESIAN_POINT('Ctrl Pts',(-1.65783574717333,-1.65783574717333,7.95994409529103));
#1200=CARTESIAN_POINT('Ctrl Pts',(-1.65783574717333,0.,7.95994409529103));
#1201=CARTESIAN_POINT('Ctrl Pts',(-1.4920041169929,0.,7.96126289232477));
#1202=CARTESIAN_POINT('Ctrl Pts',(-1.4920041169929,1.4920041169929,7.96126289232477));
#1203=CARTESIAN_POINT('Ctrl Pts',(0.,1.4920041169929,7.96126289232477));
#1204=CARTESIAN_POINT('Ctrl Pts',(1.4920041169929,1.4920041169929,7.96126289232477));
#1205=CARTESIAN_POINT('Ctrl Pts',(1.4920041169929,0.,7.96126289232477));
#1206=CARTESIAN_POINT('Ctrl Pts',(1.4920041169929,-1.4920041169929,7.96126289232477));
#1207=CARTESIAN_POINT('Ctrl Pts',(0.,-1.4920041169929,7.96126289232477));
#1208=CARTESIAN_POINT('Ctrl Pts',(-1.4920041169929,-1.4920041169929,7.96126289232477));
#1209=CARTESIAN_POINT('Ctrl Pts',(-1.4920041169929,0.,7.96126289232477));
#1210=CARTESIAN_POINT('Ctrl Pts',(-1.32620128065885,0.,7.9629982436881));
#1211=CARTESIAN_POINT('Ctrl Pts',(-1.32620128065885,1.32620128065885,7.9629982436881));
#1212=CARTESIAN_POINT('Ctrl Pts',(0.,1.32620128065885,7.9629982436881));
#1213=CARTESIAN_POINT('Ctrl Pts',(1.32620128065885,1.32620128065885,7.9629982436881));
#1214=CARTESIAN_POINT('Ctrl Pts',(1.32620128065885,0.,7.9629982436881));
#1215=CARTESIAN_POINT('Ctrl Pts',(1.32620128065885,-1.32620128065885,7.9629982436881));
#1216=CARTESIAN_POINT('Ctrl Pts',(0.,-1.32620128065885,7.9629982436881));
#1217=CARTESIAN_POINT('Ctrl Pts',(-1.32620128065885,-1.32620128065885,7.9629982436881));
#1218=CARTESIAN_POINT('Ctrl Pts',(-1.32620128065885,0.,7.9629982436881));
#1219=CARTESIAN_POINT('Ctrl Pts',(-1.16042608811013,0.,7.96512651369981));
#1220=CARTESIAN_POINT('Ctrl Pts',(-1.16042608811013,1.16042608811013,7.96512651369981));
#1221=CARTESIAN_POINT('Ctrl Pts',(0.,1.16042608811013,7.96512651369981));
#1222=CARTESIAN_POINT('Ctrl Pts',(1.16042608811013,1.16042608811013,7.96512651369981));
#1223=CARTESIAN_POINT('Ctrl Pts',(1.16042608811013,0.,7.96512651369981));
#1224=CARTESIAN_POINT('Ctrl Pts',(1.16042608811013,-1.16042608811013,7.96512651369981));
#1225=CARTESIAN_POINT('Ctrl Pts',(0.,-1.16042608811013,7.96512651369981));
#1226=CARTESIAN_POINT('Ctrl Pts',(-1.16042608811013,-1.16042608811013,7.96512651369981));
#1227=CARTESIAN_POINT('Ctrl Pts',(-1.16042608811013,0.,7.96512651369981));
#1228=CARTESIAN_POINT('Ctrl Pts',(-0.994670195862497,0.,7.96752651414495));
#1229=CARTESIAN_POINT('Ctrl Pts',(-0.994670195862496,0.994670195862496,
7.96752651414495));
#1230=CARTESIAN_POINT('Ctrl Pts',(0.,0.994670195862497,7.96752651414495));
#1231=CARTESIAN_POINT('Ctrl Pts',(0.994670195862496,0.994670195862496,7.96752651414495));
#1232=CARTESIAN_POINT('Ctrl Pts',(0.994670195862497,0.,7.96752651414495));
#1233=CARTESIAN_POINT('Ctrl Pts',(0.994670195862496,-0.994670195862496,
7.96752651414495));
#1234=CARTESIAN_POINT('Ctrl Pts',(0.,-0.994670195862497,7.96752651414495));
#1235=CARTESIAN_POINT('Ctrl Pts',(-0.994670195862496,-0.994670195862496,
7.96752651414495));
#1236=CARTESIAN_POINT('Ctrl Pts',(-0.994670195862497,0.,7.96752651414495));
#1237=CARTESIAN_POINT('Ctrl Pts',(-0.8289217783064,0.,7.97003047669283));
#1238=CARTESIAN_POINT('Ctrl Pts',(-0.828921778306399,0.828921778306399,
7.97003047669283));
#1239=CARTESIAN_POINT('Ctrl Pts',(0.,0.8289217783064,7.97003047669283));
#1240=CARTESIAN_POINT('Ctrl Pts',(0.828921778306399,0.828921778306399,7.97003047669283));
#1241=CARTESIAN_POINT('Ctrl Pts',(0.8289217783064,0.,7.97003047669283));
#1242=CARTESIAN_POINT('Ctrl Pts',(0.828921778306399,-0.828921778306399,
7.97003047669283));
#1243=CARTESIAN_POINT('Ctrl Pts',(0.,-0.8289217783064,7.97003047669283));
#1244=CARTESIAN_POINT('Ctrl Pts',(-0.828921778306399,-0.828921778306399,
7.97003047669283));
#1245=CARTESIAN_POINT('Ctrl Pts',(-0.8289217783064,0.,7.97003047669283));
#1246=CARTESIAN_POINT('Ctrl Pts',(-0.663169221641828,0.,7.97247485343898));
#1247=CARTESIAN_POINT('Ctrl Pts',(-0.663169221641828,0.663169221641828,
7.97247485343898));
#1248=CARTESIAN_POINT('Ctrl Pts',(0.,0.663169221641828,7.97247485343898));
#1249=CARTESIAN_POINT('Ctrl Pts',(0.663169221641828,0.663169221641828,7.97247485343898));
#1250=CARTESIAN_POINT('Ctrl Pts',(0.663169221641828,0.,7.97247485343898));
#1251=CARTESIAN_POINT('Ctrl Pts',(0.663169221641828,-0.663169221641828,
7.97247485343898));
#1252=CARTESIAN_POINT('Ctrl Pts',(0.,-0.663169221641828,7.97247485343898));
#1253=CARTESIAN_POINT('Ctrl Pts',(-0.663169221641828,-0.663169221641828,
7.97247485343898));
#1254=CARTESIAN_POINT('Ctrl Pts',(-0.663169221641828,0.,7.97247485343898));
#1255=CARTESIAN_POINT('Ctrl Pts',(-0.497404802619709,0.,7.97475087917991));
#1256=CARTESIAN_POINT('Ctrl Pts',(-0.497404802619708,0.497404802619708,
7.97475087917991));
#1257=CARTESIAN_POINT('Ctrl Pts',(0.,0.497404802619709,7.97475087917991));
#1258=CARTESIAN_POINT('Ctrl Pts',(0.497404802619708,0.497404802619708,7.97475087917991));
#1259=CARTESIAN_POINT('Ctrl Pts',(0.497404802619709,0.,7.97475087917991));
#1260=CARTESIAN_POINT('Ctrl Pts',(0.497404802619708,-0.497404802619708,
7.97475087917991));
#1261=CARTESIAN_POINT('Ctrl Pts',(0.,-0.497404802619709,7.97475087917991));
#1262=CARTESIAN_POINT('Ctrl Pts',(-0.497404802619708,-0.497404802619708,
7.97475087917991));
#1263=CARTESIAN_POINT('Ctrl Pts',(-0.497404802619709,0.,7.97475087917991));
#1264=CARTESIAN_POINT('Ctrl Pts',(-0.331623889903852,0.,7.97679333380669));
#1265=CARTESIAN_POINT('Ctrl Pts',(-0.331623889903852,0.331623889903852,
7.97679333380669));
#1266=CARTESIAN_POINT('Ctrl Pts',(0.,0.331623889903852,7.97679333380669));
#1267=CARTESIAN_POINT('Ctrl Pts',(0.331623889903852,0.331623889903852,7.97679333380669));
#1268=CARTESIAN_POINT('Ctrl Pts',(0.331623889903852,0.,7.97679333380669));
#1269=CARTESIAN_POINT('Ctrl Pts',(0.331623889903852,-0.331623889903852,
7.97679333380669));
#1270=CARTESIAN_POINT('Ctrl Pts',(0.,-0.331623889903852,7.97679333380669));
#1271=CARTESIAN_POINT('Ctrl Pts',(-0.331623889903852,-0.331623889903852,
7.97679333380669));
#1272=CARTESIAN_POINT('Ctrl Pts',(-0.331623889903852,0.,7.97679333380669));
#1273=CARTESIAN_POINT('Ctrl Pts',(-0.198984117703543,0.,7.97821442917647));
#1274=CARTESIAN_POINT('Ctrl Pts',(-0.198984117703543,0.198984117703543,
7.97821442917647));
#1275=CARTESIAN_POINT('Ctrl Pts',(0.,0.198984117703543,7.97821442917647));
#1276=CARTESIAN_POINT('Ctrl Pts',(0.198984117703543,0.198984117703543,7.97821442917647));
#1277=CARTESIAN_POINT('Ctrl Pts',(0.198984117703543,0.,7.97821442917647));
#1278=CARTESIAN_POINT('Ctrl Pts',(0.198984117703543,-0.198984117703543,
7.97821442917647));
#1279=CARTESIAN_POINT('Ctrl Pts',(0.,-0.198984117703543,7.97821442917647));
#1280=CARTESIAN_POINT('Ctrl Pts',(-0.198984117703543,-0.198984117703543,
7.97821442917647));
#1281=CARTESIAN_POINT('Ctrl Pts',(-0.198984117703543,0.,7.97821442917647));
#1282=CARTESIAN_POINT('Ctrl Pts',(-0.099495482871417,0.,7.97915566051158));
#1283=CARTESIAN_POINT('Ctrl Pts',(-0.099495482871417,0.099495482871417,
7.97915566051158));
#1284=CARTESIAN_POINT('Ctrl Pts',(0.,0.099495482871417,7.97915566051158));
#1285=CARTESIAN_POINT('Ctrl Pts',(0.099495482871417,0.099495482871417,7.97915566051158));
#1286=CARTESIAN_POINT('Ctrl Pts',(0.099495482871417,0.,7.97915566051158));
#1287=CARTESIAN_POINT('Ctrl Pts',(0.099495482871417,-0.099495482871417,
7.97915566051158));
#1288=CARTESIAN_POINT('Ctrl Pts',(0.,-0.099495482871417,7.97915566051158));
#1289=CARTESIAN_POINT('Ctrl Pts',(-0.099495482871417,-0.099495482871417,
7.97915566051158));
#1290=CARTESIAN_POINT('Ctrl Pts',(-0.099495482871417,0.,7.97915566051158));
#1291=CARTESIAN_POINT('Ctrl Pts',(-0.0331658131523284,0.,7.97972778131196));
#1292=CARTESIAN_POINT('Ctrl Pts',(-0.0331658131523284,0.0331658131523284,
7.97972778131196));
#1293=CARTESIAN_POINT('Ctrl Pts',(0.,0.0331658131523284,7.97972778131196));
#1294=CARTESIAN_POINT('Ctrl Pts',(0.0331658131523284,0.0331658131523284,
7.97972778131196));
#1295=CARTESIAN_POINT('Ctrl Pts',(0.0331658131523284,0.,7.97972778131196));
#1296=CARTESIAN_POINT('Ctrl Pts',(0.0331658131523284,-0.0331658131523284,
7.97972778131196));
#1297=CARTESIAN_POINT('Ctrl Pts',(0.,-0.0331658131523284,7.97972778131196));
#1298=CARTESIAN_POINT('Ctrl Pts',(-0.0331658131523284,-0.0331658131523284,
7.97972778131196));
#1299=CARTESIAN_POINT('Ctrl Pts',(-0.0331658131523284,0.,7.97972778131196));
#1300=CARTESIAN_POINT('Ctrl Pts',(0.,0.,7.98));
#1301=CARTESIAN_POINT('Ctrl Pts',(0.,0.,7.98));
#1302=CARTESIAN_POINT('Ctrl Pts',(0.,0.,7.98));
#1303=CARTESIAN_POINT('Ctrl Pts',(0.,0.,7.98));
#1304=CARTESIAN_POINT('Ctrl Pts',(0.,0.,7.98));
#1305=CARTESIAN_POINT('Ctrl Pts',(0.,0.,7.98));
#1306=CARTESIAN_POINT('Ctrl Pts',(0.,0.,7.98));
#1307=CARTESIAN_POINT('Ctrl Pts',(0.,0.,7.98));
#1308=CARTESIAN_POINT('Ctrl Pts',(0.,0.,7.98));
#1309=CARTESIAN_POINT('',(-14.47,0.,2.29));
#1310=CARTESIAN_POINT('',(0.,0.,7.98));
#1311=CARTESIAN_POINT('Ctrl Pts',(-14.47,0.,2.29));
#1312=CARTESIAN_POINT('Ctrl Pts',(-14.4998698619714,0.,2.30517868656973));
#1313=CARTESIAN_POINT('Ctrl Pts',(-14.5591650996479,0.,2.33617189167526));
#1314=CARTESIAN_POINT('Ctrl Pts',(-14.6467744971364,0.,2.38456919540497));
#1315=CARTESIAN_POINT('Ctrl Pts',(-14.7609198096543,0.,2.45291435556342));
#1316=CARTESIAN_POINT('Ctrl Pts',(-14.8990887010333,0.,2.54472816907807));
#1317=CARTESIAN_POINT('Ctrl Pts',(-15.032545714569,0.,2.64298998934868));
#1318=CARTESIAN_POINT('Ctrl Pts',(-15.1608947268148,0.,2.74782793317651));
#1319=CARTESIAN_POINT('Ctrl Pts',(-15.2834775441698,0.,2.85945257957));
#1320=CARTESIAN_POINT('Ctrl Pts',(-15.3993080954847,0.,2.97817748027444));
#1321=CARTESIAN_POINT('Ctrl Pts',(-15.5071723295911,0.,3.10430838692091));
#1322=CARTESIAN_POINT('Ctrl Pts',(-15.6057287325553,0.,3.23803184542055));
#1323=CARTESIAN_POINT('Ctrl Pts',(-15.6936084799,0.,3.37930418314608));
#1324=CARTESIAN_POINT('Ctrl Pts',(-15.7695158852399,0.,3.52773975348252));
#1325=CARTESIAN_POINT('Ctrl Pts',(-15.8323283015481,0.,3.68250065628623));
#1326=CARTESIAN_POINT('Ctrl Pts',(-15.8811167938971,0.,3.84241167819246));
#1327=CARTESIAN_POINT('Ctrl Pts',(-15.9151674573025,0.,4.00607370079471));
#1328=CARTESIAN_POINT('Ctrl Pts',(-15.9340025140269,0.,4.17197736545951));
#1329=CARTESIAN_POINT('Ctrl Pts',(-15.9374018353248,0.,4.33861699274824));
#1330=CARTESIAN_POINT('Ctrl Pts',(-15.9254238396058,0.,4.50460316628533));
#1331=CARTESIAN_POINT('Ctrl Pts',(-15.8983694323434,0.,4.66865630623789));
#1332=CARTESIAN_POINT('Ctrl Pts',(-15.8567466627525,0.,4.82960156372171));
#1333=CARTESIAN_POINT('Ctrl Pts',(-15.8012352802648,0.,4.98636348754069));
#1334=CARTESIAN_POINT('Ctrl Pts',(-15.7326513121496,0.,5.13796034413918));
#1335=CARTESIAN_POINT('Ctrl Pts',(-15.6519120556015,0.,5.28350000791732));
#1336=CARTESIAN_POINT('Ctrl Pts',(-15.5600140142251,0.,5.42222626565839));
#1337=CARTESIAN_POINT('Ctrl Pts',(-15.4580105259334,0.,5.5535641041821));
#1338=CARTESIAN_POINT('Ctrl Pts',(-15.3469894816272,0.,5.67716470298655));
#1339=CARTESIAN_POINT('Ctrl Pts',(-15.2280511818856,0.,5.79295241977769));
#1340=CARTESIAN_POINT('Ctrl Pts',(-15.1022857429159,0.,5.90116612007579));
#1341=CARTESIAN_POINT('Ctrl Pts',(-14.9707397310029,0.,6.00226109763056));
#1342=CARTESIAN_POINT('Ctrl Pts',(-14.8343829918689,0.,6.09681586083067));
#1343=CARTESIAN_POINT('Ctrl Pts',(-14.6940757754654,0.,6.18543799330507));
#1344=CARTESIAN_POINT('Ctrl Pts',(-14.5505347766642,0.,6.2686685267438));
#1345=CARTESIAN_POINT('Ctrl Pts',(-14.4043021543476,0.,6.34689232321681));
#1346=CARTESIAN_POINT('Ctrl Pts',(-14.2557813163832,0.,6.42038831335716));
#1347=CARTESIAN_POINT('Ctrl Pts',(-14.1052700568177,0.,6.48937420385606));
#1348=CARTESIAN_POINT('Ctrl Pts',(-13.9529944333448,0.,6.55405280888675));
#1349=CARTESIAN_POINT('Ctrl Pts',(-13.7991427650218,0.,6.6146586744816));
#1350=CARTESIAN_POINT('Ctrl Pts',(-13.6438982255424,0.,6.67150179639887));
#1351=CARTESIAN_POINT('Ctrl Pts',(-13.4874370866779,0.,6.72493986329509));
#1352=CARTESIAN_POINT('Ctrl Pts',(-13.3299284347849,0.,6.77535345907227));
#1353=CARTESIAN_POINT('Ctrl Pts',(-13.1715332668454,0.,6.82312029321046));
#1354=CARTESIAN_POINT('Ctrl Pts',(-13.0124039913493,0.,6.86858955222361));
#1355=CARTESIAN_POINT('Ctrl Pts',(-12.8526833490405,0.,6.91205703421816));
#1356=CARTESIAN_POINT('Ctrl Pts',(-12.6924948366278,0.,6.95375999659177));
#1357=CARTESIAN_POINT('Ctrl Pts',(-12.5319333573352,0.,6.99387088552117));
#1358=CARTESIAN_POINT('Ctrl Pts',(-12.3710560561851,0.,7.03249177488823));
#1359=CARTESIAN_POINT('Ctrl Pts',(-12.2098724098959,0.,7.0696477449784));
#1360=CARTESIAN_POINT('Ctrl Pts',(-12.048336444786,0.,7.10528272939093));
#1361=CARTESIAN_POINT('Ctrl Pts',(-11.8863779770293,0.,7.13929925549234));
#1362=CARTESIAN_POINT('Ctrl Pts',(-11.7239322700777,0.,7.17159634725016));
#1363=CARTESIAN_POINT('Ctrl Pts',(-11.5609697466348,0.,7.20210764183077));
#1364=CARTESIAN_POINT('Ctrl Pts',(-11.3975269440279,0.,7.23084052373158));
#1365=CARTESIAN_POINT('Ctrl Pts',(-11.2337334317647,0.,7.25791175830213));
#1366=CARTESIAN_POINT('Ctrl Pts',(-11.069762715067,0.,7.28351556499806));
#1367=CARTESIAN_POINT('Ctrl Pts',(-10.9057864248803,0.,7.30789488128029));
#1368=CARTESIAN_POINT('Ctrl Pts',(-10.7419279528395,0.,7.33131155557059));
#1369=CARTESIAN_POINT('Ctrl Pts',(-10.5782147321843,0.,7.35401676551685));
#1370=CARTESIAN_POINT('Ctrl Pts',(-10.4145354798447,0.,7.37622203286204));
#1371=CARTESIAN_POINT('Ctrl Pts',(-10.2507071446163,0.,7.39808863797003));
#1372=CARTESIAN_POINT('Ctrl Pts',(-10.0865376592648,0.,7.41971602605055));
#1373=CARTESIAN_POINT('Ctrl Pts',(-9.92188937961372,0.,7.44113093952318));
#1374=CARTESIAN_POINT('Ctrl Pts',(-9.756744290057,0.,7.46227534846542));
#1375=CARTESIAN_POINT('Ctrl Pts',(-9.59126275497209,0.,7.48299727798348));
#1376=CARTESIAN_POINT('Ctrl Pts',(-9.42570105868148,0.,7.50310074705913));
#1377=CARTESIAN_POINT('Ctrl Pts',(-9.26033473603817,0.,7.52239338091672));
#1378=CARTESIAN_POINT('Ctrl Pts',(-9.0953802977023,0.,7.54073452724429));
#1379=CARTESIAN_POINT('Ctrl Pts',(-8.93091633079889,0.,7.55808402542199));
#1380=CARTESIAN_POINT('Ctrl Pts',(-8.76680840007058,0.,7.57454837760878));
#1381=CARTESIAN_POINT('Ctrl Pts',(-8.60279855042886,0.,7.59031901503787));
#1382=CARTESIAN_POINT('Ctrl Pts',(-8.43859117261883,0.,7.605612889887));
#1383=CARTESIAN_POINT('Ctrl Pts',(-8.27393941905262,0.,7.62061281505128));
#1384=CARTESIAN_POINT('Ctrl Pts',(-8.10873321138356,0.,7.63540651958391));
#1385=CARTESIAN_POINT('Ctrl Pts',(-7.94308153670332,0.,7.64993009274201));
#1386=CARTESIAN_POINT('Ctrl Pts',(-7.77722578698832,0.,7.66403975997862));
#1387=CARTESIAN_POINT('Ctrl Pts',(-7.61145844766758,0.,7.6775796925468));
#1388=CARTESIAN_POINT('Ctrl Pts',(-7.44604023075463,0.,7.69045080819651));
#1389=CARTESIAN_POINT('Ctrl Pts',(-7.28111689816839,0.,7.70268028643389));
#1390=CARTESIAN_POINT('Ctrl Pts',(-7.11663886284605,0.,7.7144877295692));
#1391=CARTESIAN_POINT('Ctrl Pts',(-6.95242734197716,0.,7.72618512142083));
#1392=CARTESIAN_POINT('Ctrl Pts',(-6.78823762963525,0.,7.73807970474759));
#1393=CARTESIAN_POINT('Ctrl Pts',(-6.62382298853065,0.,7.7503768540127));
#1394=CARTESIAN_POINT('Ctrl Pts',(-6.45899924234854,0.,7.76308042504334));
#1395=CARTESIAN_POINT('Ctrl Pts',(-6.29370635749086,0.,7.775901076567));
#1396=CARTESIAN_POINT('Ctrl Pts',(-6.12798005173673,0.,7.78839196999015));
#1397=CARTESIAN_POINT('Ctrl Pts',(-5.96192641151748,0.,7.80007734598263));
#1398=CARTESIAN_POINT('Ctrl Pts',(-5.79569544185789,0.,7.8105828848362));
#1399=CARTESIAN_POINT('Ctrl Pts',(-5.62945503323578,0.,7.81976732756847));
#1400=CARTESIAN_POINT('Ctrl Pts',(-5.46336493484986,0.,7.82784811198573));
#1401=CARTESIAN_POINT('Ctrl Pts',(-5.29755984982599,0.,7.83525619015081));
#1402=CARTESIAN_POINT('Ctrl Pts',(-5.13213221578649,0.,7.84249684647884));
#1403=CARTESIAN_POINT('Ctrl Pts',(-4.96711521298071,0.,7.85000889631507));
#1404=CARTESIAN_POINT('Ctrl Pts',(-4.80246535969235,0.,7.85802323340693));
#1405=CARTESIAN_POINT('Ctrl Pts',(-4.63804605061685,0.,7.86642524973717));
#1406=CARTESIAN_POINT('Ctrl Pts',(-4.47366999969315,0.,7.87489050536479));
#1407=CARTESIAN_POINT('Ctrl Pts',(-4.30914096289898,0.,7.8830167401225));
#1408=CARTESIAN_POINT('Ctrl Pts',(-4.14429537393691,0.,7.89045606306811));
#1409=CARTESIAN_POINT('Ctrl Pts',(-3.97904482511534,0.,7.89704969914665));
#1410=CARTESIAN_POINT('Ctrl Pts',(-3.81341598169644,0.,7.90295436755819));
#1411=CARTESIAN_POINT('Ctrl Pts',(-3.64751096063097,0.,7.90850781726232));
#1412=CARTESIAN_POINT('Ctrl Pts',(-3.48147006121237,0.,7.91410196027529));
#1413=CARTESIAN_POINT('Ctrl Pts',(-3.31543383581772,0.,7.92005406212007));
#1414=CARTESIAN_POINT('Ctrl Pts',(-3.1495049864616,0.,7.9264767411423));
#1415=CARTESIAN_POINT('Ctrl Pts',(-2.983711606848,0.,7.9331539716571));
#1416=CARTESIAN_POINT('Ctrl Pts',(-2.81803001284794,0.,7.93967486221238));
#1417=CARTESIAN_POINT('Ctrl Pts',(-2.65240614310512,0.,7.9455614046544));
#1418=CARTESIAN_POINT('Ctrl Pts',(-2.48677740412664,0.,7.95039788263058));
#1419=CARTESIAN_POINT('Ctrl Pts',(-2.32109449206019,0.,7.95396086349615));
#1420=CARTESIAN_POINT('Ctrl Pts',(-2.15534274748843,0.,7.95634546626789));
#1421=CARTESIAN_POINT('Ctrl Pts',(-1.9895319166695,0.,7.95785882140162));
#1422=CARTESIAN_POINT('Ctrl Pts',(-1.82368647110606,0.,7.95891755867748));
#1423=CARTESIAN_POINT('Ctrl Pts',(-1.65783574717333,0.,7.95994409529103));
#1424=CARTESIAN_POINT('Ctrl Pts',(-1.4920041169929,0.,7.96126289232477));
#1425=CARTESIAN_POINT('Ctrl Pts',(-1.32620128065885,0.,7.9629982436881));
#1426=CARTESIAN_POINT('Ctrl Pts',(-1.16042608811013,0.,7.96512651369981));
#1427=CARTESIAN_POINT('Ctrl Pts',(-0.994670195862497,0.,7.96752651414495));
#1428=CARTESIAN_POINT('Ctrl Pts',(-0.8289217783064,0.,7.97003047669283));
#1429=CARTESIAN_POINT('Ctrl Pts',(-0.663169221641828,0.,7.97247485343898));
#1430=CARTESIAN_POINT('Ctrl Pts',(-0.497404802619709,0.,7.97475087917991));
#1431=CARTESIAN_POINT('Ctrl Pts',(-0.331623889903852,0.,7.97679333380669));
#1432=CARTESIAN_POINT('Ctrl Pts',(-0.198984117703543,0.,7.97821442917647));
#1433=CARTESIAN_POINT('Ctrl Pts',(-0.099495482871417,0.,7.97915566051158));
#1434=CARTESIAN_POINT('Ctrl Pts',(-0.0331658131523284,0.,7.97972778131196));
#1435=CARTESIAN_POINT('Ctrl Pts',(0.,0.,7.98));
#1436=CARTESIAN_POINT('Origin',(0.,0.,2.29));
#1437=CARTESIAN_POINT('Origin',(-11.555,0.,2.29));
#1438=CARTESIAN_POINT('',(11.555,-1.41507937641477E-15,2.29));
#1439=CARTESIAN_POINT('Origin',(0.,0.,2.29));
#1440=CARTESIAN_POINT('Origin',(0.,0.,2.09));
#1441=CARTESIAN_POINT('',(11.555,-1.41507937641477E-15,1.89));
#1442=CARTESIAN_POINT('Origin',(0.,0.,1.89));
#1443=CARTESIAN_POINT('',(11.555,-1.41507937641477E-15,2.09));
#1444=CARTESIAN_POINT('Origin',(-12.72,0.,1.89));
#1445=CARTESIAN_POINT('',(12.72,-1.55775072851543E-15,1.89));
#1446=CARTESIAN_POINT('Origin',(0.,0.,1.89));
#1447=CARTESIAN_POINT('Origin',(0.,0.,1.865));
#1448=CARTESIAN_POINT('',(12.77,-1.56387396251117E-15,1.84));
#1449=CARTESIAN_POINT('Origin',(0.,0.,1.84));
#1450=CARTESIAN_POINT('',(12.745,-1.5608123455133E-15,1.865));
#1451=CARTESIAN_POINT('Origin',(0.,0.,1.385));
#1452=CARTESIAN_POINT('',(12.77,-1.56387396251117E-15,0.93));
#1453=CARTESIAN_POINT('Origin',(0.,0.,0.93));
#1454=CARTESIAN_POINT('',(12.77,-1.56387396251117E-15,1.385));
#1455=CARTESIAN_POINT('Origin',(0.,0.,0.905));
#1456=CARTESIAN_POINT('',(-12.72,0.,0.88));
#1457=CARTESIAN_POINT('',(12.72,-1.55775072851543E-15,0.879999999999999));
#1458=CARTESIAN_POINT('Origin',(0.,0.,0.88));
#1459=CARTESIAN_POINT('Origin',(0.,0.,0.88));
#1460=CARTESIAN_POINT('',(12.745,-1.5608123455133E-15,0.905));
#1461=CARTESIAN_POINT('Ctrl Pts',(0.,0.,0.));
#1462=CARTESIAN_POINT('Ctrl Pts',(0.,0.,0.));
#1463=CARTESIAN_POINT('Ctrl Pts',(0.,0.,0.));
#1464=CARTESIAN_POINT('Ctrl Pts',(0.,0.,0.));
#1465=CARTESIAN_POINT('Ctrl Pts',(0.,0.,0.));
#1466=CARTESIAN_POINT('Ctrl Pts',(0.,0.,0.));
#1467=CARTESIAN_POINT('Ctrl Pts',(0.,0.,0.));
#1468=CARTESIAN_POINT('Ctrl Pts',(0.,0.,0.));
#1469=CARTESIAN_POINT('Ctrl Pts',(0.,0.,0.));
#1470=CARTESIAN_POINT('Ctrl Pts',(-0.0393253344363794,0.,0.000700691225356314));
#1471=CARTESIAN_POINT('Ctrl Pts',(-0.0393253344363794,0.0393253344363794,
0.000700691225356314));
#1472=CARTESIAN_POINT('Ctrl Pts',(0.,0.0393253344363794,0.000700691225356299));
#1473=CARTESIAN_POINT('Ctrl Pts',(0.0393253344363794,0.0393253344363794,
0.000700691225356285));
#1474=CARTESIAN_POINT('Ctrl Pts',(0.0393253344363794,0.,0.000700691225356285));
#1475=CARTESIAN_POINT('Ctrl Pts',(0.0393253344363794,-0.0393253344363794,
0.000700691225356285));
#1476=CARTESIAN_POINT('Ctrl Pts',(0.,-0.0393253344363794,0.000700691225356299));
#1477=CARTESIAN_POINT('Ctrl Pts',(-0.0393253344363794,-0.0393253344363794,
0.000700691225356314));
#1478=CARTESIAN_POINT('Ctrl Pts',(-0.0393253344363794,0.,0.000700691225356314));
#1479=CARTESIAN_POINT('Ctrl Pts',(-0.117954462876227,0.,0.00203694613273983));
#1480=CARTESIAN_POINT('Ctrl Pts',(-0.117954462876227,0.117954462876227,
0.00203694613273983));
#1481=CARTESIAN_POINT('Ctrl Pts',(0.,0.117954462876227,0.00203694613273984));
#1482=CARTESIAN_POINT('Ctrl Pts',(0.117954462876227,0.117954462876227,0.00203694613273986));
#1483=CARTESIAN_POINT('Ctrl Pts',(0.117954462876227,0.,0.00203694613273986));
#1484=CARTESIAN_POINT('Ctrl Pts',(0.117954462876227,-0.117954462876227,
0.00203694613273986));
#1485=CARTESIAN_POINT('Ctrl Pts',(0.,-0.117954462876227,0.00203694613273984));
#1486=CARTESIAN_POINT('Ctrl Pts',(-0.117954462876227,-0.117954462876227,
0.00203694613273983));
#1487=CARTESIAN_POINT('Ctrl Pts',(-0.117954462876227,0.,0.00203694613273983));
#1488=CARTESIAN_POINT('Ctrl Pts',(-0.235833534195787,0.,0.00384594574390731));
#1489=CARTESIAN_POINT('Ctrl Pts',(-0.235833534195787,0.235833534195787,
0.00384594574390731));
#1490=CARTESIAN_POINT('Ctrl Pts',(0.,0.235833534195787,0.00384594574390731));
#1491=CARTESIAN_POINT('Ctrl Pts',(0.235833534195787,0.235833534195787,0.00384594574390732));
#1492=CARTESIAN_POINT('Ctrl Pts',(0.235833534195787,0.,0.00384594574390732));
#1493=CARTESIAN_POINT('Ctrl Pts',(0.235833534195787,-0.235833534195787,
0.00384594574390732));
#1494=CARTESIAN_POINT('Ctrl Pts',(0.,-0.235833534195787,0.00384594574390731));
#1495=CARTESIAN_POINT('Ctrl Pts',(-0.235833534195787,-0.235833534195787,
0.00384594574390731));
#1496=CARTESIAN_POINT('Ctrl Pts',(-0.235833534195787,0.,0.00384594574390731));
#1497=CARTESIAN_POINT('Ctrl Pts',(-0.392876337135281,0.,0.00586703009756313));
#1498=CARTESIAN_POINT('Ctrl Pts',(-0.392876337135281,0.392876337135281,
0.00586703009756313));
#1499=CARTESIAN_POINT('Ctrl Pts',(0.,0.392876337135281,0.00586703009756311));
#1500=CARTESIAN_POINT('Ctrl Pts',(0.392876337135281,0.392876337135281,0.0058670300975631));
#1501=CARTESIAN_POINT('Ctrl Pts',(0.392876337135281,0.,0.0058670300975631));
#1502=CARTESIAN_POINT('Ctrl Pts',(0.392876337135281,-0.392876337135281,
0.0058670300975631));
#1503=CARTESIAN_POINT('Ctrl Pts',(0.,-0.392876337135281,0.00586703009756311));
#1504=CARTESIAN_POINT('Ctrl Pts',(-0.392876337135281,-0.392876337135281,
0.00586703009756313));
#1505=CARTESIAN_POINT('Ctrl Pts',(-0.392876337135281,0.,0.00586703009756313));
#1506=CARTESIAN_POINT('Ctrl Pts',(-0.588972236020243,0.,0.00776552418873617));
#1507=CARTESIAN_POINT('Ctrl Pts',(-0.588972236020243,0.588972236020243,
0.00776552418873617));
#1508=CARTESIAN_POINT('Ctrl Pts',(0.,0.588972236020243,0.00776552418873616));
#1509=CARTESIAN_POINT('Ctrl Pts',(0.588972236020243,0.588972236020243,0.00776552418873615));
#1510=CARTESIAN_POINT('Ctrl Pts',(0.588972236020243,0.,0.00776552418873615));
#1511=CARTESIAN_POINT('Ctrl Pts',(0.588972236020243,-0.588972236020243,
0.00776552418873615));
#1512=CARTESIAN_POINT('Ctrl Pts',(0.,-0.588972236020243,0.00776552418873616));
#1513=CARTESIAN_POINT('Ctrl Pts',(-0.588972236020243,-0.588972236020243,
0.00776552418873617));
#1514=CARTESIAN_POINT('Ctrl Pts',(-0.588972236020243,0.,0.00776552418873617));
#1515=CARTESIAN_POINT('Ctrl Pts',(-0.784884692219556,0.,0.00910870666351163));
#1516=CARTESIAN_POINT('Ctrl Pts',(-0.784884692219556,0.784884692219556,
0.00910870666351163));
#1517=CARTESIAN_POINT('Ctrl Pts',(0.,0.784884692219556,0.00910870666351163));
#1518=CARTESIAN_POINT('Ctrl Pts',(0.784884692219556,0.784884692219556,0.00910870666351163));
#1519=CARTESIAN_POINT('Ctrl Pts',(0.784884692219556,0.,0.00910870666351163));
#1520=CARTESIAN_POINT('Ctrl Pts',(0.784884692219556,-0.784884692219556,
0.00910870666351163));
#1521=CARTESIAN_POINT('Ctrl Pts',(0.,-0.784884692219556,0.00910870666351163));
#1522=CARTESIAN_POINT('Ctrl Pts',(-0.784884692219556,-0.784884692219556,
0.00910870666351163));
#1523=CARTESIAN_POINT('Ctrl Pts',(-0.784884692219556,0.,0.00910870666351163));
#1524=CARTESIAN_POINT('Ctrl Pts',(-0.980662422543658,0.,0.0100428650109362));
#1525=CARTESIAN_POINT('Ctrl Pts',(-0.980662422543657,0.980662422543657,
0.0100428650109362));
#1526=CARTESIAN_POINT('Ctrl Pts',(0.,0.980662422543658,0.0100428650109362));
#1527=CARTESIAN_POINT('Ctrl Pts',(0.980662422543657,0.980662422543657,0.0100428650109362));
#1528=CARTESIAN_POINT('Ctrl Pts',(0.980662422543658,0.,0.0100428650109362));
#1529=CARTESIAN_POINT('Ctrl Pts',(0.980662422543657,-0.980662422543657,
0.0100428650109362));
#1530=CARTESIAN_POINT('Ctrl Pts',(0.,-0.980662422543658,0.0100428650109362));
#1531=CARTESIAN_POINT('Ctrl Pts',(-0.980662422543657,-0.980662422543657,
0.0100428650109362));
#1532=CARTESIAN_POINT('Ctrl Pts',(-0.980662422543658,0.,0.0100428650109362));
#1533=CARTESIAN_POINT('Ctrl Pts',(-1.17638704725948,0.,0.0108130937644327));
#1534=CARTESIAN_POINT('Ctrl Pts',(-1.17638704725947,1.17638704725947,0.0108130937644327));
#1535=CARTESIAN_POINT('Ctrl Pts',(0.,1.17638704725948,0.0108130937644327));
#1536=CARTESIAN_POINT('Ctrl Pts',(1.17638704725947,1.17638704725947,0.0108130937644327));
#1537=CARTESIAN_POINT('Ctrl Pts',(1.17638704725948,0.,0.0108130937644327));
#1538=CARTESIAN_POINT('Ctrl Pts',(1.17638704725947,-1.17638704725947,0.0108130937644327));
#1539=CARTESIAN_POINT('Ctrl Pts',(0.,-1.17638704725948,0.0108130937644327));
#1540=CARTESIAN_POINT('Ctrl Pts',(-1.17638704725947,-1.17638704725947,0.0108130937644327));
#1541=CARTESIAN_POINT('Ctrl Pts',(-1.17638704725948,0.,0.0108130937644327));
#1542=CARTESIAN_POINT('Ctrl Pts',(-1.37218135977609,0.,0.011788139430006));
#1543=CARTESIAN_POINT('Ctrl Pts',(-1.37218135977609,1.37218135977609,0.011788139430006));
#1544=CARTESIAN_POINT('Ctrl Pts',(0.,1.37218135977609,0.011788139430006));
#1545=CARTESIAN_POINT('Ctrl Pts',(1.37218135977609,1.37218135977609,0.0117881394300059));
#1546=CARTESIAN_POINT('Ctrl Pts',(1.37218135977609,0.,0.0117881394300059));
#1547=CARTESIAN_POINT('Ctrl Pts',(1.37218135977609,-1.37218135977609,0.0117881394300059));
#1548=CARTESIAN_POINT('Ctrl Pts',(0.,-1.37218135977609,0.011788139430006));
#1549=CARTESIAN_POINT('Ctrl Pts',(-1.37218135977609,-1.37218135977609,0.011788139430006));
#1550=CARTESIAN_POINT('Ctrl Pts',(-1.37218135977609,0.,0.011788139430006));
#1551=CARTESIAN_POINT('Ctrl Pts',(-1.5681799235233,0.,0.0133763895918629));
#1552=CARTESIAN_POINT('Ctrl Pts',(-1.5681799235233,1.5681799235233,0.0133763895918629));
#1553=CARTESIAN_POINT('Ctrl Pts',(0.,1.5681799235233,0.0133763895918629));
#1554=CARTESIAN_POINT('Ctrl Pts',(1.5681799235233,1.5681799235233,0.0133763895918629));
#1555=CARTESIAN_POINT('Ctrl Pts',(1.5681799235233,0.,0.0133763895918629));
#1556=CARTESIAN_POINT('Ctrl Pts',(1.5681799235233,-1.5681799235233,0.0133763895918629));
#1557=CARTESIAN_POINT('Ctrl Pts',(0.,-1.5681799235233,0.0133763895918629));
#1558=CARTESIAN_POINT('Ctrl Pts',(-1.5681799235233,-1.5681799235233,0.0133763895918629));
#1559=CARTESIAN_POINT('Ctrl Pts',(-1.5681799235233,0.,0.0133763895918629));
#1560=CARTESIAN_POINT('Ctrl Pts',(-1.76449976667623,0.,0.0159421494311131));
#1561=CARTESIAN_POINT('Ctrl Pts',(-1.76449976667623,1.76449976667623,0.0159421494311131));
#1562=CARTESIAN_POINT('Ctrl Pts',(0.,1.76449976667623,0.0159421494311131));
#1563=CARTESIAN_POINT('Ctrl Pts',(1.76449976667623,1.76449976667623,0.0159421494311131));
#1564=CARTESIAN_POINT('Ctrl Pts',(1.76449976667623,0.,0.0159421494311131));
#1565=CARTESIAN_POINT('Ctrl Pts',(1.76449976667623,-1.76449976667623,0.0159421494311131));
#1566=CARTESIAN_POINT('Ctrl Pts',(0.,-1.76449976667623,0.0159421494311131));
#1567=CARTESIAN_POINT('Ctrl Pts',(-1.76449976667623,-1.76449976667623,0.0159421494311131));
#1568=CARTESIAN_POINT('Ctrl Pts',(-1.76449976667623,0.,0.0159421494311131));
#1569=CARTESIAN_POINT('Ctrl Pts',(-1.9612110787263,0.,0.0197219352314284));
#1570=CARTESIAN_POINT('Ctrl Pts',(-1.9612110787263,1.9612110787263,0.0197219352314284));
#1571=CARTESIAN_POINT('Ctrl Pts',(0.,1.9612110787263,0.0197219352314284));
#1572=CARTESIAN_POINT('Ctrl Pts',(1.9612110787263,1.9612110787263,0.0197219352314284));
#1573=CARTESIAN_POINT('Ctrl Pts',(1.9612110787263,0.,0.0197219352314284));
#1574=CARTESIAN_POINT('Ctrl Pts',(1.9612110787263,-1.9612110787263,0.0197219352314284));
#1575=CARTESIAN_POINT('Ctrl Pts',(0.,-1.9612110787263,0.0197219352314284));
#1576=CARTESIAN_POINT('Ctrl Pts',(-1.9612110787263,-1.9612110787263,0.0197219352314284));
#1577=CARTESIAN_POINT('Ctrl Pts',(-1.9612110787263,0.,0.0197219352314284));
#1578=CARTESIAN_POINT('Ctrl Pts',(-2.15830771398471,0.,0.0247402083777692));
#1579=CARTESIAN_POINT('Ctrl Pts',(-2.15830771398471,2.15830771398471,0.0247402083777692));
#1580=CARTESIAN_POINT('Ctrl Pts',(0.,2.15830771398471,0.0247402083777692));
#1581=CARTESIAN_POINT('Ctrl Pts',(2.15830771398471,2.15830771398471,0.0247402083777692));
#1582=CARTESIAN_POINT('Ctrl Pts',(2.15830771398471,0.,0.0247402083777692));
#1583=CARTESIAN_POINT('Ctrl Pts',(2.15830771398471,-2.15830771398471,0.0247402083777692));
#1584=CARTESIAN_POINT('Ctrl Pts',(0.,-2.15830771398471,0.0247402083777692));
#1585=CARTESIAN_POINT('Ctrl Pts',(-2.15830771398471,-2.15830771398471,0.0247402083777692));
#1586=CARTESIAN_POINT('Ctrl Pts',(-2.15830771398471,0.,0.0247402083777692));
#1587=CARTESIAN_POINT('Ctrl Pts',(-2.35567801581812,0.,0.0307260737996745));
#1588=CARTESIAN_POINT('Ctrl Pts',(-2.35567801581812,2.35567801581812,0.0307260737996745));
#1589=CARTESIAN_POINT('Ctrl Pts',(0.,2.35567801581812,0.0307260737996745));
#1590=CARTESIAN_POINT('Ctrl Pts',(2.35567801581812,2.35567801581812,0.0307260737996745));
#1591=CARTESIAN_POINT('Ctrl Pts',(2.35567801581812,0.,0.0307260737996745));
#1592=CARTESIAN_POINT('Ctrl Pts',(2.35567801581812,-2.35567801581812,0.0307260737996745));
#1593=CARTESIAN_POINT('Ctrl Pts',(0.,-2.35567801581812,0.0307260737996745));
#1594=CARTESIAN_POINT('Ctrl Pts',(-2.35567801581812,-2.35567801581812,0.0307260737996745));
#1595=CARTESIAN_POINT('Ctrl Pts',(-2.35567801581812,0.,0.0307260737996745));
#1596=CARTESIAN_POINT('Ctrl Pts',(-2.55314696025977,0.,0.0372421967253463));
#1597=CARTESIAN_POINT('Ctrl Pts',(-2.55314696025977,2.55314696025977,0.0372421967253463));
#1598=CARTESIAN_POINT('Ctrl Pts',(0.,2.55314696025977,0.0372421967253463));
#1599=CARTESIAN_POINT('Ctrl Pts',(2.55314696025977,2.55314696025977,0.0372421967253464));
#1600=CARTESIAN_POINT('Ctrl Pts',(2.55314696025977,0.,0.0372421967253464));
#1601=CARTESIAN_POINT('Ctrl Pts',(2.55314696025977,-2.55314696025977,0.0372421967253464));
#1602=CARTESIAN_POINT('Ctrl Pts',(0.,-2.55314696025977,0.0372421967253463));
#1603=CARTESIAN_POINT('Ctrl Pts',(-2.55314696025977,-2.55314696025977,0.0372421967253463));
#1604=CARTESIAN_POINT('Ctrl Pts',(-2.55314696025977,0.,0.0372421967253463));
#1605=CARTESIAN_POINT('Ctrl Pts',(-2.75051774531904,0.,0.043812054762316));
#1606=CARTESIAN_POINT('Ctrl Pts',(-2.75051774531903,2.75051774531903,0.043812054762316));
#1607=CARTESIAN_POINT('Ctrl Pts',(0.,2.75051774531904,0.043812054762316));
#1608=CARTESIAN_POINT('Ctrl Pts',(2.75051774531903,2.75051774531903,0.043812054762316));
#1609=CARTESIAN_POINT('Ctrl Pts',(2.75051774531904,0.,0.043812054762316));
#1610=CARTESIAN_POINT('Ctrl Pts',(2.75051774531903,-2.75051774531903,0.043812054762316));
#1611=CARTESIAN_POINT('Ctrl Pts',(0.,-2.75051774531904,0.043812054762316));
#1612=CARTESIAN_POINT('Ctrl Pts',(-2.75051774531903,-2.75051774531903,0.043812054762316));
#1613=CARTESIAN_POINT('Ctrl Pts',(-2.75051774531904,0.,0.043812054762316));
#1614=CARTESIAN_POINT('Ctrl Pts',(-2.94761363675917,0.,0.0500480741798025));
#1615=CARTESIAN_POINT('Ctrl Pts',(-2.94761363675917,2.94761363675917,0.0500480741798025));
#1616=CARTESIAN_POINT('Ctrl Pts',(0.,2.94761363675917,0.0500480741798025));
#1617=CARTESIAN_POINT('Ctrl Pts',(2.94761363675917,2.94761363675917,0.0500480741798025));
#1618=CARTESIAN_POINT('Ctrl Pts',(2.94761363675917,0.,0.0500480741798025));
#1619=CARTESIAN_POINT('Ctrl Pts',(2.94761363675917,-2.94761363675917,0.0500480741798025));
#1620=CARTESIAN_POINT('Ctrl Pts',(0.,-2.94761363675917,0.0500480741798025));
#1621=CARTESIAN_POINT('Ctrl Pts',(-2.94761363675917,-2.94761363675917,0.0500480741798025));
#1622=CARTESIAN_POINT('Ctrl Pts',(-2.94761363675917,0.,0.0500480741798025));
#1623=CARTESIAN_POINT('Ctrl Pts',(-3.14431947801981,0.,0.0557785782694006));
#1624=CARTESIAN_POINT('Ctrl Pts',(-3.14431947801981,3.14431947801981,0.0557785782694006));
#1625=CARTESIAN_POINT('Ctrl Pts',(0.,3.14431947801981,0.0557785782694006));
#1626=CARTESIAN_POINT('Ctrl Pts',(3.14431947801981,3.14431947801981,0.0557785782694006));
#1627=CARTESIAN_POINT('Ctrl Pts',(3.14431947801981,0.,0.0557785782694006));
#1628=CARTESIAN_POINT('Ctrl Pts',(3.14431947801981,-3.14431947801981,0.0557785782694006));
#1629=CARTESIAN_POINT('Ctrl Pts',(0.,-3.14431947801981,0.0557785782694006));
#1630=CARTESIAN_POINT('Ctrl Pts',(-3.14431947801981,-3.14431947801981,0.0557785782694006));
#1631=CARTESIAN_POINT('Ctrl Pts',(-3.14431947801981,0.,0.0557785782694006));
#1632=CARTESIAN_POINT('Ctrl Pts',(-3.34062408803301,0.,0.0611780000562672));
#1633=CARTESIAN_POINT('Ctrl Pts',(-3.34062408803301,3.34062408803301,0.0611780000562672));
#1634=CARTESIAN_POINT('Ctrl Pts',(0.,3.34062408803301,0.0611780000562672));
#1635=CARTESIAN_POINT('Ctrl Pts',(3.34062408803301,3.34062408803301,0.0611780000562672));
#1636=CARTESIAN_POINT('Ctrl Pts',(3.34062408803301,0.,0.0611780000562672));
#1637=CARTESIAN_POINT('Ctrl Pts',(3.34062408803301,-3.34062408803301,0.0611780000562672));
#1638=CARTESIAN_POINT('Ctrl Pts',(0.,-3.34062408803301,0.0611780000562672));
#1639=CARTESIAN_POINT('Ctrl Pts',(-3.34062408803301,-3.34062408803301,0.0611780000562672));
#1640=CARTESIAN_POINT('Ctrl Pts',(-3.34062408803301,0.,0.0611780000562672));
#1641=CARTESIAN_POINT('Ctrl Pts',(-3.53659282409054,0.,0.0666385132268303));
#1642=CARTESIAN_POINT('Ctrl Pts',(-3.53659282409054,3.53659282409054,0.0666385132268303));
#1643=CARTESIAN_POINT('Ctrl Pts',(0.,3.53659282409054,0.0666385132268303));
#1644=CARTESIAN_POINT('Ctrl Pts',(3.53659282409054,3.53659282409054,0.0666385132268303));
#1645=CARTESIAN_POINT('Ctrl Pts',(3.53659282409054,0.,0.0666385132268303));
#1646=CARTESIAN_POINT('Ctrl Pts',(3.53659282409054,-3.53659282409054,0.0666385132268303));
#1647=CARTESIAN_POINT('Ctrl Pts',(0.,-3.53659282409054,0.0666385132268303));
#1648=CARTESIAN_POINT('Ctrl Pts',(-3.53659282409054,-3.53659282409054,0.0666385132268303));
#1649=CARTESIAN_POINT('Ctrl Pts',(-3.53659282409054,0.,0.0666385132268303));
#1650=CARTESIAN_POINT('Ctrl Pts',(-3.73233945019154,0.,0.0726390983749239));
#1651=CARTESIAN_POINT('Ctrl Pts',(-3.73233945019154,3.73233945019154,0.0726390983749239));
#1652=CARTESIAN_POINT('Ctrl Pts',(0.,3.73233945019154,0.0726390983749239));
#1653=CARTESIAN_POINT('Ctrl Pts',(3.73233945019154,3.73233945019154,0.0726390983749239));
#1654=CARTESIAN_POINT('Ctrl Pts',(3.73233945019154,0.,0.0726390983749239));
#1655=CARTESIAN_POINT('Ctrl Pts',(3.73233945019154,-3.73233945019154,0.0726390983749239));
#1656=CARTESIAN_POINT('Ctrl Pts',(0.,-3.73233945019154,0.0726390983749239));
#1657=CARTESIAN_POINT('Ctrl Pts',(-3.73233945019154,-3.73233945019154,0.0726390983749239));
#1658=CARTESIAN_POINT('Ctrl Pts',(-3.73233945019154,0.,0.0726390983749239));
#1659=CARTESIAN_POINT('Ctrl Pts',(-3.92799832493429,0.,0.0796154597351655));
#1660=CARTESIAN_POINT('Ctrl Pts',(-3.92799832493429,3.92799832493429,0.0796154597351655));
#1661=CARTESIAN_POINT('Ctrl Pts',(0.,3.92799832493429,0.0796154597351655));
#1662=CARTESIAN_POINT('Ctrl Pts',(3.92799832493429,3.92799832493429,0.0796154597351655));
#1663=CARTESIAN_POINT('Ctrl Pts',(3.92799832493429,0.,0.0796154597351655));
#1664=CARTESIAN_POINT('Ctrl Pts',(3.92799832493429,-3.92799832493429,0.0796154597351655));
#1665=CARTESIAN_POINT('Ctrl Pts',(0.,-3.92799832493429,0.0796154597351655));
#1666=CARTESIAN_POINT('Ctrl Pts',(-3.92799832493429,-3.92799832493429,0.0796154597351655));
#1667=CARTESIAN_POINT('Ctrl Pts',(-3.92799832493429,0.,0.0796154597351655));
#1668=CARTESIAN_POINT('Ctrl Pts',(-4.12369656959965,0.,0.0878302349926201));
#1669=CARTESIAN_POINT('Ctrl Pts',(-4.12369656959965,4.12369656959965,0.0878302349926201));
#1670=CARTESIAN_POINT('Ctrl Pts',(0.,4.12369656959965,0.0878302349926201));
#1671=CARTESIAN_POINT('Ctrl Pts',(4.12369656959965,4.12369656959965,0.0878302349926201));
#1672=CARTESIAN_POINT('Ctrl Pts',(4.12369656959965,0.,0.0878302349926201));
#1673=CARTESIAN_POINT('Ctrl Pts',(4.12369656959965,-4.12369656959965,0.0878302349926201));
#1674=CARTESIAN_POINT('Ctrl Pts',(0.,-4.12369656959965,0.0878302349926201));
#1675=CARTESIAN_POINT('Ctrl Pts',(-4.12369656959965,-4.12369656959965,0.0878302349926201));
#1676=CARTESIAN_POINT('Ctrl Pts',(-4.12369656959965,0.,0.0878302349926201));
#1677=CARTESIAN_POINT('Ctrl Pts',(-4.31952606688962,0.,0.0972410224498707));
#1678=CARTESIAN_POINT('Ctrl Pts',(-4.31952606688962,4.31952606688962,0.0972410224498707));
#1679=CARTESIAN_POINT('Ctrl Pts',(0.,4.31952606688962,0.0972410224498707));
#1680=CARTESIAN_POINT('Ctrl Pts',(4.31952606688962,4.31952606688962,0.0972410224498707));
#1681=CARTESIAN_POINT('Ctrl Pts',(4.31952606688962,0.,0.0972410224498707));
#1682=CARTESIAN_POINT('Ctrl Pts',(4.31952606688962,-4.31952606688962,0.0972410224498707));
#1683=CARTESIAN_POINT('Ctrl Pts',(0.,-4.31952606688962,0.0972410224498707));
#1684=CARTESIAN_POINT('Ctrl Pts',(-4.31952606688962,-4.31952606688962,0.0972410224498707));
#1685=CARTESIAN_POINT('Ctrl Pts',(-4.31952606688962,0.,0.0972410224498707));
#1686=CARTESIAN_POINT('Ctrl Pts',(-4.51553961888451,0.,0.107605453783871));
#1687=CARTESIAN_POINT('Ctrl Pts',(-4.51553961888451,4.51553961888451,0.107605453783871));
#1688=CARTESIAN_POINT('Ctrl Pts',(0.,4.51553961888451,0.107605453783871));
#1689=CARTESIAN_POINT('Ctrl Pts',(4.51553961888451,4.51553961888451,0.107605453783871));
#1690=CARTESIAN_POINT('Ctrl Pts',(4.51553961888451,0.,0.107605453783871));
#1691=CARTESIAN_POINT('Ctrl Pts',(4.51553961888451,-4.51553961888451,0.107605453783871));
#1692=CARTESIAN_POINT('Ctrl Pts',(0.,-4.51553961888451,0.107605453783871));
#1693=CARTESIAN_POINT('Ctrl Pts',(-4.51553961888451,-4.51553961888451,0.107605453783871));
#1694=CARTESIAN_POINT('Ctrl Pts',(-4.51553961888451,0.,0.107605453783871));
#1695=CARTESIAN_POINT('Ctrl Pts',(-4.7117473178777,0.,0.118588150455251));
#1696=CARTESIAN_POINT('Ctrl Pts',(-4.7117473178777,4.7117473178777,0.118588150455251));
#1697=CARTESIAN_POINT('Ctrl Pts',(0.,4.7117473178777,0.118588150455251));
#1698=CARTESIAN_POINT('Ctrl Pts',(4.7117473178777,4.7117473178777,0.118588150455251));
#1699=CARTESIAN_POINT('Ctrl Pts',(4.7117473178777,0.,0.118588150455251));
#1700=CARTESIAN_POINT('Ctrl Pts',(4.7117473178777,-4.7117473178777,0.118588150455251));
#1701=CARTESIAN_POINT('Ctrl Pts',(0.,-4.7117473178777,0.118588150455251));
#1702=CARTESIAN_POINT('Ctrl Pts',(-4.7117473178777,-4.7117473178777,0.118588150455251));
#1703=CARTESIAN_POINT('Ctrl Pts',(-4.7117473178777,0.,0.118588150455251));
#1704=CARTESIAN_POINT('Ctrl Pts',(-4.90811272262076,0.,0.129867003300428));
#1705=CARTESIAN_POINT('Ctrl Pts',(-4.90811272262076,4.90811272262076,0.129867003300428));
#1706=CARTESIAN_POINT('Ctrl Pts',(0.,4.90811272262076,0.129867003300428));
#1707=CARTESIAN_POINT('Ctrl Pts',(4.90811272262076,4.90811272262076,0.129867003300428));
#1708=CARTESIAN_POINT('Ctrl Pts',(4.90811272262076,0.,0.129867003300428));
#1709=CARTESIAN_POINT('Ctrl Pts',(4.90811272262076,-4.90811272262076,0.129867003300428));
#1710=CARTESIAN_POINT('Ctrl Pts',(0.,-4.90811272262076,0.129867003300428));
#1711=CARTESIAN_POINT('Ctrl Pts',(-4.90811272262076,-4.90811272262076,0.129867003300428));
#1712=CARTESIAN_POINT('Ctrl Pts',(-4.90811272262076,0.,0.129867003300428));
#1713=CARTESIAN_POINT('Ctrl Pts',(-5.10454915024761,0.,0.141239186347445));
#1714=CARTESIAN_POINT('Ctrl Pts',(-5.10454915024761,5.10454915024761,0.141239186347445));
#1715=CARTESIAN_POINT('Ctrl Pts',(0.,5.10454915024761,0.141239186347445));
#1716=CARTESIAN_POINT('Ctrl Pts',(5.10454915024761,5.10454915024761,0.141239186347445));
#1717=CARTESIAN_POINT('Ctrl Pts',(5.10454915024761,0.,0.141239186347445));
#1718=CARTESIAN_POINT('Ctrl Pts',(5.10454915024761,-5.10454915024761,0.141239186347445));
#1719=CARTESIAN_POINT('Ctrl Pts',(0.,-5.10454915024761,0.141239186347445));
#1720=CARTESIAN_POINT('Ctrl Pts',(-5.10454915024761,-5.10454915024761,0.141239186347445));
#1721=CARTESIAN_POINT('Ctrl Pts',(-5.10454915024761,0.,0.141239186347445));
#1722=CARTESIAN_POINT('Ctrl Pts',(-5.30091553495614,0.,0.152728841022914));
#1723=CARTESIAN_POINT('Ctrl Pts',(-5.30091553495614,5.30091553495614,0.152728841022914));
#1724=CARTESIAN_POINT('Ctrl Pts',(0.,5.30091553495614,0.152728841022914));
#1725=CARTESIAN_POINT('Ctrl Pts',(5.30091553495614,5.30091553495614,0.152728841022914));
#1726=CARTESIAN_POINT('Ctrl Pts',(5.30091553495614,0.,0.152728841022914));
#1727=CARTESIAN_POINT('Ctrl Pts',(5.30091553495614,-5.30091553495614,0.152728841022914));
#1728=CARTESIAN_POINT('Ctrl Pts',(0.,-5.30091553495614,0.152728841022914));
#1729=CARTESIAN_POINT('Ctrl Pts',(-5.30091553495614,-5.30091553495614,0.152728841022914));
#1730=CARTESIAN_POINT('Ctrl Pts',(-5.30091553495614,0.,0.152728841022914));
#1731=CARTESIAN_POINT('Ctrl Pts',(-5.49705320987937,0.,0.16449899433907));
#1732=CARTESIAN_POINT('Ctrl Pts',(-5.49705320987937,5.49705320987937,0.16449899433907));
#1733=CARTESIAN_POINT('Ctrl Pts',(0.,5.49705320987937,0.16449899433907));
#1734=CARTESIAN_POINT('Ctrl Pts',(5.49705320987937,5.49705320987937,0.16449899433907));
#1735=CARTESIAN_POINT('Ctrl Pts',(5.49705320987937,0.,0.16449899433907));
#1736=CARTESIAN_POINT('Ctrl Pts',(5.49705320987937,-5.49705320987937,0.16449899433907));
#1737=CARTESIAN_POINT('Ctrl Pts',(0.,-5.49705320987937,0.16449899433907));
#1738=CARTESIAN_POINT('Ctrl Pts',(-5.49705320987937,-5.49705320987937,0.16449899433907));
#1739=CARTESIAN_POINT('Ctrl Pts',(-5.49705320987937,0.,0.16449899433907));
#1740=CARTESIAN_POINT('Ctrl Pts',(-5.6928229645788,0.,0.176762023354105));
#1741=CARTESIAN_POINT('Ctrl Pts',(-5.69282296457879,5.69282296457879,0.176762023354105));
#1742=CARTESIAN_POINT('Ctrl Pts',(0.,5.6928229645788,0.176762023354105));
#1743=CARTESIAN_POINT('Ctrl Pts',(5.69282296457879,5.69282296457879,0.176762023354105));
#1744=CARTESIAN_POINT('Ctrl Pts',(5.6928229645788,0.,0.176762023354105));
#1745=CARTESIAN_POINT('Ctrl Pts',(5.69282296457879,-5.69282296457879,0.176762023354105));
#1746=CARTESIAN_POINT('Ctrl Pts',(0.,-5.6928229645788,0.176762023354105));
#1747=CARTESIAN_POINT('Ctrl Pts',(-5.69282296457879,-5.69282296457879,0.176762023354105));
#1748=CARTESIAN_POINT('Ctrl Pts',(-5.6928229645788,0.,0.176762023354105));
#1749=CARTESIAN_POINT('Ctrl Pts',(-5.88814212768073,0.,0.189690552622053));
#1750=CARTESIAN_POINT('Ctrl Pts',(-5.88814212768073,5.88814212768073,0.189690552622053));
#1751=CARTESIAN_POINT('Ctrl Pts',(0.,5.88814212768073,0.189690552622053));
#1752=CARTESIAN_POINT('Ctrl Pts',(5.88814212768073,5.88814212768073,0.189690552622053));
#1753=CARTESIAN_POINT('Ctrl Pts',(5.88814212768073,0.,0.189690552622053));
#1754=CARTESIAN_POINT('Ctrl Pts',(5.88814212768073,-5.88814212768073,0.189690552622053));
#1755=CARTESIAN_POINT('Ctrl Pts',(0.,-5.88814212768073,0.189690552622053));
#1756=CARTESIAN_POINT('Ctrl Pts',(-5.88814212768073,-5.88814212768073,0.189690552622053));
#1757=CARTESIAN_POINT('Ctrl Pts',(-5.88814212768073,0.,0.189690552622053));
#1758=CARTESIAN_POINT('Ctrl Pts',(-6.08302146341898,0.,0.203328648537569));
#1759=CARTESIAN_POINT('Ctrl Pts',(-6.08302146341898,6.08302146341898,0.203328648537569));
#1760=CARTESIAN_POINT('Ctrl Pts',(0.,6.08302146341898,0.203328648537569));
#1761=CARTESIAN_POINT('Ctrl Pts',(6.08302146341898,6.08302146341898,0.203328648537569));
#1762=CARTESIAN_POINT('Ctrl Pts',(6.08302146341898,0.,0.203328648537569));
#1763=CARTESIAN_POINT('Ctrl Pts',(6.08302146341898,-6.08302146341898,0.203328648537569));
#1764=CARTESIAN_POINT('Ctrl Pts',(0.,-6.08302146341898,0.203328648537569));
#1765=CARTESIAN_POINT('Ctrl Pts',(-6.08302146341898,-6.08302146341898,0.203328648537569));
#1766=CARTESIAN_POINT('Ctrl Pts',(-6.08302146341898,0.,0.203328648537569));
#1767=CARTESIAN_POINT('Ctrl Pts',(-6.2776029883541,0.,0.217501313777199));
#1768=CARTESIAN_POINT('Ctrl Pts',(-6.27760298835409,6.27760298835409,0.217501313777199));
#1769=CARTESIAN_POINT('Ctrl Pts',(0.,6.2776029883541,0.217501313777199));
#1770=CARTESIAN_POINT('Ctrl Pts',(6.27760298835409,6.27760298835409,0.217501313777199));
#1771=CARTESIAN_POINT('Ctrl Pts',(6.2776029883541,0.,0.217501313777199));
#1772=CARTESIAN_POINT('Ctrl Pts',(6.27760298835409,-6.27760298835409,0.217501313777199));
#1773=CARTESIAN_POINT('Ctrl Pts',(0.,-6.2776029883541,0.217501313777199));
#1774=CARTESIAN_POINT('Ctrl Pts',(-6.27760298835409,-6.27760298835409,0.217501313777199));
#1775=CARTESIAN_POINT('Ctrl Pts',(-6.2776029883541,0.,0.217501313777199));
#1776=CARTESIAN_POINT('Ctrl Pts',(-6.47210390772872,0.,0.231911252612839));
#1777=CARTESIAN_POINT('Ctrl Pts',(-6.47210390772871,6.47210390772871,0.231911252612839));
#1778=CARTESIAN_POINT('Ctrl Pts',(0.,6.47210390772872,0.231911252612839));
#1779=CARTESIAN_POINT('Ctrl Pts',(6.47210390772871,6.47210390772871,0.231911252612839));
#1780=CARTESIAN_POINT('Ctrl Pts',(6.47210390772872,0.,0.231911252612839));
#1781=CARTESIAN_POINT('Ctrl Pts',(6.47210390772871,-6.47210390772871,0.231911252612839));
#1782=CARTESIAN_POINT('Ctrl Pts',(0.,-6.47210390772872,0.231911252612839));
#1783=CARTESIAN_POINT('Ctrl Pts',(-6.47210390772871,-6.47210390772871,0.231911252612839));
#1784=CARTESIAN_POINT('Ctrl Pts',(-6.47210390772872,0.,0.231911252612839));
#1785=CARTESIAN_POINT('Ctrl Pts',(-6.66675970654171,0.,0.246237354951414));
#1786=CARTESIAN_POINT('Ctrl Pts',(-6.66675970654171,6.66675970654171,0.246237354951414));
#1787=CARTESIAN_POINT('Ctrl Pts',(0.,6.66675970654171,0.246237354951414));
#1788=CARTESIAN_POINT('Ctrl Pts',(6.66675970654171,6.66675970654171,0.246237354951414));
#1789=CARTESIAN_POINT('Ctrl Pts',(6.66675970654171,0.,0.246237354951414));
#1790=CARTESIAN_POINT('Ctrl Pts',(6.66675970654171,-6.66675970654171,0.246237354951414));
#1791=CARTESIAN_POINT('Ctrl Pts',(0.,-6.66675970654171,0.246237354951414));
#1792=CARTESIAN_POINT('Ctrl Pts',(-6.66675970654171,-6.66675970654171,0.246237354951414));
#1793=CARTESIAN_POINT('Ctrl Pts',(-6.66675970654171,0.,0.246237354951414));
#1794=CARTESIAN_POINT('Ctrl Pts',(-6.8617677381636,0.,0.260232225407735));
#1795=CARTESIAN_POINT('Ctrl Pts',(-6.8617677381636,6.8617677381636,0.260232225407735));
#1796=CARTESIAN_POINT('Ctrl Pts',(0.,6.8617677381636,0.260232225407735));
#1797=CARTESIAN_POINT('Ctrl Pts',(6.8617677381636,6.8617677381636,0.260232225407735));
#1798=CARTESIAN_POINT('Ctrl Pts',(6.8617677381636,0.,0.260232225407735));
#1799=CARTESIAN_POINT('Ctrl Pts',(6.8617677381636,-6.8617677381636,0.260232225407735));
#1800=CARTESIAN_POINT('Ctrl Pts',(0.,-6.8617677381636,0.260232225407735));
#1801=CARTESIAN_POINT('Ctrl Pts',(-6.8617677381636,-6.8617677381636,0.260232225407735));
#1802=CARTESIAN_POINT('Ctrl Pts',(-6.8617677381636,0.,0.260232225407735));
#1803=CARTESIAN_POINT('Ctrl Pts',(-7.0572302658556,0.,0.273820733553885));
#1804=CARTESIAN_POINT('Ctrl Pts',(-7.0572302658556,7.0572302658556,0.273820733553885));
#1805=CARTESIAN_POINT('Ctrl Pts',(0.,7.0572302658556,0.273820733553885));
#1806=CARTESIAN_POINT('Ctrl Pts',(7.0572302658556,7.0572302658556,0.273820733553885));
#1807=CARTESIAN_POINT('Ctrl Pts',(7.0572302658556,0.,0.273820733553885));
#1808=CARTESIAN_POINT('Ctrl Pts',(7.0572302658556,-7.0572302658556,0.273820733553885));
#1809=CARTESIAN_POINT('Ctrl Pts',(0.,-7.0572302658556,0.273820733553885));
#1810=CARTESIAN_POINT('Ctrl Pts',(-7.0572302658556,-7.0572302658556,0.273820733553885));
#1811=CARTESIAN_POINT('Ctrl Pts',(-7.0572302658556,0.,0.273820733553885));
#1812=CARTESIAN_POINT('Ctrl Pts',(-7.25309843969983,0.,0.287196858771228));
#1813=CARTESIAN_POINT('Ctrl Pts',(-7.25309843969983,7.25309843969983,0.287196858771228));
#1814=CARTESIAN_POINT('Ctrl Pts',(0.,7.25309843969983,0.287196858771228));
#1815=CARTESIAN_POINT('Ctrl Pts',(7.25309843969983,7.25309843969983,0.287196858771228));
#1816=CARTESIAN_POINT('Ctrl Pts',(7.25309843969983,0.,0.287196858771228));
#1817=CARTESIAN_POINT('Ctrl Pts',(7.25309843969983,-7.25309843969983,0.287196858771228));
#1818=CARTESIAN_POINT('Ctrl Pts',(0.,-7.25309843969983,0.287196858771228));
#1819=CARTESIAN_POINT('Ctrl Pts',(-7.25309843969983,-7.25309843969983,0.287196858771228));
#1820=CARTESIAN_POINT('Ctrl Pts',(-7.25309843969983,0.,0.287196858771228));
#1821=CARTESIAN_POINT('Ctrl Pts',(-7.44922795262131,0.,0.300718519425473));
#1822=CARTESIAN_POINT('Ctrl Pts',(-7.4492279526213,7.4492279526213,0.300718519425473));
#1823=CARTESIAN_POINT('Ctrl Pts',(0.,7.44922795262131,0.300718519425473));
#1824=CARTESIAN_POINT('Ctrl Pts',(7.4492279526213,7.4492279526213,0.300718519425473));
#1825=CARTESIAN_POINT('Ctrl Pts',(7.44922795262131,0.,0.300718519425473));
#1826=CARTESIAN_POINT('Ctrl Pts',(7.4492279526213,-7.4492279526213,0.300718519425473));
#1827=CARTESIAN_POINT('Ctrl Pts',(0.,-7.44922795262131,0.300718519425473));
#1828=CARTESIAN_POINT('Ctrl Pts',(-7.4492279526213,-7.4492279526213,0.300718519425473));
#1829=CARTESIAN_POINT('Ctrl Pts',(-7.44922795262131,0.,0.300718519425473));
#1830=CARTESIAN_POINT('Ctrl Pts',(-7.64543368207303,0.,0.314804222758145));
#1831=CARTESIAN_POINT('Ctrl Pts',(-7.64543368207303,7.64543368207303,0.314804222758145));
#1832=CARTESIAN_POINT('Ctrl Pts',(0.,7.64543368207303,0.314804222758145));
#1833=CARTESIAN_POINT('Ctrl Pts',(7.64543368207303,7.64543368207303,0.314804222758145));
#1834=CARTESIAN_POINT('Ctrl Pts',(7.64543368207303,0.,0.314804222758145));
#1835=CARTESIAN_POINT('Ctrl Pts',(7.64543368207303,-7.64543368207303,0.314804222758145));
#1836=CARTESIAN_POINT('Ctrl Pts',(0.,-7.64543368207303,0.314804222758145));
#1837=CARTESIAN_POINT('Ctrl Pts',(-7.64543368207303,-7.64543368207303,0.314804222758145));
#1838=CARTESIAN_POINT('Ctrl Pts',(-7.64543368207303,0.,0.314804222758145));
#1839=CARTESIAN_POINT('Ctrl Pts',(-7.84154452170678,0.,0.329829348143293));
#1840=CARTESIAN_POINT('Ctrl Pts',(-7.84154452170678,7.84154452170678,0.329829348143293));
#1841=CARTESIAN_POINT('Ctrl Pts',(0.,7.84154452170678,0.329829348143293));
#1842=CARTESIAN_POINT('Ctrl Pts',(7.84154452170678,7.84154452170678,0.329829348143293));
#1843=CARTESIAN_POINT('Ctrl Pts',(7.84154452170678,0.,0.329829348143293));
#1844=CARTESIAN_POINT('Ctrl Pts',(7.84154452170678,-7.84154452170678,0.329829348143293));
#1845=CARTESIAN_POINT('Ctrl Pts',(0.,-7.84154452170678,0.329829348143293));
#1846=CARTESIAN_POINT('Ctrl Pts',(-7.84154452170678,-7.84154452170678,0.329829348143293));
#1847=CARTESIAN_POINT('Ctrl Pts',(-7.84154452170678,0.,0.329829348143293));
#1848=CARTESIAN_POINT('Ctrl Pts',(-8.03745834763999,0.,0.346022171189193));
#1849=CARTESIAN_POINT('Ctrl Pts',(-8.03745834763999,8.03745834763999,0.346022171189193));
#1850=CARTESIAN_POINT('Ctrl Pts',(0.,8.03745834763999,0.346022171189193));
#1851=CARTESIAN_POINT('Ctrl Pts',(8.03745834763999,8.03745834763999,0.346022171189193));
#1852=CARTESIAN_POINT('Ctrl Pts',(8.03745834763999,0.,0.346022171189193));
#1853=CARTESIAN_POINT('Ctrl Pts',(8.03745834763999,-8.03745834763999,0.346022171189193));
#1854=CARTESIAN_POINT('Ctrl Pts',(0.,-8.03745834763999,0.346022171189193));
#1855=CARTESIAN_POINT('Ctrl Pts',(-8.03745834763999,-8.03745834763999,0.346022171189193));
#1856=CARTESIAN_POINT('Ctrl Pts',(-8.03745834763999,0.,0.346022171189193));
#1857=CARTESIAN_POINT('Ctrl Pts',(-8.23319640398727,0.,0.363360880090292));
#1858=CARTESIAN_POINT('Ctrl Pts',(-8.23319640398726,8.23319640398726,0.363360880090292));
#1859=CARTESIAN_POINT('Ctrl Pts',(0.,8.23319640398727,0.363360880090292));
#1860=CARTESIAN_POINT('Ctrl Pts',(8.23319640398726,8.23319640398726,0.363360880090292));
#1861=CARTESIAN_POINT('Ctrl Pts',(8.23319640398727,0.,0.363360880090292));
#1862=CARTESIAN_POINT('Ctrl Pts',(8.23319640398726,-8.23319640398726,0.363360880090292));
#1863=CARTESIAN_POINT('Ctrl Pts',(0.,-8.23319640398727,0.363360880090292));
#1864=CARTESIAN_POINT('Ctrl Pts',(-8.23319640398726,-8.23319640398726,0.363360880090292));
#1865=CARTESIAN_POINT('Ctrl Pts',(-8.23319640398727,0.,0.363360880090292));
#1866=CARTESIAN_POINT('Ctrl Pts',(-8.42885339876914,0.,0.381655467895357));
#1867=CARTESIAN_POINT('Ctrl Pts',(-8.42885339876914,8.42885339876914,0.381655467895357));
#1868=CARTESIAN_POINT('Ctrl Pts',(0.,8.42885339876914,0.381655467895357));
#1869=CARTESIAN_POINT('Ctrl Pts',(8.42885339876914,8.42885339876914,0.381655467895357));
#1870=CARTESIAN_POINT('Ctrl Pts',(8.42885339876914,0.,0.381655467895357));
#1871=CARTESIAN_POINT('Ctrl Pts',(8.42885339876914,-8.42885339876914,0.381655467895357));
#1872=CARTESIAN_POINT('Ctrl Pts',(0.,-8.42885339876914,0.381655467895357));
#1873=CARTESIAN_POINT('Ctrl Pts',(-8.42885339876914,-8.42885339876914,0.381655467895357));
#1874=CARTESIAN_POINT('Ctrl Pts',(-8.42885339876914,0.,0.381655467895357));
#1875=CARTESIAN_POINT('Ctrl Pts',(-8.62454839776308,0.,0.400628152953368));
#1876=CARTESIAN_POINT('Ctrl Pts',(-8.62454839776308,8.62454839776308,0.400628152953368));
#1877=CARTESIAN_POINT('Ctrl Pts',(0.,8.62454839776308,0.400628152953368));
#1878=CARTESIAN_POINT('Ctrl Pts',(8.62454839776308,8.62454839776308,0.400628152953368));
#1879=CARTESIAN_POINT('Ctrl Pts',(8.62454839776308,0.,0.400628152953368));
#1880=CARTESIAN_POINT('Ctrl Pts',(8.62454839776308,-8.62454839776308,0.400628152953368));
#1881=CARTESIAN_POINT('Ctrl Pts',(0.,-8.62454839776308,0.400628152953368));
#1882=CARTESIAN_POINT('Ctrl Pts',(-8.62454839776308,-8.62454839776308,0.400628152953368));
#1883=CARTESIAN_POINT('Ctrl Pts',(-8.62454839776308,0.,0.400628152953368));
#1884=CARTESIAN_POINT('Ctrl Pts',(-8.82037550696751,0.,0.419994133372945));
#1885=CARTESIAN_POINT('Ctrl Pts',(-8.82037550696751,8.82037550696751,0.419994133372945));
#1886=CARTESIAN_POINT('Ctrl Pts',(0.,8.82037550696751,0.419994133372945));
#1887=CARTESIAN_POINT('Ctrl Pts',(8.82037550696751,8.82037550696751,0.419994133372945));
#1888=CARTESIAN_POINT('Ctrl Pts',(8.82037550696751,0.,0.419994133372945));
#1889=CARTESIAN_POINT('Ctrl Pts',(8.82037550696751,-8.82037550696751,0.419994133372945));
#1890=CARTESIAN_POINT('Ctrl Pts',(0.,-8.82037550696751,0.419994133372945));
#1891=CARTESIAN_POINT('Ctrl Pts',(-8.82037550696751,-8.82037550696751,0.419994133372945));
#1892=CARTESIAN_POINT('Ctrl Pts',(-8.82037550696751,0.,0.419994133372945));
#1893=CARTESIAN_POINT('Ctrl Pts',(-9.0163545698027,0.,0.439542212532067));
#1894=CARTESIAN_POINT('Ctrl Pts',(-9.0163545698027,9.0163545698027,0.439542212532067));
#1895=CARTESIAN_POINT('Ctrl Pts',(0.,9.0163545698027,0.439542212532067));
#1896=CARTESIAN_POINT('Ctrl Pts',(9.0163545698027,9.0163545698027,0.439542212532067));
#1897=CARTESIAN_POINT('Ctrl Pts',(9.0163545698027,0.,0.439542212532067));
#1898=CARTESIAN_POINT('Ctrl Pts',(9.0163545698027,-9.0163545698027,0.439542212532067));
#1899=CARTESIAN_POINT('Ctrl Pts',(0.,-9.0163545698027,0.439542212532067));
#1900=CARTESIAN_POINT('Ctrl Pts',(-9.0163545698027,-9.0163545698027,0.439542212532067));
#1901=CARTESIAN_POINT('Ctrl Pts',(-9.0163545698027,0.,0.439542212532067));
#1902=CARTESIAN_POINT('Ctrl Pts',(-9.21238192022098,0.,0.459215358886984));
#1903=CARTESIAN_POINT('Ctrl Pts',(-9.21238192022098,9.21238192022098,0.459215358886984));
#1904=CARTESIAN_POINT('Ctrl Pts',(0.,9.21238192022098,0.459215358886984));
#1905=CARTESIAN_POINT('Ctrl Pts',(9.21238192022098,9.21238192022098,0.459215358886984));
#1906=CARTESIAN_POINT('Ctrl Pts',(9.21238192022098,0.,0.459215358886984));
#1907=CARTESIAN_POINT('Ctrl Pts',(9.21238192022098,-9.21238192022098,0.459215358886984));
#1908=CARTESIAN_POINT('Ctrl Pts',(0.,-9.21238192022098,0.459215358886984));
#1909=CARTESIAN_POINT('Ctrl Pts',(-9.21238192022098,-9.21238192022098,0.459215358886984));
#1910=CARTESIAN_POINT('Ctrl Pts',(-9.21238192022098,0.,0.459215358886984));
#1911=CARTESIAN_POINT('Ctrl Pts',(-9.40828661322701,0.,0.479064377342554));
#1912=CARTESIAN_POINT('Ctrl Pts',(-9.40828661322701,9.40828661322701,0.479064377342554));
#1913=CARTESIAN_POINT('Ctrl Pts',(0.,9.40828661322701,0.479064377342554));
#1914=CARTESIAN_POINT('Ctrl Pts',(9.40828661322701,9.40828661322701,0.479064377342554));
#1915=CARTESIAN_POINT('Ctrl Pts',(9.40828661322701,0.,0.479064377342554));
#1916=CARTESIAN_POINT('Ctrl Pts',(9.40828661322701,-9.40828661322701,0.479064377342554));
#1917=CARTESIAN_POINT('Ctrl Pts',(0.,-9.40828661322701,0.479064377342554));
#1918=CARTESIAN_POINT('Ctrl Pts',(-9.40828661322701,-9.40828661322701,0.479064377342554));
#1919=CARTESIAN_POINT('Ctrl Pts',(-9.40828661322701,0.,0.479064377342554));
#1920=CARTESIAN_POINT('Ctrl Pts',(-9.60388632770995,0.,0.499201985633423));
#1921=CARTESIAN_POINT('Ctrl Pts',(-9.60388632770995,9.60388632770995,0.499201985633423));
#1922=CARTESIAN_POINT('Ctrl Pts',(0.,9.60388632770995,0.499201985633423));
#1923=CARTESIAN_POINT('Ctrl Pts',(9.60388632770995,9.60388632770995,0.499201985633423));
#1924=CARTESIAN_POINT('Ctrl Pts',(9.60388632770995,0.,0.499201985633423));
#1925=CARTESIAN_POINT('Ctrl Pts',(9.60388632770995,-9.60388632770995,0.499201985633423));
#1926=CARTESIAN_POINT('Ctrl Pts',(0.,-9.60388632770995,0.499201985633423));
#1927=CARTESIAN_POINT('Ctrl Pts',(-9.60388632770995,-9.60388632770995,0.499201985633423));
#1928=CARTESIAN_POINT('Ctrl Pts',(-9.60388632770995,0.,0.499201985633423));
#1929=CARTESIAN_POINT('Ctrl Pts',(-9.79904342674732,0.,0.519756810765557));
#1930=CARTESIAN_POINT('Ctrl Pts',(-9.79904342674732,9.79904342674732,0.519756810765557));
#1931=CARTESIAN_POINT('Ctrl Pts',(0.,9.79904342674732,0.519756810765557));
#1932=CARTESIAN_POINT('Ctrl Pts',(9.79904342674732,9.79904342674732,0.519756810765557));
#1933=CARTESIAN_POINT('Ctrl Pts',(9.79904342674732,0.,0.519756810765557));
#1934=CARTESIAN_POINT('Ctrl Pts',(9.79904342674732,-9.79904342674732,0.519756810765557));
#1935=CARTESIAN_POINT('Ctrl Pts',(0.,-9.79904342674732,0.519756810765557));
#1936=CARTESIAN_POINT('Ctrl Pts',(-9.79904342674732,-9.79904342674732,0.519756810765557));
#1937=CARTESIAN_POINT('Ctrl Pts',(-9.79904342674732,0.,0.519756810765557));
#1938=CARTESIAN_POINT('Ctrl Pts',(-9.99372082315418,0.,0.540827568885968));
#1939=CARTESIAN_POINT('Ctrl Pts',(-9.99372082315418,9.99372082315418,0.540827568885968));
#1940=CARTESIAN_POINT('Ctrl Pts',(0.,9.99372082315418,0.540827568885968));
#1941=CARTESIAN_POINT('Ctrl Pts',(9.99372082315418,9.99372082315418,0.540827568885968));
#1942=CARTESIAN_POINT('Ctrl Pts',(9.99372082315418,0.,0.540827568885968));
#1943=CARTESIAN_POINT('Ctrl Pts',(9.99372082315418,-9.99372082315418,0.540827568885968));
#1944=CARTESIAN_POINT('Ctrl Pts',(0.,-9.99372082315418,0.540827568885968));
#1945=CARTESIAN_POINT('Ctrl Pts',(-9.99372082315418,-9.99372082315418,0.540827568885968));
#1946=CARTESIAN_POINT('Ctrl Pts',(-9.99372082315418,0.,0.540827568885968));
#1947=CARTESIAN_POINT('Ctrl Pts',(-10.1880385592231,0.,0.562436850261131));
#1948=CARTESIAN_POINT('Ctrl Pts',(-10.1880385592231,10.1880385592231,0.562436850261131));
#1949=CARTESIAN_POINT('Ctrl Pts',(0.,10.1880385592231,0.562436850261131));
#1950=CARTESIAN_POINT('Ctrl Pts',(10.1880385592231,10.1880385592231,0.562436850261131));
#1951=CARTESIAN_POINT('Ctrl Pts',(10.1880385592231,0.,0.562436850261131));
#1952=CARTESIAN_POINT('Ctrl Pts',(10.1880385592231,-10.1880385592231,0.562436850261131));
#1953=CARTESIAN_POINT('Ctrl Pts',(0.,-10.1880385592231,0.562436850261131));
#1954=CARTESIAN_POINT('Ctrl Pts',(-10.1880385592231,-10.1880385592231,0.562436850261131));
#1955=CARTESIAN_POINT('Ctrl Pts',(-10.1880385592231,0.,0.562436850261131));
#1956=CARTESIAN_POINT('Ctrl Pts',(-10.3822117954091,0.,0.58455391698936));
#1957=CARTESIAN_POINT('Ctrl Pts',(-10.3822117954091,10.3822117954091,0.58455391698936));
#1958=CARTESIAN_POINT('Ctrl Pts',(0.,10.3822117954091,0.58455391698936));
#1959=CARTESIAN_POINT('Ctrl Pts',(10.3822117954091,10.3822117954091,0.58455391698936));
#1960=CARTESIAN_POINT('Ctrl Pts',(10.3822117954091,0.,0.58455391698936));
#1961=CARTESIAN_POINT('Ctrl Pts',(10.3822117954091,-10.3822117954091,0.58455391698936));
#1962=CARTESIAN_POINT('Ctrl Pts',(0.,-10.3822117954091,0.58455391698936));
#1963=CARTESIAN_POINT('Ctrl Pts',(-10.3822117954091,-10.3822117954091,0.58455391698936));
#1964=CARTESIAN_POINT('Ctrl Pts',(-10.3822117954091,0.,0.58455391698936));
#1965=CARTESIAN_POINT('Ctrl Pts',(-10.5764882820989,0.,0.60711778896633));
#1966=CARTESIAN_POINT('Ctrl Pts',(-10.5764882820989,10.5764882820989,0.60711778896633));
#1967=CARTESIAN_POINT('Ctrl Pts',(0.,10.5764882820989,0.60711778896633));
#1968=CARTESIAN_POINT('Ctrl Pts',(10.5764882820989,10.5764882820989,0.60711778896633));
#1969=CARTESIAN_POINT('Ctrl Pts',(10.5764882820989,0.,0.60711778896633));
#1970=CARTESIAN_POINT('Ctrl Pts',(10.5764882820989,-10.5764882820989,0.60711778896633));
#1971=CARTESIAN_POINT('Ctrl Pts',(0.,-10.5764882820989,0.60711778896633));
#1972=CARTESIAN_POINT('Ctrl Pts',(-10.5764882820989,-10.5764882820989,0.60711778896633));
#1973=CARTESIAN_POINT('Ctrl Pts',(-10.5764882820989,0.,0.60711778896633));
#1974=CARTESIAN_POINT('Ctrl Pts',(-10.7710861804167,0.,0.630060136525082));
#1975=CARTESIAN_POINT('Ctrl Pts',(-10.7710861804167,10.7710861804167,0.630060136525082));
#1976=CARTESIAN_POINT('Ctrl Pts',(0.,10.7710861804167,0.630060136525082));
#1977=CARTESIAN_POINT('Ctrl Pts',(10.7710861804167,10.7710861804167,0.630060136525082));
#1978=CARTESIAN_POINT('Ctrl Pts',(10.7710861804167,0.,0.630060136525082));
#1979=CARTESIAN_POINT('Ctrl Pts',(10.7710861804167,-10.7710861804167,0.630060136525082));
#1980=CARTESIAN_POINT('Ctrl Pts',(0.,-10.7710861804167,0.630060136525082));
#1981=CARTESIAN_POINT('Ctrl Pts',(-10.7710861804167,-10.7710861804167,0.630060136525082));
#1982=CARTESIAN_POINT('Ctrl Pts',(-10.7710861804167,0.,0.630060136525082));
#1983=CARTESIAN_POINT('Ctrl Pts',(-10.9661315376034,0.,0.653328282816565));
#1984=CARTESIAN_POINT('Ctrl Pts',(-10.9661315376034,10.9661315376034,0.653328282816565));
#1985=CARTESIAN_POINT('Ctrl Pts',(0.,10.9661315376034,0.653328282816565));
#1986=CARTESIAN_POINT('Ctrl Pts',(10.9661315376034,10.9661315376034,0.653328282816565));
#1987=CARTESIAN_POINT('Ctrl Pts',(10.9661315376034,0.,0.653328282816565));
#1988=CARTESIAN_POINT('Ctrl Pts',(10.9661315376034,-10.9661315376034,0.653328282816565));
#1989=CARTESIAN_POINT('Ctrl Pts',(0.,-10.9661315376034,0.653328282816565));
#1990=CARTESIAN_POINT('Ctrl Pts',(-10.9661315376034,-10.9661315376034,0.653328282816565));
#1991=CARTESIAN_POINT('Ctrl Pts',(-10.9661315376034,0.,0.653328282816565));
#1992=CARTESIAN_POINT('Ctrl Pts',(-11.1615962840113,0.,0.676908014782593));
#1993=CARTESIAN_POINT('Ctrl Pts',(-11.1615962840113,11.1615962840113,0.676908014782593));
#1994=CARTESIAN_POINT('Ctrl Pts',(0.,11.1615962840113,0.676908014782593));
#1995=CARTESIAN_POINT('Ctrl Pts',(11.1615962840113,11.1615962840113,0.676908014782593));
#1996=CARTESIAN_POINT('Ctrl Pts',(11.1615962840113,0.,0.676908014782593));
#1997=CARTESIAN_POINT('Ctrl Pts',(11.1615962840113,-11.1615962840113,0.676908014782593));
#1998=CARTESIAN_POINT('Ctrl Pts',(0.,-11.1615962840113,0.676908014782593));
#1999=CARTESIAN_POINT('Ctrl Pts',(-11.1615962840113,-11.1615962840113,0.676908014782593));
#2000=CARTESIAN_POINT('Ctrl Pts',(-11.1615962840113,0.,0.676908014782593));
#2001=CARTESIAN_POINT('Ctrl Pts',(-11.3573430357562,0.,0.700813193785345));
#2002=CARTESIAN_POINT('Ctrl Pts',(-11.3573430357562,11.3573430357562,0.700813193785345));
#2003=CARTESIAN_POINT('Ctrl Pts',(0.,11.3573430357562,0.700813193785345));
#2004=CARTESIAN_POINT('Ctrl Pts',(11.3573430357562,11.3573430357562,0.700813193785345));
#2005=CARTESIAN_POINT('Ctrl Pts',(11.3573430357562,0.,0.700813193785345));
#2006=CARTESIAN_POINT('Ctrl Pts',(11.3573430357562,-11.3573430357562,0.700813193785345));
#2007=CARTESIAN_POINT('Ctrl Pts',(0.,-11.3573430357562,0.700813193785345));
#2008=CARTESIAN_POINT('Ctrl Pts',(-11.3573430357562,-11.3573430357562,0.700813193785345));
#2009=CARTESIAN_POINT('Ctrl Pts',(-11.3573430357562,0.,0.700813193785345));
#2010=CARTESIAN_POINT('Ctrl Pts',(-11.5531691641843,0.,0.725075580260878));
#2011=CARTESIAN_POINT('Ctrl Pts',(-11.5531691641843,11.5531691641843,0.725075580260878));
#2012=CARTESIAN_POINT('Ctrl Pts',(0.,11.5531691641843,0.725075580260878));
#2013=CARTESIAN_POINT('Ctrl Pts',(11.5531691641843,11.5531691641843,0.725075580260878));
#2014=CARTESIAN_POINT('Ctrl Pts',(11.5531691641843,0.,0.725075580260878));
#2015=CARTESIAN_POINT('Ctrl Pts',(11.5531691641843,-11.5531691641843,0.725075580260878));
#2016=CARTESIAN_POINT('Ctrl Pts',(0.,-11.5531691641843,0.725075580260878));
#2017=CARTESIAN_POINT('Ctrl Pts',(-11.5531691641843,-11.5531691641843,0.725075580260878));
#2018=CARTESIAN_POINT('Ctrl Pts',(-11.5531691641843,0.,0.725075580260878));
#2019=CARTESIAN_POINT('Ctrl Pts',(-11.7488510553052,0.,0.749734599093187));
#2020=CARTESIAN_POINT('Ctrl Pts',(-11.7488510553052,11.7488510553052,0.749734599093187));
#2021=CARTESIAN_POINT('Ctrl Pts',(0.,11.7488510553052,0.749734599093187));
#2022=CARTESIAN_POINT('Ctrl Pts',(11.7488510553052,11.7488510553052,0.749734599093187));
#2023=CARTESIAN_POINT('Ctrl Pts',(11.7488510553052,0.,0.749734599093187));
#2024=CARTESIAN_POINT('Ctrl Pts',(11.7488510553052,-11.7488510553052,0.749734599093187));
#2025=CARTESIAN_POINT('Ctrl Pts',(0.,-11.7488510553052,0.749734599093187));
#2026=CARTESIAN_POINT('Ctrl Pts',(-11.7488510553052,-11.7488510553052,0.749734599093187));
#2027=CARTESIAN_POINT('Ctrl Pts',(-11.7488510553052,0.,0.749734599093187));
#2028=CARTESIAN_POINT('Ctrl Pts',(-11.9441881312112,0.,0.774827166507097));
#2029=CARTESIAN_POINT('Ctrl Pts',(-11.9441881312112,11.9441881312112,0.774827166507097));
#2030=CARTESIAN_POINT('Ctrl Pts',(0.,11.9441881312112,0.774827166507097));
#2031=CARTESIAN_POINT('Ctrl Pts',(11.9441881312112,11.9441881312112,0.774827166507097));
#2032=CARTESIAN_POINT('Ctrl Pts',(11.9441881312112,0.,0.774827166507097));
#2033=CARTESIAN_POINT('Ctrl Pts',(11.9441881312112,-11.9441881312112,0.774827166507097));
#2034=CARTESIAN_POINT('Ctrl Pts',(0.,-11.9441881312112,0.774827166507097));
#2035=CARTESIAN_POINT('Ctrl Pts',(-11.9441881312112,-11.9441881312112,0.774827166507097));
#2036=CARTESIAN_POINT('Ctrl Pts',(-11.9441881312112,0.,0.774827166507097));
#2037=CARTESIAN_POINT('Ctrl Pts',(-12.1390472665767,0.,0.80037742613537));
#2038=CARTESIAN_POINT('Ctrl Pts',(-12.1390472665767,12.1390472665767,0.80037742613537));
#2039=CARTESIAN_POINT('Ctrl Pts',(0.,12.1390472665767,0.80037742613537));
#2040=CARTESIAN_POINT('Ctrl Pts',(12.1390472665767,12.1390472665767,0.80037742613537));
#2041=CARTESIAN_POINT('Ctrl Pts',(12.1390472665767,0.,0.80037742613537));
#2042=CARTESIAN_POINT('Ctrl Pts',(12.1390472665767,-12.1390472665767,0.80037742613537));
#2043=CARTESIAN_POINT('Ctrl Pts',(0.,-12.1390472665767,0.80037742613537));
#2044=CARTESIAN_POINT('Ctrl Pts',(-12.1390472665767,-12.1390472665767,0.80037742613537));
#2045=CARTESIAN_POINT('Ctrl Pts',(-12.1390472665767,0.,0.80037742613537));
#2046=CARTESIAN_POINT('Ctrl Pts',(-12.3333492611831,0.,0.826399393159115));
#2047=CARTESIAN_POINT('Ctrl Pts',(-12.3333492611831,12.3333492611831,0.826399393159115));
#2048=CARTESIAN_POINT('Ctrl Pts',(0.,12.3333492611831,0.826399393159115));
#2049=CARTESIAN_POINT('Ctrl Pts',(12.3333492611831,12.3333492611831,0.826399393159115));
#2050=CARTESIAN_POINT('Ctrl Pts',(12.3333492611831,0.,0.826399393159115));
#2051=CARTESIAN_POINT('Ctrl Pts',(12.3333492611831,-12.3333492611831,0.826399393159115));
#2052=CARTESIAN_POINT('Ctrl Pts',(0.,-12.3333492611831,0.826399393159115));
#2053=CARTESIAN_POINT('Ctrl Pts',(-12.3333492611831,-12.3333492611831,0.826399393159115));
#2054=CARTESIAN_POINT('Ctrl Pts',(-12.3333492611831,0.,0.826399393159115));
#2055=CARTESIAN_POINT('Ctrl Pts',(-12.488313894846,0.,0.847599602853716));
#2056=CARTESIAN_POINT('Ctrl Pts',(-12.488313894846,12.488313894846,0.847599602853716));
#2057=CARTESIAN_POINT('Ctrl Pts',(0.,12.488313894846,0.847599602853716));
#2058=CARTESIAN_POINT('Ctrl Pts',(12.488313894846,12.488313894846,0.847599602853716));
#2059=CARTESIAN_POINT('Ctrl Pts',(12.488313894846,0.,0.847599602853716));
#2060=CARTESIAN_POINT('Ctrl Pts',(12.488313894846,-12.488313894846,0.847599602853716));
#2061=CARTESIAN_POINT('Ctrl Pts',(0.,-12.488313894846,0.847599602853716));
#2062=CARTESIAN_POINT('Ctrl Pts',(-12.488313894846,-12.488313894846,0.847599602853716));
#2063=CARTESIAN_POINT('Ctrl Pts',(-12.488313894846,0.,0.847599602853716));
#2064=CARTESIAN_POINT('Ctrl Pts',(-12.6042634364135,0.,0.863715813125479));
#2065=CARTESIAN_POINT('Ctrl Pts',(-12.6042634364135,12.6042634364135,0.863715813125479));
#2066=CARTESIAN_POINT('Ctrl Pts',(0.,12.6042634364135,0.863715813125479));
#2067=CARTESIAN_POINT('Ctrl Pts',(12.6042634364135,12.6042634364135,0.863715813125479));
#2068=CARTESIAN_POINT('Ctrl Pts',(12.6042634364135,0.,0.863715813125479));
#2069=CARTESIAN_POINT('Ctrl Pts',(12.6042634364135,-12.6042634364135,0.863715813125479));
#2070=CARTESIAN_POINT('Ctrl Pts',(0.,-12.6042634364135,0.863715813125479));
#2071=CARTESIAN_POINT('Ctrl Pts',(-12.6042634364135,-12.6042634364135,0.863715813125479));
#2072=CARTESIAN_POINT('Ctrl Pts',(-12.6042634364135,0.,0.863715813125479));
#2073=CARTESIAN_POINT('Ctrl Pts',(-12.6814414290777,0.,0.874555939938985));
#2074=CARTESIAN_POINT('Ctrl Pts',(-12.6814414290777,12.6814414290777,0.874555939938985));
#2075=CARTESIAN_POINT('Ctrl Pts',(0.,12.6814414290777,0.874555939938985));
#2076=CARTESIAN_POINT('Ctrl Pts',(12.6814414290777,12.6814414290777,0.874555939938985));
#2077=CARTESIAN_POINT('Ctrl Pts',(12.6814414290777,0.,0.874555939938985));
#2078=CARTESIAN_POINT('Ctrl Pts',(12.6814414290777,-12.6814414290777,0.874555939938985));
#2079=CARTESIAN_POINT('Ctrl Pts',(0.,-12.6814414290777,0.874555939938985));
#2080=CARTESIAN_POINT('Ctrl Pts',(-12.6814414290777,-12.6814414290777,0.874555939938985));
#2081=CARTESIAN_POINT('Ctrl Pts',(-12.6814414290777,0.,0.874555939938985));
#2082=CARTESIAN_POINT('Ctrl Pts',(-12.72,0.,0.88));
#2083=CARTESIAN_POINT('Ctrl Pts',(-12.72,12.72,0.88));
#2084=CARTESIAN_POINT('Ctrl Pts',(0.,12.72,0.88));
#2085=CARTESIAN_POINT('Ctrl Pts',(12.72,12.72,0.88));
#2086=CARTESIAN_POINT('Ctrl Pts',(12.72,0.,0.88));
#2087=CARTESIAN_POINT('Ctrl Pts',(12.72,-12.72,0.88));
#2088=CARTESIAN_POINT('Ctrl Pts',(0.,-12.72,0.88));
#2089=CARTESIAN_POINT('Ctrl Pts',(-12.72,-12.72,0.88));
#2090=CARTESIAN_POINT('Ctrl Pts',(-12.72,0.,0.88));
#2091=CARTESIAN_POINT('',(0.,0.,0.));
#2092=CARTESIAN_POINT('Ctrl Pts',(0.,0.,0.));
#2093=CARTESIAN_POINT('Ctrl Pts',(-0.0393253344363794,0.,0.000700691225356314));
#2094=CARTESIAN_POINT('Ctrl Pts',(-0.117954462876227,0.,0.00203694613273983));
#2095=CARTESIAN_POINT('Ctrl Pts',(-0.235833534195787,0.,0.00384594574390731));
#2096=CARTESIAN_POINT('Ctrl Pts',(-0.392876337135281,0.,0.00586703009756313));
#2097=CARTESIAN_POINT('Ctrl Pts',(-0.588972236020243,0.,0.00776552418873617));
#2098=CARTESIAN_POINT('Ctrl Pts',(-0.784884692219556,0.,0.00910870666351163));
#2099=CARTESIAN_POINT('Ctrl Pts',(-0.980662422543658,0.,0.0100428650109362));
#2100=CARTESIAN_POINT('Ctrl Pts',(-1.17638704725948,0.,0.0108130937644327));
#2101=CARTESIAN_POINT('Ctrl Pts',(-1.37218135977609,0.,0.011788139430006));
#2102=CARTESIAN_POINT('Ctrl Pts',(-1.5681799235233,0.,0.0133763895918629));
#2103=CARTESIAN_POINT('Ctrl Pts',(-1.76449976667623,0.,0.0159421494311131));
#2104=CARTESIAN_POINT('Ctrl Pts',(-1.9612110787263,0.,0.0197219352314284));
#2105=CARTESIAN_POINT('Ctrl Pts',(-2.15830771398471,0.,0.0247402083777692));
#2106=CARTESIAN_POINT('Ctrl Pts',(-2.35567801581812,0.,0.0307260737996745));
#2107=CARTESIAN_POINT('Ctrl Pts',(-2.55314696025977,0.,0.0372421967253463));
#2108=CARTESIAN_POINT('Ctrl Pts',(-2.75051774531904,0.,0.043812054762316));
#2109=CARTESIAN_POINT('Ctrl Pts',(-2.94761363675917,0.,0.0500480741798025));
#2110=CARTESIAN_POINT('Ctrl Pts',(-3.14431947801981,0.,0.0557785782694006));
#2111=CARTESIAN_POINT('Ctrl Pts',(-3.34062408803301,0.,0.0611780000562672));
#2112=CARTESIAN_POINT('Ctrl Pts',(-3.53659282409054,0.,0.0666385132268303));
#2113=CARTESIAN_POINT('Ctrl Pts',(-3.73233945019154,0.,0.0726390983749239));
#2114=CARTESIAN_POINT('Ctrl Pts',(-3.92799832493429,0.,0.0796154597351655));
#2115=CARTESIAN_POINT('Ctrl Pts',(-4.12369656959965,0.,0.0878302349926201));
#2116=CARTESIAN_POINT('Ctrl Pts',(-4.31952606688962,0.,0.0972410224498707));
#2117=CARTESIAN_POINT('Ctrl Pts',(-4.51553961888451,0.,0.107605453783871));
#2118=CARTESIAN_POINT('Ctrl Pts',(-4.7117473178777,0.,0.118588150455251));
#2119=CARTESIAN_POINT('Ctrl Pts',(-4.90811272262076,0.,0.129867003300428));
#2120=CARTESIAN_POINT('Ctrl Pts',(-5.10454915024761,0.,0.141239186347445));
#2121=CARTESIAN_POINT('Ctrl Pts',(-5.30091553495614,0.,0.152728841022914));
#2122=CARTESIAN_POINT('Ctrl Pts',(-5.49705320987937,0.,0.16449899433907));
#2123=CARTESIAN_POINT('Ctrl Pts',(-5.6928229645788,0.,0.176762023354105));
#2124=CARTESIAN_POINT('Ctrl Pts',(-5.88814212768073,0.,0.189690552622053));
#2125=CARTESIAN_POINT('Ctrl Pts',(-6.08302146341898,0.,0.203328648537569));
#2126=CARTESIAN_POINT('Ctrl Pts',(-6.2776029883541,0.,0.217501313777199));
#2127=CARTESIAN_POINT('Ctrl Pts',(-6.47210390772872,0.,0.231911252612839));
#2128=CARTESIAN_POINT('Ctrl Pts',(-6.66675970654171,0.,0.246237354951414));
#2129=CARTESIAN_POINT('Ctrl Pts',(-6.8617677381636,0.,0.260232225407735));
#2130=CARTESIAN_POINT('Ctrl Pts',(-7.0572302658556,0.,0.273820733553885));
#2131=CARTESIAN_POINT('Ctrl Pts',(-7.25309843969983,0.,0.287196858771228));
#2132=CARTESIAN_POINT('Ctrl Pts',(-7.44922795262131,0.,0.300718519425473));
#2133=CARTESIAN_POINT('Ctrl Pts',(-7.64543368207303,0.,0.314804222758145));
#2134=CARTESIAN_POINT('Ctrl Pts',(-7.84154452170678,0.,0.329829348143293));
#2135=CARTESIAN_POINT('Ctrl Pts',(-8.03745834763999,0.,0.346022171189193));
#2136=CARTESIAN_POINT('Ctrl Pts',(-8.23319640398727,0.,0.363360880090292));
#2137=CARTESIAN_POINT('Ctrl Pts',(-8.42885339876914,0.,0.381655467895357));
#2138=CARTESIAN_POINT('Ctrl Pts',(-8.62454839776308,0.,0.400628152953368));
#2139=CARTESIAN_POINT('Ctrl Pts',(-8.82037550696751,0.,0.419994133372945));
#2140=CARTESIAN_POINT('Ctrl Pts',(-9.0163545698027,0.,0.439542212532067));
#2141=CARTESIAN_POINT('Ctrl Pts',(-9.21238192022098,0.,0.459215358886984));
#2142=CARTESIAN_POINT('Ctrl Pts',(-9.40828661322701,0.,0.479064377342554));
#2143=CARTESIAN_POINT('Ctrl Pts',(-9.60388632770995,0.,0.499201985633423));
#2144=CARTESIAN_POINT('Ctrl Pts',(-9.79904342674732,0.,0.519756810765557));
#2145=CARTESIAN_POINT('Ctrl Pts',(-9.99372082315418,0.,0.540827568885968));
#2146=CARTESIAN_POINT('Ctrl Pts',(-10.1880385592231,0.,0.562436850261131));
#2147=CARTESIAN_POINT('Ctrl Pts',(-10.3822117954091,0.,0.58455391698936));
#2148=CARTESIAN_POINT('Ctrl Pts',(-10.5764882820989,0.,0.60711778896633));
#2149=CARTESIAN_POINT('Ctrl Pts',(-10.7710861804167,0.,0.630060136525082));
#2150=CARTESIAN_POINT('Ctrl Pts',(-10.9661315376034,0.,0.653328282816565));
#2151=CARTESIAN_POINT('Ctrl Pts',(-11.1615962840113,0.,0.676908014782593));
#2152=CARTESIAN_POINT('Ctrl Pts',(-11.3573430357562,0.,0.700813193785345));
#2153=CARTESIAN_POINT('Ctrl Pts',(-11.5531691641843,0.,0.725075580260878));
#2154=CARTESIAN_POINT('Ctrl Pts',(-11.7488510553052,0.,0.749734599093187));
#2155=CARTESIAN_POINT('Ctrl Pts',(-11.9441881312112,0.,0.774827166507097));
#2156=CARTESIAN_POINT('Ctrl Pts',(-12.1390472665767,0.,0.80037742613537));
#2157=CARTESIAN_POINT('Ctrl Pts',(-12.3333492611831,0.,0.826399393159115));
#2158=CARTESIAN_POINT('Ctrl Pts',(-12.488313894846,0.,0.847599602853716));
#2159=CARTESIAN_POINT('Ctrl Pts',(-12.6042634364135,0.,0.863715813125479));
#2160=CARTESIAN_POINT('Ctrl Pts',(-12.6814414290777,0.,0.874555939938985));
#2161=CARTESIAN_POINT('Ctrl Pts',(-12.72,0.,0.88));
#2162=UNCERTAINTY_MEASURE_WITH_UNIT(LENGTH_MEASURE(0.01),#2166,
'DISTANCE_ACCURACY_VALUE',
'Maximum model space distance between geometric entities at asserted c
onnectivities');
#2163=UNCERTAINTY_MEASURE_WITH_UNIT(LENGTH_MEASURE(0.01),#2166,
'DISTANCE_ACCURACY_VALUE',
'Maximum model space distance between geometric entities at asserted c
onnectivities');
#2164=(
GEOMETRIC_REPRESENTATION_CONTEXT(3)
GLOBAL_UNCERTAINTY_ASSIGNED_CONTEXT((#2162))
GLOBAL_UNIT_ASSIGNED_CONTEXT((#2166,#2168,#2169))
REPRESENTATION_CONTEXT('','3D')
);
#2165=(
GEOMETRIC_REPRESENTATION_CONTEXT(3)
GLOBAL_UNCERTAINTY_ASSIGNED_CONTEXT((#2163))
GLOBAL_UNIT_ASSIGNED_CONTEXT((#2166,#2168,#2169))
REPRESENTATION_CONTEXT('','3D')
);
#2166=(
LENGTH_UNIT()
NAMED_UNIT(*)
SI_UNIT(.MILLI.,.METRE.)
);
#2167=(
LENGTH_UNIT()
NAMED_UNIT(*)
SI_UNIT($,.METRE.)
);
#2168=(
NAMED_UNIT(*)
PLANE_ANGLE_UNIT()
SI_UNIT($,.RADIAN.)
);
#2169=(
NAMED_UNIT(*)
SI_UNIT($,.STERADIAN.)
SOLID_ANGLE_UNIT()
);
#2170=SHAPE_DEFINITION_REPRESENTATION(#2171,#2172);
#2171=PRODUCT_DEFINITION_SHAPE('',$,#2174);
#2172=SHAPE_REPRESENTATION('',(#134),#2164);
#2173=PRODUCT_DEFINITION_CONTEXT('part definition',#2178,'design');
#2174=PRODUCT_DEFINITION('AirTag','AirTag v2',#2175,#2173);
#2175=PRODUCT_DEFINITION_FORMATION('',$,#2180);
#2176=PRODUCT_RELATED_PRODUCT_CATEGORY('AirTag v2','AirTag v2',(#2180));
#2177=APPLICATION_PROTOCOL_DEFINITION('international standard',
'automotive_design',2009,#2178);
#2178=APPLICATION_CONTEXT(
'Core Data for Automotive Mechanical Design Process');
#2179=PRODUCT_CONTEXT('part definition',#2178,'mechanical');
#2180=PRODUCT('AirTag','AirTag v2',$,(#2179));
#2181=PRESENTATION_STYLE_ASSIGNMENT((#2182));
#2182=SURFACE_STYLE_USAGE(.BOTH.,#2183);
#2183=SURFACE_SIDE_STYLE('',(#2184));
#2184=SURFACE_STYLE_FILL_AREA(#2185);
#2185=FILL_AREA_STYLE('Steel - Satin',(#2186));
#2186=FILL_AREA_STYLE_COLOUR('Steel - Satin',#2187);
#2187=COLOUR_RGB('Steel - Satin',0.627450980392157,0.627450980392157,0.627450980392157);
ENDSEC;
END-ISO-10303-21;
