ISO-10303-21;
HEADER;
/* Generated by software containing ST-Developer
 * from STEP Tools, Inc. (www.steptools.com) 
 */

FILE_DESCRIPTION(
/* description */ (''),
/* implementation_level */ '2;1');

FILE_NAME(
/* name */ 
'/Users/Shared/Dropbox/3D Print/Models/AirTag/AirTag with cutouts.step',

/* time_stamp */ '2022-08-13T18:05:09+02:00',
/* author */ (''),
/* organization */ (''),
/* preprocessor_version */ 'ST-DEVELOPER v19',
/* originating_system */ 'Autodesk Translation Framework v11.7.0.108',
/* authorisation */ '');

FILE_SCHEMA (('AUTOMOTIVE_DESIGN { 1 0 10303 214 3 1 1 }'));
ENDSEC;

DATA;
#10=MECHANICAL_DESIGN_GEOMETRIC_PRESENTATION_REPRESENTATION('',(#27,#28,
#29,#30),#4471);
#11=ITEM_DEFINED_TRANSFORMATION($,$,#328,#359);
#12=ITEM_DEFINED_TRANSFORMATION($,$,#334,#360);
#13=(
REPRESENTATION_RELATIONSHIP($,$,#4485,#4484)
REPRESENTATION_RELATIONSHIP_WITH_TRANSFORMATION(#11)
SHAPE_REPRESENTATION_RELATIONSHIP()
);
#14=(
REPRESENTATION_RELATIONSHIP($,$,#4486,#4484)
REPRESENTATION_RELATIONSHIP_WITH_TRANSFORMATION(#12)
SHAPE_REPRESENTATION_RELATIONSHIP()
);
#15=CONTEXT_DEPENDENT_SHAPE_REPRESENTATION(#13,#4482);
#16=CONTEXT_DEPENDENT_SHAPE_REPRESENTATION(#14,#4483);
#17=NEXT_ASSEMBLY_USAGE_OCCURRENCE('Cutout 0.15mm margin:1',
'Cutout 0.15mm margin:1','Cutout 0.15mm margin:1',#4488,#4489,
'Cutout 0.15mm margin:1');
#18=NEXT_ASSEMBLY_USAGE_OCCURRENCE('Cutout 0.30mm margin:1',
'Cutout 0.30mm margin:1','Cutout 0.30mm margin:1',#4488,#4490,
'Cutout 0.30mm margin:1');
#19=(
BOUNDED_CURVE()
B_SPLINE_CURVE(5,(#3108,#3109,#3110,#3111,#3112,#3113,#3114,#3115,#3116,
#3117,#3118,#3119,#3120,#3121,#3122,#3123,#3124,#3125,#3126,#3127,#3128,
#3129,#3130,#3131,#3132,#3133,#3134,#3135,#3136,#3137,#3138,#3139,#3140,
#3141,#3142,#3143,#3144,#3145,#3146,#3147,#3148,#3149,#3150,#3151,#3152,
#3153,#3154,#3155,#3156,#3157,#3158,#3159,#3160,#3161,#3162,#3163,#3164,
#3165,#3166,#3167,#3168,#3169,#3170,#3171,#3172,#3173,#3174,#3175,#3176,
#3177),.UNSPECIFIED.,.F.,.F.)
B_SPLINE_CURVE_WITH_KNOTS((6,1,1,1,1,1,1,1,1,1,1,1,1,1,1,1,1,1,1,1,1,1,
1,1,1,1,1,1,1,1,1,1,1,1,1,1,1,1,1,1,1,1,1,1,1,1,1,1,1,1,1,1,1,1,1,1,1,1,
1,1,1,1,1,1,1,6),(0.,0.0153846153846154,0.0307692307692308,0.0461538461538462,
0.0615384615384615,0.0769230769230769,0.0923076923076923,0.107692307692308,
0.123076923076923,0.138461538461538,0.153846153846154,0.169230769230769,
0.184615384615385,0.2,0.215384615384615,0.230769230769231,0.246153846153846,
0.261538461538462,0.276923076923077,0.292307692307692,0.307692307692308,
0.323076923076923,0.338461538461538,0.353846153846154,0.369230769230769,
0.384615384615385,0.4,0.415384615384615,0.430769230769231,0.446153846153846,
0.461538461538462,0.476923076923077,0.492307692307692,0.507692307692308,
0.523076923076923,0.538461538461538,0.553846153846154,0.569230769230769,
0.584615384615384,0.6,0.615384615384615,0.63076923076923,0.646153846153846,
0.661538461538461,0.676923076923076,0.692307692307692,0.707692307692307,
0.723076923076922,0.738461538461538,0.753846153846153,0.769230769230768,
0.784615384615384,0.799999999999999,0.815384615384614,0.83076923076923,
0.846153846153845,0.86153846153846,0.876923076923076,0.892307692307691,
0.907692307692306,0.923076923076922,0.938461538461537,0.953846153846152,
0.969230769230768,0.984615384615383,1.),.UNSPECIFIED.)
CURVE()
GEOMETRIC_REPRESENTATION_ITEM()
RATIONAL_B_SPLINE_CURVE((1.,1.,1.,1.,1.,1.,1.,1.,1.,1.,1.,1.,1.,1.,1.,1.,
1.,1.,1.,1.,1.,1.,1.,1.,1.,1.,1.,1.,1.,1.,1.,1.,1.,1.,1.,1.,1.,1.,1.,1.,
1.,1.,1.,1.,1.,1.,1.,1.,1.,1.,1.,1.,1.,1.,1.,1.,1.,1.,1.,1.,1.,1.,1.,1.,
1.,1.,1.,1.,1.,1.))
REPRESENTATION_ITEM('')
);
#20=(
BOUNDED_CURVE()
B_SPLINE_CURVE(5,(#4335,#4336,#4337,#4338,#4339,#4340,#4341,#4342,#4343,
#4344,#4345,#4346,#4347,#4348,#4349,#4350,#4351,#4352,#4353,#4354,#4355,
#4356,#4357,#4358,#4359,#4360,#4361,#4362,#4363,#4364,#4365,#4366,#4367,
#4368,#4369,#4370,#4371,#4372,#4373,#4374,#4375,#4376,#4377,#4378,#4379,
#4380,#4381,#4382,#4383,#4384,#4385,#4386,#4387,#4388,#4389,#4390,#4391,
#4392,#4393,#4394,#4395,#4396,#4397,#4398,#4399,#4400,#4401,#4402,#4403,
#4404,#4405,#4406,#4407,#4408,#4409,#4410,#4411,#4412,#4413,#4414,#4415,
#4416,#4417,#4418,#4419,#4420,#4421,#4422,#4423,#4424,#4425,#4426,#4427,
#4428,#4429,#4430,#4431,#4432,#4433,#4434,#4435,#4436,#4437,#4438,#4439,
#4440,#4441,#4442,#4443,#4444,#4445,#4446,#4447,#4448,#4449,#4450,#4451,
#4452,#4453,#4454,#4455,#4456,#4457,#4458,#4459),.UNSPECIFIED.,.F.,.F.)
B_SPLINE_CURVE_WITH_KNOTS((6,1,1,1,1,1,1,1,1,1,1,1,1,1,1,1,1,1,1,1,1,1,
1,1,1,1,1,1,1,1,1,1,1,1,1,1,1,1,1,1,1,1,1,1,1,1,1,1,1,1,1,1,1,1,1,1,1,1,
1,1,1,1,1,1,1,1,1,1,1,1,1,1,1,1,1,1,1,1,1,1,1,1,1,1,1,1,1,1,1,1,1,1,1,1,
1,1,1,1,1,1,1,1,1,1,1,1,1,1,1,1,1,1,1,1,1,1,1,1,1,1,6),(0.,0.00833333333333333,
0.0166666666666667,0.025,0.0333333333333333,0.0416666666666667,0.05,0.0583333333333333,
0.0666666666666667,0.075,0.0833333333333333,0.0916666666666667,0.1,0.108333333333333,
0.116666666666667,0.125,0.133333333333333,0.141666666666667,0.15,0.158333333333333,
0.166666666666667,0.175,0.183333333333333,0.191666666666667,0.2,0.208333333333333,
0.216666666666667,0.225,0.233333333333333,0.241666666666667,0.25,0.258333333333333,
0.266666666666667,0.275,0.283333333333333,0.291666666666667,0.3,0.308333333333333,
0.316666666666667,0.325,0.333333333333334,0.341666666666667,0.35,0.358333333333334,
0.366666666666667,0.375,0.383333333333334,0.391666666666667,0.4,0.408333333333334,
0.416666666666667,0.425,0.433333333333334,0.441666666666667,0.450000000000001,
0.458333333333334,0.466666666666667,0.475000000000001,0.483333333333334,
0.491666666666667,0.500000000000001,0.508333333333334,0.516666666666667,
0.525000000000001,0.533333333333334,0.541666666666667,0.55,0.558333333333334,
0.566666666666667,0.575,0.583333333333334,0.591666666666667,0.6,0.608333333333334,
0.616666666666667,0.625,0.633333333333334,0.641666666666667,0.65,0.658333333333333,
0.666666666666667,0.675,0.683333333333333,0.691666666666667,0.7,0.708333333333333,
0.716666666666667,0.725,0.733333333333333,0.741666666666666,0.75,0.758333333333333,
0.766666666666666,0.775,0.783333333333333,0.791666666666666,0.8,0.808333333333333,
0.816666666666666,0.825,0.833333333333333,0.841666666666666,0.849999999999999,
0.858333333333333,0.866666666666666,0.874999999999999,0.883333333333333,
0.891666666666666,0.899999999999999,0.908333333333333,0.916666666666666,
0.924999999999999,0.933333333333332,0.941666666666666,0.949999999999999,
0.958333333333332,0.966666666666666,0.974999999999999,0.983333333333332,
0.991666666666666,1.),.UNSPECIFIED.)
CURVE()
GEOMETRIC_REPRESENTATION_ITEM()
RATIONAL_B_SPLINE_CURVE((1.,1.,1.,1.,1.,1.,1.,1.,1.,1.,1.,1.,1.,1.,1.,1.,
1.,1.,1.,1.,1.,1.,1.,1.,1.,1.,1.,1.,1.,1.,1.,1.,1.,1.,1.,1.,1.,1.,1.,1.,
1.,1.,1.,1.,1.,1.,1.,1.,1.,1.,1.,1.,1.,1.,1.,1.,1.,1.,1.,1.,1.,1.,1.,1.,
1.,1.,1.,1.,1.,1.,1.,1.,1.,1.,1.,1.,1.,1.,1.,1.,1.,1.,1.,1.,1.,1.,1.,1.,
1.,1.,1.,1.,1.,1.,1.,1.,1.,1.,1.,1.,1.,1.,1.,1.,1.,1.,1.,1.,1.,1.,1.,1.,
1.,1.,1.,1.,1.,1.,1.,1.,1.,1.,1.,1.,1.))
REPRESENTATION_ITEM('')
);
#21=SHAPE_REPRESENTATION_RELATIONSHIP('SRR','None',#4485,#24);
#22=SHAPE_REPRESENTATION_RELATIONSHIP('SRR','None',#4486,#25);
#23=SHAPE_REPRESENTATION_RELATIONSHIP('SRR','None',#4484,#26);
#24=ADVANCED_BREP_SHAPE_REPRESENTATION('',(#31),#4469);
#25=ADVANCED_BREP_SHAPE_REPRESENTATION('',(#32),#4470);
#26=ADVANCED_BREP_SHAPE_REPRESENTATION('',(#33,#34),#4468);
#27=STYLED_ITEM('',(#4503),#31);
#28=STYLED_ITEM('',(#4503),#32);
#29=STYLED_ITEM('',(#4504),#33);
#30=STYLED_ITEM('',(#4505),#34);
#31=MANIFOLD_SOLID_BREP('Body1',#300);
#32=MANIFOLD_SOLID_BREP('Body1',#301);
#33=MANIFOLD_SOLID_BREP('AirTag bottom',#302);
#34=MANIFOLD_SOLID_BREP('AirTag top',#303);
#35=CONICAL_SURFACE('',#333,12.851066017178,0.785398163397437);
#36=CONICAL_SURFACE('',#339,12.957132034356,0.785398163397437);
#37=CONICAL_SURFACE('',#342,12.745,0.785398163397437);
#38=CONICAL_SURFACE('',#346,12.745,0.785398163397437);
#39=LINE('',#1104,#48);
#40=LINE('',#1476,#49);
#41=LINE('',#1906,#50);
#42=LINE('',#2284,#51);
#43=LINE('',#3183,#52);
#44=LINE('',#3187,#53);
#45=LINE('',#3191,#54);
#46=LINE('',#3198,#55);
#47=LINE('',#3205,#56);
#48=VECTOR('',#373,12.77);
#49=VECTOR('',#376,12.745);
#50=VECTOR('',#387,12.77);
#51=VECTOR('',#390,12.745);
#52=VECTOR('',#397,12.745);
#53=VECTOR('',#402,12.77);
#54=VECTOR('',#407,12.745);
#55=VECTOR('',#416,11.555);
#56=VECTOR('',#425,11.555);
#57=CYLINDRICAL_SURFACE('',#331,12.92);
#58=CYLINDRICAL_SURFACE('',#337,13.07);
#59=CYLINDRICAL_SURFACE('',#344,12.77);
#60=CYLINDRICAL_SURFACE('',#350,11.555);
#61=CYLINDRICAL_SURFACE('',#353,11.555);
#62=FACE_BOUND('',#109,.T.);
#63=FACE_BOUND('',#115,.T.);
#64=FACE_BOUND('',#124,.T.);
#65=FACE_BOUND('',#131,.T.);
#66=CIRCLE('',#330,12.92);
#67=CIRCLE('',#332,12.92);
#68=CIRCLE('',#336,13.07);
#69=CIRCLE('',#338,13.07);
#70=CIRCLE('',#340,12.72);
#71=CIRCLE('',#341,12.72);
#72=CIRCLE('',#343,12.77);
#73=CIRCLE('',#345,12.77);
#74=CIRCLE('',#347,12.72);
#75=CIRCLE('',#349,11.555);
#76=CIRCLE('',#351,11.555);
#77=CIRCLE('',#354,11.555);
#78=CIRCLE('',#355,11.555);
#79=CIRCLE('',#357,14.47);
#80=PLANE('',#329);
#81=PLANE('',#335);
#82=PLANE('',#348);
#83=PLANE('',#352);
#84=PLANE('',#356);
#85=PLANE('',#358);
#86=FACE_OUTER_BOUND('',#107,.T.);
#87=FACE_OUTER_BOUND('',#108,.T.);
#88=FACE_OUTER_BOUND('',#110,.T.);
#89=FACE_OUTER_BOUND('',#111,.T.);
#90=FACE_OUTER_BOUND('',#112,.T.);
#91=FACE_OUTER_BOUND('',#113,.T.);
#92=FACE_OUTER_BOUND('',#114,.T.);
#93=FACE_OUTER_BOUND('',#116,.T.);
#94=FACE_OUTER_BOUND('',#117,.T.);
#95=FACE_OUTER_BOUND('',#118,.T.);
#96=FACE_OUTER_BOUND('',#119,.T.);
#97=FACE_OUTER_BOUND('',#120,.T.);
#98=FACE_OUTER_BOUND('',#121,.T.);
#99=FACE_OUTER_BOUND('',#122,.T.);
#100=FACE_OUTER_BOUND('',#123,.T.);
#101=FACE_OUTER_BOUND('',#125,.T.);
#102=FACE_OUTER_BOUND('',#126,.T.);
#103=FACE_OUTER_BOUND('',#127,.T.);
#104=FACE_OUTER_BOUND('',#128,.T.);
#105=FACE_OUTER_BOUND('',#129,.T.);
#106=FACE_OUTER_BOUND('',#130,.T.);
#107=EDGE_LOOP('',(#203,#204,#205));
#108=EDGE_LOOP('',(#206));
#109=EDGE_LOOP('',(#207));
#110=EDGE_LOOP('',(#208,#209,#210,#211));
#111=EDGE_LOOP('',(#212,#213,#214,#215,#216));
#112=EDGE_LOOP('',(#217,#218,#219,#220));
#113=EDGE_LOOP('',(#221,#222,#223));
#114=EDGE_LOOP('',(#224));
#115=EDGE_LOOP('',(#225));
#116=EDGE_LOOP('',(#226,#227,#228,#229));
#117=EDGE_LOOP('',(#230,#231,#232,#233,#234));
#118=EDGE_LOOP('',(#235,#236,#237,#238));
#119=EDGE_LOOP('',(#239,#240,#241,#242));
#120=EDGE_LOOP('',(#243,#244,#245,#246,#247));
#121=EDGE_LOOP('',(#248,#249,#250,#251));
#122=EDGE_LOOP('',(#252,#253,#254,#255));
#123=EDGE_LOOP('',(#256));
#124=EDGE_LOOP('',(#257));
#125=EDGE_LOOP('',(#258,#259,#260,#261));
#126=EDGE_LOOP('',(#262));
#127=EDGE_LOOP('',(#263,#264,#265,#266));
#128=EDGE_LOOP('',(#267));
#129=EDGE_LOOP('',(#268,#269,#270));
#130=EDGE_LOOP('',(#271));
#131=EDGE_LOOP('',(#272));
#132=B_SPLINE_CURVE_WITH_KNOTS('',3,(#667,#668,#669,#670,#671,#672,#673,
#674,#675,#676,#677,#678,#679,#680,#681,#682,#683,#684,#685,#686,#687,#688,
#689,#690,#691),.UNSPECIFIED.,.F.,.F.,(4,3,3,3,3,3,3,3,4),(-0.00178707498629511,
0.,0.0900115899168799,0.180499125757319,0.280540520705833,0.416654091358986,
0.61760793440486,0.824045529802205,1.00006186748809),.UNSPECIFIED.);
#133=B_SPLINE_CURVE_WITH_KNOTS('',3,(#692,#693,#694,#695,#696,#697,#698,
#699,#700,#701,#702,#703,#704,#705,#706,#707,#708,#709,#710,#711,#712,#713,
#714,#715,#716,#717,#718,#719,#720,#721,#722,#723,#724,#725,#726,#727,#728,
#729,#730,#731,#732,#733,#734,#735,#736,#737,#738,#739,#740,#741,#742,#743,
#744,#745,#746,#747,#748,#749,#750,#751,#752,#753,#754,#755,#756,#757,#758,
#759,#760,#761,#762,#763,#764,#765,#766,#767,#768,#769,#770,#771,#772,#773,
#774,#775,#776,#777,#778,#779,#780,#781,#782,#783,#784,#785,#786,#787,#788,
#789,#790,#791,#792,#793,#794,#795,#796,#797,#798,#799,#800,#801,#802,#803,
#804,#805,#806,#807,#808,#809,#810,#811,#812,#813,#814,#815,#816,#817,#818,
#819,#820,#821,#822,#823,#824,#825,#826,#827,#828,#829,#830,#831,#832,#833,
#834,#835,#836,#837,#838,#839,#840,#841,#842,#843,#844,#845,#846,#847,#848,
#849,#850,#851,#852,#853,#854,#855,#856,#857,#858,#859,#860,#861,#862,#863,
#864,#865,#866,#867,#868,#869,#870,#871,#872,#873,#874,#875,#876,#877,#878,
#879,#880,#881,#882,#883,#884,#885,#886,#887,#888,#889,#890,#891,#892,#893,
#894,#895,#896,#897,#898,#899,#900,#901,#902,#903,#904,#905,#906,#907,#908,
#909,#910,#911,#912,#913,#914,#915,#916,#917,#918,#919,#920,#921,#922,#923,
#924,#925,#926,#927,#928,#929,#930,#931,#932,#933,#934,#935,#936,#937,#938,
#939,#940,#941,#942,#943,#944,#945,#946,#947,#948,#949,#950,#951,#952,#953,
#954,#955,#956,#957,#958,#959,#960,#961,#962,#963,#964,#965,#966,#967,#968,
#969,#970,#971,#972,#973,#974,#975,#976,#977,#978,#979,#980,#981,#982,#983,
#984,#985,#986,#987,#988,#989,#990,#991,#992,#993,#994,#995,#996,#997,#998,
#999,#1000,#1001,#1002,#1003,#1004,#1005,#1006,#1007,#1008,#1009,#1010,
#1011,#1012,#1013,#1014,#1015,#1016,#1017,#1018,#1019,#1020,#1021,#1022,
#1023,#1024,#1025,#1026,#1027,#1028,#1029,#1030,#1031,#1032,#1033,#1034,
#1035,#1036,#1037,#1038,#1039,#1040,#1041,#1042,#1043,#1044,#1045,#1046,
#1047,#1048,#1049,#1050,#1051,#1052,#1053,#1054,#1055,#1056,#1057,#1058,
#1059,#1060,#1061,#1062,#1063,#1064,#1065,#1066,#1067,#1068,#1069,#1070,
#1071,#1072,#1073,#1074,#1075,#1076,#1077,#1078,#1079,#1080,#1081,#1082,
#1083,#1084,#1085,#1086,#1087,#1088,#1089,#1090,#1091,#1092,#1093,#1094,
#1095,#1096,#1097),.UNSPECIFIED.,.T.,.F.,(4,3,3,3,3,3,3,3,3,3,3,3,3,3,3,
3,3,3,3,3,3,3,3,3,3,3,3,3,3,3,3,3,3,3,3,3,3,3,3,3,3,3,3,3,3,3,3,3,3,3,3,
3,3,3,3,3,3,3,3,3,3,3,3,3,3,3,3,3,3,3,3,3,3,3,3,3,3,3,3,3,3,3,3,3,3,3,3,
3,3,3,3,3,3,3,3,3,3,3,3,3,3,3,3,3,3,3,3,3,3,3,3,3,3,3,3,3,3,3,3,3,3,3,3,
3,3,3,3,3,3,3,3,3,3,3,3,4),(8.55023576160015,8.62823406399223,8.70534084133563,
8.78162647891354,8.85715973772078,8.93200789091815,9.00623685600853,9.07991132312537,
9.15309487980578,9.22585013260364,9.29823882588406,9.37032195812819,9.44215989606557,
9.51381248694158,9.58533916921891,9.65679908200657,9.72825117350242,9.79975430873232,
9.87136737686552,9.94314939838585,10.0151596323943,10.0874576843245,10.1601036143497,
10.2331580467661,10.3066822806423,10.3807384020268,10.4553893980168,10.530699272996,
10.6067331673617,10.6835574790679,10.7612399883283,10.8153858345984,10.8288165425599,
10.8351564502058,10.8392327756973,10.9173914839398,10.994645229164,11.0710647289614,
11.1467190522271,11.2216757563264,11.2960010198919,11.3697597716523,11.443015815662,
11.5158319532977,11.5882701023646,11.6603914136442,11.7322563852073,11.8039249748026,
11.875456710623,11.9469108007467,12.0183462415427,12.0898219253258,12.1613967475439,
12.2331297137788,12.3050800468385,12.3773072942226,12.4498714362421,12.5228329950777,
12.5962531450664,12.6701938245063,12.7447178492872,12.8220177002499,12.8983323079855,
12.9754529418211,13.0491475569629,13.0854191253531,13.1035306593475,13.1170857388324,
13.1208232284803,13.1248009113199,13.2027555415881,13.2798283111595,13.3560884075676,
13.4316034412968,13.506439577839,13.5806616656323,13.654333360252,13.7275172452046,
13.8002749496651,13.8726672634815,13.9447542497589,14.0165953553273,14.0882495193864,
14.1597752806132,14.2312308830152,14.3026743808016,14.3741637425478,14.445756954919,
14.5175121262238,14.5894875900647,14.6617420093535,14.7343344809625,14.8073246412863,
14.8807727729898,14.9547399132273,15.0292879636213,15.1044798022948,15.1803793982669,
15.2588646767867,15.3348972903527,15.3717255875488,15.389852015075,15.400305978673,
15.4055095130496,15.4091627352478,15.4871301898427,15.5642274563041,15.6405215600507,
15.7160780289444,15.7909610170107,15.8652334242959,15.9389570131963,16.01219252158,
16.0849997730104,16.1574377843684,16.2295648711602,16.3014387507913,16.3731166440775,
16.4446553752586,16.5161114707778,16.5895987732854,16.6611222980142,16.7327536883919,
16.8045459782449,16.8765524266409,16.9488266004484,17.0214224573916,17.0943944298305,
17.1690836649642,17.2432528379534,17.3179476955166,17.3932194307063,17.4695219691427,
17.5464203577331,17.6244038408601,17.6919083109001),.UNSPECIFIED.);
#134=B_SPLINE_CURVE_WITH_KNOTS('',3,(#1108,#1109,#1110,#1111,#1112,#1113,
#1114,#1115,#1116,#1117,#1118,#1119,#1120,#1121,#1122,#1123,#1124,#1125,
#1126,#1127,#1128,#1129,#1130,#1131,#1132,#1133,#1134,#1135,#1136,#1137,
#1138,#1139,#1140,#1141,#1142,#1143,#1144,#1145,#1146,#1147,#1148,#1149,
#1150,#1151,#1152,#1153,#1154,#1155,#1156,#1157,#1158,#1159,#1160,#1161,
#1162,#1163,#1164,#1165,#1166,#1167,#1168,#1169,#1170,#1171,#1172,#1173,
#1174,#1175,#1176,#1177,#1178,#1179,#1180,#1181,#1182,#1183,#1184,#1185,
#1186,#1187,#1188,#1189,#1190,#1191,#1192,#1193,#1194,#1195,#1196,#1197,
#1198,#1199,#1200,#1201,#1202,#1203,#1204,#1205,#1206,#1207,#1208,#1209,
#1210,#1211,#1212,#1213,#1214,#1215,#1216,#1217,#1218,#1219,#1220,#1221,
#1222,#1223,#1224,#1225,#1226,#1227,#1228,#1229,#1230,#1231,#1232,#1233,
#1234,#1235,#1236,#1237,#1238,#1239,#1240,#1241,#1242,#1243,#1244,#1245,
#1246,#1247,#1248,#1249,#1250,#1251,#1252,#1253,#1254,#1255,#1256,#1257,
#1258,#1259,#1260,#1261,#1262,#1263,#1264,#1265,#1266,#1267,#1268,#1269,
#1270,#1271,#1272,#1273,#1274,#1275,#1276,#1277,#1278,#1279,#1280,#1281,
#1282,#1283,#1284,#1285,#1286,#1287,#1288,#1289,#1290,#1291),
 .UNSPECIFIED.,.F.,.F.,(4,3,3,3,3,3,3,3,3,3,3,3,3,3,3,3,3,3,3,3,3,3,3,3,
3,3,3,3,3,3,3,3,3,3,3,3,3,3,3,3,3,3,3,3,3,3,3,3,3,3,3,3,3,3,3,3,3,3,3,3,
3,4),(4.03085693073805,4.10182105367122,4.17195497290555,4.24132578426729,
4.3099990034627,4.37803870245016,4.44550764142218,4.51246739680379,4.57897848565502,
4.64510048684719,4.71089215936916,4.77641155810615,4.84171614742204,4.90686291286656,
4.97190847132117,5.03690917988984,5.10192124383657,5.16700082386725,5.2322041430517,
5.29758759367955,5.36320784434543,5.42912194755868,5.4953874481768,5.56206249296623,
5.62920594159676,5.69687747938656,5.76513773211793,5.83687338840096,5.90693830225859,
5.9778009833038,6.04289091298727,6.04829560268692,6.11922961891624,6.18934764660934,
6.2587146081677,6.32739393185389,6.39544767934255,6.46293666917175,6.52992059646251,
6.59645814925686,6.66260712181393,6.72842452518761,6.79396669540167,6.85928939952469,
6.92444793994659,6.98949725714299,7.05644609939499,7.12148764660433,7.18660572014429,
7.25185162507996,7.31727685143002,7.38293315918455,7.44887266373595,7.51514792197573,
7.58333927337564,7.65070642825724,7.71855585412429,7.78693698599057,7.85627757142394,
7.92617188530291,7.99708667387145,8.06067873317501),.UNSPECIFIED.);
#135=B_SPLINE_CURVE_WITH_KNOTS('',3,(#1292,#1293,#1294,#1295,#1296,#1297,
#1298,#1299,#1300,#1301,#1302,#1303,#1304,#1305,#1306,#1307,#1308,#1309,
#1310,#1311,#1312,#1313,#1314,#1315,#1316,#1317,#1318,#1319,#1320,#1321,
#1322,#1323,#1324,#1325,#1326,#1327,#1328,#1329,#1330,#1331,#1332,#1333,
#1334,#1335,#1336,#1337,#1338,#1339,#1340,#1341,#1342,#1343,#1344,#1345,
#1346,#1347,#1348,#1349,#1350,#1351,#1352,#1353,#1354,#1355,#1356,#1357,
#1358,#1359,#1360,#1361,#1362,#1363,#1364,#1365,#1366,#1367,#1368,#1369,
#1370,#1371,#1372,#1373,#1374,#1375,#1376,#1377,#1378,#1379,#1380,#1381,
#1382,#1383,#1384,#1385,#1386,#1387,#1388,#1389,#1390,#1391,#1392,#1393,
#1394,#1395,#1396,#1397,#1398,#1399,#1400,#1401,#1402,#1403,#1404,#1405,
#1406,#1407,#1408,#1409,#1410,#1411,#1412,#1413,#1414,#1415,#1416,#1417,
#1418,#1419,#1420,#1421,#1422,#1423,#1424,#1425,#1426,#1427,#1428,#1429,
#1430,#1431,#1432,#1433,#1434,#1435,#1436,#1437,#1438,#1439,#1440,#1441,
#1442,#1443,#1444,#1445,#1446,#1447,#1448,#1449,#1450,#1451,#1452,#1453,
#1454,#1455,#1456,#1457,#1458,#1459,#1460,#1461,#1462,#1463,#1464,#1465,
#1466,#1467,#1468,#1469,#1470,#1471,#1472,#1473,#1474,#1475),
 .UNSPECIFIED.,.F.,.F.,(4,3,3,3,3,3,3,3,3,3,3,3,3,3,3,3,3,3,3,3,3,3,3,3,
3,3,3,3,3,3,3,3,3,3,3,3,3,3,3,3,3,3,3,3,3,3,3,3,3,3,3,3,3,3,3,3,3,3,3,3,
3,4),(8.06067873317501,8.13166108445064,8.20181301877552,8.27120164921049,
8.33989250829082,8.40794968443274,8.47543595394978,8.54241290908397,8.6089410824401,
8.67508006819338,8.74088864042603,8.80642486893551,8.87174623284636,8.93690973234614,
9.0019719988593,9.06698940396595,9.13201816736753,9.19711446419575,9.26233453196223,
9.32773477744204,9.39337188378573,9.45930291815795,9.52558544019763,9.59227761160705,
9.65943830717487,9.72712722755086,9.79540501408985,9.86715909689683,9.93724200811982,
10.0081228914504,10.0732295405899,10.0786356185763,10.1495878554148,10.2197238941165,
10.2891086737592,10.3578056388984,10.4258768671501,10.4933831926748,10.5603843259272,
10.626938970024,10.6931049340703,10.7589392437642,10.8244982495997,10.8898377329707,
10.9550130104726,11.0200790366928,11.0870450758941,11.1521033301316,11.2172381303568,
11.2825007948134,11.3479428267461,11.4136159994404,11.4795724416754,11.5458647238431,
11.6140735913519,11.6814580506335,11.7493249047802,11.8177236015039,11.8870819982465,
11.9569942656693,12.0279272699079,12.0915356639131),.UNSPECIFIED.);
#136=B_SPLINE_CURVE_WITH_KNOTS('',3,(#1595,#1596,#1597,#1598,#1599,#1600,
#1601,#1602,#1603,#1604,#1605,#1606,#1607),.UNSPECIFIED.,.F.,.F.,(4,3,3,
3,4),(-0.000209083825140924,0.224145808121703,0.627286191359833,1.,1.00396151778585),
 .UNSPECIFIED.);
#137=B_SPLINE_CURVE_WITH_KNOTS('',3,(#1836,#1837,#1838,#1839,#1840,#1841,
#1842,#1843,#1844,#1845,#1846,#1847,#1848,#1849,#1850,#1851,#1852,#1853,
#1854,#1855,#1856,#1857,#1858,#1859,#1860),.UNSPECIFIED.,.F.,.F.,(4,3,3,
3,3,3,3,3,4),(-0.00357414997258699,-2.53375228784214E-12,0.0846160382768219,
0.171540411868897,0.259630833509258,0.393559085743581,0.552708117050052,
0.774715009855735,1.00012373484348),.UNSPECIFIED.);
#138=B_SPLINE_CURVE_WITH_KNOTS('',3,(#1861,#1862,#1863,#1864,#1865,#1866,
#1867,#1868,#1869,#1870,#1871,#1872,#1873,#1874,#1875,#1876,#1877,#1878,
#1879,#1880,#1881,#1882,#1883,#1884,#1885,#1886,#1887,#1888,#1889,#1890,
#1891,#1892,#1893,#1894,#1895,#1896,#1897,#1898,#1899),.UNSPECIFIED.,.T.,
 .F.,(4,2,3,2,2,2,2,2,2,2,2,2,2,2,2,2,2,2,4),(8.5713672508511,8.84267703595128,
9.1643130997876,9.7323824979286,10.3004518960696,10.8685212942106,11.4365906923516,
12.0046600904926,12.5727294886336,13.1407988867746,13.7088682849156,14.2769376830566,
14.8450070811976,15.4130764793386,15.9811458774796,16.5492152756206,17.1172846737616,
17.6853540719026,17.7356803506387),.UNSPECIFIED.);
#139=B_SPLINE_CURVE_WITH_KNOTS('',3,(#1910,#1911,#1912,#1913,#1914,#1915,
#1916,#1917,#1918,#1919,#1920,#1921,#1922,#1923,#1924,#1925,#1926,#1927,
#1928,#1929,#1930,#1931,#1932,#1933,#1934,#1935,#1936,#1937,#1938,#1939,
#1940,#1941,#1942,#1943,#1944,#1945,#1946,#1947,#1948,#1949,#1950,#1951,
#1952,#1953,#1954,#1955,#1956,#1957,#1958,#1959,#1960,#1961,#1962,#1963,
#1964,#1965,#1966,#1967,#1968,#1969,#1970,#1971,#1972,#1973,#1974,#1975,
#1976,#1977,#1978,#1979,#1980,#1981,#1982,#1983,#1984,#1985,#1986,#1987,
#1988,#1989,#1990,#1991,#1992,#1993,#1994,#1995,#1996,#1997,#1998,#1999,
#2000,#2001,#2002,#2003,#2004,#2005,#2006,#2007,#2008,#2009,#2010,#2011,
#2012,#2013,#2014,#2015,#2016,#2017,#2018,#2019,#2020,#2021,#2022,#2023,
#2024,#2025,#2026,#2027,#2028,#2029,#2030,#2031,#2032,#2033,#2034,#2035,
#2036,#2037,#2038,#2039,#2040,#2041,#2042,#2043,#2044,#2045,#2046,#2047,
#2048,#2049,#2050,#2051,#2052,#2053,#2054,#2055,#2056,#2057,#2058,#2059,
#2060,#2061,#2062,#2063,#2064,#2065,#2066,#2067,#2068,#2069,#2070,#2071,
#2072,#2073,#2074,#2075,#2076,#2077,#2078,#2079,#2080,#2081,#2082,#2083,
#2084,#2085,#2086,#2087,#2088,#2089,#2090,#2091,#2092,#2093,#2094,#2095,
#2096),.UNSPECIFIED.,.F.,.F.,(4,3,3,3,3,3,3,3,3,3,3,3,3,3,3,3,3,3,3,3,3,
3,3,3,3,3,3,3,3,3,3,3,3,3,3,3,3,3,3,3,3,3,3,3,3,3,3,3,3,3,3,3,3,3,3,3,3,
3,3,3,3,3,4),(4.05311045306924,4.12436820730995,4.19479342930569,4.26445330801502,
4.33341345213847,4.40173802630717,4.46948988289323,4.53673068984643,4.60352105494277,
4.66992064681407,4.7359883131128,4.80178219615342,4.86735984636027,4.93277833384179,
4.99809435840387,5.06336435830719,5.12864461806949,5.19399137560878,5.25946092902248,
5.32510974329504,5.39099455722744,5.45717249088367,5.52370115385192,5.5906387546209,
5.65804421137952,5.72597726455208,5.79449859138973,5.86670738738098,5.9370360065827,
6.00816237513588,6.07369417788506,6.07828309007582,6.08171796349436,6.15294511842429,
6.2233540252029,6.29300969564737,6.36197564736239,6.43031403111853,6.49808575414115,
6.56535059967704,6.63216734318834,6.69859386550962,6.76468726329355,6.83050395705616,
6.89609979712716,6.96153016780132,7.02685008997946,7.09424571330009,7.15955548859633,
7.22494105617082,7.29045378917265,7.35614524410993,7.42206724574547,7.48827197239991,
7.55481204191307,7.62360804456261,7.69124308501978,7.75936052980359,7.8280098653055,
7.89762260933974,7.96778942688669,8.03898541054116,8.10518006310943),
 .UNSPECIFIED.);
#140=B_SPLINE_CURVE_WITH_KNOTS('',3,(#2097,#2098,#2099,#2100,#2101,#2102,
#2103,#2104,#2105,#2106,#2107,#2108,#2109,#2110,#2111,#2112,#2113,#2114,
#2115,#2116,#2117,#2118,#2119,#2120,#2121,#2122,#2123,#2124,#2125,#2126,
#2127,#2128,#2129,#2130,#2131,#2132,#2133,#2134,#2135,#2136,#2137,#2138,
#2139,#2140,#2141,#2142,#2143,#2144,#2145,#2146,#2147,#2148,#2149,#2150,
#2151,#2152,#2153,#2154,#2155,#2156,#2157,#2158,#2159,#2160,#2161,#2162,
#2163,#2164,#2165,#2166,#2167,#2168,#2169,#2170,#2171,#2172,#2173,#2174,
#2175,#2176,#2177,#2178,#2179,#2180,#2181,#2182,#2183,#2184,#2185,#2186,
#2187,#2188,#2189,#2190,#2191,#2192,#2193,#2194,#2195,#2196,#2197,#2198,
#2199,#2200,#2201,#2202,#2203,#2204,#2205,#2206,#2207,#2208,#2209,#2210,
#2211,#2212,#2213,#2214,#2215,#2216,#2217,#2218,#2219,#2220,#2221,#2222,
#2223,#2224,#2225,#2226,#2227,#2228,#2229,#2230,#2231,#2232,#2233,#2234,
#2235,#2236,#2237,#2238,#2239,#2240,#2241,#2242,#2243,#2244,#2245,#2246,
#2247,#2248,#2249,#2250,#2251,#2252,#2253,#2254,#2255,#2256,#2257,#2258,
#2259,#2260,#2261,#2262,#2263,#2264,#2265,#2266,#2267,#2268,#2269,#2270,
#2271,#2272,#2273,#2274,#2275,#2276,#2277,#2278,#2279,#2280,#2281,#2282,
#2283),.UNSPECIFIED.,.F.,.F.,(4,3,3,3,3,3,3,3,3,3,3,3,3,3,3,3,3,3,3,3,3,
3,3,3,3,3,3,3,3,3,3,3,3,3,3,3,3,3,3,3,3,3,3,3,3,3,3,3,3,3,3,3,3,3,3,3,3,
3,3,3,3,3,4),(8.10518006310943,8.17645612111682,8.24689943302914,8.31657720506368,
8.38555506277358,8.4538971872718,8.5216664470751,8.58892452597373,8.65573204731187,
8.72214869504826,8.78823333195129,8.85404411527026,8.91963861021237,8.98507390154553,
9.05040670363993,9.11569346925327,9.18099049736102,9.24635404032691,9.31184041070947,
9.37750608799698,9.44340782556487,9.50960275814954,9.57614851013684,9.64310330496752,
9.71052607596481,9.77847657889812,9.84701550660435,9.91924285065355,9.98958953495784,
10.0607341735291,10.1262828092369,10.1308729001669,10.1343086558867,10.2055541067232,
10.2759810992278,10.3456546619164,10.4146383287097,10.4829942663426,10.5507833976854,
10.6180655213415,10.6848994278705,10.7513430129743,10.8174533879722,10.8832869878727,
10.9488996773517,11.0143468549298,11.0796835556414,11.147096490675,11.2124230418983,
11.2778254048684,11.3433549659304,11.4090632948356,11.475002229659,11.541223962124,
11.607781123586,11.6765947976601,11.7442472113282,11.8123821532368,11.8810491224887,
11.9506797477408,12.0208645888288,12.0920788603831,12.1582905161787),
 .UNSPECIFIED.);
#141=B_SPLINE_CURVE_WITH_KNOTS('',3,(#2457,#2458,#2459,#2460,#2461,#2462,
#2463,#2464,#2465,#2466,#2467,#2468,#2469,#2470,#2471,#2472,#2473,#2474,
#2475),.UNSPECIFIED.,.F.,.F.,(4,3,3,3,3,3,4),(-0.000418167999864573,0.,
0.323900850227037,0.621705116810082,0.962015405400749,1.,1.0079230355717),
 .UNSPECIFIED.);
#142=VERTEX_POINT('',#665);
#143=VERTEX_POINT('',#666);
#144=VERTEX_POINT('',#1099);
#145=VERTEX_POINT('',#1102);
#146=VERTEX_POINT('',#1106);
#147=VERTEX_POINT('',#1107);
#148=VERTEX_POINT('',#1594);
#149=VERTEX_POINT('',#1834);
#150=VERTEX_POINT('',#1835);
#151=VERTEX_POINT('',#1901);
#152=VERTEX_POINT('',#1904);
#153=VERTEX_POINT('',#1908);
#154=VERTEX_POINT('',#1909);
#155=VERTEX_POINT('',#2456);
#156=VERTEX_POINT('',#3106);
#157=VERTEX_POINT('',#3107);
#158=VERTEX_POINT('',#3178);
#159=VERTEX_POINT('',#3182);
#160=VERTEX_POINT('',#3186);
#161=VERTEX_POINT('',#3190);
#162=VERTEX_POINT('',#3194);
#163=VERTEX_POINT('',#3197);
#164=VERTEX_POINT('',#3202);
#165=VERTEX_POINT('',#3204);
#166=VERTEX_POINT('',#4333);
#167=VERTEX_POINT('',#4334);
#168=EDGE_CURVE('',#142,#143,#132,.T.);
#169=EDGE_CURVE('',#142,#142,#133,.F.);
#170=EDGE_CURVE('',#144,#144,#66,.T.);
#171=EDGE_CURVE('',#145,#145,#67,.F.);
#172=EDGE_CURVE('',#145,#144,#39,.T.);
#173=EDGE_CURVE('',#146,#147,#134,.T.);
#174=EDGE_CURVE('',#147,#146,#135,.T.);
#175=EDGE_CURVE('',#147,#145,#40,.T.);
#176=EDGE_CURVE('',#148,#146,#136,.T.);
#177=EDGE_CURVE('',#149,#150,#137,.T.);
#178=EDGE_CURVE('',#149,#149,#138,.F.);
#179=EDGE_CURVE('',#151,#151,#68,.T.);
#180=EDGE_CURVE('',#152,#152,#69,.F.);
#181=EDGE_CURVE('',#152,#151,#41,.T.);
#182=EDGE_CURVE('',#153,#154,#139,.T.);
#183=EDGE_CURVE('',#154,#153,#140,.T.);
#184=EDGE_CURVE('',#154,#152,#42,.T.);
#185=EDGE_CURVE('',#155,#153,#141,.T.);
#186=EDGE_CURVE('',#156,#157,#19,.T.);
#187=EDGE_CURVE('',#157,#158,#70,.T.);
#188=EDGE_CURVE('',#158,#157,#71,.T.);
#189=EDGE_CURVE('',#158,#159,#43,.T.);
#190=EDGE_CURVE('',#159,#159,#72,.T.);
#191=EDGE_CURVE('',#159,#160,#44,.T.);
#192=EDGE_CURVE('',#160,#160,#73,.T.);
#193=EDGE_CURVE('',#160,#161,#45,.T.);
#194=EDGE_CURVE('',#161,#161,#74,.T.);
#195=EDGE_CURVE('',#162,#162,#75,.T.);
#196=EDGE_CURVE('',#162,#163,#46,.T.);
#197=EDGE_CURVE('',#163,#163,#76,.T.);
#198=EDGE_CURVE('',#164,#164,#77,.T.);
#199=EDGE_CURVE('',#164,#165,#47,.T.);
#200=EDGE_CURVE('',#165,#165,#78,.T.);
#201=EDGE_CURVE('',#166,#167,#20,.T.);
#202=EDGE_CURVE('',#166,#166,#79,.T.);
#203=ORIENTED_EDGE('',*,*,#168,.T.);
#204=ORIENTED_EDGE('',*,*,#168,.F.);
#205=ORIENTED_EDGE('',*,*,#169,.F.);
#206=ORIENTED_EDGE('',*,*,#169,.T.);
#207=ORIENTED_EDGE('',*,*,#170,.F.);
#208=ORIENTED_EDGE('',*,*,#171,.F.);
#209=ORIENTED_EDGE('',*,*,#172,.T.);
#210=ORIENTED_EDGE('',*,*,#170,.T.);
#211=ORIENTED_EDGE('',*,*,#172,.F.);
#212=ORIENTED_EDGE('',*,*,#173,.F.);
#213=ORIENTED_EDGE('',*,*,#174,.F.);
#214=ORIENTED_EDGE('',*,*,#175,.T.);
#215=ORIENTED_EDGE('',*,*,#171,.T.);
#216=ORIENTED_EDGE('',*,*,#175,.F.);
#217=ORIENTED_EDGE('',*,*,#176,.T.);
#218=ORIENTED_EDGE('',*,*,#173,.T.);
#219=ORIENTED_EDGE('',*,*,#174,.T.);
#220=ORIENTED_EDGE('',*,*,#176,.F.);
#221=ORIENTED_EDGE('',*,*,#177,.T.);
#222=ORIENTED_EDGE('',*,*,#177,.F.);
#223=ORIENTED_EDGE('',*,*,#178,.F.);
#224=ORIENTED_EDGE('',*,*,#178,.T.);
#225=ORIENTED_EDGE('',*,*,#179,.F.);
#226=ORIENTED_EDGE('',*,*,#180,.F.);
#227=ORIENTED_EDGE('',*,*,#181,.T.);
#228=ORIENTED_EDGE('',*,*,#179,.T.);
#229=ORIENTED_EDGE('',*,*,#181,.F.);
#230=ORIENTED_EDGE('',*,*,#182,.F.);
#231=ORIENTED_EDGE('',*,*,#183,.F.);
#232=ORIENTED_EDGE('',*,*,#184,.T.);
#233=ORIENTED_EDGE('',*,*,#180,.T.);
#234=ORIENTED_EDGE('',*,*,#184,.F.);
#235=ORIENTED_EDGE('',*,*,#185,.T.);
#236=ORIENTED_EDGE('',*,*,#182,.T.);
#237=ORIENTED_EDGE('',*,*,#183,.T.);
#238=ORIENTED_EDGE('',*,*,#185,.F.);
#239=ORIENTED_EDGE('',*,*,#186,.T.);
#240=ORIENTED_EDGE('',*,*,#187,.T.);
#241=ORIENTED_EDGE('',*,*,#188,.T.);
#242=ORIENTED_EDGE('',*,*,#186,.F.);
#243=ORIENTED_EDGE('',*,*,#187,.F.);
#244=ORIENTED_EDGE('',*,*,#188,.F.);
#245=ORIENTED_EDGE('',*,*,#189,.T.);
#246=ORIENTED_EDGE('',*,*,#190,.T.);
#247=ORIENTED_EDGE('',*,*,#189,.F.);
#248=ORIENTED_EDGE('',*,*,#190,.F.);
#249=ORIENTED_EDGE('',*,*,#191,.T.);
#250=ORIENTED_EDGE('',*,*,#192,.T.);
#251=ORIENTED_EDGE('',*,*,#191,.F.);
#252=ORIENTED_EDGE('',*,*,#192,.F.);
#253=ORIENTED_EDGE('',*,*,#193,.T.);
#254=ORIENTED_EDGE('',*,*,#194,.T.);
#255=ORIENTED_EDGE('',*,*,#193,.F.);
#256=ORIENTED_EDGE('',*,*,#194,.F.);
#257=ORIENTED_EDGE('',*,*,#195,.T.);
#258=ORIENTED_EDGE('',*,*,#195,.F.);
#259=ORIENTED_EDGE('',*,*,#196,.T.);
#260=ORIENTED_EDGE('',*,*,#197,.T.);
#261=ORIENTED_EDGE('',*,*,#196,.F.);
#262=ORIENTED_EDGE('',*,*,#197,.F.);
#263=ORIENTED_EDGE('',*,*,#198,.F.);
#264=ORIENTED_EDGE('',*,*,#199,.T.);
#265=ORIENTED_EDGE('',*,*,#200,.T.);
#266=ORIENTED_EDGE('',*,*,#199,.F.);
#267=ORIENTED_EDGE('',*,*,#198,.T.);
#268=ORIENTED_EDGE('',*,*,#201,.T.);
#269=ORIENTED_EDGE('',*,*,#201,.F.);
#270=ORIENTED_EDGE('',*,*,#202,.F.);
#271=ORIENTED_EDGE('',*,*,#202,.T.);
#272=ORIENTED_EDGE('',*,*,#200,.F.);
#273=(
BOUNDED_SURFACE()
B_SPLINE_SURFACE(3,2,((#440,#441,#442,#443,#444,#445,#446,#447,#448),(#449,
#450,#451,#452,#453,#454,#455,#456,#457),(#458,#459,#460,#461,#462,#463,
#464,#465,#466),(#467,#468,#469,#470,#471,#472,#473,#474,#475),(#476,#477,
#478,#479,#480,#481,#482,#483,#484),(#485,#486,#487,#488,#489,#490,#491,
#492,#493),(#494,#495,#496,#497,#498,#499,#500,#501,#502),(#503,#504,#505,
#506,#507,#508,#509,#510,#511),(#512,#513,#514,#515,#516,#517,#518,#519,
#520),(#521,#522,#523,#524,#525,#526,#527,#528,#529),(#530,#531,#532,#533,
#534,#535,#536,#537,#538),(#539,#540,#541,#542,#543,#544,#545,#546,#547),
(#548,#549,#550,#551,#552,#553,#554,#555,#556),(#557,#558,#559,#560,#561,
#562,#563,#564,#565),(#566,#567,#568,#569,#570,#571,#572,#573,#574),(#575,
#576,#577,#578,#579,#580,#581,#582,#583),(#584,#585,#586,#587,#588,#589,
#590,#591,#592),(#593,#594,#595,#596,#597,#598,#599,#600,#601),(#602,#603,
#604,#605,#606,#607,#608,#609,#610),(#611,#612,#613,#614,#615,#616,#617,
#618,#619),(#620,#621,#622,#623,#624,#625,#626,#627,#628),(#629,#630,#631,
#632,#633,#634,#635,#636,#637),(#638,#639,#640,#641,#642,#643,#644,#645,
#646),(#647,#648,#649,#650,#651,#652,#653,#654,#655),(#656,#657,#658,#659,
#660,#661,#662,#663,#664)),.UNSPECIFIED.,.F.,.T.,.F.)
B_SPLINE_SURFACE_WITH_KNOTS((4,3,3,3,3,3,3,3,4),(3,2,2,2,3),(-0.0100006186742175,
0.,0.0900115899168799,0.180499125757319,0.280540520705833,0.416654091358986,
0.61760793440486,0.824045529802205,1.00006186742175),(0.,1.5707963267949,
3.14159265358979,4.71238898038469,6.28318530717959),.UNSPECIFIED.)
GEOMETRIC_REPRESENTATION_ITEM()
RATIONAL_B_SPLINE_SURFACE(((1.,0.707106781186548,1.,0.707106781186548,1.,
0.707106781186548,1.,0.707106781186548,1.),(1.,0.707106781186548,1.,0.707106781186548,
1.,0.707106781186548,1.,0.707106781186548,1.),(1.,0.707106781186548,1.,
0.707106781186548,1.,0.707106781186548,1.,0.707106781186548,1.),(1.,0.707106781186548,
1.,0.707106781186548,1.,0.707106781186548,1.,0.707106781186548,1.),(1.,
0.707106781186548,1.,0.707106781186548,1.,0.707106781186548,1.,0.707106781186548,
1.),(1.,0.707106781186548,1.,0.707106781186548,1.,0.707106781186548,1.,
0.707106781186548,1.),(1.,0.707106781186548,1.,0.707106781186548,1.,0.707106781186548,
1.,0.707106781186548,1.),(1.,0.707106781186548,1.,0.707106781186548,1.,
0.707106781186548,1.,0.707106781186548,1.),(1.,0.707106781186548,1.,0.707106781186548,
1.,0.707106781186548,1.,0.707106781186548,1.),(1.,0.707106781186548,1.,
0.707106781186548,1.,0.707106781186548,1.,0.707106781186548,1.),(1.,0.707106781186548,
1.,0.707106781186548,1.,0.707106781186548,1.,0.707106781186548,1.),(1.,
0.707106781186548,1.,0.707106781186548,1.,0.707106781186548,1.,0.707106781186548,
1.),(1.,0.707106781186548,1.,0.707106781186548,1.,0.707106781186548,1.,
0.707106781186548,1.),(1.,0.707106781186548,1.,0.707106781186548,1.,0.707106781186548,
1.,0.707106781186548,1.),(1.,0.707106781186548,1.,0.707106781186548,1.,
0.707106781186548,1.,0.707106781186548,1.),(1.,0.707106781186548,1.,0.707106781186548,
1.,0.707106781186548,1.,0.707106781186548,1.),(1.,0.707106781186548,1.,
0.707106781186548,1.,0.707106781186548,1.,0.707106781186548,1.),(1.,0.707106781186548,
1.,0.707106781186548,1.,0.707106781186548,1.,0.707106781186548,1.),(1.,
0.707106781186548,1.,0.707106781186548,1.,0.707106781186548,1.,0.707106781186548,
1.),(1.,0.707106781186548,1.,0.707106781186548,1.,0.707106781186548,1.,
0.707106781186548,1.),(1.,0.707106781186548,1.,0.707106781186548,1.,0.707106781186548,
1.,0.707106781186548,1.),(1.,0.707106781186548,1.,0.707106781186548,1.,
0.707106781186548,1.,0.707106781186548,1.),(1.,0.707106781186548,1.,0.707106781186548,
1.,0.707106781186548,1.,0.707106781186548,1.),(1.,0.707106781186548,1.,
0.707106781186548,1.,0.707106781186548,1.,0.707106781186548,1.),(1.,0.707106781186548,
1.,0.707106781186548,1.,0.707106781186548,1.,0.707106781186548,1.)))
REPRESENTATION_ITEM('')
SURFACE()
);
#274=(
BOUNDED_SURFACE()
B_SPLINE_SURFACE(3,2,((#1477,#1478,#1479,#1480,#1481,#1482,#1483,#1484,
#1485),(#1486,#1487,#1488,#1489,#1490,#1491,#1492,#1493,#1494),(#1495,#1496,
#1497,#1498,#1499,#1500,#1501,#1502,#1503),(#1504,#1505,#1506,#1507,#1508,
#1509,#1510,#1511,#1512),(#1513,#1514,#1515,#1516,#1517,#1518,#1519,#1520,
#1521),(#1522,#1523,#1524,#1525,#1526,#1527,#1528,#1529,#1530),(#1531,#1532,
#1533,#1534,#1535,#1536,#1537,#1538,#1539),(#1540,#1541,#1542,#1543,#1544,
#1545,#1546,#1547,#1548),(#1549,#1550,#1551,#1552,#1553,#1554,#1555,#1556,
#1557),(#1558,#1559,#1560,#1561,#1562,#1563,#1564,#1565,#1566),(#1567,#1568,
#1569,#1570,#1571,#1572,#1573,#1574,#1575),(#1576,#1577,#1578,#1579,#1580,
#1581,#1582,#1583,#1584),(#1585,#1586,#1587,#1588,#1589,#1590,#1591,#1592,
#1593)),.UNSPECIFIED.,.F.,.T.,.F.)
B_SPLINE_SURFACE_WITH_KNOTS((4,3,3,3,4),(3,2,2,2,3),(-0.000209083999932286,
0.224145808121703,0.627286191359833,1.,1.01000209084),(0.,1.5707963267949,
3.14159265358979,4.71238898038469,6.28318530717959),.UNSPECIFIED.)
GEOMETRIC_REPRESENTATION_ITEM()
RATIONAL_B_SPLINE_SURFACE(((1.,0.707106781186548,1.,0.707106781186548,1.,
0.707106781186548,1.,0.707106781186548,1.),(1.,0.707106781186548,1.,0.707106781186548,
1.,0.707106781186548,1.,0.707106781186548,1.),(1.,0.707106781186548,1.,
0.707106781186548,1.,0.707106781186548,1.,0.707106781186548,1.),(1.,0.707106781186548,
1.,0.707106781186548,1.,0.707106781186548,1.,0.707106781186548,1.),(1.,
0.707106781186548,1.,0.707106781186548,1.,0.707106781186548,1.,0.707106781186548,
1.),(1.,0.707106781186548,1.,0.707106781186548,1.,0.707106781186548,1.,
0.707106781186548,1.),(1.,0.707106781186548,1.,0.707106781186548,1.,0.707106781186548,
1.,0.707106781186548,1.),(1.,0.707106781186548,1.,0.707106781186548,1.,
0.707106781186548,1.,0.707106781186548,1.),(1.,0.707106781186548,1.,0.707106781186548,
1.,0.707106781186548,1.,0.707106781186548,1.),(1.,0.707106781186548,1.,
0.707106781186548,1.,0.707106781186548,1.,0.707106781186548,1.),(1.,0.707106781186548,
1.,0.707106781186548,1.,0.707106781186548,1.,0.707106781186548,1.),(1.,
0.707106781186548,1.,0.707106781186548,1.,0.707106781186548,1.,0.707106781186548,
1.),(1.,0.707106781186548,1.,0.707106781186548,1.,0.707106781186548,1.,
0.707106781186548,1.)))
REPRESENTATION_ITEM('')
SURFACE()
);
#275=(
BOUNDED_SURFACE()
B_SPLINE_SURFACE(3,2,((#1609,#1610,#1611,#1612,#1613,#1614,#1615,#1616,
#1617),(#1618,#1619,#1620,#1621,#1622,#1623,#1624,#1625,#1626),(#1627,#1628,
#1629,#1630,#1631,#1632,#1633,#1634,#1635),(#1636,#1637,#1638,#1639,#1640,
#1641,#1642,#1643,#1644),(#1645,#1646,#1647,#1648,#1649,#1650,#1651,#1652,
#1653),(#1654,#1655,#1656,#1657,#1658,#1659,#1660,#1661,#1662),(#1663,#1664,
#1665,#1666,#1667,#1668,#1669,#1670,#1671),(#1672,#1673,#1674,#1675,#1676,
#1677,#1678,#1679,#1680),(#1681,#1682,#1683,#1684,#1685,#1686,#1687,#1688,
#1689),(#1690,#1691,#1692,#1693,#1694,#1695,#1696,#1697,#1698),(#1699,#1700,
#1701,#1702,#1703,#1704,#1705,#1706,#1707),(#1708,#1709,#1710,#1711,#1712,
#1713,#1714,#1715,#1716),(#1717,#1718,#1719,#1720,#1721,#1722,#1723,#1724,
#1725),(#1726,#1727,#1728,#1729,#1730,#1731,#1732,#1733,#1734),(#1735,#1736,
#1737,#1738,#1739,#1740,#1741,#1742,#1743),(#1744,#1745,#1746,#1747,#1748,
#1749,#1750,#1751,#1752),(#1753,#1754,#1755,#1756,#1757,#1758,#1759,#1760,
#1761),(#1762,#1763,#1764,#1765,#1766,#1767,#1768,#1769,#1770),(#1771,#1772,
#1773,#1774,#1775,#1776,#1777,#1778,#1779),(#1780,#1781,#1782,#1783,#1784,
#1785,#1786,#1787,#1788),(#1789,#1790,#1791,#1792,#1793,#1794,#1795,#1796,
#1797),(#1798,#1799,#1800,#1801,#1802,#1803,#1804,#1805,#1806),(#1807,#1808,
#1809,#1810,#1811,#1812,#1813,#1814,#1815),(#1816,#1817,#1818,#1819,#1820,
#1821,#1822,#1823,#1824),(#1825,#1826,#1827,#1828,#1829,#1830,#1831,#1832,
#1833)),.UNSPECIFIED.,.F.,.T.,.F.)
B_SPLINE_SURFACE_WITH_KNOTS((4,3,3,3,3,3,3,3,4),(3,2,2,2,3),(-0.0100012373484344,
-7.04527408634803E-12,0.0846160382726893,0.171540411865153,0.259630833505909,
0.393559085740831,0.552708117048016,0.774715009854692,1.00012373484344),
(0.,1.5707963267949,3.14159265358979,4.71238898038469,6.28318530717959),
 .UNSPECIFIED.)
GEOMETRIC_REPRESENTATION_ITEM()
RATIONAL_B_SPLINE_SURFACE(((1.,0.707106781186548,1.,0.707106781186548,1.,
0.707106781186548,1.,0.707106781186548,1.),(1.,0.707106781186548,1.,0.707106781186548,
1.,0.707106781186548,1.,0.707106781186548,1.),(1.,0.707106781186548,1.,
0.707106781186548,1.,0.707106781186548,1.,0.707106781186548,1.),(1.,0.707106781186548,
1.,0.707106781186548,1.,0.707106781186548,1.,0.707106781186548,1.),(1.,
0.707106781186548,1.,0.707106781186548,1.,0.707106781186548,1.,0.707106781186548,
1.),(1.,0.707106781186548,1.,0.707106781186548,1.,0.707106781186548,1.,
0.707106781186548,1.),(1.,0.707106781186548,1.,0.707106781186548,1.,0.707106781186548,
1.,0.707106781186548,1.),(1.,0.707106781186548,1.,0.707106781186548,1.,
0.707106781186548,1.,0.707106781186548,1.),(1.,0.707106781186548,1.,0.707106781186548,
1.,0.707106781186548,1.,0.707106781186548,1.),(1.,0.707106781186548,1.,
0.707106781186548,1.,0.707106781186548,1.,0.707106781186548,1.),(1.,0.707106781186548,
1.,0.707106781186548,1.,0.707106781186548,1.,0.707106781186548,1.),(1.,
0.707106781186548,1.,0.707106781186548,1.,0.707106781186548,1.,0.707106781186548,
1.),(1.,0.707106781186548,1.,0.707106781186548,1.,0.707106781186548,1.,
0.707106781186548,1.),(1.,0.707106781186548,1.,0.707106781186548,1.,0.707106781186548,
1.,0.707106781186548,1.),(1.,0.707106781186548,1.,0.707106781186548,1.,
0.707106781186548,1.,0.707106781186548,1.),(1.,0.707106781186548,1.,0.707106781186548,
1.,0.707106781186548,1.,0.707106781186548,1.),(1.,0.707106781186548,1.,
0.707106781186548,1.,0.707106781186548,1.,0.707106781186548,1.),(1.,0.707106781186548,
1.,0.707106781186548,1.,0.707106781186548,1.,0.707106781186548,1.),(1.,
0.707106781186548,1.,0.707106781186548,1.,0.707106781186548,1.,0.707106781186548,
1.),(1.,0.707106781186548,1.,0.707106781186548,1.,0.707106781186548,1.,
0.707106781186548,1.),(1.,0.707106781186548,1.,0.707106781186548,1.,0.707106781186548,
1.,0.707106781186548,1.),(1.,0.707106781186548,1.,0.707106781186548,1.,
0.707106781186548,1.,0.707106781186548,1.),(1.,0.707106781186548,1.,0.707106781186548,
1.,0.707106781186548,1.,0.707106781186548,1.),(1.,0.707106781186548,1.,
0.707106781186548,1.,0.707106781186548,1.,0.707106781186548,1.),(1.,0.707106781186548,
1.,0.707106781186548,1.,0.707106781186548,1.,0.707106781186548,1.)))
REPRESENTATION_ITEM('')
SURFACE()
);
#276=(
BOUNDED_SURFACE()
B_SPLINE_SURFACE(3,2,((#2285,#2286,#2287,#2288,#2289,#2290,#2291,#2292,
#2293),(#2294,#2295,#2296,#2297,#2298,#2299,#2300,#2301,#2302),(#2303,#2304,
#2305,#2306,#2307,#2308,#2309,#2310,#2311),(#2312,#2313,#2314,#2315,#2316,
#2317,#2318,#2319,#2320),(#2321,#2322,#2323,#2324,#2325,#2326,#2327,#2328,
#2329),(#2330,#2331,#2332,#2333,#2334,#2335,#2336,#2337,#2338),(#2339,#2340,
#2341,#2342,#2343,#2344,#2345,#2346,#2347),(#2348,#2349,#2350,#2351,#2352,
#2353,#2354,#2355,#2356),(#2357,#2358,#2359,#2360,#2361,#2362,#2363,#2364,
#2365),(#2366,#2367,#2368,#2369,#2370,#2371,#2372,#2373,#2374),(#2375,#2376,
#2377,#2378,#2379,#2380,#2381,#2382,#2383),(#2384,#2385,#2386,#2387,#2388,
#2389,#2390,#2391,#2392),(#2393,#2394,#2395,#2396,#2397,#2398,#2399,#2400,
#2401),(#2402,#2403,#2404,#2405,#2406,#2407,#2408,#2409,#2410),(#2411,#2412,
#2413,#2414,#2415,#2416,#2417,#2418,#2419),(#2420,#2421,#2422,#2423,#2424,
#2425,#2426,#2427,#2428),(#2429,#2430,#2431,#2432,#2433,#2434,#2435,#2436,
#2437),(#2438,#2439,#2440,#2441,#2442,#2443,#2444,#2445,#2446),(#2447,#2448,
#2449,#2450,#2451,#2452,#2453,#2454,#2455)),.UNSPECIFIED.,.F.,.T.,.F.)
B_SPLINE_SURFACE_WITH_KNOTS((4,3,3,3,3,3,4),(3,2,2,2,3),(-0.000418167999864573,
0.,0.323900850227037,0.621705116810082,0.962015405400749,1.,1.0197201527762),
(0.,1.5707963267949,3.14159265358979,4.71238898038469,6.28318530717959),
 .UNSPECIFIED.)
GEOMETRIC_REPRESENTATION_ITEM()
RATIONAL_B_SPLINE_SURFACE(((1.,0.707106781186548,1.,0.707106781186548,1.,
0.707106781186548,1.,0.707106781186548,1.),(1.,0.707106781186548,1.,0.707106781186548,
1.,0.707106781186548,1.,0.707106781186548,1.),(1.,0.707106781186548,1.,
0.707106781186548,1.,0.707106781186548,1.,0.707106781186548,1.),(1.,0.707106781186548,
1.,0.707106781186548,1.,0.707106781186548,1.,0.707106781186548,1.),(1.,
0.707106781186548,1.,0.707106781186548,1.,0.707106781186548,1.,0.707106781186548,
1.),(1.,0.707106781186548,1.,0.707106781186548,1.,0.707106781186548,1.,
0.707106781186548,1.),(1.,0.707106781186548,1.,0.707106781186548,1.,0.707106781186548,
1.,0.707106781186548,1.),(1.,0.707106781186548,1.,0.707106781186548,1.,
0.707106781186548,1.,0.707106781186548,1.),(1.,0.707106781186548,1.,0.707106781186548,
1.,0.707106781186548,1.,0.707106781186548,1.),(1.,0.707106781186548,1.,
0.707106781186548,1.,0.707106781186548,1.,0.707106781186548,1.),(1.,0.707106781186548,
1.,0.707106781186548,1.,0.707106781186548,1.,0.707106781186548,1.),(1.,
0.707106781186548,1.,0.707106781186548,1.,0.707106781186548,1.,0.707106781186548,
1.),(1.,0.707106781186548,1.,0.707106781186548,1.,0.707106781186548,1.,
0.707106781186548,1.),(1.,0.707106781186548,1.,0.707106781186548,1.,0.707106781186548,
1.,0.707106781186548,1.),(1.,0.707106781186548,1.,0.707106781186548,1.,
0.707106781186548,1.,0.707106781186548,1.),(1.,0.707106781186548,1.,0.707106781186548,
1.,0.707106781186548,1.,0.707106781186548,1.),(1.,0.707106781186548,1.,
0.707106781186548,1.,0.707106781186548,1.,0.707106781186548,1.),(1.,0.707106781186548,
1.,0.707106781186548,1.,0.707106781186548,1.,0.707106781186548,1.),(1.,
0.707106781186548,1.,0.707106781186548,1.,0.707106781186548,1.,0.707106781186548,
1.)))
REPRESENTATION_ITEM('')
SURFACE()
);
#277=(
BOUNDED_SURFACE()
B_SPLINE_SURFACE(5,2,((#2476,#2477,#2478,#2479,#2480,#2481,#2482,#2483,
#2484),(#2485,#2486,#2487,#2488,#2489,#2490,#2491,#2492,#2493),(#2494,#2495,
#2496,#2497,#2498,#2499,#2500,#2501,#2502),(#2503,#2504,#2505,#2506,#2507,
#2508,#2509,#2510,#2511),(#2512,#2513,#2514,#2515,#2516,#2517,#2518,#2519,
#2520),(#2521,#2522,#2523,#2524,#2525,#2526,#2527,#2528,#2529),(#2530,#2531,
#2532,#2533,#2534,#2535,#2536,#2537,#2538),(#2539,#2540,#2541,#2542,#2543,
#2544,#2545,#2546,#2547),(#2548,#2549,#2550,#2551,#2552,#2553,#2554,#2555,
#2556),(#2557,#2558,#2559,#2560,#2561,#2562,#2563,#2564,#2565),(#2566,#2567,
#2568,#2569,#2570,#2571,#2572,#2573,#2574),(#2575,#2576,#2577,#2578,#2579,
#2580,#2581,#2582,#2583),(#2584,#2585,#2586,#2587,#2588,#2589,#2590,#2591,
#2592),(#2593,#2594,#2595,#2596,#2597,#2598,#2599,#2600,#2601),(#2602,#2603,
#2604,#2605,#2606,#2607,#2608,#2609,#2610),(#2611,#2612,#2613,#2614,#2615,
#2616,#2617,#2618,#2619),(#2620,#2621,#2622,#2623,#2624,#2625,#2626,#2627,
#2628),(#2629,#2630,#2631,#2632,#2633,#2634,#2635,#2636,#2637),(#2638,#2639,
#2640,#2641,#2642,#2643,#2644,#2645,#2646),(#2647,#2648,#2649,#2650,#2651,
#2652,#2653,#2654,#2655),(#2656,#2657,#2658,#2659,#2660,#2661,#2662,#2663,
#2664),(#2665,#2666,#2667,#2668,#2669,#2670,#2671,#2672,#2673),(#2674,#2675,
#2676,#2677,#2678,#2679,#2680,#2681,#2682),(#2683,#2684,#2685,#2686,#2687,
#2688,#2689,#2690,#2691),(#2692,#2693,#2694,#2695,#2696,#2697,#2698,#2699,
#2700),(#2701,#2702,#2703,#2704,#2705,#2706,#2707,#2708,#2709),(#2710,#2711,
#2712,#2713,#2714,#2715,#2716,#2717,#2718),(#2719,#2720,#2721,#2722,#2723,
#2724,#2725,#2726,#2727),(#2728,#2729,#2730,#2731,#2732,#2733,#2734,#2735,
#2736),(#2737,#2738,#2739,#2740,#2741,#2742,#2743,#2744,#2745),(#2746,#2747,
#2748,#2749,#2750,#2751,#2752,#2753,#2754),(#2755,#2756,#2757,#2758,#2759,
#2760,#2761,#2762,#2763),(#2764,#2765,#2766,#2767,#2768,#2769,#2770,#2771,
#2772),(#2773,#2774,#2775,#2776,#2777,#2778,#2779,#2780,#2781),(#2782,#2783,
#2784,#2785,#2786,#2787,#2788,#2789,#2790),(#2791,#2792,#2793,#2794,#2795,
#2796,#2797,#2798,#2799),(#2800,#2801,#2802,#2803,#2804,#2805,#2806,#2807,
#2808),(#2809,#2810,#2811,#2812,#2813,#2814,#2815,#2816,#2817),(#2818,#2819,
#2820,#2821,#2822,#2823,#2824,#2825,#2826),(#2827,#2828,#2829,#2830,#2831,
#2832,#2833,#2834,#2835),(#2836,#2837,#2838,#2839,#2840,#2841,#2842,#2843,
#2844),(#2845,#2846,#2847,#2848,#2849,#2850,#2851,#2852,#2853),(#2854,#2855,
#2856,#2857,#2858,#2859,#2860,#2861,#2862),(#2863,#2864,#2865,#2866,#2867,
#2868,#2869,#2870,#2871),(#2872,#2873,#2874,#2875,#2876,#2877,#2878,#2879,
#2880),(#2881,#2882,#2883,#2884,#2885,#2886,#2887,#2888,#2889),(#2890,#2891,
#2892,#2893,#2894,#2895,#2896,#2897,#2898),(#2899,#2900,#2901,#2902,#2903,
#2904,#2905,#2906,#2907),(#2908,#2909,#2910,#2911,#2912,#2913,#2914,#2915,
#2916),(#2917,#2918,#2919,#2920,#2921,#2922,#2923,#2924,#2925),(#2926,#2927,
#2928,#2929,#2930,#2931,#2932,#2933,#2934),(#2935,#2936,#2937,#2938,#2939,
#2940,#2941,#2942,#2943),(#2944,#2945,#2946,#2947,#2948,#2949,#2950,#2951,
#2952),(#2953,#2954,#2955,#2956,#2957,#2958,#2959,#2960,#2961),(#2962,#2963,
#2964,#2965,#2966,#2967,#2968,#2969,#2970),(#2971,#2972,#2973,#2974,#2975,
#2976,#2977,#2978,#2979),(#2980,#2981,#2982,#2983,#2984,#2985,#2986,#2987,
#2988),(#2989,#2990,#2991,#2992,#2993,#2994,#2995,#2996,#2997),(#2998,#2999,
#3000,#3001,#3002,#3003,#3004,#3005,#3006),(#3007,#3008,#3009,#3010,#3011,
#3012,#3013,#3014,#3015),(#3016,#3017,#3018,#3019,#3020,#3021,#3022,#3023,
#3024),(#3025,#3026,#3027,#3028,#3029,#3030,#3031,#3032,#3033),(#3034,#3035,
#3036,#3037,#3038,#3039,#3040,#3041,#3042),(#3043,#3044,#3045,#3046,#3047,
#3048,#3049,#3050,#3051),(#3052,#3053,#3054,#3055,#3056,#3057,#3058,#3059,
#3060),(#3061,#3062,#3063,#3064,#3065,#3066,#3067,#3068,#3069),(#3070,#3071,
#3072,#3073,#3074,#3075,#3076,#3077,#3078),(#3079,#3080,#3081,#3082,#3083,
#3084,#3085,#3086,#3087),(#3088,#3089,#3090,#3091,#3092,#3093,#3094,#3095,
#3096),(#3097,#3098,#3099,#3100,#3101,#3102,#3103,#3104,#3105)),
 .UNSPECIFIED.,.F.,.T.,.F.)
B_SPLINE_SURFACE_WITH_KNOTS((6,1,1,1,1,1,1,1,1,1,1,1,1,1,1,1,1,1,1,1,1,
1,1,1,1,1,1,1,1,1,1,1,1,1,1,1,1,1,1,1,1,1,1,1,1,1,1,1,1,1,1,1,1,1,1,1,1,
1,1,1,1,1,1,1,1,6),(3,2,2,2,3),(0.,0.0153846153846154,0.0307692307692308,
0.0461538461538462,0.0615384615384615,0.0769230769230769,0.0923076923076923,
0.107692307692308,0.123076923076923,0.138461538461538,0.153846153846154,
0.169230769230769,0.184615384615385,0.2,0.215384615384615,0.230769230769231,
0.246153846153846,0.261538461538462,0.276923076923077,0.292307692307692,
0.307692307692308,0.323076923076923,0.338461538461538,0.353846153846154,
0.369230769230769,0.384615384615385,0.4,0.415384615384615,0.430769230769231,
0.446153846153846,0.461538461538462,0.476923076923077,0.492307692307692,
0.507692307692308,0.523076923076923,0.538461538461538,0.553846153846154,
0.569230769230769,0.584615384615384,0.6,0.615384615384615,0.63076923076923,
0.646153846153846,0.661538461538461,0.676923076923076,0.692307692307692,
0.707692307692307,0.723076923076922,0.738461538461538,0.753846153846153,
0.769230769230768,0.784615384615384,0.799999999999999,0.815384615384614,
0.83076923076923,0.846153846153845,0.86153846153846,0.876923076923076,0.892307692307691,
0.907692307692306,0.923076923076922,0.938461538461537,0.953846153846152,
0.969230769230768,0.984615384615383,1.),(0.,1.5707963267949,3.14159265358979,
4.71238898038469,6.28318530717959),.UNSPECIFIED.)
GEOMETRIC_REPRESENTATION_ITEM()
RATIONAL_B_SPLINE_SURFACE(((1.,0.707106781186548,1.,0.707106781186548,1.,
0.707106781186548,1.,0.707106781186548,1.),(1.,0.707106781186548,1.,0.707106781186548,
1.,0.707106781186548,1.,0.707106781186548,1.),(1.,0.707106781186548,1.,
0.707106781186548,1.,0.707106781186548,1.,0.707106781186548,1.),(1.,0.707106781186548,
1.,0.707106781186548,1.,0.707106781186548,1.,0.707106781186548,1.),(1.,
0.707106781186548,1.,0.707106781186548,1.,0.707106781186548,1.,0.707106781186548,
1.),(1.,0.707106781186548,1.,0.707106781186548,1.,0.707106781186548,1.,
0.707106781186548,1.),(1.,0.707106781186548,1.,0.707106781186548,1.,0.707106781186548,
1.,0.707106781186548,1.),(1.,0.707106781186548,1.,0.707106781186548,1.,
0.707106781186548,1.,0.707106781186548,1.),(1.,0.707106781186548,1.,0.707106781186548,
1.,0.707106781186548,1.,0.707106781186548,1.),(1.,0.707106781186548,1.,
0.707106781186548,1.,0.707106781186548,1.,0.707106781186548,1.),(1.,0.707106781186548,
1.,0.707106781186548,1.,0.707106781186548,1.,0.707106781186548,1.),(1.,
0.707106781186548,1.,0.707106781186548,1.,0.707106781186548,1.,0.707106781186548,
1.),(1.,0.707106781186548,1.,0.707106781186548,1.,0.707106781186548,1.,
0.707106781186548,1.),(1.,0.707106781186548,1.,0.707106781186548,1.,0.707106781186548,
1.,0.707106781186548,1.),(1.,0.707106781186548,1.,0.707106781186548,1.,
0.707106781186548,1.,0.707106781186548,1.),(1.,0.707106781186548,1.,0.707106781186548,
1.,0.707106781186548,1.,0.707106781186548,1.),(1.,0.707106781186548,1.,
0.707106781186548,1.,0.707106781186548,1.,0.707106781186548,1.),(1.,0.707106781186548,
1.,0.707106781186548,1.,0.707106781186548,1.,0.707106781186548,1.),(1.,
0.707106781186548,1.,0.707106781186548,1.,0.707106781186548,1.,0.707106781186548,
1.),(1.,0.707106781186548,1.,0.707106781186548,1.,0.707106781186548,1.,
0.707106781186548,1.),(1.,0.707106781186548,1.,0.707106781186548,1.,0.707106781186548,
1.,0.707106781186548,1.),(1.,0.707106781186548,1.,0.707106781186548,1.,
0.707106781186548,1.,0.707106781186548,1.),(1.,0.707106781186548,1.,0.707106781186548,
1.,0.707106781186548,1.,0.707106781186548,1.),(1.,0.707106781186548,1.,
0.707106781186548,1.,0.707106781186548,1.,0.707106781186548,1.),(1.,0.707106781186548,
1.,0.707106781186548,1.,0.707106781186548,1.,0.707106781186548,1.),(1.,
0.707106781186548,1.,0.707106781186548,1.,0.707106781186548,1.,0.707106781186548,
1.),(1.,0.707106781186548,1.,0.707106781186548,1.,0.707106781186548,1.,
0.707106781186548,1.),(1.,0.707106781186548,1.,0.707106781186548,1.,0.707106781186548,
1.,0.707106781186548,1.),(1.,0.707106781186548,1.,0.707106781186548,1.,
0.707106781186548,1.,0.707106781186548,1.),(1.,0.707106781186548,1.,0.707106781186548,
1.,0.707106781186548,1.,0.707106781186548,1.),(1.,0.707106781186548,1.,
0.707106781186548,1.,0.707106781186548,1.,0.707106781186548,1.),(1.,0.707106781186548,
1.,0.707106781186548,1.,0.707106781186548,1.,0.707106781186548,1.),(1.,
0.707106781186548,1.,0.707106781186548,1.,0.707106781186548,1.,0.707106781186548,
1.),(1.,0.707106781186548,1.,0.707106781186548,1.,0.707106781186548,1.,
0.707106781186548,1.),(1.,0.707106781186548,1.,0.707106781186548,1.,0.707106781186548,
1.,0.707106781186548,1.),(1.,0.707106781186548,1.,0.707106781186548,1.,
0.707106781186548,1.,0.707106781186548,1.),(1.,0.707106781186548,1.,0.707106781186548,
1.,0.707106781186548,1.,0.707106781186548,1.),(1.,0.707106781186548,1.,
0.707106781186548,1.,0.707106781186548,1.,0.707106781186548,1.),(1.,0.707106781186548,
1.,0.707106781186548,1.,0.707106781186548,1.,0.707106781186548,1.),(1.,
0.707106781186548,1.,0.707106781186548,1.,0.707106781186548,1.,0.707106781186548,
1.),(1.,0.707106781186548,1.,0.707106781186548,1.,0.707106781186548,1.,
0.707106781186548,1.),(1.,0.707106781186548,1.,0.707106781186548,1.,0.707106781186548,
1.,0.707106781186548,1.),(1.,0.707106781186548,1.,0.707106781186548,1.,
0.707106781186548,1.,0.707106781186548,1.),(1.,0.707106781186548,1.,0.707106781186548,
1.,0.707106781186548,1.,0.707106781186548,1.),(1.,0.707106781186548,1.,
0.707106781186548,1.,0.707106781186548,1.,0.707106781186548,1.),(1.,0.707106781186548,
1.,0.707106781186548,1.,0.707106781186548,1.,0.707106781186548,1.),(1.,
0.707106781186548,1.,0.707106781186548,1.,0.707106781186548,1.,0.707106781186548,
1.),(1.,0.707106781186548,1.,0.707106781186548,1.,0.707106781186548,1.,
0.707106781186548,1.),(1.,0.707106781186548,1.,0.707106781186548,1.,0.707106781186548,
1.,0.707106781186548,1.),(1.,0.707106781186548,1.,0.707106781186548,1.,
0.707106781186548,1.,0.707106781186548,1.),(1.,0.707106781186548,1.,0.707106781186548,
1.,0.707106781186548,1.,0.707106781186548,1.),(1.,0.707106781186548,1.,
0.707106781186548,1.,0.707106781186548,1.,0.707106781186548,1.),(1.,0.707106781186548,
1.,0.707106781186548,1.,0.707106781186548,1.,0.707106781186548,1.),(1.,
0.707106781186548,1.,0.707106781186548,1.,0.707106781186548,1.,0.707106781186548,
1.),(1.,0.707106781186548,1.,0.707106781186548,1.,0.707106781186548,1.,
0.707106781186548,1.),(1.,0.707106781186548,1.,0.707106781186548,1.,0.707106781186548,
1.,0.707106781186548,1.),(1.,0.707106781186548,1.,0.707106781186548,1.,
0.707106781186548,1.,0.707106781186548,1.),(1.,0.707106781186548,1.,0.707106781186548,
1.,0.707106781186548,1.,0.707106781186548,1.),(1.,0.707106781186548,1.,
0.707106781186548,1.,0.707106781186548,1.,0.707106781186548,1.),(1.,0.707106781186548,
1.,0.707106781186548,1.,0.707106781186548,1.,0.707106781186548,1.),(1.,
0.707106781186548,1.,0.707106781186548,1.,0.707106781186548,1.,0.707106781186548,
1.),(1.,0.707106781186548,1.,0.707106781186548,1.,0.707106781186548,1.,
0.707106781186548,1.),(1.,0.707106781186548,1.,0.707106781186548,1.,0.707106781186548,
1.,0.707106781186548,1.),(1.,0.707106781186548,1.,0.707106781186548,1.,
0.707106781186548,1.,0.707106781186548,1.),(1.,0.707106781186548,1.,0.707106781186548,
1.,0.707106781186548,1.,0.707106781186548,1.),(1.,0.707106781186548,1.,
0.707106781186548,1.,0.707106781186548,1.,0.707106781186548,1.),(1.,0.707106781186548,
1.,0.707106781186548,1.,0.707106781186548,1.,0.707106781186548,1.),(1.,
0.707106781186548,1.,0.707106781186548,1.,0.707106781186548,1.,0.707106781186548,
1.),(1.,0.707106781186548,1.,0.707106781186548,1.,0.707106781186548,1.,
0.707106781186548,1.),(1.,0.707106781186548,1.,0.707106781186548,1.,0.707106781186548,
1.,0.707106781186548,1.)))
REPRESENTATION_ITEM('')
SURFACE()
);
#278=(
BOUNDED_SURFACE()
B_SPLINE_SURFACE(5,2,((#3208,#3209,#3210,#3211,#3212,#3213,#3214,#3215,
#3216),(#3217,#3218,#3219,#3220,#3221,#3222,#3223,#3224,#3225),(#3226,#3227,
#3228,#3229,#3230,#3231,#3232,#3233,#3234),(#3235,#3236,#3237,#3238,#3239,
#3240,#3241,#3242,#3243),(#3244,#3245,#3246,#3247,#3248,#3249,#3250,#3251,
#3252),(#3253,#3254,#3255,#3256,#3257,#3258,#3259,#3260,#3261),(#3262,#3263,
#3264,#3265,#3266,#3267,#3268,#3269,#3270),(#3271,#3272,#3273,#3274,#3275,
#3276,#3277,#3278,#3279),(#3280,#3281,#3282,#3283,#3284,#3285,#3286,#3287,
#3288),(#3289,#3290,#3291,#3292,#3293,#3294,#3295,#3296,#3297),(#3298,#3299,
#3300,#3301,#3302,#3303,#3304,#3305,#3306),(#3307,#3308,#3309,#3310,#3311,
#3312,#3313,#3314,#3315),(#3316,#3317,#3318,#3319,#3320,#3321,#3322,#3323,
#3324),(#3325,#3326,#3327,#3328,#3329,#3330,#3331,#3332,#3333),(#3334,#3335,
#3336,#3337,#3338,#3339,#3340,#3341,#3342),(#3343,#3344,#3345,#3346,#3347,
#3348,#3349,#3350,#3351),(#3352,#3353,#3354,#3355,#3356,#3357,#3358,#3359,
#3360),(#3361,#3362,#3363,#3364,#3365,#3366,#3367,#3368,#3369),(#3370,#3371,
#3372,#3373,#3374,#3375,#3376,#3377,#3378),(#3379,#3380,#3381,#3382,#3383,
#3384,#3385,#3386,#3387),(#3388,#3389,#3390,#3391,#3392,#3393,#3394,#3395,
#3396),(#3397,#3398,#3399,#3400,#3401,#3402,#3403,#3404,#3405),(#3406,#3407,
#3408,#3409,#3410,#3411,#3412,#3413,#3414),(#3415,#3416,#3417,#3418,#3419,
#3420,#3421,#3422,#3423),(#3424,#3425,#3426,#3427,#3428,#3429,#3430,#3431,
#3432),(#3433,#3434,#3435,#3436,#3437,#3438,#3439,#3440,#3441),(#3442,#3443,
#3444,#3445,#3446,#3447,#3448,#3449,#3450),(#3451,#3452,#3453,#3454,#3455,
#3456,#3457,#3458,#3459),(#3460,#3461,#3462,#3463,#3464,#3465,#3466,#3467,
#3468),(#3469,#3470,#3471,#3472,#3473,#3474,#3475,#3476,#3477),(#3478,#3479,
#3480,#3481,#3482,#3483,#3484,#3485,#3486),(#3487,#3488,#3489,#3490,#3491,
#3492,#3493,#3494,#3495),(#3496,#3497,#3498,#3499,#3500,#3501,#3502,#3503,
#3504),(#3505,#3506,#3507,#3508,#3509,#3510,#3511,#3512,#3513),(#3514,#3515,
#3516,#3517,#3518,#3519,#3520,#3521,#3522),(#3523,#3524,#3525,#3526,#3527,
#3528,#3529,#3530,#3531),(#3532,#3533,#3534,#3535,#3536,#3537,#3538,#3539,
#3540),(#3541,#3542,#3543,#3544,#3545,#3546,#3547,#3548,#3549),(#3550,#3551,
#3552,#3553,#3554,#3555,#3556,#3557,#3558),(#3559,#3560,#3561,#3562,#3563,
#3564,#3565,#3566,#3567),(#3568,#3569,#3570,#3571,#3572,#3573,#3574,#3575,
#3576),(#3577,#3578,#3579,#3580,#3581,#3582,#3583,#3584,#3585),(#3586,#3587,
#3588,#3589,#3590,#3591,#3592,#3593,#3594),(#3595,#3596,#3597,#3598,#3599,
#3600,#3601,#3602,#3603),(#3604,#3605,#3606,#3607,#3608,#3609,#3610,#3611,
#3612),(#3613,#3614,#3615,#3616,#3617,#3618,#3619,#3620,#3621),(#3622,#3623,
#3624,#3625,#3626,#3627,#3628,#3629,#3630),(#3631,#3632,#3633,#3634,#3635,
#3636,#3637,#3638,#3639),(#3640,#3641,#3642,#3643,#3644,#3645,#3646,#3647,
#3648),(#3649,#3650,#3651,#3652,#3653,#3654,#3655,#3656,#3657),(#3658,#3659,
#3660,#3661,#3662,#3663,#3664,#3665,#3666),(#3667,#3668,#3669,#3670,#3671,
#3672,#3673,#3674,#3675),(#3676,#3677,#3678,#3679,#3680,#3681,#3682,#3683,
#3684),(#3685,#3686,#3687,#3688,#3689,#3690,#3691,#3692,#3693),(#3694,#3695,
#3696,#3697,#3698,#3699,#3700,#3701,#3702),(#3703,#3704,#3705,#3706,#3707,
#3708,#3709,#3710,#3711),(#3712,#3713,#3714,#3715,#3716,#3717,#3718,#3719,
#3720),(#3721,#3722,#3723,#3724,#3725,#3726,#3727,#3728,#3729),(#3730,#3731,
#3732,#3733,#3734,#3735,#3736,#3737,#3738),(#3739,#3740,#3741,#3742,#3743,
#3744,#3745,#3746,#3747),(#3748,#3749,#3750,#3751,#3752,#3753,#3754,#3755,
#3756),(#3757,#3758,#3759,#3760,#3761,#3762,#3763,#3764,#3765),(#3766,#3767,
#3768,#3769,#3770,#3771,#3772,#3773,#3774),(#3775,#3776,#3777,#3778,#3779,
#3780,#3781,#3782,#3783),(#3784,#3785,#3786,#3787,#3788,#3789,#3790,#3791,
#3792),(#3793,#3794,#3795,#3796,#3797,#3798,#3799,#3800,#3801),(#3802,#3803,
#3804,#3805,#3806,#3807,#3808,#3809,#3810),(#3811,#3812,#3813,#3814,#3815,
#3816,#3817,#3818,#3819),(#3820,#3821,#3822,#3823,#3824,#3825,#3826,#3827,
#3828),(#3829,#3830,#3831,#3832,#3833,#3834,#3835,#3836,#3837),(#3838,#3839,
#3840,#3841,#3842,#3843,#3844,#3845,#3846),(#3847,#3848,#3849,#3850,#3851,
#3852,#3853,#3854,#3855),(#3856,#3857,#3858,#3859,#3860,#3861,#3862,#3863,
#3864),(#3865,#3866,#3867,#3868,#3869,#3870,#3871,#3872,#3873),(#3874,#3875,
#3876,#3877,#3878,#3879,#3880,#3881,#3882),(#3883,#3884,#3885,#3886,#3887,
#3888,#3889,#3890,#3891),(#3892,#3893,#3894,#3895,#3896,#3897,#3898,#3899,
#3900),(#3901,#3902,#3903,#3904,#3905,#3906,#3907,#3908,#3909),(#3910,#3911,
#3912,#3913,#3914,#3915,#3916,#3917,#3918),(#3919,#3920,#3921,#3922,#3923,
#3924,#3925,#3926,#3927),(#3928,#3929,#3930,#3931,#3932,#3933,#3934,#3935,
#3936),(#3937,#3938,#3939,#3940,#3941,#3942,#3943,#3944,#3945),(#3946,#3947,
#3948,#3949,#3950,#3951,#3952,#3953,#3954),(#3955,#3956,#3957,#3958,#3959,
#3960,#3961,#3962,#3963),(#3964,#3965,#3966,#3967,#3968,#3969,#3970,#3971,
#3972),(#3973,#3974,#3975,#3976,#3977,#3978,#3979,#3980,#3981),(#3982,#3983,
#3984,#3985,#3986,#3987,#3988,#3989,#3990),(#3991,#3992,#3993,#3994,#3995,
#3996,#3997,#3998,#3999),(#4000,#4001,#4002,#4003,#4004,#4005,#4006,#4007,
#4008),(#4009,#4010,#4011,#4012,#4013,#4014,#4015,#4016,#4017),(#4018,#4019,
#4020,#4021,#4022,#4023,#4024,#4025,#4026),(#4027,#4028,#4029,#4030,#4031,
#4032,#4033,#4034,#4035),(#4036,#4037,#4038,#4039,#4040,#4041,#4042,#4043,
#4044),(#4045,#4046,#4047,#4048,#4049,#4050,#4051,#4052,#4053),(#4054,#4055,
#4056,#4057,#4058,#4059,#4060,#4061,#4062),(#4063,#4064,#4065,#4066,#4067,
#4068,#4069,#4070,#4071),(#4072,#4073,#4074,#4075,#4076,#4077,#4078,#4079,
#4080),(#4081,#4082,#4083,#4084,#4085,#4086,#4087,#4088,#4089),(#4090,#4091,
#4092,#4093,#4094,#4095,#4096,#4097,#4098),(#4099,#4100,#4101,#4102,#4103,
#4104,#4105,#4106,#4107),(#4108,#4109,#4110,#4111,#4112,#4113,#4114,#4115,
#4116),(#4117,#4118,#4119,#4120,#4121,#4122,#4123,#4124,#4125),(#4126,#4127,
#4128,#4129,#4130,#4131,#4132,#4133,#4134),(#4135,#4136,#4137,#4138,#4139,
#4140,#4141,#4142,#4143),(#4144,#4145,#4146,#4147,#4148,#4149,#4150,#4151,
#4152),(#4153,#4154,#4155,#4156,#4157,#4158,#4159,#4160,#4161),(#4162,#4163,
#4164,#4165,#4166,#4167,#4168,#4169,#4170),(#4171,#4172,#4173,#4174,#4175,
#4176,#4177,#4178,#4179),(#4180,#4181,#4182,#4183,#4184,#4185,#4186,#4187,
#4188),(#4189,#4190,#4191,#4192,#4193,#4194,#4195,#4196,#4197),(#4198,#4199,
#4200,#4201,#4202,#4203,#4204,#4205,#4206),(#4207,#4208,#4209,#4210,#4211,
#4212,#4213,#4214,#4215),(#4216,#4217,#4218,#4219,#4220,#4221,#4222,#4223,
#4224),(#4225,#4226,#4227,#4228,#4229,#4230,#4231,#4232,#4233),(#4234,#4235,
#4236,#4237,#4238,#4239,#4240,#4241,#4242),(#4243,#4244,#4245,#4246,#4247,
#4248,#4249,#4250,#4251),(#4252,#4253,#4254,#4255,#4256,#4257,#4258,#4259,
#4260),(#4261,#4262,#4263,#4264,#4265,#4266,#4267,#4268,#4269),(#4270,#4271,
#4272,#4273,#4274,#4275,#4276,#4277,#4278),(#4279,#4280,#4281,#4282,#4283,
#4284,#4285,#4286,#4287),(#4288,#4289,#4290,#4291,#4292,#4293,#4294,#4295,
#4296),(#4297,#4298,#4299,#4300,#4301,#4302,#4303,#4304,#4305),(#4306,#4307,
#4308,#4309,#4310,#4311,#4312,#4313,#4314),(#4315,#4316,#4317,#4318,#4319,
#4320,#4321,#4322,#4323),(#4324,#4325,#4326,#4327,#4328,#4329,#4330,#4331,
#4332)),.UNSPECIFIED.,.F.,.T.,.F.)
B_SPLINE_SURFACE_WITH_KNOTS((6,1,1,1,1,1,1,1,1,1,1,1,1,1,1,1,1,1,1,1,1,
1,1,1,1,1,1,1,1,1,1,1,1,1,1,1,1,1,1,1,1,1,1,1,1,1,1,1,1,1,1,1,1,1,1,1,1,
1,1,1,1,1,1,1,1,1,1,1,1,1,1,1,1,1,1,1,1,1,1,1,1,1,1,1,1,1,1,1,1,1,1,1,1,
1,1,1,1,1,1,1,1,1,1,1,1,1,1,1,1,1,1,1,1,1,1,1,1,1,1,1,6),(3,2,2,2,3),(0.,
0.00833333333333333,0.0166666666666667,0.025,0.0333333333333333,0.0416666666666667,
0.05,0.0583333333333333,0.0666666666666667,0.075,0.0833333333333333,0.0916666666666667,
0.1,0.108333333333333,0.116666666666667,0.125,0.133333333333333,0.141666666666667,
0.15,0.158333333333333,0.166666666666667,0.175,0.183333333333333,0.191666666666667,
0.2,0.208333333333333,0.216666666666667,0.225,0.233333333333333,0.241666666666667,
0.25,0.258333333333333,0.266666666666667,0.275,0.283333333333333,0.291666666666667,
0.3,0.308333333333333,0.316666666666667,0.325,0.333333333333334,0.341666666666667,
0.35,0.358333333333334,0.366666666666667,0.375,0.383333333333334,0.391666666666667,
0.4,0.408333333333334,0.416666666666667,0.425,0.433333333333334,0.441666666666667,
0.450000000000001,0.458333333333334,0.466666666666667,0.475000000000001,
0.483333333333334,0.491666666666667,0.500000000000001,0.508333333333334,
0.516666666666667,0.525000000000001,0.533333333333334,0.541666666666667,
0.55,0.558333333333334,0.566666666666667,0.575,0.583333333333334,0.591666666666667,
0.6,0.608333333333334,0.616666666666667,0.625,0.633333333333334,0.641666666666667,
0.65,0.658333333333333,0.666666666666667,0.675,0.683333333333333,0.691666666666667,
0.7,0.708333333333333,0.716666666666667,0.725,0.733333333333333,0.741666666666666,
0.75,0.758333333333333,0.766666666666666,0.775,0.783333333333333,0.791666666666666,
0.8,0.808333333333333,0.816666666666666,0.825,0.833333333333333,0.841666666666666,
0.849999999999999,0.858333333333333,0.866666666666666,0.874999999999999,
0.883333333333333,0.891666666666666,0.899999999999999,0.908333333333333,
0.916666666666666,0.924999999999999,0.933333333333332,0.941666666666666,
0.949999999999999,0.958333333333332,0.966666666666666,0.974999999999999,
0.983333333333332,0.991666666666666,1.),(0.,1.5707963267949,3.14159265358979,
4.71238898038469,6.28318530717959),.UNSPECIFIED.)
GEOMETRIC_REPRESENTATION_ITEM()
RATIONAL_B_SPLINE_SURFACE(((1.,0.707106781186548,1.,0.707106781186548,1.,
0.707106781186548,1.,0.707106781186548,1.),(1.,0.707106781186548,1.,0.707106781186548,
1.,0.707106781186548,1.,0.707106781186548,1.),(1.,0.707106781186548,1.,
0.707106781186548,1.,0.707106781186548,1.,0.707106781186548,1.),(1.,0.707106781186548,
1.,0.707106781186548,1.,0.707106781186548,1.,0.707106781186548,1.),(1.,
0.707106781186548,1.,0.707106781186548,1.,0.707106781186548,1.,0.707106781186548,
1.),(1.,0.707106781186548,1.,0.707106781186548,1.,0.707106781186548,1.,
0.707106781186548,1.),(1.,0.707106781186548,1.,0.707106781186548,1.,0.707106781186548,
1.,0.707106781186548,1.),(1.,0.707106781186548,1.,0.707106781186548,1.,
0.707106781186548,1.,0.707106781186548,1.),(1.,0.707106781186548,1.,0.707106781186548,
1.,0.707106781186548,1.,0.707106781186548,1.),(1.,0.707106781186548,1.,
0.707106781186548,1.,0.707106781186548,1.,0.707106781186548,1.),(1.,0.707106781186548,
1.,0.707106781186548,1.,0.707106781186548,1.,0.707106781186548,1.),(1.,
0.707106781186548,1.,0.707106781186548,1.,0.707106781186548,1.,0.707106781186548,
1.),(1.,0.707106781186548,1.,0.707106781186548,1.,0.707106781186548,1.,
0.707106781186548,1.),(1.,0.707106781186548,1.,0.707106781186548,1.,0.707106781186548,
1.,0.707106781186548,1.),(1.,0.707106781186548,1.,0.707106781186548,1.,
0.707106781186548,1.,0.707106781186548,1.),(1.,0.707106781186548,1.,0.707106781186548,
1.,0.707106781186548,1.,0.707106781186548,1.),(1.,0.707106781186548,1.,
0.707106781186548,1.,0.707106781186548,1.,0.707106781186548,1.),(1.,0.707106781186548,
1.,0.707106781186548,1.,0.707106781186548,1.,0.707106781186548,1.),(1.,
0.707106781186548,1.,0.707106781186548,1.,0.707106781186548,1.,0.707106781186548,
1.),(1.,0.707106781186548,1.,0.707106781186548,1.,0.707106781186548,1.,
0.707106781186548,1.),(1.,0.707106781186548,1.,0.707106781186548,1.,0.707106781186548,
1.,0.707106781186548,1.),(1.,0.707106781186548,1.,0.707106781186548,1.,
0.707106781186548,1.,0.707106781186548,1.),(1.,0.707106781186548,1.,0.707106781186548,
1.,0.707106781186548,1.,0.707106781186548,1.),(1.,0.707106781186548,1.,
0.707106781186548,1.,0.707106781186548,1.,0.707106781186548,1.),(1.,0.707106781186548,
1.,0.707106781186548,1.,0.707106781186548,1.,0.707106781186548,1.),(1.,
0.707106781186548,1.,0.707106781186548,1.,0.707106781186548,1.,0.707106781186548,
1.),(1.,0.707106781186548,1.,0.707106781186548,1.,0.707106781186548,1.,
0.707106781186548,1.),(1.,0.707106781186548,1.,0.707106781186548,1.,0.707106781186548,
1.,0.707106781186548,1.),(1.,0.707106781186548,1.,0.707106781186548,1.,
0.707106781186548,1.,0.707106781186548,1.),(1.,0.707106781186548,1.,0.707106781186548,
1.,0.707106781186548,1.,0.707106781186548,1.),(1.,0.707106781186548,1.,
0.707106781186548,1.,0.707106781186548,1.,0.707106781186548,1.),(1.,0.707106781186548,
1.,0.707106781186548,1.,0.707106781186548,1.,0.707106781186548,1.),(1.,
0.707106781186548,1.,0.707106781186548,1.,0.707106781186548,1.,0.707106781186548,
1.),(1.,0.707106781186548,1.,0.707106781186548,1.,0.707106781186548,1.,
0.707106781186548,1.),(1.,0.707106781186548,1.,0.707106781186548,1.,0.707106781186548,
1.,0.707106781186548,1.),(1.,0.707106781186548,1.,0.707106781186548,1.,
0.707106781186548,1.,0.707106781186548,1.),(1.,0.707106781186548,1.,0.707106781186548,
1.,0.707106781186548,1.,0.707106781186548,1.),(1.,0.707106781186548,1.,
0.707106781186548,1.,0.707106781186548,1.,0.707106781186548,1.),(1.,0.707106781186548,
1.,0.707106781186548,1.,0.707106781186548,1.,0.707106781186548,1.),(1.,
0.707106781186548,1.,0.707106781186548,1.,0.707106781186548,1.,0.707106781186548,
1.),(1.,0.707106781186548,1.,0.707106781186548,1.,0.707106781186548,1.,
0.707106781186548,1.),(1.,0.707106781186548,1.,0.707106781186548,1.,0.707106781186548,
1.,0.707106781186548,1.),(1.,0.707106781186548,1.,0.707106781186548,1.,
0.707106781186548,1.,0.707106781186548,1.),(1.,0.707106781186548,1.,0.707106781186548,
1.,0.707106781186548,1.,0.707106781186548,1.),(1.,0.707106781186548,1.,
0.707106781186548,1.,0.707106781186548,1.,0.707106781186548,1.),(1.,0.707106781186548,
1.,0.707106781186548,1.,0.707106781186548,1.,0.707106781186548,1.),(1.,
0.707106781186548,1.,0.707106781186548,1.,0.707106781186548,1.,0.707106781186548,
1.),(1.,0.707106781186548,1.,0.707106781186548,1.,0.707106781186548,1.,
0.707106781186548,1.),(1.,0.707106781186548,1.,0.707106781186548,1.,0.707106781186548,
1.,0.707106781186548,1.),(1.,0.707106781186548,1.,0.707106781186548,1.,
0.707106781186548,1.,0.707106781186548,1.),(1.,0.707106781186548,1.,0.707106781186548,
1.,0.707106781186548,1.,0.707106781186548,1.),(1.,0.707106781186548,1.,
0.707106781186548,1.,0.707106781186548,1.,0.707106781186548,1.),(1.,0.707106781186548,
1.,0.707106781186548,1.,0.707106781186548,1.,0.707106781186548,1.),(1.,
0.707106781186548,1.,0.707106781186548,1.,0.707106781186548,1.,0.707106781186548,
1.),(1.,0.707106781186548,1.,0.707106781186548,1.,0.707106781186548,1.,
0.707106781186548,1.),(1.,0.707106781186548,1.,0.707106781186548,1.,0.707106781186548,
1.,0.707106781186548,1.),(1.,0.707106781186548,1.,0.707106781186548,1.,
0.707106781186548,1.,0.707106781186548,1.),(1.,0.707106781186548,1.,0.707106781186548,
1.,0.707106781186548,1.,0.707106781186548,1.),(1.,0.707106781186548,1.,
0.707106781186548,1.,0.707106781186548,1.,0.707106781186548,1.),(1.,0.707106781186548,
1.,0.707106781186548,1.,0.707106781186548,1.,0.707106781186548,1.),(1.,
0.707106781186548,1.,0.707106781186548,1.,0.707106781186548,1.,0.707106781186548,
1.),(1.,0.707106781186548,1.,0.707106781186548,1.,0.707106781186548,1.,
0.707106781186548,1.),(1.,0.707106781186548,1.,0.707106781186548,1.,0.707106781186548,
1.,0.707106781186548,1.),(1.,0.707106781186548,1.,0.707106781186548,1.,
0.707106781186548,1.,0.707106781186548,1.),(1.,0.707106781186548,1.,0.707106781186548,
1.,0.707106781186548,1.,0.707106781186548,1.),(1.,0.707106781186548,1.,
0.707106781186548,1.,0.707106781186548,1.,0.707106781186548,1.),(1.,0.707106781186548,
1.,0.707106781186548,1.,0.707106781186548,1.,0.707106781186548,1.),(1.,
0.707106781186548,1.,0.707106781186548,1.,0.707106781186548,1.,0.707106781186548,
1.),(1.,0.707106781186548,1.,0.707106781186548,1.,0.707106781186548,1.,
0.707106781186548,1.),(1.,0.707106781186548,1.,0.707106781186548,1.,0.707106781186548,
1.,0.707106781186548,1.),(1.,0.707106781186548,1.,0.707106781186548,1.,
0.707106781186548,1.,0.707106781186548,1.),(1.,0.707106781186548,1.,0.707106781186548,
1.,0.707106781186548,1.,0.707106781186548,1.),(1.,0.707106781186548,1.,
0.707106781186548,1.,0.707106781186548,1.,0.707106781186548,1.),(1.,0.707106781186548,
1.,0.707106781186548,1.,0.707106781186548,1.,0.707106781186548,1.),(1.,
0.707106781186548,1.,0.707106781186548,1.,0.707106781186548,1.,0.707106781186548,
1.),(1.,0.707106781186548,1.,0.707106781186548,1.,0.707106781186548,1.,
0.707106781186548,1.),(1.,0.707106781186548,1.,0.707106781186548,1.,0.707106781186548,
1.,0.707106781186548,1.),(1.,0.707106781186548,1.,0.707106781186548,1.,
0.707106781186548,1.,0.707106781186548,1.),(1.,0.707106781186548,1.,0.707106781186548,
1.,0.707106781186548,1.,0.707106781186548,1.),(1.,0.707106781186548,1.,
0.707106781186548,1.,0.707106781186548,1.,0.707106781186548,1.),(1.,0.707106781186548,
1.,0.707106781186548,1.,0.707106781186548,1.,0.707106781186548,1.),(1.,
0.707106781186548,1.,0.707106781186548,1.,0.707106781186548,1.,0.707106781186548,
1.),(1.,0.707106781186548,1.,0.707106781186548,1.,0.707106781186548,1.,
0.707106781186548,1.),(1.,0.707106781186548,1.,0.707106781186548,1.,0.707106781186548,
1.,0.707106781186548,1.),(1.,0.707106781186548,1.,0.707106781186548,1.,
0.707106781186548,1.,0.707106781186548,1.),(1.,0.707106781186548,1.,0.707106781186548,
1.,0.707106781186548,1.,0.707106781186548,1.),(1.,0.707106781186548,1.,
0.707106781186548,1.,0.707106781186548,1.,0.707106781186548,1.),(1.,0.707106781186548,
1.,0.707106781186548,1.,0.707106781186548,1.,0.707106781186548,1.),(1.,
0.707106781186548,1.,0.707106781186548,1.,0.707106781186548,1.,0.707106781186548,
1.),(1.,0.707106781186548,1.,0.707106781186548,1.,0.707106781186548,1.,
0.707106781186548,1.),(1.,0.707106781186548,1.,0.707106781186548,1.,0.707106781186548,
1.,0.707106781186548,1.),(1.,0.707106781186548,1.,0.707106781186548,1.,
0.707106781186548,1.,0.707106781186548,1.),(1.,0.707106781186548,1.,0.707106781186548,
1.,0.707106781186548,1.,0.707106781186548,1.),(1.,0.707106781186548,1.,
0.707106781186548,1.,0.707106781186548,1.,0.707106781186548,1.),(1.,0.707106781186548,
1.,0.707106781186548,1.,0.707106781186548,1.,0.707106781186548,1.),(1.,
0.707106781186548,1.,0.707106781186548,1.,0.707106781186548,1.,0.707106781186548,
1.),(1.,0.707106781186548,1.,0.707106781186548,1.,0.707106781186548,1.,
0.707106781186548,1.),(1.,0.707106781186548,1.,0.707106781186548,1.,0.707106781186548,
1.,0.707106781186548,1.),(1.,0.707106781186548,1.,0.707106781186548,1.,
0.707106781186548,1.,0.707106781186548,1.),(1.,0.707106781186548,1.,0.707106781186548,
1.,0.707106781186548,1.,0.707106781186548,1.),(1.,0.707106781186548,1.,
0.707106781186548,1.,0.707106781186548,1.,0.707106781186548,1.),(1.,0.707106781186548,
1.,0.707106781186548,1.,0.707106781186548,1.,0.707106781186548,1.),(1.,
0.707106781186548,1.,0.707106781186548,1.,0.707106781186548,1.,0.707106781186548,
1.),(1.,0.707106781186548,1.,0.707106781186548,1.,0.707106781186548,1.,
0.707106781186548,1.),(1.,0.707106781186548,1.,0.707106781186548,1.,0.707106781186548,
1.,0.707106781186548,1.),(1.,0.707106781186548,1.,0.707106781186548,1.,
0.707106781186548,1.,0.707106781186548,1.),(1.,0.707106781186548,1.,0.707106781186548,
1.,0.707106781186548,1.,0.707106781186548,1.),(1.,0.707106781186548,1.,
0.707106781186548,1.,0.707106781186548,1.,0.707106781186548,1.),(1.,0.707106781186548,
1.,0.707106781186548,1.,0.707106781186548,1.,0.707106781186548,1.),(1.,
0.707106781186548,1.,0.707106781186548,1.,0.707106781186548,1.,0.707106781186548,
1.),(1.,0.707106781186548,1.,0.707106781186548,1.,0.707106781186548,1.,
0.707106781186548,1.),(1.,0.707106781186548,1.,0.707106781186548,1.,0.707106781186548,
1.,0.707106781186548,1.),(1.,0.707106781186548,1.,0.707106781186548,1.,
0.707106781186548,1.,0.707106781186548,1.),(1.,0.707106781186548,1.,0.707106781186548,
1.,0.707106781186548,1.,0.707106781186548,1.),(1.,0.707106781186548,1.,
0.707106781186548,1.,0.707106781186548,1.,0.707106781186548,1.),(1.,0.707106781186548,
1.,0.707106781186548,1.,0.707106781186548,1.,0.707106781186548,1.),(1.,
0.707106781186548,1.,0.707106781186548,1.,0.707106781186548,1.,0.707106781186548,
1.),(1.,0.707106781186548,1.,0.707106781186548,1.,0.707106781186548,1.,
0.707106781186548,1.),(1.,0.707106781186548,1.,0.707106781186548,1.,0.707106781186548,
1.,0.707106781186548,1.),(1.,0.707106781186548,1.,0.707106781186548,1.,
0.707106781186548,1.,0.707106781186548,1.),(1.,0.707106781186548,1.,0.707106781186548,
1.,0.707106781186548,1.,0.707106781186548,1.),(1.,0.707106781186548,1.,
0.707106781186548,1.,0.707106781186548,1.,0.707106781186548,1.),(1.,0.707106781186548,
1.,0.707106781186548,1.,0.707106781186548,1.,0.707106781186548,1.),(1.,
0.707106781186548,1.,0.707106781186548,1.,0.707106781186548,1.,0.707106781186548,
1.),(1.,0.707106781186548,1.,0.707106781186548,1.,0.707106781186548,1.,
0.707106781186548,1.)))
REPRESENTATION_ITEM('')
SURFACE()
);
#279=ADVANCED_FACE('',(#86),#273,.T.);
#280=ADVANCED_FACE('',(#87,#62),#80,.T.);
#281=ADVANCED_FACE('',(#88),#57,.T.);
#282=ADVANCED_FACE('',(#89),#35,.T.);
#283=ADVANCED_FACE('',(#90),#274,.T.);
#284=ADVANCED_FACE('',(#91),#275,.T.);
#285=ADVANCED_FACE('',(#92,#63),#81,.T.);
#286=ADVANCED_FACE('',(#93),#58,.T.);
#287=ADVANCED_FACE('',(#94),#36,.T.);
#288=ADVANCED_FACE('',(#95),#276,.T.);
#289=ADVANCED_FACE('',(#96),#277,.T.);
#290=ADVANCED_FACE('',(#97),#37,.T.);
#291=ADVANCED_FACE('',(#98),#59,.T.);
#292=ADVANCED_FACE('',(#99),#38,.T.);
#293=ADVANCED_FACE('',(#100,#64),#82,.T.);
#294=ADVANCED_FACE('',(#101),#60,.T.);
#295=ADVANCED_FACE('',(#102),#83,.T.);
#296=ADVANCED_FACE('',(#103),#61,.F.);
#297=ADVANCED_FACE('',(#104),#84,.F.);
#298=ADVANCED_FACE('',(#105),#278,.T.);
#299=ADVANCED_FACE('',(#106,#65),#85,.T.);
#300=CLOSED_SHELL('',(#279,#280,#281,#282,#283));
#301=CLOSED_SHELL('',(#284,#285,#286,#287,#288));
#302=CLOSED_SHELL('',(#289,#290,#291,#292,#293,#294,#295));
#303=CLOSED_SHELL('',(#296,#297,#298,#299));
#304=DERIVED_UNIT_ELEMENT(#308,1.);
#305=DERIVED_UNIT_ELEMENT(#4473,-3.);
#306=DERIVED_UNIT_ELEMENT(#308,1.);
#307=DERIVED_UNIT_ELEMENT(#4473,-3.);
#308=(
MASS_UNIT()
NAMED_UNIT(*)
SI_UNIT(.KILO.,.GRAM.)
);
#309=DERIVED_UNIT((#304,#305));
#310=DERIVED_UNIT((#306,#307));
#311=MEASURE_REPRESENTATION_ITEM('density measure',
POSITIVE_RATIO_MEASURE(7850.),#309);
#312=MEASURE_REPRESENTATION_ITEM('density measure',
POSITIVE_RATIO_MEASURE(7850.),#310);
#313=PROPERTY_DEFINITION_REPRESENTATION(#323,#317);
#314=PROPERTY_DEFINITION_REPRESENTATION(#324,#318);
#315=PROPERTY_DEFINITION_REPRESENTATION(#325,#319);
#316=PROPERTY_DEFINITION_REPRESENTATION(#326,#320);
#317=REPRESENTATION('material name',(#321),#4469);
#318=REPRESENTATION('density',(#311),#4469);
#319=REPRESENTATION('material name',(#322),#4470);
#320=REPRESENTATION('density',(#312),#4470);
#321=DESCRIPTIVE_REPRESENTATION_ITEM('Steel','Steel');
#322=DESCRIPTIVE_REPRESENTATION_ITEM('Steel','Steel');
#323=PROPERTY_DEFINITION('material property','material name',#4489);
#324=PROPERTY_DEFINITION('material property','density of part',#4489);
#325=PROPERTY_DEFINITION('material property','material name',#4490);
#326=PROPERTY_DEFINITION('material property','density of part',#4490);
#327=AXIS2_PLACEMENT_3D('placement',#438,#361,#362);
#328=AXIS2_PLACEMENT_3D('placement',#439,#363,#364);
#329=AXIS2_PLACEMENT_3D('',#1098,#365,#366);
#330=AXIS2_PLACEMENT_3D('',#1100,#367,#368);
#331=AXIS2_PLACEMENT_3D('',#1101,#369,#370);
#332=AXIS2_PLACEMENT_3D('',#1103,#371,#372);
#333=AXIS2_PLACEMENT_3D('',#1105,#374,#375);
#334=AXIS2_PLACEMENT_3D('placement',#1608,#377,#378);
#335=AXIS2_PLACEMENT_3D('',#1900,#379,#380);
#336=AXIS2_PLACEMENT_3D('',#1902,#381,#382);
#337=AXIS2_PLACEMENT_3D('',#1903,#383,#384);
#338=AXIS2_PLACEMENT_3D('',#1905,#385,#386);
#339=AXIS2_PLACEMENT_3D('',#1907,#388,#389);
#340=AXIS2_PLACEMENT_3D('',#3179,#391,#392);
#341=AXIS2_PLACEMENT_3D('',#3180,#393,#394);
#342=AXIS2_PLACEMENT_3D('',#3181,#395,#396);
#343=AXIS2_PLACEMENT_3D('',#3184,#398,#399);
#344=AXIS2_PLACEMENT_3D('',#3185,#400,#401);
#345=AXIS2_PLACEMENT_3D('',#3188,#403,#404);
#346=AXIS2_PLACEMENT_3D('',#3189,#405,#406);
#347=AXIS2_PLACEMENT_3D('',#3192,#408,#409);
#348=AXIS2_PLACEMENT_3D('',#3193,#410,#411);
#349=AXIS2_PLACEMENT_3D('',#3195,#412,#413);
#350=AXIS2_PLACEMENT_3D('',#3196,#414,#415);
#351=AXIS2_PLACEMENT_3D('',#3199,#417,#418);
#352=AXIS2_PLACEMENT_3D('',#3200,#419,#420);
#353=AXIS2_PLACEMENT_3D('',#3201,#421,#422);
#354=AXIS2_PLACEMENT_3D('',#3203,#423,#424);
#355=AXIS2_PLACEMENT_3D('',#3206,#426,#427);
#356=AXIS2_PLACEMENT_3D('',#3207,#428,#429);
#357=AXIS2_PLACEMENT_3D('',#4460,#430,#431);
#358=AXIS2_PLACEMENT_3D('',#4461,#432,#433);
#359=AXIS2_PLACEMENT_3D('',#4462,#434,#435);
#360=AXIS2_PLACEMENT_3D('',#4463,#436,#437);
#361=DIRECTION('axis',(0.,0.,1.));
#362=DIRECTION('refdir',(1.,0.,0.));
#363=DIRECTION('axis',(0.,0.,1.));
#364=DIRECTION('refdir',(1.,0.,0.));
#365=DIRECTION('center_axis',(0.,0.,-1.));
#366=DIRECTION('ref_axis',(-1.,0.,0.));
#367=DIRECTION('center_axis',(0.,0.,-1.));
#368=DIRECTION('ref_axis',(-1.,0.,0.));
#369=DIRECTION('center_axis',(0.,0.,-1.));
#370=DIRECTION('ref_axis',(-1.,0.,0.));
#371=DIRECTION('center_axis',(0.,0.,1.));
#372=DIRECTION('ref_axis',(-1.,0.,0.));
#373=DIRECTION('',(0.,0.,1.));
#374=DIRECTION('center_axis',(0.,0.,1.));
#375=DIRECTION('ref_axis',(-1.,0.,0.));
#376=DIRECTION('',(0.70710678118654,-8.65956056235484E-17,0.707106781186555));
#377=DIRECTION('axis',(0.,0.,1.));
#378=DIRECTION('refdir',(1.,0.,0.));
#379=DIRECTION('center_axis',(0.,0.,-1.));
#380=DIRECTION('ref_axis',(-1.,0.,0.));
#381=DIRECTION('center_axis',(0.,0.,-1.));
#382=DIRECTION('ref_axis',(-1.,0.,0.));
#383=DIRECTION('center_axis',(0.,0.,-1.));
#384=DIRECTION('ref_axis',(-1.,0.,0.));
#385=DIRECTION('center_axis',(0.,0.,1.));
#386=DIRECTION('ref_axis',(-1.,0.,0.));
#387=DIRECTION('',(0.,0.,1.));
#388=DIRECTION('center_axis',(0.,0.,1.));
#389=DIRECTION('ref_axis',(-1.,0.,0.));
#390=DIRECTION('',(0.70710678118654,-8.65956056235484E-17,0.707106781186555));
#391=DIRECTION('center_axis',(0.,0.,-1.));
#392=DIRECTION('ref_axis',(1.,0.,0.));
#393=DIRECTION('center_axis',(0.,0.,-1.));
#394=DIRECTION('ref_axis',(1.,0.,0.));
#395=DIRECTION('center_axis',(0.,0.,1.));
#396=DIRECTION('ref_axis',(-1.,0.,0.));
#397=DIRECTION('',(0.70710678118654,-8.65956056235484E-17,0.707106781186555));
#398=DIRECTION('center_axis',(0.,0.,-1.));
#399=DIRECTION('ref_axis',(1.,0.,0.));
#400=DIRECTION('center_axis',(0.,0.,-1.));
#401=DIRECTION('ref_axis',(-1.,0.,0.));
#402=DIRECTION('',(0.,0.,1.));
#403=DIRECTION('center_axis',(0.,0.,-1.));
#404=DIRECTION('ref_axis',(1.,0.,0.));
#405=DIRECTION('center_axis',(0.,0.,-1.));
#406=DIRECTION('ref_axis',(-1.,0.,0.));
#407=DIRECTION('',(-0.70710678118654,8.65956056235484E-17,0.707106781186555));
#408=DIRECTION('center_axis',(0.,0.,-1.));
#409=DIRECTION('ref_axis',(1.,0.,0.));
#410=DIRECTION('center_axis',(0.,0.,1.));
#411=DIRECTION('ref_axis',(1.,0.,0.));
#412=DIRECTION('center_axis',(0.,0.,-1.));
#413=DIRECTION('ref_axis',(1.,0.,0.));
#414=DIRECTION('center_axis',(0.,0.,-1.));
#415=DIRECTION('ref_axis',(-1.,0.,0.));
#416=DIRECTION('',(0.,0.,1.));
#417=DIRECTION('center_axis',(0.,0.,-1.));
#418=DIRECTION('ref_axis',(1.,0.,0.));
#419=DIRECTION('center_axis',(0.,0.,1.));
#420=DIRECTION('ref_axis',(1.,0.,0.));
#421=DIRECTION('center_axis',(0.,0.,-1.));
#422=DIRECTION('ref_axis',(-1.,0.,0.));
#423=DIRECTION('center_axis',(0.,0.,-1.));
#424=DIRECTION('ref_axis',(1.,0.,0.));
#425=DIRECTION('',(0.,0.,-1.));
#426=DIRECTION('center_axis',(0.,0.,-1.));
#427=DIRECTION('ref_axis',(1.,0.,0.));
#428=DIRECTION('center_axis',(0.,0.,1.));
#429=DIRECTION('ref_axis',(1.,0.,0.));
#430=DIRECTION('center_axis',(0.,0.,-1.));
#431=DIRECTION('ref_axis',(1.,0.,0.));
#432=DIRECTION('center_axis',(0.,0.,-1.));
#433=DIRECTION('ref_axis',(-1.,0.,0.));
#434=DIRECTION('',(0.,0.,1.));
#435=DIRECTION('',(1.,0.,0.));
#436=DIRECTION('',(0.,0.,1.));
#437=DIRECTION('',(1.,0.,0.));
#438=CARTESIAN_POINT('',(0.,0.,0.));
#439=CARTESIAN_POINT('',(0.,0.,0.));
#440=CARTESIAN_POINT('Ctrl Pts',(-14.3587233771992,0.,2.06519751684055));
#441=CARTESIAN_POINT('Ctrl Pts',(-14.3587233771992,14.3587233771992,2.06519751684055));
#442=CARTESIAN_POINT('Ctrl Pts',(0.,14.3587233771992,2.06519751684055));
#443=CARTESIAN_POINT('Ctrl Pts',(14.3587233771992,14.3587233771992,2.06519751684055));
#444=CARTESIAN_POINT('Ctrl Pts',(14.3587233771992,0.,2.06519751684055));
#445=CARTESIAN_POINT('Ctrl Pts',(14.3587233771992,-14.3587233771992,2.06519751684055));
#446=CARTESIAN_POINT('Ctrl Pts',(0.,-14.3587233771992,2.06519751684055));
#447=CARTESIAN_POINT('Ctrl Pts',(-14.3587233771992,-14.3587233771992,2.06519751684055));
#448=CARTESIAN_POINT('Ctrl Pts',(-14.3587233771992,0.,2.06519751684055));
#449=CARTESIAN_POINT('Ctrl Pts',(-14.4184667970847,0.,2.09555676811241));
#450=CARTESIAN_POINT('Ctrl Pts',(-14.4184667970847,14.4184667970847,2.09555676811241));
#451=CARTESIAN_POINT('Ctrl Pts',(0.,14.4184667970847,2.09555676811241));
#452=CARTESIAN_POINT('Ctrl Pts',(14.4184667970847,14.4184667970847,2.09555676811241));
#453=CARTESIAN_POINT('Ctrl Pts',(14.4184667970847,0.,2.09555676811241));
#454=CARTESIAN_POINT('Ctrl Pts',(14.4184667970847,-14.4184667970847,2.09555676811241));
#455=CARTESIAN_POINT('Ctrl Pts',(0.,-14.4184667970847,2.09555676811241));
#456=CARTESIAN_POINT('Ctrl Pts',(-14.4184667970847,-14.4184667970847,2.09555676811241));
#457=CARTESIAN_POINT('Ctrl Pts',(-14.4184667970847,0.,2.09555676811241));
#458=CARTESIAN_POINT('Ctrl Pts',(-14.4782102169702,0.,2.12591601938427));
#459=CARTESIAN_POINT('Ctrl Pts',(-14.4782102169702,14.4782102169702,2.12591601938427));
#460=CARTESIAN_POINT('Ctrl Pts',(0.,14.4782102169702,2.12591601938427));
#461=CARTESIAN_POINT('Ctrl Pts',(14.4782102169702,14.4782102169702,2.12591601938427));
#462=CARTESIAN_POINT('Ctrl Pts',(14.4782102169702,0.,2.12591601938427));
#463=CARTESIAN_POINT('Ctrl Pts',(14.4782102169702,-14.4782102169702,2.12591601938427));
#464=CARTESIAN_POINT('Ctrl Pts',(0.,-14.4782102169702,2.12591601938427));
#465=CARTESIAN_POINT('Ctrl Pts',(-14.4782102169702,-14.4782102169702,2.12591601938427));
#466=CARTESIAN_POINT('Ctrl Pts',(-14.4782102169702,0.,2.12591601938427));
#467=CARTESIAN_POINT('Ctrl Pts',(-14.5379536368556,0.,2.15627527065613));
#468=CARTESIAN_POINT('Ctrl Pts',(-14.5379536368556,14.5379536368556,2.15627527065613));
#469=CARTESIAN_POINT('Ctrl Pts',(0.,14.5379536368556,2.15627527065613));
#470=CARTESIAN_POINT('Ctrl Pts',(14.5379536368556,14.5379536368556,2.15627527065613));
#471=CARTESIAN_POINT('Ctrl Pts',(14.5379536368556,0.,2.15627527065613));
#472=CARTESIAN_POINT('Ctrl Pts',(14.5379536368556,-14.5379536368556,2.15627527065613));
#473=CARTESIAN_POINT('Ctrl Pts',(0.,-14.5379536368556,2.15627527065613));
#474=CARTESIAN_POINT('Ctrl Pts',(-14.5379536368556,-14.5379536368556,2.15627527065613));
#475=CARTESIAN_POINT('Ctrl Pts',(-14.5379536368556,0.,2.15627527065613));
#476=CARTESIAN_POINT('Ctrl Pts',(-15.0977586660256,0.,2.44074612244867));
#477=CARTESIAN_POINT('Ctrl Pts',(-15.0977586660256,15.0977586660256,2.44074612244867));
#478=CARTESIAN_POINT('Ctrl Pts',(0.,15.0977586660256,2.44074612244867));
#479=CARTESIAN_POINT('Ctrl Pts',(15.0977586660256,15.0977586660256,2.44074612244867));
#480=CARTESIAN_POINT('Ctrl Pts',(15.0977586660256,0.,2.44074612244867));
#481=CARTESIAN_POINT('Ctrl Pts',(15.0977586660256,-15.0977586660256,2.44074612244867));
#482=CARTESIAN_POINT('Ctrl Pts',(0.,-15.0977586660256,2.44074612244867));
#483=CARTESIAN_POINT('Ctrl Pts',(-15.0977586660256,-15.0977586660256,2.44074612244867));
#484=CARTESIAN_POINT('Ctrl Pts',(-15.0977586660256,0.,2.44074612244867));
#485=CARTESIAN_POINT('Ctrl Pts',(-15.6087411176795,0.,2.85158705713447));
#486=CARTESIAN_POINT('Ctrl Pts',(-15.6087411176795,15.6087411176795,2.85158705713447));
#487=CARTESIAN_POINT('Ctrl Pts',(0.,15.6087411176795,2.85158705713447));
#488=CARTESIAN_POINT('Ctrl Pts',(15.6087411176795,15.6087411176795,2.85158705713447));
#489=CARTESIAN_POINT('Ctrl Pts',(15.6087411176795,0.,2.85158705713447));
#490=CARTESIAN_POINT('Ctrl Pts',(15.6087411176795,-15.6087411176795,2.85158705713447));
#491=CARTESIAN_POINT('Ctrl Pts',(0.,-15.6087411176795,2.85158705713447));
#492=CARTESIAN_POINT('Ctrl Pts',(-15.6087411176795,-15.6087411176795,2.85158705713447));
#493=CARTESIAN_POINT('Ctrl Pts',(-15.6087411176795,0.,2.85158705713447));
#494=CARTESIAN_POINT('Ctrl Pts',(-15.8875526770447,0.,3.43464029459169));
#495=CARTESIAN_POINT('Ctrl Pts',(-15.8875526770447,15.8875526770447,3.43464029459169));
#496=CARTESIAN_POINT('Ctrl Pts',(0.,15.8875526770447,3.43464029459169));
#497=CARTESIAN_POINT('Ctrl Pts',(15.8875526770447,15.8875526770447,3.43464029459169));
#498=CARTESIAN_POINT('Ctrl Pts',(15.8875526770447,0.,3.43464029459169));
#499=CARTESIAN_POINT('Ctrl Pts',(15.8875526770447,-15.8875526770447,3.43464029459169));
#500=CARTESIAN_POINT('Ctrl Pts',(0.,-15.8875526770447,3.43464029459169));
#501=CARTESIAN_POINT('Ctrl Pts',(-15.8875526770447,-15.8875526770447,3.43464029459169));
#502=CARTESIAN_POINT('Ctrl Pts',(-15.8875526770447,0.,3.43464029459169));
#503=CARTESIAN_POINT('Ctrl Pts',(-16.1678384823959,0.,4.02077648849753));
#504=CARTESIAN_POINT('Ctrl Pts',(-16.1678384823958,16.1678384823958,4.02077648849753));
#505=CARTESIAN_POINT('Ctrl Pts',(0.,16.1678384823959,4.02077648849753));
#506=CARTESIAN_POINT('Ctrl Pts',(16.1678384823958,16.1678384823958,4.02077648849753));
#507=CARTESIAN_POINT('Ctrl Pts',(16.1678384823959,0.,4.02077648849753));
#508=CARTESIAN_POINT('Ctrl Pts',(16.1678384823958,-16.1678384823958,4.02077648849753));
#509=CARTESIAN_POINT('Ctrl Pts',(0.,-16.1678384823959,4.02077648849753));
#510=CARTESIAN_POINT('Ctrl Pts',(-16.1678384823958,-16.1678384823958,4.02077648849753));
#511=CARTESIAN_POINT('Ctrl Pts',(-16.1678384823959,0.,4.02077648849753));
#512=CARTESIAN_POINT('Ctrl Pts',(-16.1276779340531,0.,4.74745541614261));
#513=CARTESIAN_POINT('Ctrl Pts',(-16.1276779340531,16.1276779340531,4.74745541614261));
#514=CARTESIAN_POINT('Ctrl Pts',(0.,16.1276779340531,4.74745541614261));
#515=CARTESIAN_POINT('Ctrl Pts',(16.1276779340531,16.1276779340531,4.74745541614261));
#516=CARTESIAN_POINT('Ctrl Pts',(16.1276779340531,0.,4.74745541614261));
#517=CARTESIAN_POINT('Ctrl Pts',(16.1276779340531,-16.1276779340531,4.74745541614261));
#518=CARTESIAN_POINT('Ctrl Pts',(0.,-16.1276779340531,4.74745541614261));
#519=CARTESIAN_POINT('Ctrl Pts',(-16.1276779340531,-16.1276779340531,4.74745541614261));
#520=CARTESIAN_POINT('Ctrl Pts',(-16.1276779340531,0.,4.74745541614261));
#521=CARTESIAN_POINT('Ctrl Pts',(-15.8080751337869,0.,5.30744161995924));
#522=CARTESIAN_POINT('Ctrl Pts',(-15.8080751337869,15.8080751337869,5.30744161995924));
#523=CARTESIAN_POINT('Ctrl Pts',(0.,15.8080751337869,5.30744161995924));
#524=CARTESIAN_POINT('Ctrl Pts',(15.8080751337869,15.8080751337869,5.30744161995924));
#525=CARTESIAN_POINT('Ctrl Pts',(15.8080751337869,0.,5.30744161995924));
#526=CARTESIAN_POINT('Ctrl Pts',(15.8080751337869,-15.8080751337869,5.30744161995924));
#527=CARTESIAN_POINT('Ctrl Pts',(0.,-15.8080751337869,5.30744161995924));
#528=CARTESIAN_POINT('Ctrl Pts',(-15.8080751337869,-15.8080751337869,5.30744161995924));
#529=CARTESIAN_POINT('Ctrl Pts',(-15.8080751337869,0.,5.30744161995924));
#530=CARTESIAN_POINT('Ctrl Pts',(-15.4547280161855,0.,5.92655231251391));
#531=CARTESIAN_POINT('Ctrl Pts',(-15.4547280161855,15.4547280161855,5.92655231251391));
#532=CARTESIAN_POINT('Ctrl Pts',(0.,15.4547280161855,5.92655231251391));
#533=CARTESIAN_POINT('Ctrl Pts',(15.4547280161855,15.4547280161855,5.92655231251391));
#534=CARTESIAN_POINT('Ctrl Pts',(15.4547280161855,0.,5.92655231251391));
#535=CARTESIAN_POINT('Ctrl Pts',(15.4547280161855,-15.4547280161855,5.92655231251391));
#536=CARTESIAN_POINT('Ctrl Pts',(0.,-15.4547280161855,5.92655231251391));
#537=CARTESIAN_POINT('Ctrl Pts',(-15.4547280161855,-15.4547280161855,5.92655231251391));
#538=CARTESIAN_POINT('Ctrl Pts',(-15.4547280161855,0.,5.92655231251391));
#539=CARTESIAN_POINT('Ctrl Pts',(-14.836363735194,0.,6.32185302624279));
#540=CARTESIAN_POINT('Ctrl Pts',(-14.836363735194,14.836363735194,6.32185302624279));
#541=CARTESIAN_POINT('Ctrl Pts',(0.,14.836363735194,6.32185302624279));
#542=CARTESIAN_POINT('Ctrl Pts',(14.836363735194,14.836363735194,6.32185302624279));
#543=CARTESIAN_POINT('Ctrl Pts',(14.836363735194,0.,6.32185302624279));
#544=CARTESIAN_POINT('Ctrl Pts',(14.836363735194,-14.836363735194,6.32185302624279));
#545=CARTESIAN_POINT('Ctrl Pts',(0.,-14.836363735194,6.32185302624279));
#546=CARTESIAN_POINT('Ctrl Pts',(-14.836363735194,-14.836363735194,6.32185302624279));
#547=CARTESIAN_POINT('Ctrl Pts',(-14.836363735194,0.,6.32185302624279));
#548=CARTESIAN_POINT('Ctrl Pts',(-14.2173589738971,0.,6.60228325394526));
#549=CARTESIAN_POINT('Ctrl Pts',(-14.2173589738971,14.2173589738971,6.60228325394526));
#550=CARTESIAN_POINT('Ctrl Pts',(0.,14.2173589738971,6.60228325394526));
#551=CARTESIAN_POINT('Ctrl Pts',(14.2173589738971,14.2173589738971,6.60228325394526));
#552=CARTESIAN_POINT('Ctrl Pts',(14.2173589738971,0.,6.60228325394526));
#553=CARTESIAN_POINT('Ctrl Pts',(14.2173589738971,-14.2173589738971,6.60228325394526));
#554=CARTESIAN_POINT('Ctrl Pts',(0.,-14.2173589738971,6.60228325394526));
#555=CARTESIAN_POINT('Ctrl Pts',(-14.2173589738971,-14.2173589738971,6.60228325394526));
#556=CARTESIAN_POINT('Ctrl Pts',(-14.2173589738971,0.,6.60228325394526));
#557=CARTESIAN_POINT('Ctrl Pts',(-13.375158119393,0.,6.98382890943421));
#558=CARTESIAN_POINT('Ctrl Pts',(-13.375158119393,13.375158119393,6.98382890943421));
#559=CARTESIAN_POINT('Ctrl Pts',(0.,13.375158119393,6.98382890943421));
#560=CARTESIAN_POINT('Ctrl Pts',(13.375158119393,13.375158119393,6.98382890943421));
#561=CARTESIAN_POINT('Ctrl Pts',(13.375158119393,0.,6.98382890943421));
#562=CARTESIAN_POINT('Ctrl Pts',(13.375158119393,-13.375158119393,6.98382890943421));
#563=CARTESIAN_POINT('Ctrl Pts',(0.,-13.375158119393,6.98382890943421));
#564=CARTESIAN_POINT('Ctrl Pts',(-13.375158119393,-13.375158119393,6.98382890943421));
#565=CARTESIAN_POINT('Ctrl Pts',(-13.375158119393,0.,6.98382890943421));
#566=CARTESIAN_POINT('Ctrl Pts',(-12.4852082842542,0.,7.18628855936274));
#567=CARTESIAN_POINT('Ctrl Pts',(-12.4852082842542,12.4852082842542,7.18628855936274));
#568=CARTESIAN_POINT('Ctrl Pts',(0.,12.4852082842542,7.18628855936274));
#569=CARTESIAN_POINT('Ctrl Pts',(12.4852082842542,12.4852082842542,7.18628855936274));
#570=CARTESIAN_POINT('Ctrl Pts',(12.4852082842542,0.,7.18628855936274));
#571=CARTESIAN_POINT('Ctrl Pts',(12.4852082842542,-12.4852082842542,7.18628855936274));
#572=CARTESIAN_POINT('Ctrl Pts',(0.,-12.4852082842542,7.18628855936274));
#573=CARTESIAN_POINT('Ctrl Pts',(-12.4852082842542,-12.4852082842542,7.18628855936274));
#574=CARTESIAN_POINT('Ctrl Pts',(-12.4852082842542,0.,7.18628855936274));
#575=CARTESIAN_POINT('Ctrl Pts',(-11.5878928476231,0.,7.34920639189871));
#576=CARTESIAN_POINT('Ctrl Pts',(-11.5878928476231,11.5878928476231,7.34920639189871));
#577=CARTESIAN_POINT('Ctrl Pts',(0.,11.5878928476231,7.34920639189871));
#578=CARTESIAN_POINT('Ctrl Pts',(11.5878928476231,11.5878928476231,7.34920639189871));
#579=CARTESIAN_POINT('Ctrl Pts',(11.5878928476231,0.,7.34920639189871));
#580=CARTESIAN_POINT('Ctrl Pts',(11.5878928476231,-11.5878928476231,7.34920639189871));
#581=CARTESIAN_POINT('Ctrl Pts',(0.,-11.5878928476231,7.34920639189871));
#582=CARTESIAN_POINT('Ctrl Pts',(-11.5878928476231,-11.5878928476231,7.34920639189871));
#583=CARTESIAN_POINT('Ctrl Pts',(-11.5878928476231,0.,7.34920639189871));
#584=CARTESIAN_POINT('Ctrl Pts',(-10.2631242404215,0.,7.58973321366751));
#585=CARTESIAN_POINT('Ctrl Pts',(-10.2631242404215,10.2631242404215,7.58973321366751));
#586=CARTESIAN_POINT('Ctrl Pts',(0.,10.2631242404215,7.58973321366751));
#587=CARTESIAN_POINT('Ctrl Pts',(10.2631242404215,10.2631242404215,7.58973321366751));
#588=CARTESIAN_POINT('Ctrl Pts',(10.2631242404215,0.,7.58973321366751));
#589=CARTESIAN_POINT('Ctrl Pts',(10.2631242404215,-10.2631242404215,7.58973321366751));
#590=CARTESIAN_POINT('Ctrl Pts',(0.,-10.2631242404215,7.58973321366751));
#591=CARTESIAN_POINT('Ctrl Pts',(-10.2631242404215,-10.2631242404215,7.58973321366751));
#592=CARTESIAN_POINT('Ctrl Pts',(-10.2631242404215,0.,7.58973321366751));
#593=CARTESIAN_POINT('Ctrl Pts',(-8.93981453511318,0.,7.72254028336686));
#594=CARTESIAN_POINT('Ctrl Pts',(-8.93981453511317,8.93981453511317,7.72254028336686));
#595=CARTESIAN_POINT('Ctrl Pts',(0.,8.93981453511318,7.72254028336686));
#596=CARTESIAN_POINT('Ctrl Pts',(8.93981453511317,8.93981453511317,7.72254028336686));
#597=CARTESIAN_POINT('Ctrl Pts',(8.93981453511318,0.,7.72254028336686));
#598=CARTESIAN_POINT('Ctrl Pts',(8.93981453511317,-8.93981453511317,7.72254028336686));
#599=CARTESIAN_POINT('Ctrl Pts',(0.,-8.93981453511318,7.72254028336686));
#600=CARTESIAN_POINT('Ctrl Pts',(-8.93981453511317,-8.93981453511317,7.72254028336686));
#601=CARTESIAN_POINT('Ctrl Pts',(-8.93981453511318,0.,7.72254028336686));
#602=CARTESIAN_POINT('Ctrl Pts',(-7.60470439802431,0.,7.82843108402315));
#603=CARTESIAN_POINT('Ctrl Pts',(-7.60470439802431,7.60470439802431,7.82843108402315));
#604=CARTESIAN_POINT('Ctrl Pts',(0.,7.60470439802431,7.82843108402315));
#605=CARTESIAN_POINT('Ctrl Pts',(7.60470439802431,7.60470439802431,7.82843108402315));
#606=CARTESIAN_POINT('Ctrl Pts',(7.60470439802431,0.,7.82843108402315));
#607=CARTESIAN_POINT('Ctrl Pts',(7.60470439802431,-7.60470439802431,7.82843108402315));
#608=CARTESIAN_POINT('Ctrl Pts',(0.,-7.60470439802431,7.82843108402315));
#609=CARTESIAN_POINT('Ctrl Pts',(-7.60470439802431,-7.60470439802431,7.82843108402315));
#610=CARTESIAN_POINT('Ctrl Pts',(-7.60470439802431,0.,7.82843108402315));
#611=CARTESIAN_POINT('Ctrl Pts',(-6.23316095245643,0.,7.93721149812646));
#612=CARTESIAN_POINT('Ctrl Pts',(-6.23316095245643,6.23316095245643,7.93721149812646));
#613=CARTESIAN_POINT('Ctrl Pts',(0.,6.23316095245643,7.93721149812646));
#614=CARTESIAN_POINT('Ctrl Pts',(6.23316095245643,6.23316095245643,7.93721149812646));
#615=CARTESIAN_POINT('Ctrl Pts',(6.23316095245643,0.,7.93721149812646));
#616=CARTESIAN_POINT('Ctrl Pts',(6.23316095245643,-6.23316095245643,7.93721149812646));
#617=CARTESIAN_POINT('Ctrl Pts',(0.,-6.23316095245643,7.93721149812646));
#618=CARTESIAN_POINT('Ctrl Pts',(-6.23316095245643,-6.23316095245643,7.93721149812646));
#619=CARTESIAN_POINT('Ctrl Pts',(-6.23316095245643,0.,7.93721149812646));
#620=CARTESIAN_POINT('Ctrl Pts',(-4.87444148581804,0.,8.01598999972739));
#621=CARTESIAN_POINT('Ctrl Pts',(-4.87444148581804,4.87444148581804,8.01598999972739));
#622=CARTESIAN_POINT('Ctrl Pts',(0.,4.87444148581804,8.01598999972739));
#623=CARTESIAN_POINT('Ctrl Pts',(4.87444148581804,4.87444148581804,8.01598999972739));
#624=CARTESIAN_POINT('Ctrl Pts',(4.87444148581804,0.,8.01598999972739));
#625=CARTESIAN_POINT('Ctrl Pts',(4.87444148581804,-4.87444148581804,8.01598999972739));
#626=CARTESIAN_POINT('Ctrl Pts',(0.,-4.87444148581804,8.01598999972739));
#627=CARTESIAN_POINT('Ctrl Pts',(-4.87444148581804,-4.87444148581804,8.01598999972739));
#628=CARTESIAN_POINT('Ctrl Pts',(-4.87444148581804,0.,8.01598999972739));
#629=CARTESIAN_POINT('Ctrl Pts',(-3.5056838585345,0.,8.06343848377483));
#630=CARTESIAN_POINT('Ctrl Pts',(-3.5056838585345,3.5056838585345,8.06343848377483));
#631=CARTESIAN_POINT('Ctrl Pts',(0.,3.5056838585345,8.06343848377483));
#632=CARTESIAN_POINT('Ctrl Pts',(3.5056838585345,3.5056838585345,8.06343848377483));
#633=CARTESIAN_POINT('Ctrl Pts',(3.5056838585345,0.,8.06343848377483));
#634=CARTESIAN_POINT('Ctrl Pts',(3.5056838585345,-3.5056838585345,8.06343848377483));
#635=CARTESIAN_POINT('Ctrl Pts',(0.,-3.5056838585345,8.06343848377483));
#636=CARTESIAN_POINT('Ctrl Pts',(-3.5056838585345,-3.5056838585345,8.06343848377483));
#637=CARTESIAN_POINT('Ctrl Pts',(-3.5056838585345,0.,8.06343848377483));
#638=CARTESIAN_POINT('Ctrl Pts',(-2.33863042439842,0.,8.10389481815304));
#639=CARTESIAN_POINT('Ctrl Pts',(-2.33863042439842,2.33863042439842,8.10389481815304));
#640=CARTESIAN_POINT('Ctrl Pts',(0.,2.33863042439842,8.10389481815304));
#641=CARTESIAN_POINT('Ctrl Pts',(2.33863042439842,2.33863042439842,8.10389481815304));
#642=CARTESIAN_POINT('Ctrl Pts',(2.33863042439842,0.,8.10389481815304));
#643=CARTESIAN_POINT('Ctrl Pts',(2.33863042439842,-2.33863042439842,8.10389481815304));
#644=CARTESIAN_POINT('Ctrl Pts',(0.,-2.33863042439842,8.10389481815304));
#645=CARTESIAN_POINT('Ctrl Pts',(-2.33863042439842,-2.33863042439842,8.10389481815304));
#646=CARTESIAN_POINT('Ctrl Pts',(-2.33863042439842,0.,8.10389481815304));
#647=CARTESIAN_POINT('Ctrl Pts',(-1.16754751218494,0.,8.12042204454595));
#648=CARTESIAN_POINT('Ctrl Pts',(-1.16754751218494,1.16754751218494,8.12042204454595));
#649=CARTESIAN_POINT('Ctrl Pts',(0.,1.16754751218494,8.12042204454595));
#650=CARTESIAN_POINT('Ctrl Pts',(1.16754751218494,1.16754751218494,8.12042204454595));
#651=CARTESIAN_POINT('Ctrl Pts',(1.16754751218494,0.,8.12042204454595));
#652=CARTESIAN_POINT('Ctrl Pts',(1.16754751218494,-1.16754751218494,8.12042204454595));
#653=CARTESIAN_POINT('Ctrl Pts',(0.,-1.16754751218494,8.12042204454595));
#654=CARTESIAN_POINT('Ctrl Pts',(-1.16754751218494,-1.16754751218494,8.12042204454595));
#655=CARTESIAN_POINT('Ctrl Pts',(-1.16754751218494,0.,8.12042204454595));
#656=CARTESIAN_POINT('Ctrl Pts',(1.33319462240766E-13,0.,8.13000505252561));
#657=CARTESIAN_POINT('Ctrl Pts',(1.33319462240766E-13,-1.33319462240766E-13,
8.13000505252561));
#658=CARTESIAN_POINT('Ctrl Pts',(0.,-1.33319462240766E-13,8.13000505252561));
#659=CARTESIAN_POINT('Ctrl Pts',(-1.33319462240766E-13,-1.33319462240766E-13,
8.13000505252561));
#660=CARTESIAN_POINT('Ctrl Pts',(-1.33319462240766E-13,0.,8.13000505252561));
#661=CARTESIAN_POINT('Ctrl Pts',(-1.33319462240766E-13,1.33319462240766E-13,
8.13000505252561));
#662=CARTESIAN_POINT('Ctrl Pts',(0.,1.33319462240766E-13,8.13000505252561));
#663=CARTESIAN_POINT('Ctrl Pts',(1.33319462240766E-13,1.33319462240766E-13,
8.13000505252561));
#664=CARTESIAN_POINT('Ctrl Pts',(1.33319462240766E-13,0.,8.13000505252561));
#665=CARTESIAN_POINT('',(-14.5059258269518,-3.55292712652908E-15,2.14));
#666=CARTESIAN_POINT('',(-1.33319462240766E-13,-1.63269252697201E-29,8.13000505252561));
#667=CARTESIAN_POINT('Ctrl Pts',(-14.5059258269518,-3.55292712652908E-15,
2.13999999999999));
#668=CARTESIAN_POINT('Ctrl Pts',(-14.5166017635864,-3.55554197685458E-15,
2.1454250902187));
#669=CARTESIAN_POINT('Ctrl Pts',(-14.527277700221,-3.55815682718008E-15,
2.15085018043742));
#670=CARTESIAN_POINT('Ctrl Pts',(-14.5379536368556,-3.56077167750558E-15,
2.15627527065613));
#671=CARTESIAN_POINT('Ctrl Pts',(-15.0977586660256,-3.69788436492948E-15,
2.44074612244867));
#672=CARTESIAN_POINT('Ctrl Pts',(-15.6087411176795,-3.82303896969718E-15,
2.85158705713447));
#673=CARTESIAN_POINT('Ctrl Pts',(-15.8875526770447,-3.89132810644555E-15,
3.43464029459169));
#674=CARTESIAN_POINT('Ctrl Pts',(-16.1678384823959,-3.9599783293195E-15,
4.02077648849753));
#675=CARTESIAN_POINT('Ctrl Pts',(-16.1276779340531,-3.95014183192351E-15,
4.74745541614261));
#676=CARTESIAN_POINT('Ctrl Pts',(-15.8080751337869,-3.87186172265461E-15,
5.30744161995924));
#677=CARTESIAN_POINT('Ctrl Pts',(-15.4547280161855,-3.78531663934289E-15,
5.92655231251391));
#678=CARTESIAN_POINT('Ctrl Pts',(-14.836363735194,-3.63386107185824E-15,
6.32185302624279));
#679=CARTESIAN_POINT('Ctrl Pts',(-14.2173589738971,-3.4822486319424E-15,
6.60228325394526));
#680=CARTESIAN_POINT('Ctrl Pts',(-13.375158119393,-3.27596891580088E-15,
6.98382890943421));
#681=CARTESIAN_POINT('Ctrl Pts',(-12.4852082842542,-3.05799407239998E-15,
7.18628855936274));
#682=CARTESIAN_POINT('Ctrl Pts',(-11.5878928476231,-2.83821517694082E-15,
7.34920639189871));
#683=CARTESIAN_POINT('Ctrl Pts',(-10.2631242404215,-2.51374045005677E-15,
7.58973321366751));
#684=CARTESIAN_POINT('Ctrl Pts',(-8.93981453511318,-2.18962305107947E-15,
7.72254028336686));
#685=CARTESIAN_POINT('Ctrl Pts',(-7.60470439802431,-1.86261537990046E-15,
7.82843108402315));
#686=CARTESIAN_POINT('Ctrl Pts',(-6.23316095245643,-1.52668412179921E-15,
7.93721149812646));
#687=CARTESIAN_POINT('Ctrl Pts',(-4.87444148581804,-1.19389383264763E-15,
8.01598999972739));
#688=CARTESIAN_POINT('Ctrl Pts',(-3.5056838585345,-8.58644903235364E-16,
8.06343848377483));
#689=CARTESIAN_POINT('Ctrl Pts',(-2.33863042395854,-5.72799252617888E-16,
8.10389481816829));
#690=CARTESIAN_POINT('Ctrl Pts',(-1.16754751130209,-2.85966664513712E-16,
8.12042204455332));
#691=CARTESIAN_POINT('Ctrl Pts',(1.32034404785354E-9,3.23391022400311E-25,
8.13000505253644));
#692=CARTESIAN_POINT('Ctrl Pts',(-14.5059258269518,0.,2.14));
#693=CARTESIAN_POINT('Ctrl Pts',(-14.5059258269518,-0.233377335112922,2.14));
#694=CARTESIAN_POINT('Ctrl Pts',(-14.5002920082464,-0.469091358438761,2.14));
#695=CARTESIAN_POINT('Ctrl Pts',(-14.4886971239518,-0.706781258534717,2.14));
#696=CARTESIAN_POINT('Ctrl Pts',(-14.4772347698467,-0.94175434950468,2.14));
#697=CARTESIAN_POINT('Ctrl Pts',(-14.459946452401,-1.1786582577243,2.14));
#698=CARTESIAN_POINT('Ctrl Pts',(-14.4365407856603,-1.4171006460356,2.14));
#699=CARTESIAN_POINT('Ctrl Pts',(-14.4133843748781,-1.6530037695304,2.14));
#700=CARTESIAN_POINT('Ctrl Pts',(-14.3842398437523,-1.89041257915377,2.14));
#701=CARTESIAN_POINT('Ctrl Pts',(-14.3488550271867,-2.12890664562949,2.14));
#702=CARTESIAN_POINT('Ctrl Pts',(-14.3138191987876,-2.36504852789014,2.14));
#703=CARTESIAN_POINT('Ctrl Pts',(-14.2726652276746,-2.60225411558591,2.14));
#704=CARTESIAN_POINT('Ctrl Pts',(-14.225183195835,-2.84007872108487,2.14));
#705=CARTESIAN_POINT('Ctrl Pts',(-14.1781318379383,-3.07574619773801,2.14));
#706=CARTESIAN_POINT('Ctrl Pts',(-14.1248663854753,-3.31202121823603,2.14));
#707=CARTESIAN_POINT('Ctrl Pts',(-14.0652218077001,-3.54843903670656,2.14));
#708=CARTESIAN_POINT('Ctrl Pts',(-14.0060706450813,-3.78290106742251,2.14));
#709=CARTESIAN_POINT('Ctrl Pts',(-13.9406451977354,-4.01750320668459,2.14));
#710=CARTESIAN_POINT('Ctrl Pts',(-13.8688275275345,-4.25176517560971,2.14));
#711=CARTESIAN_POINT('Ctrl Pts',(-13.7975463426873,-4.48427718362817,2.14));
#712=CARTESIAN_POINT('Ctrl Pts',(-13.7199678593488,-4.71645371257665,2.14));
#713=CARTESIAN_POINT('Ctrl Pts',(-13.6360229584234,-4.94780375261347,2.14));
#714=CARTESIAN_POINT('Ctrl Pts',(-13.5526374022692,-5.17761225249988,2.14));
#715=CARTESIAN_POINT('Ctrl Pts',(-13.4629698192923,-5.40660484009219,2.14));
#716=CARTESIAN_POINT('Ctrl Pts',(-13.3670011185909,-5.63428479867828,2.14));
#717=CARTESIAN_POINT('Ctrl Pts',(-13.2715940709298,-5.86063226927573,2.14));
#718=CARTESIAN_POINT('Ctrl Pts',(-13.1699593309868,-6.0856820075901,2.14));
#719=CARTESIAN_POINT('Ctrl Pts',(-13.0621284964651,-6.30893677562708,2.14));
#720=CARTESIAN_POINT('Ctrl Pts',(-12.9548409411865,-6.53106672920889,2.14));
#721=CARTESIAN_POINT('Ctrl Pts',(-12.8414195149031,-6.75141931764158,2.14));
#722=CARTESIAN_POINT('Ctrl Pts',(-12.7219465918414,-6.96950206337308,2.14));
#723=CARTESIAN_POINT('Ctrl Pts',(-12.6029779777889,-7.18666425664308,2.14));
#724=CARTESIAN_POINT('Ctrl Pts',(-12.4780088536459,-7.40157528747045,2.14));
#725=CARTESIAN_POINT('Ctrl Pts',(-12.3471718703912,-7.61375274749893,2.14));
#726=CARTESIAN_POINT('Ctrl Pts',(-12.2167799355467,-7.82520847549941,2.14));
#727=CARTESIAN_POINT('Ctrl Pts',(-12.0805600608601,-8.03394875909438,2.14));
#728=CARTESIAN_POINT('Ctrl Pts',(-11.9386940805866,-8.23950652328111,2.14));
#729=CARTESIAN_POINT('Ctrl Pts',(-11.7971941247747,-8.44453393360987,2.14));
#730=CARTESIAN_POINT('Ctrl Pts',(-11.6500772885754,-8.64639479866576,2.14));
#731=CARTESIAN_POINT('Ctrl Pts',(-11.4975729059435,-8.84464252355855,2.14));
#732=CARTESIAN_POINT('Ctrl Pts',(-11.3453365054303,-9.0425418857065,2.14));
#733=CARTESIAN_POINT('Ctrl Pts',(-11.1877316625963,-9.2368403880404,2.14));
#734=CARTESIAN_POINT('Ctrl Pts',(-11.0250329508674,-9.42711687258164,2.14));
#735=CARTESIAN_POINT('Ctrl Pts',(-10.862486116866,-9.6172157358022,2.14));
#736=CARTESIAN_POINT('Ctrl Pts',(-10.6948551617295,-9.80329970878334,2.14));
#737=CARTESIAN_POINT('Ctrl Pts',(-10.5224570847621,-9.98497776644329,2.14));
#738=CARTESIAN_POINT('Ctrl Pts',(-10.3500778767747,-10.1666359394288,2.14));
#739=CARTESIAN_POINT('Ctrl Pts',(-10.1729328834331,-10.3438888198615,2.14));
#740=CARTESIAN_POINT('Ctrl Pts',(-9.99137819584745,-10.5163798830477,2.14));
#741=CARTESIAN_POINT('Ctrl Pts',(-9.80969380976045,-10.6889941698901,2.14));
#742=CARTESIAN_POINT('Ctrl Pts',(-9.62359376524699,-10.8568395353212,2.14));
#743=CARTESIAN_POINT('Ctrl Pts',(-9.43346943267049,-11.0195979309546,2.14));
#744=CARTESIAN_POINT('Ctrl Pts',(-9.24305279235389,-11.1826065604121,2.14));
#745=CARTESIAN_POINT('Ctrl Pts',(-9.04859985744529,-11.3405123173082,2.14));
#746=CARTESIAN_POINT('Ctrl Pts',(-8.85053303692546,-11.4930391567817,2.14));
#747=CARTESIAN_POINT('Ctrl Pts',(-8.6519989265509,-11.6459258457468,2.14));
#748=CARTESIAN_POINT('Ctrl Pts',(-8.44983426708468,-11.7934080127559,2.14));
#749=CARTESIAN_POINT('Ctrl Pts',(-8.24448789526931,-11.9352546450331,2.14));
#750=CARTESIAN_POINT('Ctrl Pts',(-8.0384886774426,-12.0775522422204,2.14));
#751=CARTESIAN_POINT('Ctrl Pts',(-7.82928791638494,-12.2141782786926,2.14));
#752=CARTESIAN_POINT('Ctrl Pts',(-7.61735595972976,-12.3449492619369,2.14));
#753=CARTESIAN_POINT('Ctrl Pts',(-7.40457693159704,-12.476242924119,2.14));
#754=CARTESIAN_POINT('Ctrl Pts',(-7.18904527851796,-12.6016345611096,2.14));
#755=CARTESIAN_POINT('Ctrl Pts',(-6.97124770538653,-12.7209901158349,2.14));
#756=CARTESIAN_POINT('Ctrl Pts',(-6.75240215097748,-12.8409199762558,2.14));
#757=CARTESIAN_POINT('Ctrl Pts',(-6.53126927092856,-12.9547555151753,2.14));
#758=CARTESIAN_POINT('Ctrl Pts',(-6.30834680989624,-13.0624134302624,2.14));
#759=CARTESIAN_POINT('Ctrl Pts',(-6.08417081190216,-13.1706767270376,2.14));
#760=CARTESIAN_POINT('Ctrl Pts',(-5.8581854997651,-13.2726927797888,2.14));
#761=CARTESIAN_POINT('Ctrl Pts',(-5.63089425156433,-13.3684297516472,2.14));
#762=CARTESIAN_POINT('Ctrl Pts',(-5.40214132942198,-13.4647823927763,2.14));
#763=CARTESIAN_POINT('Ctrl Pts',(-5.17206605853654,-13.5547750463915,2.14));
#764=CARTESIAN_POINT('Ctrl Pts',(-4.94117203084615,-13.6384274408236,2.14));
#765=CARTESIAN_POINT('Ctrl Pts',(-4.70860767430493,-13.7226849916959,2.14));
#766=CARTESIAN_POINT('Ctrl Pts',(-4.47521308951463,-13.8005103899359,2.14));
#767=CARTESIAN_POINT('Ctrl Pts',(-4.24148672415373,-13.8719744256488,2.14));
#768=CARTESIAN_POINT('Ctrl Pts',(-4.00588289239609,-13.9440125143806,2.14));
#769=CARTESIAN_POINT('Ctrl Pts',(-3.76994231755139,-14.0095868582486,2.14));
#770=CARTESIAN_POINT('Ctrl Pts',(-3.53415307859631,-14.0688182202371,2.14));
#771=CARTESIAN_POINT('Ctrl Pts',(-3.29628273444774,-14.1285723656045,2.14));
#772=CARTESIAN_POINT('Ctrl Pts',(-3.05856676289608,-14.1818713440237,2.14));
#773=CARTESIAN_POINT('Ctrl Pts',(-2.82147785184275,-14.2288842439802,2.14));
#774=CARTESIAN_POINT('Ctrl Pts',(-2.58210959869846,-14.2763491198693,2.14));
#775=CARTESIAN_POINT('Ctrl Pts',(-2.34338083244812,-14.3174067906451,2.14));
#776=CARTESIAN_POINT('Ctrl Pts',(-2.10574409289561,-14.3522724999305,2.14));
#777=CARTESIAN_POINT('Ctrl Pts',(-1.86563697876528,-14.3875006589029,2.14));
#778=CARTESIAN_POINT('Ctrl Pts',(-1.62664497791979,-14.4164078083389,2.14));
#779=CARTESIAN_POINT('Ctrl Pts',(-1.3891960474583,-14.439252696686,2.14));
#780=CARTESIAN_POINT('Ctrl Pts',(-1.14909459611058,-14.4623527832492,2.14));
#781=CARTESIAN_POINT('Ctrl Pts',(-0.910571094979622,-14.4792548002218,2.14));
#782=CARTESIAN_POINT('Ctrl Pts',(-0.674024856191897,-14.4902579200738,2.14));
#783=CARTESIAN_POINT('Ctrl Pts',(-0.509148664587023,-14.4979272557026,2.14));
#784=CARTESIAN_POINT('Ctrl Pts',(-0.345232173548555,-14.5027314010598,2.14));
#785=CARTESIAN_POINT('Ctrl Pts',(-0.182397732888311,-14.5047790456823,2.14));
#786=CARTESIAN_POINT('Ctrl Pts',(-0.142007158740163,-14.505286957532,2.14));
#787=CARTESIAN_POINT('Ctrl Pts',(-0.101683108826369,-14.5056252949569,2.14));
#788=CARTESIAN_POINT('Ctrl Pts',(-0.0614273486342042,-14.5057957650681,
2.14));
#789=CARTESIAN_POINT('Ctrl Pts',(-0.0424247910205638,-14.5058762347472,
2.14));
#790=CARTESIAN_POINT('Ctrl Pts',(-0.0234374496242166,-14.5059192992937,
2.14));
#791=CARTESIAN_POINT('Ctrl Pts',(-0.00446550700922938,-14.5059251396205,
2.14));
#792=CARTESIAN_POINT('Ctrl Pts',(0.00773274849010069,-14.505928894734,2.14));
#793=CARTESIAN_POINT('Ctrl Pts',(0.0199317304390184,-14.5059172703946,2.14));
#794=CARTESIAN_POINT('Ctrl Pts',(0.0321395825567081,-14.5058902223979,2.14));
#795=CARTESIAN_POINT('Ctrl Pts',(0.266210672784638,-14.5053716091303,2.14));
#796=CARTESIAN_POINT('Ctrl Pts',(0.502612474674246,-14.499180404871,2.14));
#797=CARTESIAN_POINT('Ctrl Pts',(0.740979777008989,-14.486988405707,2.14));
#798=CARTESIAN_POINT('Ctrl Pts',(0.97658713616858,-14.4749375719821,2.14));
#799=CARTESIAN_POINT('Ctrl Pts',(1.21411458955041,-14.4570237066563,2.14));
#800=CARTESIAN_POINT('Ctrl Pts',(1.45316541874208,-14.4329551500307,2.14));
#801=CARTESIAN_POINT('Ctrl Pts',(1.68963479300946,-14.4091465042125,2.14));
#802=CARTESIAN_POINT('Ctrl Pts',(1.92759461277732,-14.3793150040218,2.14));
#803=CARTESIAN_POINT('Ctrl Pts',(2.16662019101592,-14.3432088824262,2.14));
#804=CARTESIAN_POINT('Ctrl Pts',(2.40325244342264,-14.3074642857942,2.14));
#805=CARTESIAN_POINT('Ctrl Pts',(2.64092896232885,-14.2655697494601,2.14));
#806=CARTESIAN_POINT('Ctrl Pts',(2.87920102893866,-14.2173163969852,2.14));
#807=CARTESIAN_POINT('Ctrl Pts',(3.1152759552749,-14.1695079954673,2.14));
#808=CARTESIAN_POINT('Ctrl Pts',(3.35193519479024,-14.115457200992,2.14));
#809=CARTESIAN_POINT('Ctrl Pts',(3.58871029538879,-14.0550006230095,2.14));
#810=CARTESIAN_POINT('Ctrl Pts',(3.82349078592987,-13.995053335481,2.14));
#811=CARTESIAN_POINT('Ctrl Pts',(4.05838485108154,-13.9288074702121,2.14));
#812=CARTESIAN_POINT('Ctrl Pts',(4.29290892146402,-13.8561472671533,2.14));
#813=CARTESIAN_POINT('Ctrl Pts',(4.52564543472118,-13.7840408847046,2.14));
#814=CARTESIAN_POINT('Ctrl Pts',(4.75801719440536,-13.7056173553391,2.14));
#815=CARTESIAN_POINT('Ctrl Pts',(4.98953039641457,-13.6208102005821,2.14));
#816=CARTESIAN_POINT('Ctrl Pts',(5.21946570457027,-13.5365810547121,2.14));
#817=CARTESIAN_POINT('Ctrl Pts',(5.44855371252545,-13.4460548381525,2.14));
#818=CARTESIAN_POINT('Ctrl Pts',(5.67629547327774,-13.3492154749661,2.14));
#819=CARTESIAN_POINT('Ctrl Pts',(5.90266963285106,-13.252957637218,2.14));
#820=CARTESIAN_POINT('Ctrl Pts',(6.12771323871493,-13.1504621384465,2.14));
#821=CARTESIAN_POINT('Ctrl Pts',(6.35092743932042,-13.0417638668055,2.14));
#822=CARTESIAN_POINT('Ctrl Pts',(6.57298293501543,-12.9336298478902,2.14));
#823=CARTESIAN_POINT('Ctrl Pts',(6.79322752976123,-12.8193572372147,2.14));
#824=CARTESIAN_POINT('Ctrl Pts',(7.01116778518836,-12.699031868019,2.14));
#825=CARTESIAN_POINT('Ctrl Pts',(7.22815479002611,-12.5792327908977,2.14));
#826=CARTESIAN_POINT('Ctrl Pts',(7.44285712580236,-12.4534337999334,2.14));
#827=CARTESIAN_POINT('Ctrl Pts',(7.65479209399386,-12.3217710616111,2.14));
#828=CARTESIAN_POINT('Ctrl Pts',(7.86597378484344,-12.190576290224,2.14));
#829=CARTESIAN_POINT('Ctrl Pts',(8.07440730593652,-12.0535594536996,2.14));
#830=CARTESIAN_POINT('Ctrl Pts',(8.27962596178757,-11.9109058442219,2.14));
#831=CARTESIAN_POINT('Ctrl Pts',(8.48428382644101,-11.7686420574344,2.14));
#832=CARTESIAN_POINT('Ctrl Pts',(8.68574394588009,-11.6207723961919,2.14));
#833=CARTESIAN_POINT('Ctrl Pts',(8.88356075435435,-11.467529482008,2.14));
#834=CARTESIAN_POINT('Ctrl Pts',(9.08099982444772,-11.3145791907347,2.14));
#835=CARTESIAN_POINT('Ctrl Pts',(9.27480907977055,-11.1562763399659,2.14));
#836=CARTESIAN_POINT('Ctrl Pts',(9.46456900233111,-10.9928985120913,2.14));
#837=CARTESIAN_POINT('Ctrl Pts',(9.6541229458085,-10.8296980262747,2.14));
#838=CARTESIAN_POINT('Ctrl Pts',(9.83963596779355,-10.6614338218932,2.14));
#839=CARTESIAN_POINT('Ctrl Pts',(10.0207192375251,-10.4884255281582,2.14));
#840=CARTESIAN_POINT('Ctrl Pts',(10.2017552450041,-10.3154623891285,2.14));
#841=CARTESIAN_POINT('Ctrl Pts',(10.3783634747556,-10.1377579340319,2.14));
#842=CARTESIAN_POINT('Ctrl Pts',(10.5501900780354,-9.9556704151127,2.14));
#843=CARTESIAN_POINT('Ctrl Pts',(10.7221134794269,-9.77348031761912,2.14));
#844=CARTESIAN_POINT('Ctrl Pts',(10.8892495721149,-9.58690255820772,2.14));
#845=CARTESIAN_POINT('Ctrl Pts',(11.0512833784636,-9.39633012329393,2.14));
#846=CARTESIAN_POINT('Ctrl Pts',(11.2135419294684,-9.20549335998266,2.14));
#847=CARTESIAN_POINT('Ctrl Pts',(11.370683787191,-9.01065121148985,2.14));
#848=CARTESIAN_POINT('Ctrl Pts',(11.522436273893,-8.81222709711343,2.14));
#849=CARTESIAN_POINT('Ctrl Pts',(11.6745240565422,-8.613364566189,2.14));
#850=CARTESIAN_POINT('Ctrl Pts',(11.8211984381676,-8.41090463289599,2.14));
#851=CARTESIAN_POINT('Ctrl Pts',(11.9622319623455,-8.20529649531734,2.14));
#852=CARTESIAN_POINT('Ctrl Pts',(12.1036928494354,-7.99906531940138,2.14));
#853=CARTESIAN_POINT('Ctrl Pts',(12.2394785117318,-7.78966726250965,2.14));
#854=CARTESIAN_POINT('Ctrl Pts',(12.3694090896,-7.57757236000739,2.14));
#855=CARTESIAN_POINT('Ctrl Pts',(12.4998397296173,-7.36466117057318,2.14));
#856=CARTESIAN_POINT('Ctrl Pts',(12.6243700613917,-7.1490327821736,2.14));
#857=CARTESIAN_POINT('Ctrl Pts',(12.7428696222929,-6.9311729084097,2.14));
#858=CARTESIAN_POINT('Ctrl Pts',(12.8619219090395,-6.71229685549705,2.14));
#859=CARTESIAN_POINT('Ctrl Pts',(12.9748870281665,-6.49116890160221,2.14));
#860=CARTESIAN_POINT('Ctrl Pts',(13.0816851194758,-6.26828513486045,2.14));
#861=CARTESIAN_POINT('Ctrl Pts',(13.189068118926,-6.04418068591312,2.14));
#862=CARTESIAN_POINT('Ctrl Pts',(13.2902164108844,-5.8183015847799,2.14));
#863=CARTESIAN_POINT('Ctrl Pts',(13.3851013387725,-5.59114892019677,2.14));
#864=CARTESIAN_POINT('Ctrl Pts',(13.4805826545281,-5.36256851470404,2.14));
#865=CARTESIAN_POINT('Ctrl Pts',(13.5697217401532,-5.13269891858235,2.14));
#866=CARTESIAN_POINT('Ctrl Pts',(13.6525411403059,-4.90204085144963,2.14));
#867=CARTESIAN_POINT('Ctrl Pts',(13.7359477081085,-4.66974747960653,2.14));
#868=CARTESIAN_POINT('Ctrl Pts',(13.8129448374733,-4.43665482862751,2.14));
#869=CARTESIAN_POINT('Ctrl Pts',(13.8836056789367,-4.20325795649304,2.14));
#870=CARTESIAN_POINT('Ctrl Pts',(13.9548239898874,-3.96801973019488,2.14));
#871=CARTESIAN_POINT('Ctrl Pts',(14.0196058683672,-3.73247284625879,2.14));
#872=CARTESIAN_POINT('Ctrl Pts',(14.0780739025399,-3.49710155581053,2.14));
#873=CARTESIAN_POINT('Ctrl Pts',(14.1387197189853,-3.25296329669152,2.14));
#874=CARTESIAN_POINT('Ctrl Pts',(14.1925726663255,-3.00901448037933,2.14));
#875=CARTESIAN_POINT('Ctrl Pts',(14.2398185791652,-2.76576407697566,2.14));
#876=CARTESIAN_POINT('Ctrl Pts',(14.2864623082353,-2.52561407815832,2.14));
#877=CARTESIAN_POINT('Ctrl Pts',(14.3266668516439,-2.28614499288039,2.14));
#878=CARTESIAN_POINT('Ctrl Pts',(14.3606529163336,-2.04781149367457,2.14));
#879=CARTESIAN_POINT('Ctrl Pts',(14.3949979379254,-1.80696074349201,2.14));
#880=CARTESIAN_POINT('Ctrl Pts',(14.422992796405,-1.56726995825643,2.14));
#881=CARTESIAN_POINT('Ctrl Pts',(14.4449020315041,-1.32916868653838,2.14));
#882=CARTESIAN_POINT('Ctrl Pts',(14.4658379674318,-1.10164486170233,2.14));
#883=CARTESIAN_POINT('Ctrl Pts',(14.4812175436942,-0.875572289368033,2.14));
#884=CARTESIAN_POINT('Ctrl Pts',(14.4912975891171,-0.651289705642187,2.14));
#885=CARTESIAN_POINT('Ctrl Pts',(14.4962588614737,-0.54090062146462,2.14));
#886=CARTESIAN_POINT('Ctrl Pts',(14.4999366848622,-0.430944610127729,2.14));
#887=CARTESIAN_POINT('Ctrl Pts',(14.5023635423876,-0.32145883321531,2.14));
#888=CARTESIAN_POINT('Ctrl Pts',(14.5035753486183,-0.266789144021551,2.14));
#889=CARTESIAN_POINT('Ctrl Pts',(14.5044752666846,-0.212236665806772,2.14));
#890=CARTESIAN_POINT('Ctrl Pts',(14.5050674393047,-0.157805824511501,2.14));
#891=CARTESIAN_POINT('Ctrl Pts',(14.5055106346152,-0.117068558390808,2.14));
#892=CARTESIAN_POINT('Ctrl Pts',(14.5057814518973,-0.0763994227692605,2.14));
#893=CARTESIAN_POINT('Ctrl Pts',(14.5058816499029,-0.0358002239845212,2.14));
#894=CARTESIAN_POINT('Ctrl Pts',(14.5059092771115,-0.0246059639037641,2.14));
#895=CARTESIAN_POINT('Ctrl Pts',(14.505923933113,-0.0134170205178769,2.14));
#896=CARTESIAN_POINT('Ctrl Pts',(14.5059256550146,-0.00223343112905826,
2.14));
#897=CARTESIAN_POINT('Ctrl Pts',(14.5059274875758,0.00966888186400362,2.14));
#898=CARTESIAN_POINT('Ctrl Pts',(14.5059146750984,0.0215743711653864,2.14));
#899=CARTESIAN_POINT('Ctrl Pts',(14.505887173847,0.0334872609764505,2.14));
#900=CARTESIAN_POINT('Ctrl Pts',(14.5053482043082,0.26695608141689,2.14));
#901=CARTESIAN_POINT('Ctrl Pts',(14.4991655901779,0.502742785006068,2.14));
#902=CARTESIAN_POINT('Ctrl Pts',(14.4870137048038,0.740484985570076,2.14));
#903=CARTESIAN_POINT('Ctrl Pts',(14.474999287468,0.975537730716898,2.14));
#904=CARTESIAN_POINT('Ctrl Pts',(14.4571495003224,1.2125018291757,2.14));
#905=CARTESIAN_POINT('Ctrl Pts',(14.4331746750257,1.45098342417269,2.14));
#906=CARTESIAN_POINT('Ctrl Pts',(14.4094526458491,1.68695041390415,2.14));
#907=CARTESIAN_POINT('Ctrl Pts',(14.3797336964269,1.92440286443358,2.14));
#908=CARTESIAN_POINT('Ctrl Pts',(14.3437674939862,2.16291890173677,2.14));
#909=CARTESIAN_POINT('Ctrl Pts',(14.3081526820683,2.39910463254845,2.14));
#910=CARTESIAN_POINT('Ctrl Pts',(14.2664117513976,2.63633301699972,2.14));
#911=CARTESIAN_POINT('Ctrl Pts',(14.218336743625,2.87415802312781,2.14));
#912=CARTESIAN_POINT('Ctrl Pts',(14.1706939410165,3.10984492880475,2.14));
#913=CARTESIAN_POINT('Ctrl Pts',(14.1168301326431,3.3461174790535,2.14));
#914=CARTESIAN_POINT('Ctrl Pts',(14.0565823813187,3.58250971446362,2.14));
#915=CARTESIAN_POINT('Ctrl Pts',(13.9968289774851,3.8169622939391,2.14));
#916=CARTESIAN_POINT('Ctrl Pts',(13.9307956994029,4.05153226378479,2.14));
#917=CARTESIAN_POINT('Ctrl Pts',(13.8583668356942,4.28573829629824,2.14));
#918=CARTESIAN_POINT('Ctrl Pts',(13.7864750675234,4.51820757624442,2.14));
#919=CARTESIAN_POINT('Ctrl Pts',(13.7082819967181,4.75031792236934,2.14));
#920=CARTESIAN_POINT('Ctrl Pts',(13.6237208552232,4.98157747666175,2.14));
#921=CARTESIAN_POINT('Ctrl Pts',(13.5397196267654,5.21130576922888,2.14));
#922=CARTESIAN_POINT('Ctrl Pts',(13.4494342133599,5.44019409681238,2.14));
#923=CARTESIAN_POINT('Ctrl Pts',(13.3528479817246,5.66774513135341,2.14));
#924=CARTESIAN_POINT('Ctrl Pts',(13.2568242122727,5.89397104067142,2.14));
#925=CARTESIAN_POINT('Ctrl Pts',(13.1545726854467,6.11887476277237,2.14));
#926=CARTESIAN_POINT('Ctrl Pts',(13.0461275363782,6.34195871963713,2.14));
#927=CARTESIAN_POINT('Ctrl Pts',(12.938227001013,6.56392234441751,2.14));
#928=CARTESIAN_POINT('Ctrl Pts',(12.8241948451149,6.78408399841297,2.14));
#929=CARTESIAN_POINT('Ctrl Pts',(12.704116024468,7.00195116620237,2.14));
#930=CARTESIAN_POINT('Ctrl Pts',(12.5845436577366,7.21889944022176,2.14));
#931=CARTESIAN_POINT('Ctrl Pts',(12.4589755342136,7.43357209961194,2.14));
#932=CARTESIAN_POINT('Ctrl Pts',(12.32754688655,7.64548702549011,2.14));
#933=CARTESIAN_POINT('Ctrl Pts',(12.1965665274157,7.85667913307745,2.14));
#934=CARTESIAN_POINT('Ctrl Pts',(12.0597656262398,8.06513184900376,2.14));
#935=CARTESIAN_POINT('Ctrl Pts',(11.9173285477104,8.27037873273964,2.14));
#936=CARTESIAN_POINT('Ctrl Pts',(11.775262112175,8.47509153279271,2.14));
#937=CARTESIAN_POINT('Ctrl Pts',(11.6275889251798,8.67661473682037,2.14));
#938=CARTESIAN_POINT('Ctrl Pts',(11.4745407425778,8.87450273784102,2.14));
#939=CARTESIAN_POINT('Ctrl Pts',(11.3217668192653,9.07203612751229,2.14));
#940=CARTESIAN_POINT('Ctrl Pts',(11.1636373370423,9.26594692573122,2.14));
#941=CARTESIAN_POINT('Ctrl Pts',(11.0004291212198,9.45581531365997,2.14));
#942=CARTESIAN_POINT('Ctrl Pts',(10.8373809945236,9.64549746179564,2.14));
#943=CARTESIAN_POINT('Ctrl Pts',(10.669264338037,9.83114475018729,2.14));
#944=CARTESIAN_POINT('Ctrl Pts',(10.4963981693427,10.012367830221,2.14));
#945=CARTESIAN_POINT('Ctrl Pts',(10.3235612842657,10.1935602109725,2.14));
#946=CARTESIAN_POINT('Ctrl Pts',(10.1459767919225,10.3703295433161,2.14));
#947=CARTESIAN_POINT('Ctrl Pts',(9.96400250468299,10.5423212901001,2.14));
#948=CARTESIAN_POINT('Ctrl Pts',(9.78191139699604,10.714423448927,2.14));
#949=CARTESIAN_POINT('Ctrl Pts',(9.59542519727701,10.8817415913163,2.14));
#950=CARTESIAN_POINT('Ctrl Pts',(9.40493663933735,11.0439599287156,2.14));
#951=CARTESIAN_POINT('Ctrl Pts',(9.21417136392087,11.2064139162218,2.14));
#952=CARTESIAN_POINT('Ctrl Pts',(9.01939247263502,11.3637530264633,2.14));
#953=CARTESIAN_POINT('Ctrl Pts',(8.8210233244054,11.5157036957071,2.14));
#954=CARTESIAN_POINT('Ctrl Pts',(8.6222054233589,11.6679981093863,2.14));
#955=CARTESIAN_POINT('Ctrl Pts',(8.41978141285188,11.814879485115,2.14));
#956=CARTESIAN_POINT('Ctrl Pts',(8.21420061790207,11.9561194501345,2.14));
#957=CARTESIAN_POINT('Ctrl Pts',(8.00798867799279,12.0977930300352,2.14));
#958=CARTESIAN_POINT('Ctrl Pts',(7.79860097302685,12.2337903761592,2.14));
#959=CARTESIAN_POINT('Ctrl Pts',(7.5865078388626,12.3639307223837,2.14));
#960=CARTESIAN_POINT('Ctrl Pts',(7.3735926949178,12.494575453806,2.14));
#961=CARTESIAN_POINT('Ctrl Pts',(7.15795155623663,12.6193176277389,2.14));
#962=CARTESIAN_POINT('Ctrl Pts',(6.9400705892932,12.7380259189819,2.14));
#963=CARTESIAN_POINT('Ctrl Pts',(6.72117023603233,12.8572896034267,2.14));
#964=CARTESIAN_POINT('Ctrl Pts',(6.50000949766378,12.970462805283,2.14));
#965=CARTESIAN_POINT('Ctrl Pts',(6.27708504062246,13.0774648724369,2.14));
#966=CARTESIAN_POINT('Ctrl Pts',(6.05293932001424,13.1850531369418,2.14));
#967=CARTESIAN_POINT('Ctrl Pts',(5.827010950011,13.2864025212405,2.14));
#968=CARTESIAN_POINT('Ctrl Pts',(5.59980169217856,13.3814836660701,2.14));
#969=CARTESIAN_POINT('Ctrl Pts',(5.37116682660891,13.4771613905331,2.14));
#970=CARTESIAN_POINT('Ctrl Pts',(5.14123538312571,13.566492085724,2.14));
#971=CARTESIAN_POINT('Ctrl Pts',(4.91050881578869,13.6494976928489,2.14));
#972=CARTESIAN_POINT('Ctrl Pts',(4.67815185902297,13.7330898447569,2.14));
#973=CARTESIAN_POINT('Ctrl Pts',(4.44498891429327,13.8102673768203,2.14));
#974=CARTESIAN_POINT('Ctrl Pts',(4.2115158026151,13.8811029367752,2.14));
#975=CARTESIAN_POINT('Ctrl Pts',(3.97620908075004,13.9524948126305,2.14));
#976=CARTESIAN_POINT('Ctrl Pts',(3.74058768470547,14.0174449388323,2.14));
#977=CARTESIAN_POINT('Ctrl Pts',(3.50513662595344,14.0760754946266,2.14));
#978=CARTESIAN_POINT('Ctrl Pts',(3.26765223928467,14.135212377071,2.14));
#979=CARTESIAN_POINT('Ctrl Pts',(3.03034149229158,14.1879203454475,2.14));
#980=CARTESIAN_POINT('Ctrl Pts',(2.7936736270251,14.234369384089,2.14));
#981=CARTESIAN_POINT('Ctrl Pts',(2.55477808104282,14.2812556330275,2.14));
#982=CARTESIAN_POINT('Ctrl Pts',(2.31653788157827,14.3217648921005,2.14));
#983=CARTESIAN_POINT('Ctrl Pts',(2.07940181999046,14.3561127108994,2.14));
#984=CARTESIAN_POINT('Ctrl Pts',(1.83418720978825,14.3916306618246,2.14));
#985=CARTESIAN_POINT('Ctrl Pts',(1.59015368779447,14.4205604553088,2.14));
#986=CARTESIAN_POINT('Ctrl Pts',(1.3477555238931,14.44317967571,2.14));
#987=CARTESIAN_POINT('Ctrl Pts',(1.11293230261365,14.4650920454737,2.14));
#988=CARTESIAN_POINT('Ctrl Pts',(0.879643732794718,14.4810826776725,2.14));
#989=CARTESIAN_POINT('Ctrl Pts',(0.648262270528726,14.4914333357896,2.14));
#990=CARTESIAN_POINT('Ctrl Pts',(0.536186874743637,14.4964469358152,2.14));
#991=CARTESIAN_POINT('Ctrl Pts',(0.424558314176087,14.5001376834948,2.14));
#992=CARTESIAN_POINT('Ctrl Pts',(0.313415450198426,14.5025396001046,2.14));
#993=CARTESIAN_POINT('Ctrl Pts',(0.25871232183442,14.503721793436,2.14));
#994=CARTESIAN_POINT('Ctrl Pts',(0.204126817883618,14.5045917875115,2.14));
#995=CARTESIAN_POINT('Ctrl Pts',(0.14966336857527,14.5051537383488,2.14));
#996=CARTESIAN_POINT('Ctrl Pts',(0.118252936725477,14.5054778294356,2.14));
#997=CARTESIAN_POINT('Ctrl Pts',(0.0868830991937588,14.5056994629009,2.14));
#998=CARTESIAN_POINT('Ctrl Pts',(0.0555546854837986,14.5058194451037,2.14));
#999=CARTESIAN_POINT('Ctrl Pts',(0.039960745809528,14.5058791670944,2.14));
#1000=CARTESIAN_POINT('Ctrl Pts',(0.0243770691576467,14.5059137038548,2.14));
#1001=CARTESIAN_POINT('Ctrl Pts',(0.00880375645287188,14.5059231554182,
2.14));
#1002=CARTESIAN_POINT('Ctrl Pts',(-0.00212972981909942,14.5059297910352,
2.14));
#1003=CARTESIAN_POINT('Ctrl Pts',(-0.0130595655660806,14.5059240722385,
2.14));
#1004=CARTESIAN_POINT('Ctrl Pts',(-0.0239977759540531,14.5059059766626,
2.14));
#1005=CARTESIAN_POINT('Ctrl Pts',(-0.257442219108264,14.5055197789681,2.14));
#1006=CARTESIAN_POINT('Ctrl Pts',(-0.493209906410822,14.4994926468132,2.14));
#1007=CARTESIAN_POINT('Ctrl Pts',(-0.730938890542118,14.4874984878453,2.14));
#1008=CARTESIAN_POINT('Ctrl Pts',(-0.966014601688467,14.4756381946661,2.14));
#1009=CARTESIAN_POINT('Ctrl Pts',(-1.20300792521793,14.4579429359292,2.14));
#1010=CARTESIAN_POINT('Ctrl Pts',(-1.44152520199091,14.4341223906773,2.14));
#1011=CARTESIAN_POINT('Ctrl Pts',(-1.67755771902687,14.4105499965554,2.14));
#1012=CARTESIAN_POINT('Ctrl Pts',(-1.91508240162136,14.3809789015421,2.14));
#1013=CARTESIAN_POINT('Ctrl Pts',(-2.15367732541273,14.3451580010479,2.14));
#1014=CARTESIAN_POINT('Ctrl Pts',(-2.38996544012078,14.3096834280335,2.14));
#1015=CARTESIAN_POINT('Ctrl Pts',(-2.62730294993328,14.2680789726636,2.14));
#1016=CARTESIAN_POINT('Ctrl Pts',(-2.86524353257286,14.2201358501273,2.14));
#1017=CARTESIAN_POINT('Ctrl Pts',(-3.10106320587408,14.1726200738435,2.14));
#1018=CARTESIAN_POINT('Ctrl Pts',(-3.33747495131118,14.1188778194583,2.14));
#1019=CARTESIAN_POINT('Ctrl Pts',(-3.57401230089649,14.0587453270222,2.14));
#1020=CARTESIAN_POINT('Ctrl Pts',(-3.80862097264191,13.9991031428008,2.14));
#1021=CARTESIAN_POINT('Ctrl Pts',(-4.04335286962732,13.9331742382328,2.14));
#1022=CARTESIAN_POINT('Ctrl Pts',(-4.27772597108068,13.8608421321855,2.14));
#1023=CARTESIAN_POINT('Ctrl Pts',(-4.51036722794053,13.7890445071261,2.14));
#1024=CARTESIAN_POINT('Ctrl Pts',(-4.74265459748726,13.7109377411764,2.14));
#1025=CARTESIAN_POINT('Ctrl Pts',(-4.97409538771972,13.6264543873633,2.14));
#1026=CARTESIAN_POINT('Ctrl Pts',(-5.20400394461737,13.5425303481413,2.14));
#1027=CARTESIAN_POINT('Ctrl Pts',(-5.43307669081801,13.4523137054831,2.14));
#1028=CARTESIAN_POINT('Ctrl Pts',(-5.66081537396164,13.3557872624172,2.14));
#1029=CARTESIAN_POINT('Ctrl Pts',(-5.88722231685079,13.2598252739626,2.14));
#1030=CARTESIAN_POINT('Ctrl Pts',(-6.11231032814113,13.1576269536525,2.14));
#1031=CARTESIAN_POINT('Ctrl Pts',(-6.33558086967918,13.0492259977664,2.14));
#1032=CARTESIAN_POINT('Ctrl Pts',(-6.55771910050195,12.9413747944945,2.14));
#1033=CARTESIAN_POINT('Ctrl Pts',(-6.77805781064125,12.8273836576571,2.14));
#1034=CARTESIAN_POINT('Ctrl Pts',(-6.99610354361636,12.7073372231961,2.14));
#1035=CARTESIAN_POINT('Ctrl Pts',(-7.2132133622332,12.5878060622062,2.14));
#1036=CARTESIAN_POINT('Ctrl Pts',(-7.42804940209422,12.4622714839285,2.14));
#1037=CARTESIAN_POINT('Ctrl Pts',(-7.64012867411113,12.3308684990171,2.14));
#1038=CARTESIAN_POINT('Ctrl Pts',(-7.85146342707542,12.1999268134345,2.14));
#1039=CARTESIAN_POINT('Ctrl Pts',(-8.06006029425006,12.063157923299,2.14));
#1040=CARTESIAN_POINT('Ctrl Pts',(-8.26545208089079,11.9207460335134,2.14));
#1041=CARTESIAN_POINT('Ctrl Pts',(-8.47028380335035,11.7787224737566,2.14));
#1042=CARTESIAN_POINT('Ctrl Pts',(-8.67192747393153,11.6310867795347,2.14));
#1043=CARTESIAN_POINT('Ctrl Pts',(-8.86993688262019,11.4780705606544,2.14));
#1044=CARTESIAN_POINT('Ctrl Pts',(-9.06756185749174,11.3253514216425,2.14));
#1045=CARTESIAN_POINT('Ctrl Pts',(-9.26156626329231,11.1672728212435,2.14));
#1046=CARTESIAN_POINT('Ctrl Pts',(-9.45152985165561,11.0041113934879,2.14));
#1047=CARTESIAN_POINT('Ctrl Pts',(-9.64127400969598,10.8411384364023,2.14));
#1048=CARTESIAN_POINT('Ctrl Pts',(-9.82698630473958,10.673094633925,2.14));
#1049=CARTESIAN_POINT('Ctrl Pts',(-10.0082771392016,10.5002987006066,2.14));
#1050=CARTESIAN_POINT('Ctrl Pts',(-10.1947213368195,10.3225908797188,2.14));
#1051=CARTESIAN_POINT('Ctrl Pts',(-10.3764885816563,10.1398570480547,2.14));
#1052=CARTESIAN_POINT('Ctrl Pts',(-10.553193312124,9.95248687585012,2.14));
#1053=CARTESIAN_POINT('Ctrl Pts',(-10.7251760183607,9.77012373707897,2.14));
#1054=CARTESIAN_POINT('Ctrl Pts',(-10.8923630434536,9.58336925730054,2.14));
#1055=CARTESIAN_POINT('Ctrl Pts',(-11.0544390336859,9.39261740664163,2.14));
#1056=CARTESIAN_POINT('Ctrl Pts',(-11.2167594530333,9.2015778803932,2.14));
#1057=CARTESIAN_POINT('Ctrl Pts',(-11.3739531653043,9.00652929769561,2.14));
#1058=CARTESIAN_POINT('Ctrl Pts',(-11.5257471583955,8.80789626061554,2.14));
#1059=CARTESIAN_POINT('Ctrl Pts',(-11.6778821133711,8.60881705110627,2.14));
#1060=CARTESIAN_POINT('Ctrl Pts',(-11.8245928753582,8.40613767759378,2.14));
#1061=CARTESIAN_POINT('Ctrl Pts',(-11.9656517946448,8.20030860555503,2.14));
#1062=CARTESIAN_POINT('Ctrl Pts',(-12.1071314968971,7.99386553925218,2.14));
#1063=CARTESIAN_POINT('Ctrl Pts',(-12.2429254579306,7.7842543888006,2.14));
#1064=CARTESIAN_POINT('Ctrl Pts',(-12.3728538243304,7.57194640358601,2.14));
#1065=CARTESIAN_POINT('Ctrl Pts',(-12.5032652742058,7.35884904125353,2.14));
#1066=CARTESIAN_POINT('Ctrl Pts',(-12.6277673641266,7.1430351998013,2.14));
#1067=CARTESIAN_POINT('Ctrl Pts',(-12.7462298505881,6.92499160237781,2.14));
#1068=CARTESIAN_POINT('Ctrl Pts',(-12.8652195984778,6.70597752069364,2.14));
#1069=CARTESIAN_POINT('Ctrl Pts',(-12.978115856726,6.4847142411824,2.14));
#1070=CARTESIAN_POINT('Ctrl Pts',(-13.084839163842,6.26169850387357,2.14));
#1071=CARTESIAN_POINT('Ctrl Pts',(-13.1921153990624,6.03752733320917,2.14));
#1072=CARTESIAN_POINT('Ctrl Pts',(-13.2931546132928,5.81158594473732,2.14));
#1073=CARTESIAN_POINT('Ctrl Pts',(-13.3879286489628,5.58437557720704,2.14));
#1074=CARTESIAN_POINT('Ctrl Pts',(-13.4849330192456,5.35181822678747,2.14));
#1075=CARTESIAN_POINT('Ctrl Pts',(-13.5753738337536,5.11793195704418,2.14));
#1076=CARTESIAN_POINT('Ctrl Pts',(-13.659275808711,4.88324364317292,2.14));
#1077=CARTESIAN_POINT('Ctrl Pts',(-13.7425935730931,4.65018946717433,2.14));
#1078=CARTESIAN_POINT('Ctrl Pts',(-13.8194635437379,4.41634476359067,2.14));
#1079=CARTESIAN_POINT('Ctrl Pts',(-13.8899609443935,4.18220863423256,2.14));
#1080=CARTESIAN_POINT('Ctrl Pts',(-13.960958005414,3.94641303172018,2.14));
#1081=CARTESIAN_POINT('Ctrl Pts',(-14.0254920826381,3.71032224065045,2.14));
#1082=CARTESIAN_POINT('Ctrl Pts',(-14.0836880294474,3.47442305803803,2.14));
#1083=CARTESIAN_POINT('Ctrl Pts',(-14.1423334307541,3.23670199685226,2.14));
#1084=CARTESIAN_POINT('Ctrl Pts',(-14.1945427114098,2.99917585826496,2.14));
#1085=CARTESIAN_POINT('Ctrl Pts',(-14.2404882396353,2.76231402882331,2.14));
#1086=CARTESIAN_POINT('Ctrl Pts',(-14.2870629655211,2.52220851246268,2.14));
#1087=CARTESIAN_POINT('Ctrl Pts',(-14.3272015075923,2.28278595722537,2.14));
#1088=CARTESIAN_POINT('Ctrl Pts',(-14.3611246496038,2.04450064699655,2.14));
#1089=CARTESIAN_POINT('Ctrl Pts',(-14.3953126990457,1.8043545554396,2.14));
#1090=CARTESIAN_POINT('Ctrl Pts',(-14.4231882763709,1.56536378351438,2.14));
#1091=CARTESIAN_POINT('Ctrl Pts',(-14.4450137466759,1.32795404866638,2.14));
#1092=CARTESIAN_POINT('Ctrl Pts',(-14.4671471909063,1.08719428255067,2.14));
#1093=CARTESIAN_POINT('Ctrl Pts',(-14.483058961803,0.848060717827496,2.14));
#1094=CARTESIAN_POINT('Ctrl Pts',(-14.4930541989901,0.610953420614587,2.14));
#1095=CARTESIAN_POINT('Ctrl Pts',(-14.5017063284179,0.40570736338339,2.14));
#1096=CARTESIAN_POINT('Ctrl Pts',(-14.5059258269518,0.201978925732927,2.14));
#1097=CARTESIAN_POINT('Ctrl Pts',(-14.5059258269518,2.91433543964106E-15,
2.14));
#1098=CARTESIAN_POINT('Origin',(-12.77,0.,2.14));
#1099=CARTESIAN_POINT('',(12.92,-1.58224366449838E-15,2.14));
#1100=CARTESIAN_POINT('Origin',(0.,0.,2.14));
#1101=CARTESIAN_POINT('Origin',(0.,0.,1.61));
#1102=CARTESIAN_POINT('',(12.92,1.58224366449838E-15,0.867867965644033));
#1103=CARTESIAN_POINT('Origin',(0.,0.,0.867867965644033));
#1104=CARTESIAN_POINT('',(12.92,-1.58224366449838E-15,1.61));
#1105=CARTESIAN_POINT('Origin',(0.,0.,0.798933982822019));
#1106=CARTESIAN_POINT('',(-12.7906143200545,-3.1327969772366E-15,0.738482285698505));
#1107=CARTESIAN_POINT('',(12.7906143200545,-1.5663984886183E-15,0.738482285698499));
#1108=CARTESIAN_POINT('Ctrl Pts',(-12.7906143200545,0.,0.738482285698504));
#1109=CARTESIAN_POINT('Ctrl Pts',(-12.7906143200545,0.2123577620511,0.738482285698504));
#1110=CARTESIAN_POINT('Ctrl Pts',(-12.7853239567118,0.426909944959514,0.738482285698504));
#1111=CARTESIAN_POINT('Ctrl Pts',(-12.7744264769831,0.64330620122542,0.738482285698504));
#1112=CARTESIAN_POINT('Ctrl Pts',(-12.7636564860137,0.857170854690647,0.738482285698504));
#1113=CARTESIAN_POINT('Ctrl Pts',(-12.7474094035585,1.07283653155646,0.738482285698505));
#1114=CARTESIAN_POINT('Ctrl Pts',(-12.7254044170084,1.28992135727977,0.738482285698505));
#1115=CARTESIAN_POINT('Ctrl Pts',(-12.7036388606605,1.50464414276149,0.738482285698505));
#1116=CARTESIAN_POINT('Ctrl Pts',(-12.6762396386563,1.72075515204244,0.738482285698504));
#1117=CARTESIAN_POINT('Ctrl Pts',(-12.6429653630686,1.9378445532678,0.738482285698504));
#1118=CARTESIAN_POINT('Ctrl Pts',(-12.6100256932543,2.15275090570486,0.738482285698504));
#1119=CARTESIAN_POINT('Ctrl Pts',(-12.5713281843498,2.36861580884406,0.738482285698505));
#1120=CARTESIAN_POINT('Ctrl Pts',(-12.5266739951047,2.58500547480081,0.738482285698505));
#1121=CARTESIAN_POINT('Ctrl Pts',(-12.4824317471024,2.79939891533253,0.738482285698505));
#1122=CARTESIAN_POINT('Ctrl Pts',(-12.4323419013813,3.01430717019175,0.738482285698504));
#1123=CARTESIAN_POINT('Ctrl Pts',(-12.3762508642327,3.22927688963973,0.738482285698504));
#1124=CARTESIAN_POINT('Ctrl Pts',(-12.3206303541692,3.44244330715933,0.738482285698504));
#1125=CARTESIAN_POINT('Ctrl Pts',(-12.2591086455839,3.65566980819354,0.738482285698504));
#1126=CARTESIAN_POINT('Ctrl Pts',(-12.1915796174972,3.86848822081815,0.738482285698504));
#1127=CARTESIAN_POINT('Ctrl Pts',(-12.1245602264895,4.07970050705192,0.738482285698504));
#1128=CARTESIAN_POINT('Ctrl Pts',(-12.0516236299481,4.29051045038579,0.738482285698504));
#1129=CARTESIAN_POINT('Ctrl Pts',(-11.9727128803243,4.50044008622473,0.738482285698504));
#1130=CARTESIAN_POINT('Ctrl Pts',(-11.8943308753479,4.70896308010689,0.738482285698504));
#1131=CARTESIAN_POINT('Ctrl Pts',(-11.8100543477798,4.91661710384116,0.738482285698505));
#1132=CARTESIAN_POINT('Ctrl Pts',(-11.7198766580004,5.12291965637172,0.738482285698505));
#1133=CARTESIAN_POINT('Ctrl Pts',(-11.6302265047088,5.32801534582715,0.738482285698505));
#1134=CARTESIAN_POINT('Ctrl Pts',(-11.5347439294837,5.531774888637,0.738482285698504));
#1135=CARTESIAN_POINT('Ctrl Pts',(-11.4334731355475,5.73371666051753,0.738482285698504));
#1136=CARTESIAN_POINT('Ctrl Pts',(-11.3327082646941,5.93464958276008,0.738482285698504));
#1137=CARTESIAN_POINT('Ctrl Pts',(-11.2262128260366,6.13378239739291,0.738482285698504));
#1138=CARTESIAN_POINT('Ctrl Pts',(-11.1140817770283,6.33063985217206,0.738482285698504));
#1139=CARTESIAN_POINT('Ctrl Pts',(-11.0024147737565,6.52668262749011,0.738482285698504));
#1140=CARTESIAN_POINT('Ctrl Pts',(-10.8851587361786,6.7204683803355,0.738482285698504));
#1141=CARTESIAN_POINT('Ctrl Pts',(-10.7624586502578,6.91153372891091,0.738482285698504));
#1142=CARTESIAN_POINT('Ctrl Pts',(-10.6401608441952,7.1019726578654,0.738482285698504));
#1143=CARTESIAN_POINT('Ctrl Pts',(-10.5124547212967,7.28970854156573,0.738482285698504));
#1144=CARTESIAN_POINT('Ctrl Pts',(-10.3795339306508,7.47429528897885,0.738482285698504));
#1145=CARTESIAN_POINT('Ctrl Pts',(-10.2469343743008,7.6584359391822,0.738482285698504));
#1146=CARTESIAN_POINT('Ctrl Pts',(-10.1091454813626,7.83944222245898,0.738482285698504));
#1147=CARTESIAN_POINT('Ctrl Pts',(-9.9664075679,8.01689059890979,0.738482285698504));
#1148=CARTESIAN_POINT('Ctrl Pts',(-9.82389140105009,8.19406330524984,0.738482285698504));
#1149=CARTESIAN_POINT('Ctrl Pts',(-9.67644179643434,8.36768874287774,0.738482285698504));
#1150=CARTESIAN_POINT('Ctrl Pts',(-9.5243431306547,8.53737094273952,0.738482285698504));
#1151=CARTESIAN_POINT('Ctrl Pts',(-9.37234933918122,8.70693614418525,0.738482285698504));
#1152=CARTESIAN_POINT('Ctrl Pts',(-9.215713170392,8.8725631704486,0.738482285698505));
#1153=CARTESIAN_POINT('Ctrl Pts',(-9.05475987658805,9.03388832462045,0.738482285698505));
#1154=CARTESIAN_POINT('Ctrl Pts',(-8.89377846485212,9.19524166168688,0.738482285698505));
#1155=CARTESIAN_POINT('Ctrl Pts',(-8.72847874591493,9.35229129275853,0.738482285698504));
#1156=CARTESIAN_POINT('Ctrl Pts',(-8.5592231273413,9.5047101029315,0.738482285698504));
#1157=CARTESIAN_POINT('Ctrl Pts',(-8.38979173405975,9.65728720251351,0.738482285698504));
#1158=CARTESIAN_POINT('Ctrl Pts',(-8.21639659135203,9.80522357699238,0.738482285698505));
#1159=CARTESIAN_POINT('Ctrl Pts',(-8.03943305896002,9.94823254527573,0.738482285698505));
#1160=CARTESIAN_POINT('Ctrl Pts',(-7.86213305669934,10.0915134238681,0.738482285698505));
#1161=CARTESIAN_POINT('Ctrl Pts',(-7.68125149021815,10.2298479161435,0.738482285698504));
#1162=CARTESIAN_POINT('Ctrl Pts',(-7.49721204771148,10.3629931099095,0.738482285698504));
#1163=CARTESIAN_POINT('Ctrl Pts',(-7.31266417571321,10.4965061321272,0.738482285698504));
#1164=CARTESIAN_POINT('Ctrl Pts',(-7.12494139172226,10.624800980184,0.738482285698504));
#1165=CARTESIAN_POINT('Ctrl Pts',(-6.93449073778892,10.7476812797878,0.738482285698504));
#1166=CARTESIAN_POINT('Ctrl Pts',(-6.74335032640687,10.8710066164666,0.738482285698504));
#1167=CARTESIAN_POINT('Ctrl Pts',(-6.54946270519782,10.9888780140479,0.738482285698504));
#1168=CARTESIAN_POINT('Ctrl Pts',(-6.35329302057245,11.1011478000758,0.738482285698504));
#1169=CARTESIAN_POINT('Ctrl Pts',(-6.156244872958,11.213920338871,0.738482285698504));
#1170=CARTESIAN_POINT('Ctrl Pts',(-5.95689464188515,11.3210409513455,0.738482285698504));
#1171=CARTESIAN_POINT('Ctrl Pts',(-5.75572013422288,11.4224121979941,0.738482285698504));
#1172=CARTESIAN_POINT('Ctrl Pts',(-5.55347313681302,11.524323869093,0.738482285698504));
#1173=CARTESIAN_POINT('Ctrl Pts',(-5.34938282362277,11.6204247426966,0.738482285698505));
#1174=CARTESIAN_POINT('Ctrl Pts',(-5.14393410686093,11.7106684945248,0.738482285698505));
#1175=CARTESIAN_POINT('Ctrl Pts',(-4.93721564455022,11.8014699845759,0.738482285698505));
#1176=CARTESIAN_POINT('Ctrl Pts',(-4.72912238920804,11.8863418296169,0.738482285698504));
#1177=CARTESIAN_POINT('Ctrl Pts',(-4.52014077607499,11.9652890499497,0.738482285698504));
#1178=CARTESIAN_POINT('Ctrl Pts',(-4.30969103059018,12.0447908883014,0.738482285698504));
#1179=CARTESIAN_POINT('Ctrl Pts',(-4.09834083524745,12.1182847281367,0.738482285698504));
#1180=CARTESIAN_POINT('Ctrl Pts',(-3.88657262182648,12.1858265185276,0.738482285698504));
#1181=CARTESIAN_POINT('Ctrl Pts',(-3.67313883268566,12.253899531071,0.738482285698504));
#1182=CARTESIAN_POINT('Ctrl Pts',(-3.45928082907986,12.3159267198869,0.738482285698504));
#1183=CARTESIAN_POINT('Ctrl Pts',(-3.24547164884134,12.3720139209811,0.738482285698504));
#1184=CARTESIAN_POINT('Ctrl Pts',(-3.029802415423,12.4285890579844,0.738482285698504));
#1185=CARTESIAN_POINT('Ctrl Pts',(-2.81418322696301,12.4791206813204,0.738482285698505));
#1186=CARTESIAN_POINT('Ctrl Pts',(-2.59907254857032,12.5237628758952,0.738482285698505));
#1187=CARTESIAN_POINT('Ctrl Pts',(-2.37300972180764,12.5706779838474,0.738482285698505));
#1188=CARTESIAN_POINT('Ctrl Pts',(-2.14750912206933,12.6110887481111,0.738482285698504));
#1189=CARTESIAN_POINT('Ctrl Pts',(-1.92306516330288,12.6452218273178,0.738482285698504));
#1190=CARTESIAN_POINT('Ctrl Pts',(-1.70384856375314,12.6785599380736,0.738482285698504));
#1191=CARTESIAN_POINT('Ctrl Pts',(-1.48564002877312,12.7059099921865,0.738482285698505));
#1192=CARTESIAN_POINT('Ctrl Pts',(-1.26886070145736,12.7275216442432,0.738482285698505));
#1193=CARTESIAN_POINT('Ctrl Pts',(-1.04961309972637,12.749379369062,0.738482285698505));
#1194=CARTESIAN_POINT('Ctrl Pts',(-0.831827662935981,12.7653676795235,0.738482285698505));
#1195=CARTESIAN_POINT('Ctrl Pts',(-0.615896633805101,12.7757773157194,0.738482285698505));
#1196=CARTESIAN_POINT('Ctrl Pts',(-0.417556191483394,12.7853389422063,0.738482285698505));
#1197=CARTESIAN_POINT('Ctrl Pts',(-0.220779883597436,12.7901944241942,0.738482285698504));
#1198=CARTESIAN_POINT('Ctrl Pts',(-0.0258380301380763,12.7905882226183,
0.738482285698504));
#1199=CARTESIAN_POINT('Ctrl Pts',(-0.00965119090587168,12.7906209213521,
0.738482285698504));
#1200=CARTESIAN_POINT('Ctrl Pts',(0.00651592447173754,12.790622900737,0.738482285698504));
#1201=CARTESIAN_POINT('Ctrl Pts',(0.0227011313720449,12.7905941747448,0.738482285698504));
#1202=CARTESIAN_POINT('Ctrl Pts',(0.235124377246122,12.7902171595769,0.738482285698504));
#1203=CARTESIAN_POINT('Ctrl Pts',(0.449728499062986,12.7845426128378,0.738482285698504));
#1204=CARTESIAN_POINT('Ctrl Pts',(0.66616197016221,12.7732549850808,0.738482285698504));
#1205=CARTESIAN_POINT('Ctrl Pts',(0.880105701632176,12.7620972044034,0.738482285698504));
#1206=CARTESIAN_POINT('Ctrl Pts',(1.09583678080719,12.745454337498,0.738482285698504));
#1207=CARTESIAN_POINT('Ctrl Pts',(1.31297207454207,12.7230467662371,0.738482285698504));
#1208=CARTESIAN_POINT('Ctrl Pts',(1.5277815332364,12.7008792126789,0.738482285698504));
#1209=CARTESIAN_POINT('Ctrl Pts',(1.74396507365666,12.6730694095428,0.738482285698504));
#1210=CARTESIAN_POINT('Ctrl Pts',(1.96111154127729,12.6393772080372,0.738482285698504));
#1211=CARTESIAN_POINT('Ctrl Pts',(2.1761054260027,12.6060189988708,0.738482285698504));
#1212=CARTESIAN_POINT('Ctrl Pts',(2.39204297705486,12.566894087701,0.738482285698504));
#1213=CARTESIAN_POINT('Ctrl Pts',(2.60848904919157,12.5218049643264,0.738482285698504));
#1214=CARTESIAN_POINT('Ctrl Pts',(2.82296358894399,12.4771265421766,0.738482285698504));
#1215=CARTESIAN_POINT('Ctrl Pts',(3.03793711498889,12.4265917520916,0.738482285698504));
#1216=CARTESIAN_POINT('Ctrl Pts',(3.25295492731463,12.3700484609092,0.738482285698504));
#1217=CARTESIAN_POINT('Ctrl Pts',(3.4661883712417,12.3139744055583,0.738482285698504));
#1218=CARTESIAN_POINT('Ctrl Pts',(3.67946501305458,12.2519908929745,0.738482285698504));
#1219=CARTESIAN_POINT('Ctrl Pts',(3.89231538948126,12.1839934173156,0.738482285698504));
#1220=CARTESIAN_POINT('Ctrl Pts',(4.10357287273082,12.1165048095143,0.738482285698504));
#1221=CARTESIAN_POINT('Ctrl Pts',(4.31441005353658,12.0430916978626,0.738482285698504));
#1222=CARTESIAN_POINT('Ctrl Pts',(4.52434779384074,11.9636989148319,0.738482285698504));
#1223=CARTESIAN_POINT('Ctrl Pts',(4.73288652908659,11.8848351977277,0.738482285698504));
#1224=CARTESIAN_POINT('Ctrl Pts',(4.94053734897875,11.800071079883,0.738482285698504));
#1225=CARTESIAN_POINT('Ctrl Pts',(5.14681675949399,11.70940186041,0.738482285698504));
#1226=CARTESIAN_POINT('Ctrl Pts',(5.35189149537188,11.6192621504447,0.738482285698504));
#1227=CARTESIAN_POINT('Ctrl Pts',(5.55561034983579,11.5232860104948,0.738482285698504));
#1228=CARTESIAN_POINT('Ctrl Pts',(5.75749094854563,11.4215197176995,0.738482285698504));
#1229=CARTESIAN_POINT('Ctrl Pts',(5.958359628511,11.3202635245368,0.738482285698504));
#1230=CARTESIAN_POINT('Ctrl Pts',(6.15740797972739,11.2132750441703,0.738482285698504));
#1231=CARTESIAN_POINT('Ctrl Pts',(6.35416030097548,11.1006514022326,0.738482285698504));
#1232=CARTESIAN_POINT('Ctrl Pts',(6.5500898495181,10.9884987263197,0.738482285698504));
#1233=CARTESIAN_POINT('Ctrl Pts',(6.74374207339765,10.8707579509959,0.738482285698504));
#1234=CARTESIAN_POINT('Ctrl Pts',(6.93465349278061,10.7475762672078,0.738482285698504));
#1235=CARTESIAN_POINT('Ctrl Pts',(7.12492565071085,10.624807053781,0.738482285698504));
#1236=CARTESIAN_POINT('Ctrl Pts',(7.31247487840006,10.4966334047493,0.738482285698504));
#1237=CARTESIAN_POINT('Ctrl Pts',(7.49685537538447,10.3632511387571,0.738482285698504));
#1238=CARTESIAN_POINT('Ctrl Pts',(7.68077250231699,10.2302040782152,0.738482285698504));
#1239=CARTESIAN_POINT('Ctrl Pts',(7.86153637246598,10.0919747080884,0.738482285698504));
#1240=CARTESIAN_POINT('Ctrl Pts',(8.03872414708851,9.94880539418671,0.738482285698504));
#1241=CARTESIAN_POINT('Ctrl Pts',(8.21561490738047,9.80587607053276,0.738482285698504));
#1242=CARTESIAN_POINT('Ctrl Pts',(8.3889411448344,9.65802357222551,0.738482285698505));
#1243=CARTESIAN_POINT('Ctrl Pts',(8.55830800552175,9.50553411266325,0.738482285698505));
#1244=CARTESIAN_POINT('Ctrl Pts',(8.73262059983599,9.34859176163898,0.738482285698505));
#1245=CARTESIAN_POINT('Ctrl Pts',(8.90273862095732,9.18673777141749,0.738482285698504));
#1246=CARTESIAN_POINT('Ctrl Pts',(9.06826679936702,9.02032992411477,0.738482285698504));
#1247=CARTESIAN_POINT('Ctrl Pts',(9.22907927152277,8.85866284381479,0.738482285698504));
#1248=CARTESIAN_POINT('Ctrl Pts',(9.38555953677546,8.69269820715108,0.738482285698505));
#1249=CARTESIAN_POINT('Ctrl Pts',(9.53738284731986,8.52280136504608,0.738482285698505));
#1250=CARTESIAN_POINT('Ctrl Pts',(9.68938478954445,8.35270462637544,0.738482285698505));
#1251=CARTESIAN_POINT('Ctrl Pts',(9.83671853390062,8.17866679812842,0.738482285698504));
#1252=CARTESIAN_POINT('Ctrl Pts',(9.9791000264965,8.00108601038383,0.738482285698504));
#1253=CARTESIAN_POINT('Ctrl Pts',(10.1217610240582,7.82315661896113,0.738482285698504));
#1254=CARTESIAN_POINT('Ctrl Pts',(10.2594500864019,7.6416707554447,0.738482285698504));
#1255=CARTESIAN_POINT('Ctrl Pts',(10.3919272336027,7.45705458313724,0.738482285698504));
#1256=CARTESIAN_POINT('Ctrl Pts',(10.5247684801204,7.27193101296059,0.738482285698504));
#1257=CARTESIAN_POINT('Ctrl Pts',(10.6523689641772,7.0836603426899,0.738482285698504));
#1258=CARTESIAN_POINT('Ctrl Pts',(10.77453555476,6.89269165592041,0.738482285698504));
#1259=CARTESIAN_POINT('Ctrl Pts',(10.8971336368164,6.7010484691941,0.738482285698504));
#1260=CARTESIAN_POINT('Ctrl Pts',(11.0142592788549,6.50668863058564,0.738482285698505));
#1261=CARTESIAN_POINT('Ctrl Pts',(11.1257683264413,6.31007874996328,0.738482285698505));
#1262=CARTESIAN_POINT('Ctrl Pts',(11.2377583484561,6.11262082761681,0.738482285698505));
#1263=CARTESIAN_POINT('Ctrl Pts',(11.3440831924605,5.91289387604193,0.738482285698505));
#1264=CARTESIAN_POINT('Ctrl Pts',(11.4446491323787,5.71137644715572,0.738482285698505));
#1265=CARTESIAN_POINT('Ctrl Pts',(11.5457271384019,5.50883292290403,0.738482285698505));
#1266=CARTESIAN_POINT('Ctrl Pts',(11.6409874846731,5.30448110395369,0.738482285698504));
#1267=CARTESIAN_POINT('Ctrl Pts',(11.7303876348634,5.09880580334524,0.738482285698504));
#1268=CARTESIAN_POINT('Ctrl Pts',(11.8223724451643,4.8871841956658,0.738482285698504));
#1269=CARTESIAN_POINT('Ctrl Pts',(11.9081532179597,4.67416199316572,0.738482285698505));
#1270=CARTESIAN_POINT('Ctrl Pts',(11.9877399111484,4.46025856952746,0.738482285698505));
#1271=CARTESIAN_POINT('Ctrl Pts',(12.0663646777278,4.24894049510722,0.738482285698505));
#1272=CARTESIAN_POINT('Ctrl Pts',(12.1389445313762,4.0367627731984,0.738482285698504));
#1273=CARTESIAN_POINT('Ctrl Pts',(12.2055407640995,3.82421094348716,0.738482285698504));
#1274=CARTESIAN_POINT('Ctrl Pts',(12.2726137488965,3.6101374882812,0.738482285698504));
#1275=CARTESIAN_POINT('Ctrl Pts',(12.3336173694767,3.39568495275051,0.738482285698505));
#1276=CARTESIAN_POINT('Ctrl Pts',(12.3886629048169,3.18132772835421,0.738482285698505));
#1277=CARTESIAN_POINT('Ctrl Pts',(12.4441398077184,2.96529068101568,0.738482285698505));
#1278=CARTESIAN_POINT('Ctrl Pts',(12.4935651660595,2.74935080658873,0.738482285698504));
#1279=CARTESIAN_POINT('Ctrl Pts',(12.5370981855872,2.53396601581963,0.738482285698504));
#1280=CARTESIAN_POINT('Ctrl Pts',(12.5812420155787,2.31555916764723,0.738482285698504));
#1281=CARTESIAN_POINT('Ctrl Pts',(12.6193272992633,2.09772343976198,0.738482285698504));
#1282=CARTESIAN_POINT('Ctrl Pts',(12.6515619898444,1.88090241679511,0.738482285698504));
#1283=CARTESIAN_POINT('Ctrl Pts',(12.6840540948243,1.66234994077994,0.738482285698504));
#1284=CARTESIAN_POINT('Ctrl Pts',(12.7106021802519,1.4448286991033,0.738482285698504));
#1285=CARTESIAN_POINT('Ctrl Pts',(12.7314562301521,1.22875422445035,0.738482285698504));
#1286=CARTESIAN_POINT('Ctrl Pts',(12.7526147544639,1.00952500772744,0.738482285698504));
#1287=CARTESIAN_POINT('Ctrl Pts',(12.767912151868,0.79178535651102,0.738482285698505));
#1288=CARTESIAN_POINT('Ctrl Pts',(12.777641580336,0.57592562788114,0.738482285698505));
#1289=CARTESIAN_POINT('Ctrl Pts',(12.7863663386638,0.382355782417741,0.738482285698505));
#1290=CARTESIAN_POINT('Ctrl Pts',(12.7906143200545,0.190297108450745,0.738482285698504));
#1291=CARTESIAN_POINT('Ctrl Pts',(12.7906143200545,0.,0.738482285698504));
#1292=CARTESIAN_POINT('Ctrl Pts',(12.7906143200545,0.,0.738482285698504));
#1293=CARTESIAN_POINT('Ctrl Pts',(12.7906143200545,-0.212357762051005,0.738482285698504));
#1294=CARTESIAN_POINT('Ctrl Pts',(12.7853239567118,-0.426909944959319,0.738482285698504));
#1295=CARTESIAN_POINT('Ctrl Pts',(12.7744264769831,-0.643306201225127,0.738482285698504));
#1296=CARTESIAN_POINT('Ctrl Pts',(12.7636564860137,-0.857170854690338,0.738482285698504));
#1297=CARTESIAN_POINT('Ctrl Pts',(12.7474094035586,-1.07283653155613,0.738482285698504));
#1298=CARTESIAN_POINT('Ctrl Pts',(12.7254044170084,-1.28992135727943,0.738482285698504));
#1299=CARTESIAN_POINT('Ctrl Pts',(12.7036388606606,-1.50464414276093,0.738482285698504));
#1300=CARTESIAN_POINT('Ctrl Pts',(12.6762396386564,-1.72075515204166,0.738482285698505));
#1301=CARTESIAN_POINT('Ctrl Pts',(12.6429653630688,-1.93784455326679,0.738482285698505));
#1302=CARTESIAN_POINT('Ctrl Pts',(12.6100256932545,-2.15275090570397,0.738482285698505));
#1303=CARTESIAN_POINT('Ctrl Pts',(12.5713281843499,-2.36861580884329,0.738482285698504));
#1304=CARTESIAN_POINT('Ctrl Pts',(12.5266739951048,-2.58500547480015,0.738482285698504));
#1305=CARTESIAN_POINT('Ctrl Pts',(12.4824317471025,-2.79939891533193,0.738482285698504));
#1306=CARTESIAN_POINT('Ctrl Pts',(12.4323419013814,-3.0143071701912,0.738482285698504));
#1307=CARTESIAN_POINT('Ctrl Pts',(12.3762508642329,-3.22927688963924,0.738482285698504));
#1308=CARTESIAN_POINT('Ctrl Pts',(12.3206303541693,-3.44244330715882,0.738482285698504));
#1309=CARTESIAN_POINT('Ctrl Pts',(12.2591086455841,-3.655669808193,0.738482285698504));
#1310=CARTESIAN_POINT('Ctrl Pts',(12.1915796174974,-3.86848822081759,0.738482285698504));
#1311=CARTESIAN_POINT('Ctrl Pts',(12.1245602264896,-4.07970050705143,0.738482285698504));
#1312=CARTESIAN_POINT('Ctrl Pts',(12.0516236299482,-4.29051045038538,0.738482285698504));
#1313=CARTESIAN_POINT('Ctrl Pts',(11.9727128803244,-4.50044008622441,0.738482285698504));
#1314=CARTESIAN_POINT('Ctrl Pts',(11.894330875348,-4.70896308010653,0.738482285698504));
#1315=CARTESIAN_POINT('Ctrl Pts',(11.81005434778,-4.91661710384076,0.738482285698505));
#1316=CARTESIAN_POINT('Ctrl Pts',(11.7198766580006,-5.12291965637129,0.738482285698505));
#1317=CARTESIAN_POINT('Ctrl Pts',(11.630226504709,-5.32801534582663,0.738482285698505));
#1318=CARTESIAN_POINT('Ctrl Pts',(11.534743929484,-5.53177488863641,0.738482285698505));
#1319=CARTESIAN_POINT('Ctrl Pts',(11.4334731355478,-5.73371666051685,0.738482285698505));
#1320=CARTESIAN_POINT('Ctrl Pts',(11.3327082646944,-5.93464958275966,0.738482285698505));
#1321=CARTESIAN_POINT('Ctrl Pts',(11.2262128260367,-6.13378239739274,0.738482285698505));
#1322=CARTESIAN_POINT('Ctrl Pts',(11.1140817770283,-6.33063985217213,0.738482285698505));
#1323=CARTESIAN_POINT('Ctrl Pts',(11.0024147737564,-6.52668262749035,0.738482285698505));
#1324=CARTESIAN_POINT('Ctrl Pts',(10.8851587361783,-6.72046838033591,0.738482285698505));
#1325=CARTESIAN_POINT('Ctrl Pts',(10.7624586502575,-6.91153372891147,0.738482285698505));
#1326=CARTESIAN_POINT('Ctrl Pts',(10.6401608441948,-7.1019726578659,0.738482285698505));
#1327=CARTESIAN_POINT('Ctrl Pts',(10.5124547212963,-7.28970854156619,0.738482285698505));
#1328=CARTESIAN_POINT('Ctrl Pts',(10.3795339306505,-7.47429528897926,0.738482285698505));
#1329=CARTESIAN_POINT('Ctrl Pts',(10.2469343743004,-7.65843593918264,0.738482285698505));
#1330=CARTESIAN_POINT('Ctrl Pts',(10.1091454813623,-7.83944222245945,0.738482285698504));
#1331=CARTESIAN_POINT('Ctrl Pts',(9.96640756789959,-8.01689059891029,0.738482285698504));
#1332=CARTESIAN_POINT('Ctrl Pts',(9.82389140104956,-8.19406330525048,0.738482285698504));
#1333=CARTESIAN_POINT('Ctrl Pts',(9.67644179643368,-8.36768874287852,0.738482285698504));
#1334=CARTESIAN_POINT('Ctrl Pts',(9.52434313065389,-8.53737094274042,0.738482285698504));
#1335=CARTESIAN_POINT('Ctrl Pts',(9.37234933918055,-8.70693614418597,0.738482285698504));
#1336=CARTESIAN_POINT('Ctrl Pts',(9.21571317039147,-8.87256317044914,0.738482285698505));
#1337=CARTESIAN_POINT('Ctrl Pts',(9.05475987658767,-9.03388832462083,0.738482285698505));
#1338=CARTESIAN_POINT('Ctrl Pts',(8.89377846485178,-9.19524166168721,0.738482285698505));
#1339=CARTESIAN_POINT('Ctrl Pts',(8.72847874591462,-9.35229129275882,0.738482285698504));
#1340=CARTESIAN_POINT('Ctrl Pts',(8.55922312734103,-9.50471010293175,0.738482285698504));
#1341=CARTESIAN_POINT('Ctrl Pts',(8.38979173405943,-9.65728720251379,0.738482285698504));
#1342=CARTESIAN_POINT('Ctrl Pts',(8.21639659135165,-9.8052235769927,0.738482285698505));
#1343=CARTESIAN_POINT('Ctrl Pts',(8.03943305895958,-9.94823254527608,0.738482285698505));
#1344=CARTESIAN_POINT('Ctrl Pts',(7.86213305669888,-10.0915134238684,0.738482285698505));
#1345=CARTESIAN_POINT('Ctrl Pts',(7.68125149021767,-10.2298479161438,0.738482285698505));
#1346=CARTESIAN_POINT('Ctrl Pts',(7.49721204771097,-10.3629931099099,0.738482285698505));
#1347=CARTESIAN_POINT('Ctrl Pts',(7.31266417571239,-10.4965061321278,0.738482285698505));
#1348=CARTESIAN_POINT('Ctrl Pts',(7.12494139172112,-10.6248009801848,0.738482285698504));
#1349=CARTESIAN_POINT('Ctrl Pts',(6.93449073778745,-10.7476812797888,0.738482285698504));
#1350=CARTESIAN_POINT('Ctrl Pts',(6.74335032640584,-10.8710066164672,0.738482285698504));
#1351=CARTESIAN_POINT('Ctrl Pts',(6.54946270519726,-10.9888780140483,0.738482285698505));
#1352=CARTESIAN_POINT('Ctrl Pts',(6.35329302057237,-11.1011478000758,0.738482285698505));
#1353=CARTESIAN_POINT('Ctrl Pts',(6.15624487295803,-11.213920338871,0.738482285698505));
#1354=CARTESIAN_POINT('Ctrl Pts',(5.95689464188529,-11.3210409513455,0.738482285698505));
#1355=CARTESIAN_POINT('Ctrl Pts',(5.75572013422313,-11.4224121979939,0.738482285698505));
#1356=CARTESIAN_POINT('Ctrl Pts',(5.55347313681279,-11.5243238690931,0.738482285698505));
#1357=CARTESIAN_POINT('Ctrl Pts',(5.34938282362204,-11.6204247426969,0.738482285698504));
#1358=CARTESIAN_POINT('Ctrl Pts',(5.1439341068597,-11.7106684945253,0.738482285698504));
#1359=CARTESIAN_POINT('Ctrl Pts',(4.93721564454839,-11.8014699845767,0.738482285698504));
#1360=CARTESIAN_POINT('Ctrl Pts',(4.72912238920559,-11.8863418296178,0.738482285698504));
#1361=CARTESIAN_POINT('Ctrl Pts',(4.52014077607193,-11.9652890499509,0.738482285698504));
#1362=CARTESIAN_POINT('Ctrl Pts',(4.30969103058711,-12.0447908883025,0.738482285698504));
#1363=CARTESIAN_POINT('Ctrl Pts',(4.09834083524436,-12.1182847281377,0.738482285698504));
#1364=CARTESIAN_POINT('Ctrl Pts',(3.88657262182338,-12.1858265185286,0.738482285698504));
#1365=CARTESIAN_POINT('Ctrl Pts',(3.67313883268186,-12.2538995310722,0.738482285698504));
#1366=CARTESIAN_POINT('Ctrl Pts',(3.45928082907538,-12.3159267198882,0.738482285698504));
#1367=CARTESIAN_POINT('Ctrl Pts',(3.24547164883617,-12.3720139209824,0.738482285698504));
#1368=CARTESIAN_POINT('Ctrl Pts',(3.02980241541721,-12.4285890579858,0.738482285698504));
#1369=CARTESIAN_POINT('Ctrl Pts',(2.81418322695662,-12.4791206813218,0.738482285698504));
#1370=CARTESIAN_POINT('Ctrl Pts',(2.59907254856333,-12.5237628758966,0.738482285698504));
#1371=CARTESIAN_POINT('Ctrl Pts',(2.37300972180073,-12.5706779838488,0.738482285698504));
#1372=CARTESIAN_POINT('Ctrl Pts',(2.14750912206251,-12.6110887481123,0.738482285698504));
#1373=CARTESIAN_POINT('Ctrl Pts',(1.92306516329614,-12.6452218273188,0.738482285698504));
#1374=CARTESIAN_POINT('Ctrl Pts',(1.70384856374632,-12.6785599380746,0.738482285698504));
#1375=CARTESIAN_POINT('Ctrl Pts',(1.48564002876624,-12.7059099921873,0.738482285698504));
#1376=CARTESIAN_POINT('Ctrl Pts',(1.2688607014504,-12.7275216442439,0.738482285698504));
#1377=CARTESIAN_POINT('Ctrl Pts',(1.0496130997195,-12.7493793690626,0.738482285698504));
#1378=CARTESIAN_POINT('Ctrl Pts',(0.83182766292921,-12.765367679524,0.738482285698504));
#1379=CARTESIAN_POINT('Ctrl Pts',(0.615896633798428,-12.7757773157197,0.738482285698504));
#1380=CARTESIAN_POINT('Ctrl Pts',(0.417556191476826,-12.7853389422065,0.738482285698504));
#1381=CARTESIAN_POINT('Ctrl Pts',(0.220779883590979,-12.7901944241943,0.738482285698505));
#1382=CARTESIAN_POINT('Ctrl Pts',(0.025838030131728,-12.7905882226183,0.738482285698505));
#1383=CARTESIAN_POINT('Ctrl Pts',(0.00965119089888322,-12.7906209213521,
0.738482285698505));
#1384=CARTESIAN_POINT('Ctrl Pts',(-0.00651592447937292,-12.790622900737,
0.738482285698505));
#1385=CARTESIAN_POINT('Ctrl Pts',(-0.0227011313803279,-12.7905941747448,
0.738482285698505));
#1386=CARTESIAN_POINT('Ctrl Pts',(-0.235124377254845,-12.7902171595767,
0.738482285698505));
#1387=CARTESIAN_POINT('Ctrl Pts',(-0.449728499072154,-12.7845426128375,
0.738482285698505));
#1388=CARTESIAN_POINT('Ctrl Pts',(-0.666161970171823,-12.7732549850803,
0.738482285698505));
#1389=CARTESIAN_POINT('Ctrl Pts',(-0.880105701641913,-12.7620972044028,
0.738482285698505));
#1390=CARTESIAN_POINT('Ctrl Pts',(-1.09583678081704,-12.7454543374972,0.738482285698505));
#1391=CARTESIAN_POINT('Ctrl Pts',(-1.31297207455204,-12.723046766236,0.738482285698505));
#1392=CARTESIAN_POINT('Ctrl Pts',(-1.52778153324642,-12.7008792126777,0.738482285698505));
#1393=CARTESIAN_POINT('Ctrl Pts',(-1.74396507366674,-12.6730694095415,0.738482285698504));
#1394=CARTESIAN_POINT('Ctrl Pts',(-1.96111154128741,-12.6393772080357,0.738482285698504));
#1395=CARTESIAN_POINT('Ctrl Pts',(-2.17610542601289,-12.6060189988691,0.738482285698504));
#1396=CARTESIAN_POINT('Ctrl Pts',(-2.39204297706511,-12.5668940876991,0.738482285698504));
#1397=CARTESIAN_POINT('Ctrl Pts',(-2.60848904920188,-12.5218049643243,0.738482285698504));
#1398=CARTESIAN_POINT('Ctrl Pts',(-2.82296358895441,-12.4771265421742,0.738482285698504));
#1399=CARTESIAN_POINT('Ctrl Pts',(-3.03793711499942,-12.426591752089,0.738482285698504));
#1400=CARTESIAN_POINT('Ctrl Pts',(-3.25295492732524,-12.3700484609064,0.738482285698504));
#1401=CARTESIAN_POINT('Ctrl Pts',(-3.46618837125255,-12.3139744055552,0.738482285698504));
#1402=CARTESIAN_POINT('Ctrl Pts',(-3.67946501306566,-12.2519908929712,0.738482285698505));
#1403=CARTESIAN_POINT('Ctrl Pts',(-3.89231538949256,-12.183993417312,0.738482285698505));
#1404=CARTESIAN_POINT('Ctrl Pts',(-4.10357287274246,-12.1165048095103,0.738482285698505));
#1405=CARTESIAN_POINT('Ctrl Pts',(-4.31441005354853,-12.0430916978583,0.738482285698504));
#1406=CARTESIAN_POINT('Ctrl Pts',(-4.52434779385299,-11.9636989148273,0.738482285698504));
#1407=CARTESIAN_POINT('Ctrl Pts',(-4.73288652909841,-11.884835197723,0.738482285698504));
#1408=CARTESIAN_POINT('Ctrl Pts',(-4.94053734899013,-11.8000710798782,0.738482285698504));
#1409=CARTESIAN_POINT('Ctrl Pts',(-5.14681675950492,-11.7094018604052,0.738482285698504));
#1410=CARTESIAN_POINT('Ctrl Pts',(-5.35189149538287,-11.6192621504396,0.738482285698504));
#1411=CARTESIAN_POINT('Ctrl Pts',(-5.55561034984683,-11.5232860104895,0.738482285698504));
#1412=CARTESIAN_POINT('Ctrl Pts',(-5.7574909485567,-11.4215197176939,0.738482285698504));
#1413=CARTESIAN_POINT('Ctrl Pts',(-5.95835962852271,-11.3202635245306,0.738482285698504));
#1414=CARTESIAN_POINT('Ctrl Pts',(-6.15740797973971,-11.2132750441635,0.738482285698505));
#1415=CARTESIAN_POINT('Ctrl Pts',(-6.35416030098839,-11.1006514022253,0.738482285698505));
#1416=CARTESIAN_POINT('Ctrl Pts',(-6.55008984953017,-10.9884987263125,0.738482285698505));
#1417=CARTESIAN_POINT('Ctrl Pts',(-6.74374207340888,-10.8707579509889,0.738482285698504));
#1418=CARTESIAN_POINT('Ctrl Pts',(-6.93465349279101,-10.7475762672011,0.738482285698504));
#1419=CARTESIAN_POINT('Ctrl Pts',(-7.12492565072068,-10.6248070537744,0.738482285698504));
#1420=CARTESIAN_POINT('Ctrl Pts',(-7.31247487840932,-10.4966334047429,0.738482285698504));
#1421=CARTESIAN_POINT('Ctrl Pts',(-7.49685537539318,-10.3632511387509,0.738482285698504));
#1422=CARTESIAN_POINT('Ctrl Pts',(-7.68077250232608,-10.2302040782084,0.738482285698504));
#1423=CARTESIAN_POINT('Ctrl Pts',(-7.86153637247542,-10.091974708081,0.738482285698505));
#1424=CARTESIAN_POINT('Ctrl Pts',(-8.03872414709828,-9.94880539417881,0.738482285698505));
#1425=CARTESIAN_POINT('Ctrl Pts',(-8.21561490738963,-9.80587607052508,0.738482285698505));
#1426=CARTESIAN_POINT('Ctrl Pts',(-8.38894114484295,-9.65802357221807,0.738482285698505));
#1427=CARTESIAN_POINT('Ctrl Pts',(-8.5583080055297,-9.50553411265609,0.738482285698505));
#1428=CARTESIAN_POINT('Ctrl Pts',(-8.73262059984365,-9.34859176163182,0.738482285698505));
#1429=CARTESIAN_POINT('Ctrl Pts',(-8.9027386209647,-9.18673777141034,0.738482285698504));
#1430=CARTESIAN_POINT('Ctrl Pts',(-9.06826679937411,-9.02032992410764,0.738482285698504));
#1431=CARTESIAN_POINT('Ctrl Pts',(-9.22907927152982,-8.85866284380745,0.738482285698504));
#1432=CARTESIAN_POINT('Ctrl Pts',(-9.38555953678246,-8.69269820714352,0.738482285698504));
#1433=CARTESIAN_POINT('Ctrl Pts',(-9.5373828473268,-8.52280136503831,0.738482285698504));
#1434=CARTESIAN_POINT('Ctrl Pts',(-9.68938478955126,-8.35270462636753,0.738482285698504));
#1435=CARTESIAN_POINT('Ctrl Pts',(-9.8367185339073,-8.17866679812039,0.738482285698504));
#1436=CARTESIAN_POINT('Ctrl Pts',(-9.97910002650305,-8.00108601037567,0.738482285698504));
#1437=CARTESIAN_POINT('Ctrl Pts',(-10.1217610240647,-7.82315661895273,0.738482285698504));
#1438=CARTESIAN_POINT('Ctrl Pts',(-10.2594500864083,-7.64167075543605,0.738482285698504));
#1439=CARTESIAN_POINT('Ctrl Pts',(-10.3919272336091,-7.45705458312836,0.738482285698504));
#1440=CARTESIAN_POINT('Ctrl Pts',(-10.5247684801266,-7.27193101295161,0.738482285698504));
#1441=CARTESIAN_POINT('Ctrl Pts',(-10.6523689641832,-7.08366034268085,0.738482285698505));
#1442=CARTESIAN_POINT('Ctrl Pts',(-10.7745355547659,-6.89269165591128,0.738482285698505));
#1443=CARTESIAN_POINT('Ctrl Pts',(-10.8971336368219,-6.70104846918514,0.738482285698505));
#1444=CARTESIAN_POINT('Ctrl Pts',(-11.0142592788601,-6.50668863057687,0.738482285698505));
#1445=CARTESIAN_POINT('Ctrl Pts',(-11.1257683264462,-6.3100787499547,0.738482285698505));
#1446=CARTESIAN_POINT('Ctrl Pts',(-11.2377583484606,-6.11262082760859,0.738482285698505));
#1447=CARTESIAN_POINT('Ctrl Pts',(-11.3440831924646,-5.91289387603408,0.738482285698504));
#1448=CARTESIAN_POINT('Ctrl Pts',(-11.4446491323825,-5.71137644714825,0.738482285698504));
#1449=CARTESIAN_POINT('Ctrl Pts',(-11.5457271384056,-5.50883292289628,0.738482285698504));
#1450=CARTESIAN_POINT('Ctrl Pts',(-11.6409874846767,-5.30448110394565,0.738482285698504));
#1451=CARTESIAN_POINT('Ctrl Pts',(-11.730387634867,-5.09880580333692,0.738482285698504));
#1452=CARTESIAN_POINT('Ctrl Pts',(-11.8223724451676,-4.88718419565779,0.738482285698504));
#1453=CARTESIAN_POINT('Ctrl Pts',(-11.9081532179627,-4.67416199315803,0.738482285698504));
#1454=CARTESIAN_POINT('Ctrl Pts',(-11.9877399111511,-4.4602585695201,0.738482285698504));
#1455=CARTESIAN_POINT('Ctrl Pts',(-12.0663646777304,-4.24894049509975,0.738482285698504));
#1456=CARTESIAN_POINT('Ctrl Pts',(-12.1389445313787,-4.03676277319084,0.738482285698505));
#1457=CARTESIAN_POINT('Ctrl Pts',(-12.2055407641019,-3.8242109434795,0.738482285698505));
#1458=CARTESIAN_POINT('Ctrl Pts',(-12.2726137488988,-3.61013748827331,0.738482285698505));
#1459=CARTESIAN_POINT('Ctrl Pts',(-12.333617369479,-3.3956849527424,0.738482285698504));
#1460=CARTESIAN_POINT('Ctrl Pts',(-12.3886629048191,-3.18132772834589,0.738482285698504));
#1461=CARTESIAN_POINT('Ctrl Pts',(-12.4441398077205,-2.96529068100706,0.738482285698504));
#1462=CARTESIAN_POINT('Ctrl Pts',(-12.4935651660615,-2.74935080657982,0.738482285698504));
#1463=CARTESIAN_POINT('Ctrl Pts',(-12.5370981855891,-2.53396601581044,0.738482285698504));
#1464=CARTESIAN_POINT('Ctrl Pts',(-12.5812420155804,-2.31555916763802,0.738482285698504));
#1465=CARTESIAN_POINT('Ctrl Pts',(-12.6193272992649,-2.09772343975275,0.738482285698504));
#1466=CARTESIAN_POINT('Ctrl Pts',(-12.6515619898458,-1.88090241678587,0.738482285698504));
#1467=CARTESIAN_POINT('Ctrl Pts',(-12.6840540948255,-1.66234994077093,0.738482285698504));
#1468=CARTESIAN_POINT('Ctrl Pts',(-12.7106021802529,-1.44482869909452,0.738482285698504));
#1469=CARTESIAN_POINT('Ctrl Pts',(-12.7314562301529,-1.22875422444181,0.738482285698504));
#1470=CARTESIAN_POINT('Ctrl Pts',(-12.7526147544646,-1.00952500771895,0.738482285698504));
#1471=CARTESIAN_POINT('Ctrl Pts',(-12.7679121518686,-0.791785356502585,
0.738482285698505));
#1472=CARTESIAN_POINT('Ctrl Pts',(-12.7776415803364,-0.575925627872763,
0.738482285698505));
#1473=CARTESIAN_POINT('Ctrl Pts',(-12.7863663386639,-0.382355782412196,
0.738482285698505));
#1474=CARTESIAN_POINT('Ctrl Pts',(-12.7906143200545,-0.190297108448003,
0.738482285698504));
#1475=CARTESIAN_POINT('Ctrl Pts',(-12.7906143200545,0.,0.738482285698504));
#1476=CARTESIAN_POINT('',(12.851066017178,-1.57380168635683E-15,0.798933982822019));
#1477=CARTESIAN_POINT('Ctrl Pts',(1.62630325872826E-18,0.,-0.15002380867938));
#1478=CARTESIAN_POINT('Ctrl Pts',(1.62630325872826E-18,-1.62630325872826E-18,
-0.15002380867938));
#1479=CARTESIAN_POINT('Ctrl Pts',(0.,-1.62630325872826E-18,-0.15002380867938));
#1480=CARTESIAN_POINT('Ctrl Pts',(-1.62630325872826E-18,-1.62630325872826E-18,
-0.15002380867938));
#1481=CARTESIAN_POINT('Ctrl Pts',(-1.62630325872826E-18,0.,-0.15002380867938));
#1482=CARTESIAN_POINT('Ctrl Pts',(-1.62630325872826E-18,1.62630325872826E-18,
-0.15002380867938));
#1483=CARTESIAN_POINT('Ctrl Pts',(0.,1.62630325872826E-18,-0.15002380867938));
#1484=CARTESIAN_POINT('Ctrl Pts',(1.62630325872826E-18,1.62630325872826E-18,
-0.15002380867938));
#1485=CARTESIAN_POINT('Ctrl Pts',(1.62630325872826E-18,0.,-0.15002380867938));
#1486=CARTESIAN_POINT('Ctrl Pts',(-0.955805119701881,0.,-0.132993457377238));
#1487=CARTESIAN_POINT('Ctrl Pts',(-0.955805119701881,0.955805119701881,
-0.132993457377238));
#1488=CARTESIAN_POINT('Ctrl Pts',(0.,0.955805119701881,-0.132993457377238));
#1489=CARTESIAN_POINT('Ctrl Pts',(0.955805119701881,0.955805119701881,-0.132993457377238));
#1490=CARTESIAN_POINT('Ctrl Pts',(0.955805119701881,0.,-0.132993457377238));
#1491=CARTESIAN_POINT('Ctrl Pts',(0.955805119701881,-0.955805119701881,
-0.132993457377238));
#1492=CARTESIAN_POINT('Ctrl Pts',(0.,-0.955805119701881,-0.132993457377238));
#1493=CARTESIAN_POINT('Ctrl Pts',(-0.955805119701881,-0.955805119701881,
-0.132993457377238));
#1494=CARTESIAN_POINT('Ctrl Pts',(-0.955805119701881,0.,-0.132993457377238));
#1495=CARTESIAN_POINT('Ctrl Pts',(-1.91105810361366,0.,-0.132573441243421));
#1496=CARTESIAN_POINT('Ctrl Pts',(-1.91105810361366,1.91105810361366,-0.132573441243421));
#1497=CARTESIAN_POINT('Ctrl Pts',(0.,1.91105810361366,-0.132573441243421));
#1498=CARTESIAN_POINT('Ctrl Pts',(1.91105810361366,1.91105810361366,-0.132573441243421));
#1499=CARTESIAN_POINT('Ctrl Pts',(1.91105810361366,0.,-0.132573441243421));
#1500=CARTESIAN_POINT('Ctrl Pts',(1.91105810361366,-1.91105810361366,-0.132573441243421));
#1501=CARTESIAN_POINT('Ctrl Pts',(0.,-1.91105810361366,-0.132573441243421));
#1502=CARTESIAN_POINT('Ctrl Pts',(-1.91105810361366,-1.91105810361366,-0.132573441243421));
#1503=CARTESIAN_POINT('Ctrl Pts',(-1.91105810361366,0.,-0.132573441243421));
#1504=CARTESIAN_POINT('Ctrl Pts',(-2.86741138984315,0.,-0.102618915869404));
#1505=CARTESIAN_POINT('Ctrl Pts',(-2.86741138984315,2.86741138984315,-0.102618915869404));
#1506=CARTESIAN_POINT('Ctrl Pts',(0.,2.86741138984315,-0.102618915869404));
#1507=CARTESIAN_POINT('Ctrl Pts',(2.86741138984315,2.86741138984315,-0.102618915869404));
#1508=CARTESIAN_POINT('Ctrl Pts',(2.86741138984315,0.,-0.102618915869404));
#1509=CARTESIAN_POINT('Ctrl Pts',(2.86741138984315,-2.86741138984315,-0.102618915869404));
#1510=CARTESIAN_POINT('Ctrl Pts',(0.,-2.86741138984315,-0.102618915869404));
#1511=CARTESIAN_POINT('Ctrl Pts',(-2.86741138984315,-2.86741138984315,-0.102618915869404));
#1512=CARTESIAN_POINT('Ctrl Pts',(-2.86741138984315,0.,-0.102618915869404));
#1513=CARTESIAN_POINT('Ctrl Pts',(-4.58587015254567,0.,-0.0487940194082616));
#1514=CARTESIAN_POINT('Ctrl Pts',(-4.58587015254567,4.58587015254567,-0.0487940194082616));
#1515=CARTESIAN_POINT('Ctrl Pts',(0.,4.58587015254567,-0.0487940194082616));
#1516=CARTESIAN_POINT('Ctrl Pts',(4.58587015254567,4.58587015254567,-0.0487940194082616));
#1517=CARTESIAN_POINT('Ctrl Pts',(4.58587015254567,0.,-0.0487940194082616));
#1518=CARTESIAN_POINT('Ctrl Pts',(4.58587015254567,-4.58587015254567,-0.0487940194082616));
#1519=CARTESIAN_POINT('Ctrl Pts',(0.,-4.58587015254567,-0.0487940194082616));
#1520=CARTESIAN_POINT('Ctrl Pts',(-4.58587015254567,-4.58587015254567,-0.0487940194082616));
#1521=CARTESIAN_POINT('Ctrl Pts',(-4.58587015254567,0.,-0.0487940194082616));
#1522=CARTESIAN_POINT('Ctrl Pts',(-6.2871827428565,0.,0.0482938288736396));
#1523=CARTESIAN_POINT('Ctrl Pts',(-6.2871827428565,6.2871827428565,0.0482938288736396));
#1524=CARTESIAN_POINT('Ctrl Pts',(0.,6.2871827428565,0.0482938288736396));
#1525=CARTESIAN_POINT('Ctrl Pts',(6.2871827428565,6.2871827428565,0.0482938288736396));
#1526=CARTESIAN_POINT('Ctrl Pts',(6.2871827428565,0.,0.0482938288736396));
#1527=CARTESIAN_POINT('Ctrl Pts',(6.2871827428565,-6.2871827428565,0.0482938288736396));
#1528=CARTESIAN_POINT('Ctrl Pts',(0.,-6.2871827428565,0.0482938288736396));
#1529=CARTESIAN_POINT('Ctrl Pts',(-6.2871827428565,-6.2871827428565,0.0482938288736396));
#1530=CARTESIAN_POINT('Ctrl Pts',(-6.2871827428565,0.,0.0482938288736396));
#1531=CARTESIAN_POINT('Ctrl Pts',(-8.00566762596308,0.,0.193071850736666));
#1532=CARTESIAN_POINT('Ctrl Pts',(-8.00566762596308,8.00566762596308,0.193071850736666));
#1533=CARTESIAN_POINT('Ctrl Pts',(0.,8.00566762596308,0.193071850736666));
#1534=CARTESIAN_POINT('Ctrl Pts',(8.00566762596308,8.00566762596308,0.193071850736666));
#1535=CARTESIAN_POINT('Ctrl Pts',(8.00566762596308,0.,0.193071850736666));
#1536=CARTESIAN_POINT('Ctrl Pts',(8.00566762596308,-8.00566762596308,0.193071850736666));
#1537=CARTESIAN_POINT('Ctrl Pts',(0.,-8.00566762596308,0.193071850736666));
#1538=CARTESIAN_POINT('Ctrl Pts',(-8.00566762596308,-8.00566762596308,0.193071850736666));
#1539=CARTESIAN_POINT('Ctrl Pts',(-8.00566762596308,0.,0.193071850736666));
#1540=CARTESIAN_POINT('Ctrl Pts',(-9.59445176296399,0.,0.326922911507435));
#1541=CARTESIAN_POINT('Ctrl Pts',(-9.59445176296399,9.59445176296399,0.326922911507435));
#1542=CARTESIAN_POINT('Ctrl Pts',(0.,9.59445176296399,0.326922911507435));
#1543=CARTESIAN_POINT('Ctrl Pts',(9.59445176296399,9.59445176296399,0.326922911507435));
#1544=CARTESIAN_POINT('Ctrl Pts',(9.59445176296399,0.,0.326922911507435));
#1545=CARTESIAN_POINT('Ctrl Pts',(9.59445176296399,-9.59445176296399,0.326922911507435));
#1546=CARTESIAN_POINT('Ctrl Pts',(0.,-9.59445176296399,0.326922911507435));
#1547=CARTESIAN_POINT('Ctrl Pts',(-9.59445176296399,-9.59445176296399,0.326922911507435));
#1548=CARTESIAN_POINT('Ctrl Pts',(-9.59445176296399,0.,0.326922911507435));
#1549=CARTESIAN_POINT('Ctrl Pts',(-11.1806267935848,0.,0.511169172635974));
#1550=CARTESIAN_POINT('Ctrl Pts',(-11.1806267935848,11.1806267935848,0.511169172635974));
#1551=CARTESIAN_POINT('Ctrl Pts',(0.,11.1806267935848,0.511169172635974));
#1552=CARTESIAN_POINT('Ctrl Pts',(11.1806267935848,11.1806267935848,0.511169172635974));
#1553=CARTESIAN_POINT('Ctrl Pts',(11.1806267935848,0.,0.511169172635974));
#1554=CARTESIAN_POINT('Ctrl Pts',(11.1806267935848,-11.1806267935848,0.511169172635974));
#1555=CARTESIAN_POINT('Ctrl Pts',(0.,-11.1806267935848,0.511169172635974));
#1556=CARTESIAN_POINT('Ctrl Pts',(-11.1806267935848,-11.1806267935848,0.511169172635974));
#1557=CARTESIAN_POINT('Ctrl Pts',(-11.1806267935848,0.,0.511169172635974));
#1558=CARTESIAN_POINT('Ctrl Pts',(-12.7409704190902,0.,0.731473094951851));
#1559=CARTESIAN_POINT('Ctrl Pts',(-12.7409704190902,12.7409704190902,0.731473094951851));
#1560=CARTESIAN_POINT('Ctrl Pts',(0.,12.7409704190902,0.731473094951851));
#1561=CARTESIAN_POINT('Ctrl Pts',(12.7409704190902,12.7409704190902,0.731473094951851));
#1562=CARTESIAN_POINT('Ctrl Pts',(12.7409704190902,0.,0.731473094951851));
#1563=CARTESIAN_POINT('Ctrl Pts',(12.7409704190902,-12.7409704190902,0.731473094951851));
#1564=CARTESIAN_POINT('Ctrl Pts',(0.,-12.7409704190902,0.731473094951851));
#1565=CARTESIAN_POINT('Ctrl Pts',(-12.7409704190902,-12.7409704190902,0.731473094951851));
#1566=CARTESIAN_POINT('Ctrl Pts',(-12.7409704190902,0.,0.731473094951851));
#1567=CARTESIAN_POINT('Ctrl Pts',(-12.7827509380679,0.,0.737372059805958));
#1568=CARTESIAN_POINT('Ctrl Pts',(-12.7827509380679,12.7827509380679,0.737372059805958));
#1569=CARTESIAN_POINT('Ctrl Pts',(0.,12.7827509380679,0.737372059805958));
#1570=CARTESIAN_POINT('Ctrl Pts',(12.7827509380679,12.7827509380679,0.737372059805958));
#1571=CARTESIAN_POINT('Ctrl Pts',(12.7827509380679,0.,0.737372059805958));
#1572=CARTESIAN_POINT('Ctrl Pts',(12.7827509380679,-12.7827509380679,0.737372059805958));
#1573=CARTESIAN_POINT('Ctrl Pts',(0.,-12.7827509380679,0.737372059805958));
#1574=CARTESIAN_POINT('Ctrl Pts',(-12.7827509380679,-12.7827509380679,0.737372059805958));
#1575=CARTESIAN_POINT('Ctrl Pts',(-12.7827509380679,0.,0.737372059805958));
#1576=CARTESIAN_POINT('Ctrl Pts',(-12.8245314570456,0.,0.743271024660066));
#1577=CARTESIAN_POINT('Ctrl Pts',(-12.8245314570456,12.8245314570456,0.743271024660066));
#1578=CARTESIAN_POINT('Ctrl Pts',(0.,12.8245314570456,0.743271024660066));
#1579=CARTESIAN_POINT('Ctrl Pts',(12.8245314570456,12.8245314570456,0.743271024660066));
#1580=CARTESIAN_POINT('Ctrl Pts',(12.8245314570456,0.,0.743271024660066));
#1581=CARTESIAN_POINT('Ctrl Pts',(12.8245314570456,-12.8245314570456,0.743271024660066));
#1582=CARTESIAN_POINT('Ctrl Pts',(0.,-12.8245314570456,0.743271024660066));
#1583=CARTESIAN_POINT('Ctrl Pts',(-12.8245314570456,-12.8245314570456,0.743271024660066));
#1584=CARTESIAN_POINT('Ctrl Pts',(-12.8245314570456,0.,0.743271024660066));
#1585=CARTESIAN_POINT('Ctrl Pts',(-12.8663119760234,0.,0.749169989514173));
#1586=CARTESIAN_POINT('Ctrl Pts',(-12.8663119760234,12.8663119760234,0.749169989514173));
#1587=CARTESIAN_POINT('Ctrl Pts',(0.,12.8663119760234,0.749169989514173));
#1588=CARTESIAN_POINT('Ctrl Pts',(12.8663119760234,12.8663119760234,0.749169989514173));
#1589=CARTESIAN_POINT('Ctrl Pts',(12.8663119760234,0.,0.749169989514173));
#1590=CARTESIAN_POINT('Ctrl Pts',(12.8663119760234,-12.8663119760234,0.749169989514173));
#1591=CARTESIAN_POINT('Ctrl Pts',(0.,-12.8663119760234,0.749169989514173));
#1592=CARTESIAN_POINT('Ctrl Pts',(-12.8663119760234,-12.8663119760234,0.749169989514173));
#1593=CARTESIAN_POINT('Ctrl Pts',(-12.8663119760234,0.,0.749169989514173));
#1594=CARTESIAN_POINT('',(-1.62630325872826E-18,-1.99164708024447E-34,-0.15002380867938));
#1595=CARTESIAN_POINT('Ctrl Pts',(-2.23395813695843E-9,0.,-0.150023808639575));
#1596=CARTESIAN_POINT('Ctrl Pts',(-0.955805121190326,0.,-0.132993457376583));
#1597=CARTESIAN_POINT('Ctrl Pts',(-1.91105810435874,0.,-0.132573441220084));
#1598=CARTESIAN_POINT('Ctrl Pts',(-2.86741138984315,0.,-0.102618915869404));
#1599=CARTESIAN_POINT('Ctrl Pts',(-4.58587015254567,0.,-0.0487940194082616));
#1600=CARTESIAN_POINT('Ctrl Pts',(-6.2871827428565,0.,0.0482938288736396));
#1601=CARTESIAN_POINT('Ctrl Pts',(-8.00566762596308,0.,0.193071850736666));
#1602=CARTESIAN_POINT('Ctrl Pts',(-9.59445176296399,0.,0.326922911507435));
#1603=CARTESIAN_POINT('Ctrl Pts',(-11.1806267935848,0.,0.511169172635974));
#1604=CARTESIAN_POINT('Ctrl Pts',(-12.7409704190902,0.,0.731473094951851));
#1605=CARTESIAN_POINT('Ctrl Pts',(-12.7575183860783,0.,0.733809491867402));
#1606=CARTESIAN_POINT('Ctrl Pts',(-12.7740663530664,0.,0.736145888782954));
#1607=CARTESIAN_POINT('Ctrl Pts',(-12.7906143200545,0.,0.738482285698505));
#1608=CARTESIAN_POINT('',(0.,0.,0.));
#1609=CARTESIAN_POINT('Ctrl Pts',(-14.4266659262268,0.,1.93146715309946));
#1610=CARTESIAN_POINT('Ctrl Pts',(-14.4266659262268,14.4266659262268,1.93146715309946));
#1611=CARTESIAN_POINT('Ctrl Pts',(0.,14.4266659262268,1.93146715309946));
#1612=CARTESIAN_POINT('Ctrl Pts',(14.4266659262268,14.4266659262268,1.93146715309946));
#1613=CARTESIAN_POINT('Ctrl Pts',(14.4266659262268,0.,1.93146715309946));
#1614=CARTESIAN_POINT('Ctrl Pts',(14.4266659262268,-14.4266659262268,1.93146715309946));
#1615=CARTESIAN_POINT('Ctrl Pts',(0.,-14.4266659262268,1.93146715309946));
#1616=CARTESIAN_POINT('Ctrl Pts',(-14.4266659262268,-14.4266659262268,1.93146715309946));
#1617=CARTESIAN_POINT('Ctrl Pts',(-14.4266659262268,0.,1.93146715309946));
#1618=CARTESIAN_POINT('Ctrl Pts',(-14.486413042055,0.,1.96182828250373));
#1619=CARTESIAN_POINT('Ctrl Pts',(-14.486413042055,14.486413042055,1.96182828250373));
#1620=CARTESIAN_POINT('Ctrl Pts',(0.,14.486413042055,1.96182828250373));
#1621=CARTESIAN_POINT('Ctrl Pts',(14.486413042055,14.486413042055,1.96182828250373));
#1622=CARTESIAN_POINT('Ctrl Pts',(14.486413042055,0.,1.96182828250373));
#1623=CARTESIAN_POINT('Ctrl Pts',(14.486413042055,-14.486413042055,1.96182828250373));
#1624=CARTESIAN_POINT('Ctrl Pts',(0.,-14.486413042055,1.96182828250373));
#1625=CARTESIAN_POINT('Ctrl Pts',(-14.486413042055,-14.486413042055,1.96182828250373));
#1626=CARTESIAN_POINT('Ctrl Pts',(-14.486413042055,0.,1.96182828250373));
#1627=CARTESIAN_POINT('Ctrl Pts',(-14.5461601578831,0.,1.99218941190799));
#1628=CARTESIAN_POINT('Ctrl Pts',(-14.5461601578831,14.5461601578831,1.99218941190799));
#1629=CARTESIAN_POINT('Ctrl Pts',(0.,14.5461601578831,1.99218941190799));
#1630=CARTESIAN_POINT('Ctrl Pts',(14.5461601578831,14.5461601578831,1.99218941190799));
#1631=CARTESIAN_POINT('Ctrl Pts',(14.5461601578831,0.,1.99218941190799));
#1632=CARTESIAN_POINT('Ctrl Pts',(14.5461601578831,-14.5461601578831,1.99218941190799));
#1633=CARTESIAN_POINT('Ctrl Pts',(0.,-14.5461601578831,1.99218941190799));
#1634=CARTESIAN_POINT('Ctrl Pts',(-14.5461601578831,-14.5461601578831,1.99218941190799));
#1635=CARTESIAN_POINT('Ctrl Pts',(-14.5461601578831,0.,1.99218941190799));
#1636=CARTESIAN_POINT('Ctrl Pts',(-14.6059072737113,0.,2.02255054131226));
#1637=CARTESIAN_POINT('Ctrl Pts',(-14.6059072737113,14.6059072737113,2.02255054131226));
#1638=CARTESIAN_POINT('Ctrl Pts',(0.,14.6059072737113,2.02255054131226));
#1639=CARTESIAN_POINT('Ctrl Pts',(14.6059072737113,14.6059072737113,2.02255054131226));
#1640=CARTESIAN_POINT('Ctrl Pts',(14.6059072737113,0.,2.02255054131226));
#1641=CARTESIAN_POINT('Ctrl Pts',(14.6059072737113,-14.6059072737113,2.02255054131226));
#1642=CARTESIAN_POINT('Ctrl Pts',(0.,-14.6059072737113,2.02255054131226));
#1643=CARTESIAN_POINT('Ctrl Pts',(-14.6059072737113,-14.6059072737113,2.02255054131226));
#1644=CARTESIAN_POINT('Ctrl Pts',(-14.6059072737113,0.,2.02255054131226));
#1645=CARTESIAN_POINT('Ctrl Pts',(-15.1529108328233,0.,2.30051619057566));
#1646=CARTESIAN_POINT('Ctrl Pts',(-15.1529108328233,15.1529108328233,2.30051619057566));
#1647=CARTESIAN_POINT('Ctrl Pts',(0.,15.1529108328233,2.30051619057566));
#1648=CARTESIAN_POINT('Ctrl Pts',(15.1529108328233,15.1529108328233,2.30051619057566));
#1649=CARTESIAN_POINT('Ctrl Pts',(15.1529108328233,0.,2.30051619057566));
#1650=CARTESIAN_POINT('Ctrl Pts',(15.1529108328233,-15.1529108328233,2.30051619057566));
#1651=CARTESIAN_POINT('Ctrl Pts',(0.,-15.1529108328233,2.30051619057566));
#1652=CARTESIAN_POINT('Ctrl Pts',(-15.1529108328233,-15.1529108328233,2.30051619057566));
#1653=CARTESIAN_POINT('Ctrl Pts',(-15.1529108328233,0.,2.30051619057566));
#1654=CARTESIAN_POINT('Ctrl Pts',(-15.6545403769823,0.,2.69061950634564));
#1655=CARTESIAN_POINT('Ctrl Pts',(-15.6545403769823,15.6545403769823,2.69061950634564));
#1656=CARTESIAN_POINT('Ctrl Pts',(0.,15.6545403769823,2.69061950634564));
#1657=CARTESIAN_POINT('Ctrl Pts',(15.6545403769823,15.6545403769823,2.69061950634564));
#1658=CARTESIAN_POINT('Ctrl Pts',(15.6545403769823,0.,2.69061950634564));
#1659=CARTESIAN_POINT('Ctrl Pts',(15.6545403769823,-15.6545403769823,2.69061950634564));
#1660=CARTESIAN_POINT('Ctrl Pts',(0.,-15.6545403769823,2.69061950634564));
#1661=CARTESIAN_POINT('Ctrl Pts',(-15.6545403769823,-15.6545403769823,2.69061950634564));
#1662=CARTESIAN_POINT('Ctrl Pts',(-15.6545403769823,0.,2.69061950634564));
#1663=CARTESIAN_POINT('Ctrl Pts',(-15.9661554308308,0.,3.25929980067708));
#1664=CARTESIAN_POINT('Ctrl Pts',(-15.9661554308308,15.9661554308308,3.25929980067708));
#1665=CARTESIAN_POINT('Ctrl Pts',(0.,15.9661554308308,3.25929980067708));
#1666=CARTESIAN_POINT('Ctrl Pts',(15.9661554308308,15.9661554308308,3.25929980067708));
#1667=CARTESIAN_POINT('Ctrl Pts',(15.9661554308308,0.,3.25929980067708));
#1668=CARTESIAN_POINT('Ctrl Pts',(15.9661554308308,-15.9661554308308,3.25929980067708));
#1669=CARTESIAN_POINT('Ctrl Pts',(0.,-15.9661554308308,3.25929980067708));
#1670=CARTESIAN_POINT('Ctrl Pts',(-15.9661554308308,-15.9661554308308,3.25929980067708));
#1671=CARTESIAN_POINT('Ctrl Pts',(-15.9661554308308,0.,3.25929980067708));
#1672=CARTESIAN_POINT('Ctrl Pts',(-16.2862713793963,0.,3.84349375922332));
#1673=CARTESIAN_POINT('Ctrl Pts',(-16.2862713793963,16.2862713793963,3.84349375922332));
#1674=CARTESIAN_POINT('Ctrl Pts',(0.,16.2862713793963,3.84349375922332));
#1675=CARTESIAN_POINT('Ctrl Pts',(16.2862713793963,16.2862713793963,3.84349375922332));
#1676=CARTESIAN_POINT('Ctrl Pts',(16.2862713793963,0.,3.84349375922332));
#1677=CARTESIAN_POINT('Ctrl Pts',(16.2862713793963,-16.2862713793963,3.84349375922332));
#1678=CARTESIAN_POINT('Ctrl Pts',(0.,-16.2862713793963,3.84349375922332));
#1679=CARTESIAN_POINT('Ctrl Pts',(-16.2862713793963,-16.2862713793963,3.84349375922332));
#1680=CARTESIAN_POINT('Ctrl Pts',(-16.2862713793963,0.,3.84349375922332));
#1681=CARTESIAN_POINT('Ctrl Pts',(-16.3096671547608,0.,4.59644417678967));
#1682=CARTESIAN_POINT('Ctrl Pts',(-16.3096671547608,16.3096671547608,4.59644417678967));
#1683=CARTESIAN_POINT('Ctrl Pts',(0.,16.3096671547608,4.59644417678967));
#1684=CARTESIAN_POINT('Ctrl Pts',(16.3096671547608,16.3096671547608,4.59644417678967));
#1685=CARTESIAN_POINT('Ctrl Pts',(16.3096671547608,0.,4.59644417678967));
#1686=CARTESIAN_POINT('Ctrl Pts',(16.3096671547608,-16.3096671547608,4.59644417678967));
#1687=CARTESIAN_POINT('Ctrl Pts',(0.,-16.3096671547608,4.59644417678967));
#1688=CARTESIAN_POINT('Ctrl Pts',(-16.3096671547608,-16.3096671547608,4.59644417678967));
#1689=CARTESIAN_POINT('Ctrl Pts',(-16.3096671547608,0.,4.59644417678967));
#1690=CARTESIAN_POINT('Ctrl Pts',(-16.0320442463707,0.,5.19970497971422));
#1691=CARTESIAN_POINT('Ctrl Pts',(-16.0320442463707,16.0320442463707,5.19970497971422));
#1692=CARTESIAN_POINT('Ctrl Pts',(0.,16.0320442463707,5.19970497971422));
#1693=CARTESIAN_POINT('Ctrl Pts',(16.0320442463707,16.0320442463707,5.19970497971422));
#1694=CARTESIAN_POINT('Ctrl Pts',(16.0320442463707,0.,5.19970497971422));
#1695=CARTESIAN_POINT('Ctrl Pts',(16.0320442463707,-16.0320442463707,5.19970497971422));
#1696=CARTESIAN_POINT('Ctrl Pts',(0.,-16.0320442463707,5.19970497971422));
#1697=CARTESIAN_POINT('Ctrl Pts',(-16.0320442463707,-16.0320442463707,5.19970497971422));
#1698=CARTESIAN_POINT('Ctrl Pts',(-16.0320442463707,0.,5.19970497971422));
#1699=CARTESIAN_POINT('Ctrl Pts',(-15.7506971621585,0.,5.81105823188849));
#1700=CARTESIAN_POINT('Ctrl Pts',(-15.7506971621585,15.7506971621585,5.81105823188849));
#1701=CARTESIAN_POINT('Ctrl Pts',(0.,15.7506971621585,5.81105823188849));
#1702=CARTESIAN_POINT('Ctrl Pts',(15.7506971621585,15.7506971621585,5.81105823188849));
#1703=CARTESIAN_POINT('Ctrl Pts',(15.7506971621585,0.,5.81105823188849));
#1704=CARTESIAN_POINT('Ctrl Pts',(15.7506971621585,-15.7506971621585,5.81105823188849));
#1705=CARTESIAN_POINT('Ctrl Pts',(0.,-15.7506971621585,5.81105823188849));
#1706=CARTESIAN_POINT('Ctrl Pts',(-15.7506971621585,-15.7506971621585,5.81105823188849));
#1707=CARTESIAN_POINT('Ctrl Pts',(-15.7506971621585,0.,5.81105823188849));
#1708=CARTESIAN_POINT('Ctrl Pts',(-15.215269707015,0.,6.24361016301716));
#1709=CARTESIAN_POINT('Ctrl Pts',(-15.215269707015,15.215269707015,6.24361016301716));
#1710=CARTESIAN_POINT('Ctrl Pts',(0.,15.215269707015,6.24361016301716));
#1711=CARTESIAN_POINT('Ctrl Pts',(15.215269707015,15.215269707015,6.24361016301716));
#1712=CARTESIAN_POINT('Ctrl Pts',(15.215269707015,0.,6.24361016301716));
#1713=CARTESIAN_POINT('Ctrl Pts',(15.215269707015,-15.215269707015,6.24361016301716));
#1714=CARTESIAN_POINT('Ctrl Pts',(0.,-15.215269707015,6.24361016301716));
#1715=CARTESIAN_POINT('Ctrl Pts',(-15.215269707015,-15.215269707015,6.24361016301716));
#1716=CARTESIAN_POINT('Ctrl Pts',(-15.215269707015,0.,6.24361016301716));
#1717=CARTESIAN_POINT('Ctrl Pts',(-14.6719635175787,0.,6.54273163851267));
#1718=CARTESIAN_POINT('Ctrl Pts',(-14.6719635175787,14.6719635175787,6.54273163851267));
#1719=CARTESIAN_POINT('Ctrl Pts',(0.,14.6719635175787,6.54273163851267));
#1720=CARTESIAN_POINT('Ctrl Pts',(14.6719635175787,14.6719635175787,6.54273163851267));
#1721=CARTESIAN_POINT('Ctrl Pts',(14.6719635175787,0.,6.54273163851267));
#1722=CARTESIAN_POINT('Ctrl Pts',(14.6719635175787,-14.6719635175787,6.54273163851267));
#1723=CARTESIAN_POINT('Ctrl Pts',(0.,-14.6719635175787,6.54273163851267));
#1724=CARTESIAN_POINT('Ctrl Pts',(-14.6719635175787,-14.6719635175787,6.54273163851267));
#1725=CARTESIAN_POINT('Ctrl Pts',(-14.6719635175787,0.,6.54273163851267));
#1726=CARTESIAN_POINT('Ctrl Pts',(-13.8459480777121,0.,6.9975009048288));
#1727=CARTESIAN_POINT('Ctrl Pts',(-13.845948077712,13.845948077712,6.9975009048288));
#1728=CARTESIAN_POINT('Ctrl Pts',(0.,13.8459480777121,6.9975009048288));
#1729=CARTESIAN_POINT('Ctrl Pts',(13.845948077712,13.845948077712,6.9975009048288));
#1730=CARTESIAN_POINT('Ctrl Pts',(13.8459480777121,0.,6.9975009048288));
#1731=CARTESIAN_POINT('Ctrl Pts',(13.845948077712,-13.845948077712,6.9975009048288));
#1732=CARTESIAN_POINT('Ctrl Pts',(0.,-13.8459480777121,6.9975009048288));
#1733=CARTESIAN_POINT('Ctrl Pts',(-13.845948077712,-13.845948077712,6.9975009048288));
#1734=CARTESIAN_POINT('Ctrl Pts',(-13.8459480777121,0.,6.9975009048288));
#1735=CARTESIAN_POINT('Ctrl Pts',(-12.9571081372375,0.,7.218202050695));
#1736=CARTESIAN_POINT('Ctrl Pts',(-12.9571081372375,12.9571081372375,7.218202050695));
#1737=CARTESIAN_POINT('Ctrl Pts',(0.,12.9571081372375,7.218202050695));
#1738=CARTESIAN_POINT('Ctrl Pts',(12.9571081372375,12.9571081372375,7.218202050695));
#1739=CARTESIAN_POINT('Ctrl Pts',(12.9571081372375,0.,7.218202050695));
#1740=CARTESIAN_POINT('Ctrl Pts',(12.9571081372375,-12.9571081372375,7.218202050695));
#1741=CARTESIAN_POINT('Ctrl Pts',(0.,-12.9571081372375,7.218202050695));
#1742=CARTESIAN_POINT('Ctrl Pts',(-12.9571081372375,-12.9571081372375,7.218202050695));
#1743=CARTESIAN_POINT('Ctrl Pts',(-12.9571081372375,0.,7.218202050695));
#1744=CARTESIAN_POINT('Ctrl Pts',(-12.0739387683651,0.,7.40617056970902));
#1745=CARTESIAN_POINT('Ctrl Pts',(-12.0739387683651,12.0739387683651,7.40617056970902));
#1746=CARTESIAN_POINT('Ctrl Pts',(0.,12.0739387683651,7.40617056970902));
#1747=CARTESIAN_POINT('Ctrl Pts',(12.0739387683651,12.0739387683651,7.40617056970902));
#1748=CARTESIAN_POINT('Ctrl Pts',(12.0739387683651,0.,7.40617056970902));
#1749=CARTESIAN_POINT('Ctrl Pts',(12.0739387683651,-12.0739387683651,7.40617056970902));
#1750=CARTESIAN_POINT('Ctrl Pts',(0.,-12.0739387683651,7.40617056970902));
#1751=CARTESIAN_POINT('Ctrl Pts',(-12.0739387683651,-12.0739387683651,7.40617056970902));
#1752=CARTESIAN_POINT('Ctrl Pts',(-12.0739387683651,0.,7.40617056970902));
#1753=CARTESIAN_POINT('Ctrl Pts',(-11.0244548305798,0.,7.62953649301588));
#1754=CARTESIAN_POINT('Ctrl Pts',(-11.0244548305797,11.0244548305797,7.62953649301588));
#1755=CARTESIAN_POINT('Ctrl Pts',(0.,11.0244548305798,7.62953649301588));
#1756=CARTESIAN_POINT('Ctrl Pts',(11.0244548305797,11.0244548305797,7.62953649301588));
#1757=CARTESIAN_POINT('Ctrl Pts',(11.0244548305798,0.,7.62953649301588));
#1758=CARTESIAN_POINT('Ctrl Pts',(11.0244548305797,-11.0244548305797,7.62953649301588));
#1759=CARTESIAN_POINT('Ctrl Pts',(0.,-11.0244548305798,7.62953649301588));
#1760=CARTESIAN_POINT('Ctrl Pts',(-11.0244548305797,-11.0244548305797,7.62953649301588));
#1761=CARTESIAN_POINT('Ctrl Pts',(-11.0244548305798,0.,7.62953649301588));
#1762=CARTESIAN_POINT('Ctrl Pts',(-9.96226528767718,0.,7.75490932748411));
#1763=CARTESIAN_POINT('Ctrl Pts',(-9.96226528767718,9.96226528767718,7.75490932748411));
#1764=CARTESIAN_POINT('Ctrl Pts',(0.,9.96226528767718,7.75490932748411));
#1765=CARTESIAN_POINT('Ctrl Pts',(9.96226528767718,9.96226528767718,7.75490932748411));
#1766=CARTESIAN_POINT('Ctrl Pts',(9.96226528767718,0.,7.75490932748411));
#1767=CARTESIAN_POINT('Ctrl Pts',(9.96226528767718,-9.96226528767718,7.75490932748411));
#1768=CARTESIAN_POINT('Ctrl Pts',(0.,-9.96226528767718,7.75490932748411));
#1769=CARTESIAN_POINT('Ctrl Pts',(-9.96226528767718,-9.96226528767718,7.75490932748411));
#1770=CARTESIAN_POINT('Ctrl Pts',(-9.96226528767718,0.,7.75490932748411));
#1771=CARTESIAN_POINT('Ctrl Pts',(-8.90788140154119,0.,7.86178723013103));
#1772=CARTESIAN_POINT('Ctrl Pts',(-8.90788140154119,8.90788140154119,7.86178723013103));
#1773=CARTESIAN_POINT('Ctrl Pts',(0.,8.90788140154119,7.86178723013103));
#1774=CARTESIAN_POINT('Ctrl Pts',(8.90788140154119,8.90788140154119,7.86178723013103));
#1775=CARTESIAN_POINT('Ctrl Pts',(8.90788140154119,0.,7.86178723013103));
#1776=CARTESIAN_POINT('Ctrl Pts',(8.90788140154119,-8.90788140154119,7.86178723013103));
#1777=CARTESIAN_POINT('Ctrl Pts',(0.,-8.90788140154119,7.86178723013103));
#1778=CARTESIAN_POINT('Ctrl Pts',(-8.90788140154119,-8.90788140154119,7.86178723013103));
#1779=CARTESIAN_POINT('Ctrl Pts',(-8.90788140154119,0.,7.86178723013103));
#1780=CARTESIAN_POINT('Ctrl Pts',(-7.43705567006272,0.,8.01087787103188));
#1781=CARTESIAN_POINT('Ctrl Pts',(-7.43705567006272,7.43705567006272,8.01087787103188));
#1782=CARTESIAN_POINT('Ctrl Pts',(0.,7.43705567006272,8.01087787103188));
#1783=CARTESIAN_POINT('Ctrl Pts',(7.43705567006272,7.43705567006272,8.01087787103188));
#1784=CARTESIAN_POINT('Ctrl Pts',(7.43705567006272,0.,8.01087787103188));
#1785=CARTESIAN_POINT('Ctrl Pts',(7.43705567006272,-7.43705567006272,8.01087787103188));
#1786=CARTESIAN_POINT('Ctrl Pts',(0.,-7.43705567006272,8.01087787103188));
#1787=CARTESIAN_POINT('Ctrl Pts',(-7.43705567006272,-7.43705567006272,8.01087787103188));
#1788=CARTESIAN_POINT('Ctrl Pts',(-7.43705567006272,0.,8.01087787103188));
#1789=CARTESIAN_POINT('Ctrl Pts',(-5.96003825181297,0.,8.10039183804959));
#1790=CARTESIAN_POINT('Ctrl Pts',(-5.96003825181297,5.96003825181297,8.10039183804959));
#1791=CARTESIAN_POINT('Ctrl Pts',(0.,5.96003825181297,8.10039183804959));
#1792=CARTESIAN_POINT('Ctrl Pts',(5.96003825181297,5.96003825181297,8.10039183804959));
#1793=CARTESIAN_POINT('Ctrl Pts',(5.96003825181297,0.,8.10039183804959));
#1794=CARTESIAN_POINT('Ctrl Pts',(5.96003825181297,-5.96003825181297,8.10039183804959));
#1795=CARTESIAN_POINT('Ctrl Pts',(0.,-5.96003825181297,8.10039183804959));
#1796=CARTESIAN_POINT('Ctrl Pts',(-5.96003825181297,-5.96003825181297,8.10039183804959));
#1797=CARTESIAN_POINT('Ctrl Pts',(-5.96003825181297,0.,8.10039183804959));
#1798=CARTESIAN_POINT('Ctrl Pts',(-4.49433307723758,0.,8.17414430068776));
#1799=CARTESIAN_POINT('Ctrl Pts',(-4.49433307723758,4.49433307723758,8.17414430068776));
#1800=CARTESIAN_POINT('Ctrl Pts',(0.,4.49433307723758,8.17414430068776));
#1801=CARTESIAN_POINT('Ctrl Pts',(4.49433307723758,4.49433307723758,8.17414430068776));
#1802=CARTESIAN_POINT('Ctrl Pts',(4.49433307723758,0.,8.17414430068776));
#1803=CARTESIAN_POINT('Ctrl Pts',(4.49433307723758,-4.49433307723758,8.17414430068776));
#1804=CARTESIAN_POINT('Ctrl Pts',(0.,-4.49433307723758,8.17414430068776));
#1805=CARTESIAN_POINT('Ctrl Pts',(-4.49433307723758,-4.49433307723758,8.17414430068776));
#1806=CARTESIAN_POINT('Ctrl Pts',(-4.49433307723758,0.,8.17414430068776));
#1807=CARTESIAN_POINT('Ctrl Pts',(-3.00616876650985,0.,8.24902687914233));
#1808=CARTESIAN_POINT('Ctrl Pts',(-3.00616876650985,3.00616876650985,8.24902687914233));
#1809=CARTESIAN_POINT('Ctrl Pts',(0.,3.00616876650985,8.24902687914233));
#1810=CARTESIAN_POINT('Ctrl Pts',(3.00616876650985,3.00616876650985,8.24902687914233));
#1811=CARTESIAN_POINT('Ctrl Pts',(3.00616876650985,0.,8.24902687914233));
#1812=CARTESIAN_POINT('Ctrl Pts',(3.00616876650985,-3.00616876650985,8.24902687914233));
#1813=CARTESIAN_POINT('Ctrl Pts',(0.,-3.00616876650985,8.24902687914233));
#1814=CARTESIAN_POINT('Ctrl Pts',(-3.00616876650985,-3.00616876650985,8.24902687914233));
#1815=CARTESIAN_POINT('Ctrl Pts',(-3.00616876650985,0.,8.24902687914233));
#1816=CARTESIAN_POINT('Ctrl Pts',(-1.49519002954954,0.,8.26773786959227));
#1817=CARTESIAN_POINT('Ctrl Pts',(-1.49519002954954,1.49519002954954,8.26773786959227));
#1818=CARTESIAN_POINT('Ctrl Pts',(0.,1.49519002954954,8.26773786959227));
#1819=CARTESIAN_POINT('Ctrl Pts',(1.49519002954954,1.49519002954954,8.26773786959227));
#1820=CARTESIAN_POINT('Ctrl Pts',(1.49519002954954,0.,8.26773786959227));
#1821=CARTESIAN_POINT('Ctrl Pts',(1.49519002954954,-1.49519002954954,8.26773786959227));
#1822=CARTESIAN_POINT('Ctrl Pts',(0.,-1.49519002954954,8.26773786959227));
#1823=CARTESIAN_POINT('Ctrl Pts',(-1.49519002954954,-1.49519002954954,8.26773786959227));
#1824=CARTESIAN_POINT('Ctrl Pts',(-1.49519002954954,0.,8.26773786959227));
#1825=CARTESIAN_POINT('Ctrl Pts',(4.20670442924376E-14,0.,8.28001010505121));
#1826=CARTESIAN_POINT('Ctrl Pts',(4.20670442924376E-14,-4.20670442924376E-14,
8.28001010505121));
#1827=CARTESIAN_POINT('Ctrl Pts',(0.,-4.20670442924376E-14,8.28001010505121));
#1828=CARTESIAN_POINT('Ctrl Pts',(-4.20670442924376E-14,-4.20670442924376E-14,
8.28001010505121));
#1829=CARTESIAN_POINT('Ctrl Pts',(-4.20670442924376E-14,0.,8.28001010505121));
#1830=CARTESIAN_POINT('Ctrl Pts',(-4.20670442924376E-14,4.20670442924376E-14,
8.28001010505121));
#1831=CARTESIAN_POINT('Ctrl Pts',(0.,4.20670442924376E-14,8.28001010505121));
#1832=CARTESIAN_POINT('Ctrl Pts',(4.20670442924376E-14,4.20670442924376E-14,
8.28001010505121));
#1833=CARTESIAN_POINT('Ctrl Pts',(4.20670442924376E-14,0.,8.28001010505121));
#1834=CARTESIAN_POINT('',(-14.5418516539036,-3.56172641632573E-15,1.99));
#1835=CARTESIAN_POINT('',(-4.20670442924376E-14,-5.15172711423236E-30,8.28001010505121));
#1836=CARTESIAN_POINT('Ctrl Pts',(-14.5418516539036,0.,1.99));
#1837=CARTESIAN_POINT('Ctrl Pts',(-14.5632035271728,0.,2.00085018043742));
#1838=CARTESIAN_POINT('Ctrl Pts',(-14.584555400442,0.,2.01170036087484));
#1839=CARTESIAN_POINT('Ctrl Pts',(-14.6059072737113,0.,2.02255054131226));
#1840=CARTESIAN_POINT('Ctrl Pts',(-15.1529108328233,0.,2.30051619057566));
#1841=CARTESIAN_POINT('Ctrl Pts',(-15.6545403769823,0.,2.69061950634564));
#1842=CARTESIAN_POINT('Ctrl Pts',(-15.9661554308308,0.,3.25929980067708));
#1843=CARTESIAN_POINT('Ctrl Pts',(-16.2862713793963,0.,3.84349375922332));
#1844=CARTESIAN_POINT('Ctrl Pts',(-16.3096671547608,0.,4.59644417678967));
#1845=CARTESIAN_POINT('Ctrl Pts',(-16.0320442463707,0.,5.19970497971422));
#1846=CARTESIAN_POINT('Ctrl Pts',(-15.7506971621585,0.,5.81105823188849));
#1847=CARTESIAN_POINT('Ctrl Pts',(-15.215269707015,0.,6.24361016301716));
#1848=CARTESIAN_POINT('Ctrl Pts',(-14.6719635175787,0.,6.54273163851267));
#1849=CARTESIAN_POINT('Ctrl Pts',(-13.8459480777121,0.,6.9975009048288));
#1850=CARTESIAN_POINT('Ctrl Pts',(-12.9571081372375,0.,7.218202050695));
#1851=CARTESIAN_POINT('Ctrl Pts',(-12.0739387683651,0.,7.40617056970902));
#1852=CARTESIAN_POINT('Ctrl Pts',(-11.0244548305798,0.,7.62953649301588));
#1853=CARTESIAN_POINT('Ctrl Pts',(-9.96226528767718,0.,7.75490932748411));
#1854=CARTESIAN_POINT('Ctrl Pts',(-8.90788140154119,0.,7.86178723013103));
#1855=CARTESIAN_POINT('Ctrl Pts',(-7.43705567006272,0.,8.01087787103188));
#1856=CARTESIAN_POINT('Ctrl Pts',(-5.96003825181297,0.,8.10039183804959));
#1857=CARTESIAN_POINT('Ctrl Pts',(-4.49433307723758,0.,8.17414430068776));
#1858=CARTESIAN_POINT('Ctrl Pts',(-3.00616876650985,0.,8.24902687914233));
#1859=CARTESIAN_POINT('Ctrl Pts',(-1.49519002954954,0.,8.26773786959227));
#1860=CARTESIAN_POINT('Ctrl Pts',(4.16333634234434E-14,0.,8.28001010505121));
#1861=CARTESIAN_POINT('Ctrl Pts',(-14.5418516539036,0.,1.99));
#1862=CARTESIAN_POINT('Ctrl Pts',(-14.5418516539036,-0.903637817707943,
1.99));
#1863=CARTESIAN_POINT('Ctrl Pts',(-14.457622185081,-1.80568215633707,1.99));
#1864=CARTESIAN_POINT('Ctrl Pts',(-14.0914086951427,-3.74794507180415,1.99));
#1865=CARTESIAN_POINT('Ctrl Pts',(-13.7768560381017,-4.77630913784125,1.99));
#1866=CARTESIAN_POINT('Ctrl Pts',(-13.3521384618977,-5.76071592933114,1.99));
#1867=CARTESIAN_POINT('Ctrl Pts',(-12.6020078483826,-7.4993622953436,1.99));
#1868=CARTESIAN_POINT('Ctrl Pts',(-11.519452595357,-9.07486906521748,1.99));
#1869=CARTESIAN_POINT('Ctrl Pts',(-8.81136038843009,-11.7222423090774,1.99));
#1870=CARTESIAN_POINT('Ctrl Pts',(-7.21171427205132,-12.7687984519221,1.99));
#1871=CARTESIAN_POINT('Ctrl Pts',(-3.7013005799363,-14.1898347652283,1.99));
#1872=CARTESIAN_POINT('Ctrl Pts',(-1.82409447241995,-14.5507290540098,1.99));
#1873=CARTESIAN_POINT('Ctrl Pts',(1.96299165982239,-14.5326425811339,1.99));
#1874=CARTESIAN_POINT('Ctrl Pts',(3.83666507700273,-14.153834736015,1.99));
#1875=CARTESIAN_POINT('Ctrl Pts',(7.33334569686564,-12.6993337438537,1.99));
#1876=CARTESIAN_POINT('Ctrl Pts',(8.92292272698415,-11.6375464190605,1.99));
#1877=CARTESIAN_POINT('Ctrl Pts',(11.6056051784676,-8.96442776138248,1.99));
#1878=CARTESIAN_POINT('Ctrl Pts',(12.6730626934214,-7.37865289982727,1.99));
#1879=CARTESIAN_POINT('Ctrl Pts',(14.1400423364166,-3.88718913507745,1.99));
#1880=CARTESIAN_POINT('Ctrl Pts',(14.5255393395053,-2.01488052846864,1.99));
#1881=CARTESIAN_POINT('Ctrl Pts',(14.5571507681383,1.77211685878991,1.99));
#1882=CARTESIAN_POINT('Ctrl Pts',(14.2029629711954,3.65059988034441,1.99));
#1883=CARTESIAN_POINT('Ctrl Pts',(12.794472692855,7.16606622627122,1.99));
#1884=CARTESIAN_POINT('Ctrl Pts',(11.7536361462051,8.76943977629928,1.99));
#1885=CARTESIAN_POINT('Ctrl Pts',(9.11595137432031,11.4869694518853,1.99));
#1886=CARTESIAN_POINT('Ctrl Pts',(7.54432085315401,12.5751445125765,1.99));
#1887=CARTESIAN_POINT('Ctrl Pts',(4.07240827915128,14.0878148573659,1.99));
#1888=CARTESIAN_POINT('Ctrl Pts',(2.20531960286086,14.4978481884987,1.99));
#1889=CARTESIAN_POINT('Ctrl Pts',(-1.58093688232174,14.579152074851,1.99));
#1890=CARTESIAN_POINT('Ctrl Pts',(-3.46390601554636,14.2496453206029,1.99));
#1891=CARTESIAN_POINT('Ctrl Pts',(-6.99755269068164,12.8874083115517,1.99));
#1892=CARTESIAN_POINT('Ctrl Pts',(-8.61444664439177,11.8677017850317,1.99));
#1893=CARTESIAN_POINT('Ctrl Pts',(-11.3663555595349,9.26590513343131,1.99));
#1894=CARTESIAN_POINT('Ctrl Pts',(-12.4750607718328,7.70868960242889,1.99));
#1895=CARTESIAN_POINT('Ctrl Pts',(-14.0331613221464,4.25692611565348,1.99));
#1896=CARTESIAN_POINT('Ctrl Pts',(-14.4676603696706,2.39537890017051,1.99));
#1897=CARTESIAN_POINT('Ctrl Pts',(-14.5389535204538,0.335293225094074,1.99));
#1898=CARTESIAN_POINT('Ctrl Pts',(-14.5418516539036,0.167619198377592,1.99));
#1899=CARTESIAN_POINT('Ctrl Pts',(-14.5418516539036,0.,1.99));
#1900=CARTESIAN_POINT('Origin',(-12.77,0.,1.99));
#1901=CARTESIAN_POINT('',(13.07,-1.60061336648559E-15,1.99));
#1902=CARTESIAN_POINT('Origin',(0.,0.,1.99));
#1903=CARTESIAN_POINT('Origin',(0.,0.,1.61));
#1904=CARTESIAN_POINT('',(13.07,1.60061336648559E-15,0.805735931288073));
#1905=CARTESIAN_POINT('Origin',(0.,0.,0.805735931288073));
#1906=CARTESIAN_POINT('',(13.07,-1.60061336648559E-15,1.61));
#1907=CARTESIAN_POINT('Origin',(0.,0.,0.692867965644038));
#1908=CARTESIAN_POINT('',(-12.8612286401089,-3.15009249744234E-15,0.596964571397009));
#1909=CARTESIAN_POINT('',(12.8612286401089,-1.57504624872117E-15,0.596964571397003));
#1910=CARTESIAN_POINT('Ctrl Pts',(-12.8612286401089,0.,0.596964571397009));
#1911=CARTESIAN_POINT('Ctrl Pts',(-12.8612286401089,0.213236443908372,0.596964571397009));
#1912=CARTESIAN_POINT('Ctrl Pts',(-12.8559236987006,0.428673347261777,0.596964571397009));
#1913=CARTESIAN_POINT('Ctrl Pts',(-12.844996610577,0.645959911623278,0.596964571397009));
#1914=CARTESIAN_POINT('Ctrl Pts',(-12.8341971879026,0.860707831971105,0.596964571397009));
#1915=CARTESIAN_POINT('Ctrl Pts',(-12.817905820987,1.07726229047324,0.596964571397009));
#1916=CARTESIAN_POINT('Ctrl Pts',(-12.7958412382948,1.29524095731791,0.596964571397009));
#1917=CARTESIAN_POINT('Ctrl Pts',(-12.7740164415734,1.51085074970937,0.596964571397009));
#1918=CARTESIAN_POINT('Ctrl Pts',(-12.7465428478669,1.72785375370217,0.596964571397009));
#1919=CARTESIAN_POINT('Ctrl Pts',(-12.7131785995873,1.94583967174965,0.596964571397009));
#1920=CARTESIAN_POINT('Ctrl Pts',(-12.6801494957105,2.16163591779482,0.596964571397009));
#1921=CARTESIAN_POINT('Ctrl Pts',(-12.6413471363008,2.37839516809675,0.596964571397009));
#1922=CARTESIAN_POINT('Ctrl Pts',(-12.5965721968427,2.5956831514823,0.596964571397009));
#1923=CARTESIAN_POINT('Ctrl Pts',(-12.5522099248261,2.81096850399282,0.596964571397009));
#1924=CARTESIAN_POINT('Ctrl Pts',(-12.5019843451003,3.02677257794513,0.596964571397009));
#1925=CARTESIAN_POINT('Ctrl Pts',(-12.4457413656474,3.24264151465616,0.596964571397009));
#1926=CARTESIAN_POINT('Ctrl Pts',(-12.3899698321366,3.45670097158477,0.596964571397009));
#1927=CARTESIAN_POINT('Ctrl Pts',(-12.328281087153,3.67082385501041,0.596964571397009));
#1928=CARTESIAN_POINT('Ctrl Pts',(-12.260568496553,3.88454144970672,0.596964571397009));
#1929=CARTESIAN_POINT('Ctrl Pts',(-12.1933666594042,4.09664698085514,0.596964571397009));
#1930=CARTESIAN_POINT('Ctrl Pts',(-12.1202312914677,4.30835292430963,0.596964571397009));
#1931=CARTESIAN_POINT('Ctrl Pts',(-12.0411049191515,4.51918072875437,0.596964571397009));
#1932=CARTESIAN_POINT('Ctrl Pts',(-11.9625086093328,4.72859621124738,0.596964571397009));
#1933=CARTESIAN_POINT('Ctrl Pts',(-11.8780011312544,4.93714486114566,0.596964571397009));
#1934=CARTESIAN_POINT('Ctrl Pts',(-11.7875753102419,5.14434353815284,0.596964571397009));
#1935=CARTESIAN_POINT('Ctrl Pts',(-11.6976785474199,5.35032994906263,0.596964571397009));
#1936=CARTESIAN_POINT('Ctrl Pts',(-11.6019323909439,5.55498169704021,0.596964571397009));
#1937=CARTESIAN_POINT('Ctrl Pts',(-11.5003805057851,5.75781645724454,0.596964571397009));
#1938=CARTESIAN_POINT('Ctrl Pts',(-11.3993362693434,5.95963726477202,0.596964571397009));
#1939=CARTESIAN_POINT('Ctrl Pts',(-11.2925441654484,6.15965875220596,0.596964571397009));
#1940=CARTESIAN_POINT('Ctrl Pts',(-11.1800986178567,6.35740489729555,0.596964571397009));
#1941=CARTESIAN_POINT('Ctrl Pts',(-11.0681190426552,6.55433158580505,0.596964571397009));
#1942=CARTESIAN_POINT('Ctrl Pts',(-10.9505328087538,6.74900129500565,0.596964571397009));
#1943=CARTESIAN_POINT('Ctrl Pts',(-10.8274843825835,6.94094979653859,0.596964571397009));
#1944=CARTESIAN_POINT('Ctrl Pts',(-10.7048403573795,7.13226745571193,0.596964571397009));
#1945=CARTESIAN_POINT('Ctrl Pts',(-10.5767700757098,7.32088131509983,0.596964571397009));
#1946=CARTESIAN_POINT('Ctrl Pts',(-10.4434666926195,7.50634435483112,0.596964571397009));
#1947=CARTESIAN_POINT('Ctrl Pts',(-10.3104868485655,7.69135725945146,0.596964571397009));
#1948=CARTESIAN_POINT('Ctrl Pts',(-10.172299430077,7.87323418723556,0.596964571397009));
#1949=CARTESIAN_POINT('Ctrl Pts',(-10.0291442974925,8.05155058316294,0.596964571397009));
#1950=CARTESIAN_POINT('Ctrl Pts',(-9.88621338428976,8.2295876877277,0.596964571397009));
#1951=CARTESIAN_POINT('Ctrl Pts',(-9.73833052285456,8.40407499734011,0.596964571397009));
#1952=CARTESIAN_POINT('Ctrl Pts',(-9.58577968644116,8.57461543955007,0.596964571397009));
#1953=CARTESIAN_POINT('Ctrl Pts',(-9.43333634432548,8.74503571116313,0.596964571397009));
#1954=CARTESIAN_POINT('Ctrl Pts',(-9.2762318768821,8.91151430208074,0.596964571397009));
#1955=CARTESIAN_POINT('Ctrl Pts',(-9.11479120040017,9.07368632399567,0.596964571397009));
#1956=CARTESIAN_POINT('Ctrl Pts',(-8.95332514689086,9.23588383789892,0.596964571397009));
#1957=CARTESIAN_POINT('Ctrl Pts',(-8.78752184587521,9.39377309754649,0.596964571397009));
#1958=CARTESIAN_POINT('Ctrl Pts',(-8.61774345172119,9.54702571136555,0.596964571397009));
#1959=CARTESIAN_POINT('Ctrl Pts',(-8.44779211270096,9.70043443605447,0.596964571397009));
#1960=CARTESIAN_POINT('Ctrl Pts',(-8.27385794754828,9.84919678222575,0.596964571397009));
#1961=CARTESIAN_POINT('Ctrl Pts',(-8.09633616120725,9.99302471216229,0.596964571397009));
#1962=CARTESIAN_POINT('Ctrl Pts',(-7.918480786119,10.1371229152859,0.596964571397009));
#1963=CARTESIAN_POINT('Ctrl Pts',(-7.73702470043211,10.2762679138925,0.596964571397009));
#1964=CARTESIAN_POINT('Ctrl Pts',(-7.55239155119226,10.4102153671592,0.596964571397009));
#1965=CARTESIAN_POINT('Ctrl Pts',(-7.36725286166412,10.5445295792362,0.596964571397009));
#1966=CARTESIAN_POINT('Ctrl Pts',(-7.17892012157396,10.6736175790692,0.596964571397009));
#1967=CARTESIAN_POINT('Ctrl Pts',(-6.98784045993632,10.7972815022873,0.596964571397009));
#1968=CARTESIAN_POINT('Ctrl Pts',(-6.79607388969801,10.9213899825645,0.596964571397009));
#1969=CARTESIAN_POINT('Ctrl Pts',(-6.60154106672342,11.0400352169812,0.596964571397009));
#1970=CARTESIAN_POINT('Ctrl Pts',(-6.40470736573761,11.1530679946114,0.596964571397009));
#1971=CARTESIAN_POINT('Ctrl Pts',(-6.20699795703356,11.2666036519582,0.596964571397009));
#1972=CARTESIAN_POINT('Ctrl Pts',(-6.00696761516746,11.3744767667639,0.596964571397009));
#1973=CARTESIAN_POINT('Ctrl Pts',(-5.8050945282564,11.476588328034,0.596964571397009));
#1974=CARTESIAN_POINT('Ctrl Pts',(-5.60215155588692,11.5792410593838,0.596964571397009));
#1975=CARTESIAN_POINT('Ctrl Pts',(-5.39734671751563,11.6760710364238,0.596964571397009));
#1976=CARTESIAN_POINT('Ctrl Pts',(-5.19116546907438,11.7670303477916,0.596964571397009));
#1977=CARTESIAN_POINT('Ctrl Pts',(-4.98371686754761,11.8585487670549,0.596964571397009));
#1978=CARTESIAN_POINT('Ctrl Pts',(-4.77487533602639,11.9441242238757,0.596964571397009));
#1979=CARTESIAN_POINT('Ctrl Pts',(-4.56512802310642,12.023760155035,0.596964571397009));
#1980=CARTESIAN_POINT('Ctrl Pts',(-4.35391469503899,12.103952696335,0.596964571397009));
#1981=CARTESIAN_POINT('Ctrl Pts',(-4.14178331321247,12.1781225534354,0.596964571397009));
#1982=CARTESIAN_POINT('Ctrl Pts',(-3.92921719688493,12.2463241159485,0.596964571397009));
#1983=CARTESIAN_POINT('Ctrl Pts',(-3.71498728171838,12.3150595061595,0.596964571397009));
#1984=CARTESIAN_POINT('Ctrl Pts',(-3.50031620540074,12.3777330245105,0.596964571397009));
#1985=CARTESIAN_POINT('Ctrl Pts',(-3.28567806897826,12.4344489930271,0.596964571397009));
#1986=CARTESIAN_POINT('Ctrl Pts',(-3.06918125026071,12.4916560996438,0.596964571397009));
#1987=CARTESIAN_POINT('Ctrl Pts',(-2.85271831369347,12.5428023020244,0.596964571397009));
#1988=CARTESIAN_POINT('Ctrl Pts',(-2.63674896193165,12.588040238453,0.596964571397009));
#1989=CARTESIAN_POINT('Ctrl Pts',(-2.40915723857407,12.6357126504361,0.596964571397009));
#1990=CARTESIAN_POINT('Ctrl Pts',(-2.18211429495654,12.6768238167706,0.596964571397009));
#1991=CARTESIAN_POINT('Ctrl Pts',(-1.95612025988882,12.7116008300297,0.596964571397009));
#1992=CARTESIAN_POINT('Ctrl Pts',(-1.73601067052428,12.7454723174142,0.596964571397009));
#1993=CARTESIAN_POINT('Ctrl Pts',(-1.5168961317623,12.7733358507648,0.596964571397009));
#1994=CARTESIAN_POINT('Ctrl Pts',(-1.29919930814413,12.7954399412789,0.596964571397009));
#1995=CARTESIAN_POINT('Ctrl Pts',(-1.07903311285585,12.817794762208,0.596964571397009));
#1996=CARTESIAN_POINT('Ctrl Pts',(-0.860317205398475,12.834259144844,0.596964571397009));
#1997=CARTESIAN_POINT('Ctrl Pts',(-0.643445495586098,12.8451228109103,0.596964571397009));
#1998=CARTESIAN_POINT('Ctrl Pts',(-0.443632199921016,12.8551319767974,0.596964571397009));
#1999=CARTESIAN_POINT('Ctrl Pts',(-0.24538396668035,12.8603874710908,0.596964571397009));
#2000=CARTESIAN_POINT('Ctrl Pts',(-0.0489749415597067,12.8611353926571,
0.596964571397009));
#2001=CARTESIAN_POINT('Ctrl Pts',(-0.0352212566015505,12.8611877664092,
0.596964571397009));
#2002=CARTESIAN_POINT('Ctrl Pts',(-0.0214765770116202,12.8612180432568,
0.596964571397009));
#2003=CARTESIAN_POINT('Ctrl Pts',(-0.00774099087623488,12.8612263105125,
0.596964571397009));
#2004=CARTESIAN_POINT('Ctrl Pts',(0.00254031278423707,12.8612324986843,
0.596964571397009));
#2005=CARTESIAN_POINT('Ctrl Pts',(0.0128184100597022,12.8612263657572,0.596964571397009));
#2006=CARTESIAN_POINT('Ctrl Pts',(0.0231047789297978,12.8612078866003,0.596964571397009));
#2007=CARTESIAN_POINT('Ctrl Pts',(0.236407774382937,12.8608246940885,0.596964571397009));
#2008=CARTESIAN_POINT('Ctrl Pts',(0.451897481299375,12.8551292848151,0.596964571397009));
#2009=CARTESIAN_POINT('Ctrl Pts',(0.669221906016272,12.8438056733067,0.596964571397009));
#2010=CARTESIAN_POINT('Ctrl Pts',(0.884049736436595,12.8326121459523,0.596964571397009));
#2011=CARTESIAN_POINT('Ctrl Pts',(1.10067021720752,12.8159185837945,0.596964571397009));
#2012=CARTESIAN_POINT('Ctrl Pts',(1.31869974528702,12.7934449275767,0.596964571397009));
#2013=CARTESIAN_POINT('Ctrl Pts',(1.53439678774813,12.7712116951235,0.596964571397009));
#2014=CARTESIAN_POINT('Ctrl Pts',(1.75147267957293,12.7433209981988,0.596964571397009));
#2015=CARTESIAN_POINT('Ctrl Pts',(1.96951578750664,12.7095322374948,0.596964571397009));
#2016=CARTESIAN_POINT('Ctrl Pts',(2.18539986927049,12.6760780474145,0.596964571397009));
#2017=CARTESIAN_POINT('Ctrl Pts',(2.40223184369817,12.6368416683516,0.596964571397009));
#2018=CARTESIAN_POINT('Ctrl Pts',(2.61957607091501,12.5916251271171,0.596964571397009));
#2019=CARTESIAN_POINT('Ctrl Pts',(2.83494253563229,12.5468200418517,0.596964571397009));
#2020=CARTESIAN_POINT('Ctrl Pts',(3.05081166046104,12.496142821769,0.596964571397009));
#2021=CARTESIAN_POINT('Ctrl Pts',(3.26672822685147,12.4394408566081,0.596964571397009));
#2022=CARTESIAN_POINT('Ctrl Pts',(3.4808544166897,12.3832090631926,0.596964571397009));
#2023=CARTESIAN_POINT('Ctrl Pts',(3.69502690893302,12.3210517568417,0.596964571397009));
#2024=CARTESIAN_POINT('Ctrl Pts',(3.90877568918317,12.2528639405165,0.596964571397009));
#2025=CARTESIAN_POINT('Ctrl Pts',(4.12092580202913,12.1851861137182,0.596964571397009));
#2026=CARTESIAN_POINT('Ctrl Pts',(4.33265812482412,12.1115674296225,0.596964571397009));
#2027=CARTESIAN_POINT('Ctrl Pts',(4.54349292672969,12.0319522172387,0.596964571397009));
#2028=CARTESIAN_POINT('Ctrl Pts',(4.75292319851502,11.9528673820167,0.596964571397009));
#2029=CARTESIAN_POINT('Ctrl Pts',(4.96146744604995,11.8678654871441,0.596964571397009));
#2030=CARTESIAN_POINT('Ctrl Pts',(5.16864153175916,11.7769413197711,0.596964571397009));
#2031=CARTESIAN_POINT('Ctrl Pts',(5.37460568543609,11.6865481650595,0.596964571397009));
#2032=CARTESIAN_POINT('Ctrl Pts',(5.57921519193804,11.5903016107741,0.596964571397009));
#2033=CARTESIAN_POINT('Ctrl Pts',(5.7819869737937,11.4882474193429,0.596964571397009));
#2034=CARTESIAN_POINT('Ctrl Pts',(5.98374186881473,11.3867050228111,0.596964571397009));
#2035=CARTESIAN_POINT('Ctrl Pts',(6.1836769706359,11.279413057437,0.596964571397009));
#2036=CARTESIAN_POINT('Ctrl Pts',(6.38131580720506,11.1664681391151,0.596964571397009));
#2037=CARTESIAN_POINT('Ctrl Pts',(6.57812721678934,11.0539960715489,0.596964571397009));
#2038=CARTESIAN_POINT('Ctrl Pts',(6.77266109090354,10.9359183147066,0.596964571397009));
#2039=CARTESIAN_POINT('Ctrl Pts',(6.96445310412045,10.8123815643763,0.596964571397009));
#2040=CARTESIAN_POINT('Ctrl Pts',(7.1556015424065,10.6892593524526,0.596964571397009));
#2041=CARTESIAN_POINT('Ctrl Pts',(7.34402604044497,10.5607148171489,0.596964571397009));
#2042=CARTESIAN_POINT('Ctrl Pts',(7.52927987178829,10.4269433078655,0.596964571397009));
#2043=CARTESIAN_POINT('Ctrl Pts',(7.71406638935526,10.2935092451479,0.596964571397009));
#2044=CARTESIAN_POINT('Ctrl Pts',(7.89569778382486,10.1548747051823,0.596964571397009));
#2045=CARTESIAN_POINT('Ctrl Pts',(8.07375020622146,10.0112816232837,0.596964571397009));
#2046=CARTESIAN_POINT('Ctrl Pts',(8.25150207060405,9.86793093096298,0.596964571397009));
#2047=CARTESIAN_POINT('Ctrl Pts',(8.42568662930274,9.7196386432365,0.596964571397009));
#2048=CARTESIAN_POINT('Ctrl Pts',(8.59590793211991,9.5666905957952,0.596964571397009));
#2049=CARTESIAN_POINT('Ctrl Pts',(8.77153843539157,9.40888224806222,0.596964571397009));
#2050=CARTESIAN_POINT('Ctrl Pts',(8.94294919475658,9.24611760953866,0.596964571397009));
#2051=CARTESIAN_POINT('Ctrl Pts',(9.10974069510339,9.07875688633282,0.596964571397009));
#2052=CARTESIAN_POINT('Ctrl Pts',(9.27137011363627,8.91657586199551,0.596964571397009));
#2053=CARTESIAN_POINT('Ctrl Pts',(9.42866163099615,8.75007938712192,0.596964571397009));
#2054=CARTESIAN_POINT('Ctrl Pts',(9.58128933701495,8.57963267124892,0.596964571397009));
#2055=CARTESIAN_POINT('Ctrl Pts',(9.73409416815033,8.40898815122092,0.596964571397009));
#2056=CARTESIAN_POINT('Ctrl Pts',(9.88222407807405,8.23438458941611,0.596964571397009));
#2057=CARTESIAN_POINT('Ctrl Pts',(10.0253937802477,8.05622006179877,0.596964571397009));
#2058=CARTESIAN_POINT('Ctrl Pts',(10.1688419266872,7.87770903006544,0.596964571397009));
#2059=CARTESIAN_POINT('Ctrl Pts',(10.3073103307964,7.69562357791759,0.596964571397009));
#2060=CARTESIAN_POINT('Ctrl Pts',(10.4405577167013,7.5103899164682,0.596964571397009));
#2061=CARTESIAN_POINT('Ctrl Pts',(10.5741686079831,7.32465092854306,0.596964571397009));
#2062=CARTESIAN_POINT('Ctrl Pts',(10.7025297954773,7.13574696882635,0.596964571397009));
#2063=CARTESIAN_POINT('Ctrl Pts',(10.8254467985672,6.94412728458731,0.596964571397009));
#2064=CARTESIAN_POINT('Ctrl Pts',(10.9487951836267,6.75183510366564,0.596964571397009));
#2065=CARTESIAN_POINT('Ctrl Pts',(11.066661008844,6.55680855898473,0.596964571397009));
#2066=CARTESIAN_POINT('Ctrl Pts',(11.1788987287331,6.35951455269093,0.596964571397009));
#2067=CARTESIAN_POINT('Ctrl Pts',(11.2916178116071,6.16137439563902,0.596964571397009));
#2068=CARTESIAN_POINT('Ctrl Pts',(11.3986603818853,5.96094775022677,0.596964571397009));
#2069=CARTESIAN_POINT('Ctrl Pts',(11.4999312955545,5.75871360033516,0.596964571397009));
#2070=CARTESIAN_POINT('Ctrl Pts',(11.6017151707508,5.55545508584932,0.596964571397009));
#2071=CARTESIAN_POINT('Ctrl Pts',(11.6976688103404,5.3503711718736,0.596964571397009));
#2072=CARTESIAN_POINT('Ctrl Pts',(11.7877482498032,5.14394725210326,0.596964571397009));
#2073=CARTESIAN_POINT('Ctrl Pts',(11.8808816865623,4.93052486412934,0.596964571397009));
#2074=CARTESIAN_POINT('Ctrl Pts',(11.9677357186671,4.71567060332341,0.596964571397009));
#2075=CARTESIAN_POINT('Ctrl Pts',(12.048319046043,4.49991225446842,0.596964571397009));
#2076=CARTESIAN_POINT('Ctrl Pts',(12.127542495042,4.28779492073151,0.596964571397009));
#2077=CARTESIAN_POINT('Ctrl Pts',(12.2007054796432,4.07480414723301,0.596964571397009));
#2078=CARTESIAN_POINT('Ctrl Pts',(12.2678681383459,3.8614263521806,0.596964571397009));
#2079=CARTESIAN_POINT('Ctrl Pts',(12.3355098321306,3.64652664820573,0.596964571397009));
#2080=CARTESIAN_POINT('Ctrl Pts',(12.3970655338242,3.43123478554091,0.596964571397009));
#2081=CARTESIAN_POINT('Ctrl Pts',(12.452645413444,3.21602617218671,0.596964571397009));
#2082=CARTESIAN_POINT('Ctrl Pts',(12.5086592850049,2.99913711611681,0.596964571397009));
#2083=CARTESIAN_POINT('Ctrl Pts',(12.5586039331199,2.78233297731368,0.596964571397009));
#2084=CARTESIAN_POINT('Ctrl Pts',(12.6026375183112,2.56607281954595,0.596964571397009));
#2085=CARTESIAN_POINT('Ctrl Pts',(12.647289060419,2.34677771789027,0.596964571397009));
#2086=CARTESIAN_POINT('Ctrl Pts',(12.685862767541,2.12804232432857,0.596964571397009));
#2087=CARTESIAN_POINT('Ctrl Pts',(12.7185656356747,1.91031157254354,0.596964571397009));
#2088=CARTESIAN_POINT('Ctrl Pts',(12.7515287980013,1.69084782137537,0.596964571397009));
#2089=CARTESIAN_POINT('Ctrl Pts',(12.7785276796512,1.47240502825344,0.596964571397009));
#2090=CARTESIAN_POINT('Ctrl Pts',(12.7998114233608,1.25540019896518,0.596964571397009));
#2091=CARTESIAN_POINT('Ctrl Pts',(12.8214073446555,1.03521246893728,0.596964571397009));
#2092=CARTESIAN_POINT('Ctrl Pts',(12.8371196352048,0.816505440606969,0.596964571397009));
#2093=CARTESIAN_POINT('Ctrl Pts',(12.8472408164312,0.599671191389129,0.596964571397009));
#2094=CARTESIAN_POINT('Ctrl Pts',(12.856651011227,0.398068979366357,0.596964571397009));
#2095=CARTESIAN_POINT('Ctrl Pts',(12.8612286401089,0.198085281662495,0.596964571397009));
#2096=CARTESIAN_POINT('Ctrl Pts',(12.8612286401089,0.,0.596964571397009));
#2097=CARTESIAN_POINT('Ctrl Pts',(12.8612286401089,0.,0.596964571397009));
#2098=CARTESIAN_POINT('Ctrl Pts',(12.8612286401089,-0.213236443908354,0.596964571397009));
#2099=CARTESIAN_POINT('Ctrl Pts',(12.8559236987006,-0.428673347261737,0.596964571397009));
#2100=CARTESIAN_POINT('Ctrl Pts',(12.844996610577,-0.645959911623219,0.596964571397009));
#2101=CARTESIAN_POINT('Ctrl Pts',(12.8341971879026,-0.860707831970929,0.596964571397009));
#2102=CARTESIAN_POINT('Ctrl Pts',(12.817905820987,-1.07726229047295,0.596964571397009));
#2103=CARTESIAN_POINT('Ctrl Pts',(12.7958412382948,-1.2952409573175,0.596964571397009));
#2104=CARTESIAN_POINT('Ctrl Pts',(12.7740164415735,-1.51085074970905,0.596964571397009));
#2105=CARTESIAN_POINT('Ctrl Pts',(12.7465428478669,-1.72785375370193,0.596964571397009));
#2106=CARTESIAN_POINT('Ctrl Pts',(12.7131785995873,-1.94583967174951,0.596964571397009));
#2107=CARTESIAN_POINT('Ctrl Pts',(12.6801494957105,-2.1616359177947,0.596964571397009));
#2108=CARTESIAN_POINT('Ctrl Pts',(12.6413471363008,-2.37839516809667,0.596964571397009));
#2109=CARTESIAN_POINT('Ctrl Pts',(12.5965721968427,-2.59568315148225,0.596964571397009));
#2110=CARTESIAN_POINT('Ctrl Pts',(12.5522099248261,-2.81096850399291,0.596964571397009));
#2111=CARTESIAN_POINT('Ctrl Pts',(12.5019843451002,-3.02677257794536,0.596964571397009));
#2112=CARTESIAN_POINT('Ctrl Pts',(12.4457413656473,-3.24264151465652,0.596964571397009));
#2113=CARTESIAN_POINT('Ctrl Pts',(12.3899698321364,-3.45670097158518,0.596964571397009));
#2114=CARTESIAN_POINT('Ctrl Pts',(12.3282810871528,-3.67082385501087,0.596964571397009));
#2115=CARTESIAN_POINT('Ctrl Pts',(12.2605684965529,-3.88454144970723,0.596964571397009));
#2116=CARTESIAN_POINT('Ctrl Pts',(12.193366659404,-4.09664698085563,0.596964571397009));
#2117=CARTESIAN_POINT('Ctrl Pts',(12.1202312914676,-4.30835292431011,0.596964571397009));
#2118=CARTESIAN_POINT('Ctrl Pts',(12.0411049191513,-4.51918072875482,0.596964571397009));
#2119=CARTESIAN_POINT('Ctrl Pts',(11.9625086093325,-4.72859621124791,0.596964571397009));
#2120=CARTESIAN_POINT('Ctrl Pts',(11.8780011312541,-4.93714486114627,0.596964571397009));
#2121=CARTESIAN_POINT('Ctrl Pts',(11.7875753102416,-5.14434353815352,0.596964571397009));
#2122=CARTESIAN_POINT('Ctrl Pts',(11.6976785474195,-5.35032994906352,0.596964571397009));
#2123=CARTESIAN_POINT('Ctrl Pts',(11.6019323909434,-5.55498169704129,0.596964571397009));
#2124=CARTESIAN_POINT('Ctrl Pts',(11.5003805057845,-5.75781645724582,0.596964571397009));
#2125=CARTESIAN_POINT('Ctrl Pts',(11.3993362693427,-5.95963726477333,0.596964571397009));
#2126=CARTESIAN_POINT('Ctrl Pts',(11.2925441654476,-6.1596587522073,0.596964571397009));
#2127=CARTESIAN_POINT('Ctrl Pts',(11.1800986178559,-6.35740489729692,0.596964571397009));
#2128=CARTESIAN_POINT('Ctrl Pts',(11.0681190426545,-6.55433158580627,0.596964571397009));
#2129=CARTESIAN_POINT('Ctrl Pts',(10.9505328087532,-6.74900129500671,0.596964571397009));
#2130=CARTESIAN_POINT('Ctrl Pts',(10.8274843825829,-6.94094979653951,0.596964571397009));
#2131=CARTESIAN_POINT('Ctrl Pts',(10.704840357379,-7.13226745571265,0.596964571397009));
#2132=CARTESIAN_POINT('Ctrl Pts',(10.5767700757094,-7.32088131510035,0.596964571397009));
#2133=CARTESIAN_POINT('Ctrl Pts',(10.4434666926193,-7.50634435483146,0.596964571397009));
#2134=CARTESIAN_POINT('Ctrl Pts',(10.3104868485653,-7.69135725945174,0.596964571397009));
#2135=CARTESIAN_POINT('Ctrl Pts',(10.1722994300769,-7.87323418723577,0.596964571397009));
#2136=CARTESIAN_POINT('Ctrl Pts',(10.0291442974924,-8.05155058316309,0.596964571397009));
#2137=CARTESIAN_POINT('Ctrl Pts',(9.88621338428964,-8.22958768772784,0.596964571397009));
#2138=CARTESIAN_POINT('Ctrl Pts',(9.73833052285445,-8.40407499734023,0.596964571397009));
#2139=CARTESIAN_POINT('Ctrl Pts',(9.58577968644105,-8.57461543955019,0.596964571397009));
#2140=CARTESIAN_POINT('Ctrl Pts',(9.43333634432556,-8.74503571116303,0.596964571397009));
#2141=CARTESIAN_POINT('Ctrl Pts',(9.27623187688239,-8.91151430208044,0.596964571397009));
#2142=CARTESIAN_POINT('Ctrl Pts',(9.11479120040067,-9.07368632399517,0.596964571397009));
#2143=CARTESIAN_POINT('Ctrl Pts',(8.95332514689155,-9.23588383789824,0.596964571397009));
#2144=CARTESIAN_POINT('Ctrl Pts',(8.78752184587612,-9.39377309754564,0.596964571397009));
#2145=CARTESIAN_POINT('Ctrl Pts',(8.61774345172232,-9.54702571136454,0.596964571397009));
#2146=CARTESIAN_POINT('Ctrl Pts',(8.44779211270213,-9.70043443605345,0.596964571397009));
#2147=CARTESIAN_POINT('Ctrl Pts',(8.27385794754951,-9.84919678222472,0.596964571397009));
#2148=CARTESIAN_POINT('Ctrl Pts',(8.09633616120852,-9.99302471216126,0.596964571397009));
#2149=CARTESIAN_POINT('Ctrl Pts',(7.91848078612019,-10.1371229152849,0.596964571397009));
#2150=CARTESIAN_POINT('Ctrl Pts',(7.73702470043322,-10.2762679138917,0.596964571397009));
#2151=CARTESIAN_POINT('Ctrl Pts',(7.55239155119327,-10.4102153671585,0.596964571397009));
#2152=CARTESIAN_POINT('Ctrl Pts',(7.36725286166534,-10.5445295792353,0.596964571397009));
#2153=CARTESIAN_POINT('Ctrl Pts',(7.17892012157538,-10.6736175790683,0.596964571397009));
#2154=CARTESIAN_POINT('Ctrl Pts',(6.98784045993795,-10.7972815022862,0.596964571397009));
#2155=CARTESIAN_POINT('Ctrl Pts',(6.79607388969982,-10.9213899825634,0.596964571397009));
#2156=CARTESIAN_POINT('Ctrl Pts',(6.60154106672542,-11.04003521698,0.596964571397009));
#2157=CARTESIAN_POINT('Ctrl Pts',(6.40470736573979,-11.1530679946101,0.596964571397009));
#2158=CARTESIAN_POINT('Ctrl Pts',(6.20699795703546,-11.2666036519572,0.596964571397009));
#2159=CARTESIAN_POINT('Ctrl Pts',(6.00696761516907,-11.3744767667631,0.596964571397009));
#2160=CARTESIAN_POINT('Ctrl Pts',(5.80509452825771,-11.4765883280333,0.596964571397009));
#2161=CARTESIAN_POINT('Ctrl Pts',(5.6021515558885,-11.579241059383,0.596964571397009));
#2162=CARTESIAN_POINT('Ctrl Pts',(5.39734671751747,-11.676071036423,0.596964571397009));
#2163=CARTESIAN_POINT('Ctrl Pts',(5.1911654690765,-11.7670303477907,0.596964571397009));
#2164=CARTESIAN_POINT('Ctrl Pts',(4.98371686754991,-11.8585487670539,0.596964571397009));
#2165=CARTESIAN_POINT('Ctrl Pts',(4.77487533602889,-11.9441242238747,0.596964571397009));
#2166=CARTESIAN_POINT('Ctrl Pts',(4.56512802310911,-12.023760155034,0.596964571397009));
#2167=CARTESIAN_POINT('Ctrl Pts',(4.35391469504126,-12.1039526963342,0.596964571397009));
#2168=CARTESIAN_POINT('Ctrl Pts',(4.14178331321433,-12.1781225534348,0.596964571397009));
#2169=CARTESIAN_POINT('Ctrl Pts',(3.92921719688637,-12.2463241159481,0.596964571397009));
#2170=CARTESIAN_POINT('Ctrl Pts',(3.71498728171951,-12.3150595061591,0.596964571397009));
#2171=CARTESIAN_POINT('Ctrl Pts',(3.50031620540157,-12.3777330245103,0.596964571397009));
#2172=CARTESIAN_POINT('Ctrl Pts',(3.28567806897879,-12.434448993027,0.596964571397009));
#2173=CARTESIAN_POINT('Ctrl Pts',(3.06918125026178,-12.4916560996436,0.596964571397009));
#2174=CARTESIAN_POINT('Ctrl Pts',(2.85271831369508,-12.542802302024,0.596964571397009));
#2175=CARTESIAN_POINT('Ctrl Pts',(2.63674896193379,-12.5880402384525,0.596964571397009));
#2176=CARTESIAN_POINT('Ctrl Pts',(2.40915723857619,-12.6357126504357,0.596964571397009));
#2177=CARTESIAN_POINT('Ctrl Pts',(2.18211429495864,-12.6768238167702,0.596964571397009));
#2178=CARTESIAN_POINT('Ctrl Pts',(1.95612025989088,-12.7116008300294,0.596964571397009));
#2179=CARTESIAN_POINT('Ctrl Pts',(1.73601067052628,-12.7454723174139,0.596964571397009));
#2180=CARTESIAN_POINT('Ctrl Pts',(1.51689613176425,-12.7733358507646,0.596964571397009));
#2181=CARTESIAN_POINT('Ctrl Pts',(1.29919930814603,-12.7954399412787,0.596964571397009));
#2182=CARTESIAN_POINT('Ctrl Pts',(1.07903311285779,-12.8177947622078,0.596964571397009));
#2183=CARTESIAN_POINT('Ctrl Pts',(0.86031720540046,-12.8342591448438,0.596964571397009));
#2184=CARTESIAN_POINT('Ctrl Pts',(0.643445495588124,-12.8451228109102,0.596964571397009));
#2185=CARTESIAN_POINT('Ctrl Pts',(0.443632199923009,-12.8551319767973,0.596964571397009));
#2186=CARTESIAN_POINT('Ctrl Pts',(0.245383966682303,-12.8603874710908,0.596964571397009));
#2187=CARTESIAN_POINT('Ctrl Pts',(0.0489749415616246,-12.8611353926571,
0.596964571397009));
#2188=CARTESIAN_POINT('Ctrl Pts',(0.0352212566060164,-12.8611877664092,
0.596964571397009));
#2189=CARTESIAN_POINT('Ctrl Pts',(0.0214765770186235,-12.8612180432567,
0.596964571397009));
#2190=CARTESIAN_POINT('Ctrl Pts',(0.00774099088577948,-12.8612263105125,
0.596964571397009));
#2191=CARTESIAN_POINT('Ctrl Pts',(-0.00254031276131172,-12.8612324986843,
0.596964571397009));
#2192=CARTESIAN_POINT('Ctrl Pts',(-0.0128184100233755,-12.8612263657572,
0.596964571397009));
#2193=CARTESIAN_POINT('Ctrl Pts',(-0.0231047788800643,-12.8612078866004,
0.596964571397009));
#2194=CARTESIAN_POINT('Ctrl Pts',(-0.236407774332498,-12.8608246940894,
0.596964571397009));
#2195=CARTESIAN_POINT('Ctrl Pts',(-0.451897481248253,-12.8551292848168,
0.596964571397009));
#2196=CARTESIAN_POINT('Ctrl Pts',(-0.669221905964487,-12.8438056733094,
0.596964571397009));
#2197=CARTESIAN_POINT('Ctrl Pts',(-0.884049736384884,-12.8326121459559,
0.596964571397009));
#2198=CARTESIAN_POINT('Ctrl Pts',(-1.10067021715592,-12.8159185837989,0.596964571397009));
#2199=CARTESIAN_POINT('Ctrl Pts',(-1.31869974523556,-12.793444927582,0.596964571397009));
#2200=CARTESIAN_POINT('Ctrl Pts',(-1.53439678769646,-12.7712116951297,0.596964571397009));
#2201=CARTESIAN_POINT('Ctrl Pts',(-1.75147267952106,-12.743320998206,0.596964571397009));
#2202=CARTESIAN_POINT('Ctrl Pts',(-1.96951578745461,-12.7095322375029,0.596964571397009));
#2203=CARTESIAN_POINT('Ctrl Pts',(-2.18539986921836,-12.6760780474235,0.596964571397009));
#2204=CARTESIAN_POINT('Ctrl Pts',(-2.40223184364598,-12.6368416683615,0.596964571397009));
#2205=CARTESIAN_POINT('Ctrl Pts',(-2.61957607086279,-12.591625127128,0.596964571397009));
#2206=CARTESIAN_POINT('Ctrl Pts',(-2.83494253558016,-12.5468200418635,0.596964571397009));
#2207=CARTESIAN_POINT('Ctrl Pts',(-3.05081166040904,-12.4961428217817,0.596964571397009));
#2208=CARTESIAN_POINT('Ctrl Pts',(-3.26672822679963,-12.4394408566217,0.596964571397009));
#2209=CARTESIAN_POINT('Ctrl Pts',(-3.48085441663775,-12.3832090632072,0.596964571397009));
#2210=CARTESIAN_POINT('Ctrl Pts',(-3.69502690888101,-12.3210517568573,0.596964571397009));
#2211=CARTESIAN_POINT('Ctrl Pts',(-3.90877568913112,-12.2528639405331,0.596964571397009));
#2212=CARTESIAN_POINT('Ctrl Pts',(-4.12092580197737,-12.1851861137357,0.596964571397009));
#2213=CARTESIAN_POINT('Ctrl Pts',(-4.33265812477268,-12.1115674296409,0.596964571397009));
#2214=CARTESIAN_POINT('Ctrl Pts',(-4.54349292667862,-12.031952217258,0.596964571397009));
#2215=CARTESIAN_POINT('Ctrl Pts',(-4.75292319846437,-11.9528673820368,0.596964571397009));
#2216=CARTESIAN_POINT('Ctrl Pts',(-4.96146744599975,-11.8678654871651,0.596964571397009));
#2217=CARTESIAN_POINT('Ctrl Pts',(-5.16864153170946,-11.776941319793,0.596964571397009));
#2218=CARTESIAN_POINT('Ctrl Pts',(-5.37460568538673,-11.6865481650822,0.596964571397009));
#2219=CARTESIAN_POINT('Ctrl Pts',(-5.57921519188907,-11.5903016107976,0.596964571397009));
#2220=CARTESIAN_POINT('Ctrl Pts',(-5.78198697374515,-11.4882474193673,0.596964571397009));
#2221=CARTESIAN_POINT('Ctrl Pts',(-5.9837418687668,-11.3867050228362,0.596964571397009));
#2222=CARTESIAN_POINT('Ctrl Pts',(-6.18367697058863,-11.2794130574629,0.596964571397009));
#2223=CARTESIAN_POINT('Ctrl Pts',(-6.38131580715847,-11.1664681391418,0.596964571397009));
#2224=CARTESIAN_POINT('Ctrl Pts',(-6.57812721674353,-11.0539960715762,0.596964571397009));
#2225=CARTESIAN_POINT('Ctrl Pts',(-6.77266109085851,-10.9359183147345,0.596964571397009));
#2226=CARTESIAN_POINT('Ctrl Pts',(-6.96445310407624,-10.8123815644048,0.596964571397009));
#2227=CARTESIAN_POINT('Ctrl Pts',(-7.1556015423637,-10.6892593524813,0.596964571397009));
#2228=CARTESIAN_POINT('Ctrl Pts',(-7.34402604040358,-10.5607148171777,0.596964571397009));
#2229=CARTESIAN_POINT('Ctrl Pts',(-7.52927987174831,-10.4269433078944,0.596964571397009));
#2230=CARTESIAN_POINT('Ctrl Pts',(-7.71406638931515,-10.293509245178,0.596964571397009));
#2231=CARTESIAN_POINT('Ctrl Pts',(-7.89569778378468,-10.1548747052136,0.596964571397009));
#2232=CARTESIAN_POINT('Ctrl Pts',(-8.07375020618126,-10.0112816233161,0.596964571397009));
#2233=CARTESIAN_POINT('Ctrl Pts',(-8.25150207056437,-9.86793093099616,0.596964571397009));
#2234=CARTESIAN_POINT('Ctrl Pts',(-8.42568662926361,-9.71963864327042,0.596964571397009));
#2235=CARTESIAN_POINT('Ctrl Pts',(-8.59590793208136,-9.56669059582984,0.596964571397009));
#2236=CARTESIAN_POINT('Ctrl Pts',(-8.77153843535444,-9.40888224809687,0.596964571397009));
#2237=CARTESIAN_POINT('Ctrl Pts',(-8.94294919472085,-9.24611760957325,0.596964571397009));
#2238=CARTESIAN_POINT('Ctrl Pts',(-9.10974069506906,-9.07875688636727,0.596964571397009));
#2239=CARTESIAN_POINT('Ctrl Pts',(-9.27137011360247,-8.91657586203065,0.596964571397009));
#2240=CARTESIAN_POINT('Ctrl Pts',(-9.4286616309629,-8.75007938715773,0.596964571397009));
#2241=CARTESIAN_POINT('Ctrl Pts',(-9.58128933698229,-8.57963267128539,0.596964571397009));
#2242=CARTESIAN_POINT('Ctrl Pts',(-9.73409416811832,-8.40898815125798,0.596964571397009));
#2243=CARTESIAN_POINT('Ctrl Pts',(-9.8822240780427,-8.23438458945374,0.596964571397009));
#2244=CARTESIAN_POINT('Ctrl Pts',(-10.025393780217,-8.05622006183693,0.596964571397009));
#2245=CARTESIAN_POINT('Ctrl Pts',(-10.1688419266571,-7.87770903010433,0.596964571397009));
#2246=CARTESIAN_POINT('Ctrl Pts',(-10.3073103307668,-7.6956235779572,0.596964571397009));
#2247=CARTESIAN_POINT('Ctrl Pts',(-10.4405577166723,-7.5103899165085,0.596964571397009));
#2248=CARTESIAN_POINT('Ctrl Pts',(-10.5741686079548,-7.32465092858393,0.596964571397009));
#2249=CARTESIAN_POINT('Ctrl Pts',(-10.7025297954497,-7.13574696886776,0.596964571397009));
#2250=CARTESIAN_POINT('Ctrl Pts',(-10.8254467985403,-6.94412728462923,0.596964571397009));
#2251=CARTESIAN_POINT('Ctrl Pts',(-10.9487951836007,-6.75183510370775,0.596964571397009));
#2252=CARTESIAN_POINT('Ctrl Pts',(-11.066661008819,-6.556808559027,0.596964571397009));
#2253=CARTESIAN_POINT('Ctrl Pts',(-11.178898728709,-6.35951455273331,0.596964571397009));
#2254=CARTESIAN_POINT('Ctrl Pts',(-11.2916178115837,-6.16137439568198,0.596964571397009));
#2255=CARTESIAN_POINT('Ctrl Pts',(-11.3986603818626,-5.96094775027029,0.596964571397009));
#2256=CARTESIAN_POINT('Ctrl Pts',(-11.4999312955324,-5.75871360037919,0.596964571397009));
#2257=CARTESIAN_POINT('Ctrl Pts',(-11.6017151707293,-5.55545508589423,0.596964571397009));
#2258=CARTESIAN_POINT('Ctrl Pts',(-11.6976688103194,-5.35037117191935,0.596964571397009));
#2259=CARTESIAN_POINT('Ctrl Pts',(-11.7877482497828,-5.14394725214983,0.596964571397009));
#2260=CARTESIAN_POINT('Ctrl Pts',(-11.8808816865438,-4.93052486417418,0.596964571397009));
#2261=CARTESIAN_POINT('Ctrl Pts',(-11.9677357186502,-4.71567060336644,0.596964571397009));
#2262=CARTESIAN_POINT('Ctrl Pts',(-12.0483190460277,-4.4999122545096,0.596964571397009));
#2263=CARTESIAN_POINT('Ctrl Pts',(-12.1275424950274,-4.28779492077298,0.596964571397009));
#2264=CARTESIAN_POINT('Ctrl Pts',(-12.2007054796293,-4.07480414727474,0.596964571397009));
#2265=CARTESIAN_POINT('Ctrl Pts',(-12.2678681383327,-3.86142635222257,0.596964571397009));
#2266=CARTESIAN_POINT('Ctrl Pts',(-12.3355098321182,-3.64652664824768,0.596964571397009));
#2267=CARTESIAN_POINT('Ctrl Pts',(-12.3970655338126,-3.43123478558283,0.596964571397009));
#2268=CARTESIAN_POINT('Ctrl Pts',(-12.4526454134332,-3.21602617222856,0.596964571397009));
#2269=CARTESIAN_POINT('Ctrl Pts',(-12.5086592849949,-2.99913711615855,0.596964571397009));
#2270=CARTESIAN_POINT('Ctrl Pts',(-12.5586039331107,-2.78233297735528,0.596964571397009));
#2271=CARTESIAN_POINT('Ctrl Pts',(-12.6026375183028,-2.56607281958739,0.596964571397009));
#2272=CARTESIAN_POINT('Ctrl Pts',(-12.6472890604113,-2.3467777179317,0.596964571397009));
#2273=CARTESIAN_POINT('Ctrl Pts',(-12.685862767534,-2.12804232436994,0.596964571397009));
#2274=CARTESIAN_POINT('Ctrl Pts',(-12.7185656356685,-1.91031157258483,0.596964571397009));
#2275=CARTESIAN_POINT('Ctrl Pts',(-12.7515287979958,-1.69084782141637,0.596964571397009));
#2276=CARTESIAN_POINT('Ctrl Pts',(-12.7785276796466,-1.47240502829414,0.596964571397009));
#2277=CARTESIAN_POINT('Ctrl Pts',(-12.7998114233568,-1.25540019900554,0.596964571397009));
#2278=CARTESIAN_POINT('Ctrl Pts',(-12.8214073446523,-1.03521246897756,0.596964571397009));
#2279=CARTESIAN_POINT('Ctrl Pts',(-12.8371196352023,-0.81650544064714,0.596964571397009));
#2280=CARTESIAN_POINT('Ctrl Pts',(-12.8472408164294,-0.599671191429175,
0.596964571397009));
#2281=CARTESIAN_POINT('Ctrl Pts',(-12.8566510112264,-0.398068979392844,
0.596964571397009));
#2282=CARTESIAN_POINT('Ctrl Pts',(-12.8612286401089,-0.198085281675618,
0.596964571397009));
#2283=CARTESIAN_POINT('Ctrl Pts',(-12.8612286401089,-1.07362012273076E-14,
0.596964571397009));
#2284=CARTESIAN_POINT('',(12.957132034356,-1.58679102720037E-15,0.692867965644038));
#2285=CARTESIAN_POINT('Ctrl Pts',(0.,0.,-0.300047617358759));
#2286=CARTESIAN_POINT('Ctrl Pts',(0.,0.,-0.300047617358759));
#2287=CARTESIAN_POINT('Ctrl Pts',(0.,0.,-0.300047617358759));
#2288=CARTESIAN_POINT('Ctrl Pts',(0.,0.,-0.300047617358759));
#2289=CARTESIAN_POINT('Ctrl Pts',(0.,0.,-0.300047617358759));
#2290=CARTESIAN_POINT('Ctrl Pts',(0.,0.,-0.300047617358759));
#2291=CARTESIAN_POINT('Ctrl Pts',(0.,0.,-0.300047617358759));
#2292=CARTESIAN_POINT('Ctrl Pts',(0.,0.,-0.300047617358759));
#2293=CARTESIAN_POINT('Ctrl Pts',(0.,0.,-0.300047617358759));
#2294=CARTESIAN_POINT('Ctrl Pts',(-0.00178149794823717,0.,-0.300015874971867));
#2295=CARTESIAN_POINT('Ctrl Pts',(-0.00178149794823717,0.00178149794823717,
-0.300015874971867));
#2296=CARTESIAN_POINT('Ctrl Pts',(0.,0.00178149794823717,-0.300015874971867));
#2297=CARTESIAN_POINT('Ctrl Pts',(0.00178149794823717,0.00178149794823717,
-0.300015874971867));
#2298=CARTESIAN_POINT('Ctrl Pts',(0.00178149794823717,0.,-0.300015874971867));
#2299=CARTESIAN_POINT('Ctrl Pts',(0.00178149794823717,-0.00178149794823717,
-0.300015874971867));
#2300=CARTESIAN_POINT('Ctrl Pts',(0.,-0.00178149794823717,-0.300015874971867));
#2301=CARTESIAN_POINT('Ctrl Pts',(-0.00178149794823717,-0.00178149794823717,
-0.300015874971867));
#2302=CARTESIAN_POINT('Ctrl Pts',(-0.00178149794823717,0.,-0.300015874971867));
#2303=CARTESIAN_POINT('Ctrl Pts',(-0.00356299589647433,0.,-0.299984132584976));
#2304=CARTESIAN_POINT('Ctrl Pts',(-0.00356299589647433,0.00356299589647433,
-0.299984132584976));
#2305=CARTESIAN_POINT('Ctrl Pts',(0.,0.00356299589647433,-0.299984132584976));
#2306=CARTESIAN_POINT('Ctrl Pts',(0.00356299589647433,0.00356299589647433,
-0.299984132584976));
#2307=CARTESIAN_POINT('Ctrl Pts',(0.00356299589647433,0.,-0.299984132584976));
#2308=CARTESIAN_POINT('Ctrl Pts',(0.00356299589647433,-0.00356299589647433,
-0.299984132584976));
#2309=CARTESIAN_POINT('Ctrl Pts',(0.,-0.00356299589647433,-0.299984132584976));
#2310=CARTESIAN_POINT('Ctrl Pts',(-0.00356299589647433,-0.00356299589647433,
-0.299984132584976));
#2311=CARTESIAN_POINT('Ctrl Pts',(-0.00356299589647433,0.,-0.299984132584976));
#2312=CARTESIAN_POINT('Ctrl Pts',(-0.0053444938447115,0.,-0.299952390198084));
#2313=CARTESIAN_POINT('Ctrl Pts',(-0.0053444938447115,0.0053444938447115,
-0.299952390198084));
#2314=CARTESIAN_POINT('Ctrl Pts',(0.,0.0053444938447115,-0.299952390198084));
#2315=CARTESIAN_POINT('Ctrl Pts',(0.0053444938447115,0.0053444938447115,
-0.299952390198084));
#2316=CARTESIAN_POINT('Ctrl Pts',(0.0053444938447115,0.,-0.299952390198084));
#2317=CARTESIAN_POINT('Ctrl Pts',(0.0053444938447115,-0.0053444938447115,
-0.299952390198084));
#2318=CARTESIAN_POINT('Ctrl Pts',(0.,-0.0053444938447115,-0.299952390198084));
#2319=CARTESIAN_POINT('Ctrl Pts',(-0.0053444938447115,-0.0053444938447115,
-0.299952390198084));
#2320=CARTESIAN_POINT('Ctrl Pts',(-0.0053444938447115,0.,-0.299952390198084));
#2321=CARTESIAN_POINT('Ctrl Pts',(-1.37831227516009,0.,-0.275489115038378));
#2322=CARTESIAN_POINT('Ctrl Pts',(-1.37831227516009,1.37831227516009,-0.275489115038378));
#2323=CARTESIAN_POINT('Ctrl Pts',(0.,1.37831227516009,-0.275489115038378));
#2324=CARTESIAN_POINT('Ctrl Pts',(1.37831227516009,1.37831227516009,-0.275489115038378));
#2325=CARTESIAN_POINT('Ctrl Pts',(1.37831227516009,0.,-0.275489115038378));
#2326=CARTESIAN_POINT('Ctrl Pts',(1.37831227516009,-1.37831227516009,-0.275489115038378));
#2327=CARTESIAN_POINT('Ctrl Pts',(0.,-1.37831227516009,-0.275489115038378));
#2328=CARTESIAN_POINT('Ctrl Pts',(-1.37831227516009,-1.37831227516009,-0.275489115038378));
#2329=CARTESIAN_POINT('Ctrl Pts',(-1.37831227516009,0.,-0.275489115038378));
#2330=CARTESIAN_POINT('Ctrl Pts',(-2.76153154825965,0.,-0.273849163047707));
#2331=CARTESIAN_POINT('Ctrl Pts',(-2.76153154825965,2.76153154825965,-0.273849163047707));
#2332=CARTESIAN_POINT('Ctrl Pts',(0.,2.76153154825965,-0.273849163047707));
#2333=CARTESIAN_POINT('Ctrl Pts',(2.76153154825965,2.76153154825965,-0.273849163047707));
#2334=CARTESIAN_POINT('Ctrl Pts',(2.76153154825965,0.,-0.273849163047707));
#2335=CARTESIAN_POINT('Ctrl Pts',(2.76153154825965,-2.76153154825965,-0.273849163047707));
#2336=CARTESIAN_POINT('Ctrl Pts',(0.,-2.76153154825965,-0.273849163047707));
#2337=CARTESIAN_POINT('Ctrl Pts',(-2.76153154825965,-2.76153154825965,-0.273849163047707));
#2338=CARTESIAN_POINT('Ctrl Pts',(-2.76153154825965,0.,-0.273849163047707));
#2339=CARTESIAN_POINT('Ctrl Pts',(-4.14778110240273,0.,-0.211092483691782));
#2340=CARTESIAN_POINT('Ctrl Pts',(-4.14778110240273,4.14778110240273,-0.211092483691782));
#2341=CARTESIAN_POINT('Ctrl Pts',(0.,4.14778110240273,-0.211092483691782));
#2342=CARTESIAN_POINT('Ctrl Pts',(4.14778110240273,4.14778110240273,-0.211092483691782));
#2343=CARTESIAN_POINT('Ctrl Pts',(4.14778110240273,0.,-0.211092483691782));
#2344=CARTESIAN_POINT('Ctrl Pts',(4.14778110240273,-4.14778110240273,-0.211092483691782));
#2345=CARTESIAN_POINT('Ctrl Pts',(0.,-4.14778110240273,-0.211092483691782));
#2346=CARTESIAN_POINT('Ctrl Pts',(-4.14778110240273,-4.14778110240273,-0.211092483691782));
#2347=CARTESIAN_POINT('Ctrl Pts',(-4.14778110240273,0.,-0.211092483691782));
#2348=CARTESIAN_POINT('Ctrl Pts',(-5.42234099158882,0.,-0.153392089093625));
#2349=CARTESIAN_POINT('Ctrl Pts',(-5.42234099158882,5.42234099158882,-0.153392089093625));
#2350=CARTESIAN_POINT('Ctrl Pts',(0.,5.42234099158882,-0.153392089093625));
#2351=CARTESIAN_POINT('Ctrl Pts',(5.42234099158882,5.42234099158882,-0.153392089093625));
#2352=CARTESIAN_POINT('Ctrl Pts',(5.42234099158882,0.,-0.153392089093625));
#2353=CARTESIAN_POINT('Ctrl Pts',(5.42234099158882,-5.42234099158882,-0.153392089093625));
#2354=CARTESIAN_POINT('Ctrl Pts',(0.,-5.42234099158882,-0.153392089093625));
#2355=CARTESIAN_POINT('Ctrl Pts',(-5.42234099158882,-5.42234099158882,-0.153392089093625));
#2356=CARTESIAN_POINT('Ctrl Pts',(-5.42234099158882,0.,-0.153392089093625));
#2357=CARTESIAN_POINT('Ctrl Pts',(-6.67092518036398,0.,-0.067091173421296));
#2358=CARTESIAN_POINT('Ctrl Pts',(-6.67092518036398,6.67092518036398,-0.067091173421296));
#2359=CARTESIAN_POINT('Ctrl Pts',(0.,6.67092518036398,-0.067091173421296));
#2360=CARTESIAN_POINT('Ctrl Pts',(6.67092518036398,6.67092518036398,-0.067091173421296));
#2361=CARTESIAN_POINT('Ctrl Pts',(6.67092518036398,0.,-0.067091173421296));
#2362=CARTESIAN_POINT('Ctrl Pts',(6.67092518036398,-6.67092518036398,-0.067091173421296));
#2363=CARTESIAN_POINT('Ctrl Pts',(0.,-6.67092518036398,-0.067091173421296));
#2364=CARTESIAN_POINT('Ctrl Pts',(-6.67092518036398,-6.67092518036398,-0.067091173421296));
#2365=CARTESIAN_POINT('Ctrl Pts',(-6.67092518036398,0.,-0.067091173421296));
#2366=CARTESIAN_POINT('Ctrl Pts',(-7.94655518277202,0.,0.0376372930781719));
#2367=CARTESIAN_POINT('Ctrl Pts',(-7.94655518277202,7.94655518277202,0.0376372930781719));
#2368=CARTESIAN_POINT('Ctrl Pts',(0.,7.94655518277202,0.0376372930781719));
#2369=CARTESIAN_POINT('Ctrl Pts',(7.94655518277202,7.94655518277202,0.0376372930781719));
#2370=CARTESIAN_POINT('Ctrl Pts',(7.94655518277202,0.,0.0376372930781719));
#2371=CARTESIAN_POINT('Ctrl Pts',(7.94655518277202,-7.94655518277202,0.0376372930781719));
#2372=CARTESIAN_POINT('Ctrl Pts',(0.,-7.94655518277202,0.0376372930781719));
#2373=CARTESIAN_POINT('Ctrl Pts',(-7.94655518277202,-7.94655518277202,0.0376372930781719));
#2374=CARTESIAN_POINT('Ctrl Pts',(-7.94655518277202,0.,0.0376372930781719));
#2375=CARTESIAN_POINT('Ctrl Pts',(-9.40425765035349,0.,0.157313800963775));
#2376=CARTESIAN_POINT('Ctrl Pts',(-9.40425765035349,9.40425765035349,0.157313800963775));
#2377=CARTESIAN_POINT('Ctrl Pts',(0.,9.40425765035349,0.157313800963775));
#2378=CARTESIAN_POINT('Ctrl Pts',(9.40425765035349,9.40425765035349,0.157313800963775));
#2379=CARTESIAN_POINT('Ctrl Pts',(9.40425765035349,0.,0.157313800963775));
#2380=CARTESIAN_POINT('Ctrl Pts',(9.40425765035349,-9.40425765035349,0.157313800963775));
#2381=CARTESIAN_POINT('Ctrl Pts',(0.,-9.40425765035349,0.157313800963775));
#2382=CARTESIAN_POINT('Ctrl Pts',(-9.40425765035349,-9.40425765035349,0.157313800963775));
#2383=CARTESIAN_POINT('Ctrl Pts',(-9.40425765035349,0.,0.157313800963775));
#2384=CARTESIAN_POINT('Ctrl Pts',(-10.8434064584722,0.,0.324104137262448));
#2385=CARTESIAN_POINT('Ctrl Pts',(-10.8434064584722,10.8434064584722,0.324104137262448));
#2386=CARTESIAN_POINT('Ctrl Pts',(0.,10.8434064584722,0.324104137262448));
#2387=CARTESIAN_POINT('Ctrl Pts',(10.8434064584722,10.8434064584722,0.324104137262448));
#2388=CARTESIAN_POINT('Ctrl Pts',(10.8434064584722,0.,0.324104137262448));
#2389=CARTESIAN_POINT('Ctrl Pts',(10.8434064584722,-10.8434064584722,0.324104137262448));
#2390=CARTESIAN_POINT('Ctrl Pts',(0.,-10.8434064584722,0.324104137262448));
#2391=CARTESIAN_POINT('Ctrl Pts',(-10.8434064584722,-10.8434064584722,0.324104137262448));
#2392=CARTESIAN_POINT('Ctrl Pts',(-10.8434064584722,0.,0.324104137262448));
#2393=CARTESIAN_POINT('Ctrl Pts',(-12.2820008145162,0.,0.516913456192002));
#2394=CARTESIAN_POINT('Ctrl Pts',(-12.2820008145162,12.2820008145162,0.516913456192002));
#2395=CARTESIAN_POINT('Ctrl Pts',(0.,12.2820008145162,0.516913456192002));
#2396=CARTESIAN_POINT('Ctrl Pts',(12.2820008145162,12.2820008145162,0.516913456192002));
#2397=CARTESIAN_POINT('Ctrl Pts',(12.2820008145162,0.,0.516913456192002));
#2398=CARTESIAN_POINT('Ctrl Pts',(12.2820008145162,-12.2820008145162,0.516913456192002));
#2399=CARTESIAN_POINT('Ctrl Pts',(0.,-12.2820008145162,0.516913456192002));
#2400=CARTESIAN_POINT('Ctrl Pts',(-12.2820008145162,-12.2820008145162,0.516913456192002));
#2401=CARTESIAN_POINT('Ctrl Pts',(-12.2820008145162,0.,0.516913456192002));
#2402=CARTESIAN_POINT('Ctrl Pts',(-12.4425731663937,0.,0.538434356558626));
#2403=CARTESIAN_POINT('Ctrl Pts',(-12.4425731663937,12.4425731663937,0.538434356558626));
#2404=CARTESIAN_POINT('Ctrl Pts',(0.,12.4425731663937,0.538434356558626));
#2405=CARTESIAN_POINT('Ctrl Pts',(12.4425731663937,12.4425731663937,0.538434356558626));
#2406=CARTESIAN_POINT('Ctrl Pts',(12.4425731663937,0.,0.538434356558626));
#2407=CARTESIAN_POINT('Ctrl Pts',(12.4425731663937,-12.4425731663937,0.538434356558626));
#2408=CARTESIAN_POINT('Ctrl Pts',(0.,-12.4425731663937,0.538434356558626));
#2409=CARTESIAN_POINT('Ctrl Pts',(-12.4425731663937,-12.4425731663937,0.538434356558626));
#2410=CARTESIAN_POINT('Ctrl Pts',(-12.4425731663937,0.,0.538434356558626));
#2411=CARTESIAN_POINT('Ctrl Pts',(-12.6025688940028,0.,0.560444566648719));
#2412=CARTESIAN_POINT('Ctrl Pts',(-12.6025688940028,12.6025688940028,0.560444566648719));
#2413=CARTESIAN_POINT('Ctrl Pts',(0.,12.6025688940028,0.560444566648719));
#2414=CARTESIAN_POINT('Ctrl Pts',(12.6025688940028,12.6025688940028,0.560444566648719));
#2415=CARTESIAN_POINT('Ctrl Pts',(12.6025688940028,0.,0.560444566648719));
#2416=CARTESIAN_POINT('Ctrl Pts',(12.6025688940028,-12.6025688940028,0.560444566648719));
#2417=CARTESIAN_POINT('Ctrl Pts',(0.,-12.6025688940028,0.560444566648719));
#2418=CARTESIAN_POINT('Ctrl Pts',(-12.6025688940028,-12.6025688940028,0.560444566648719));
#2419=CARTESIAN_POINT('Ctrl Pts',(-12.6025688940028,0.,0.560444566648719));
#2420=CARTESIAN_POINT('Ctrl Pts',(-12.7619408381804,0.,0.582946189903701));
#2421=CARTESIAN_POINT('Ctrl Pts',(-12.7619408381804,12.7619408381804,0.582946189903701));
#2422=CARTESIAN_POINT('Ctrl Pts',(0.,12.7619408381804,0.582946189903701));
#2423=CARTESIAN_POINT('Ctrl Pts',(12.7619408381804,12.7619408381804,0.582946189903701));
#2424=CARTESIAN_POINT('Ctrl Pts',(12.7619408381804,0.,0.582946189903701));
#2425=CARTESIAN_POINT('Ctrl Pts',(12.7619408381804,-12.7619408381804,0.582946189903701));
#2426=CARTESIAN_POINT('Ctrl Pts',(0.,-12.7619408381804,0.582946189903701));
#2427=CARTESIAN_POINT('Ctrl Pts',(-12.7619408381804,-12.7619408381804,0.582946189903701));
#2428=CARTESIAN_POINT('Ctrl Pts',(-12.7619408381804,0.,0.582946189903701));
#2429=CARTESIAN_POINT('Ctrl Pts',(-12.8443154367008,0.,0.594576606984022));
#2430=CARTESIAN_POINT('Ctrl Pts',(-12.8443154367008,12.8443154367008,0.594576606984022));
#2431=CARTESIAN_POINT('Ctrl Pts',(0.,12.8443154367008,0.594576606984022));
#2432=CARTESIAN_POINT('Ctrl Pts',(12.8443154367008,12.8443154367008,0.594576606984022));
#2433=CARTESIAN_POINT('Ctrl Pts',(12.8443154367008,0.,0.594576606984022));
#2434=CARTESIAN_POINT('Ctrl Pts',(12.8443154367008,-12.8443154367008,0.594576606984022));
#2435=CARTESIAN_POINT('Ctrl Pts',(0.,-12.8443154367008,0.594576606984022));
#2436=CARTESIAN_POINT('Ctrl Pts',(-12.8443154367008,-12.8443154367008,0.594576606984022));
#2437=CARTESIAN_POINT('Ctrl Pts',(-12.8443154367008,0.,0.594576606984022));
#2438=CARTESIAN_POINT('Ctrl Pts',(-12.9266900352212,0.,0.606207024064344));
#2439=CARTESIAN_POINT('Ctrl Pts',(-12.9266900352212,12.9266900352212,0.606207024064344));
#2440=CARTESIAN_POINT('Ctrl Pts',(0.,12.9266900352212,0.606207024064344));
#2441=CARTESIAN_POINT('Ctrl Pts',(12.9266900352212,12.9266900352212,0.606207024064344));
#2442=CARTESIAN_POINT('Ctrl Pts',(12.9266900352212,0.,0.606207024064344));
#2443=CARTESIAN_POINT('Ctrl Pts',(12.9266900352212,-12.9266900352212,0.606207024064344));
#2444=CARTESIAN_POINT('Ctrl Pts',(0.,-12.9266900352212,0.606207024064344));
#2445=CARTESIAN_POINT('Ctrl Pts',(-12.9266900352212,-12.9266900352212,0.606207024064344));
#2446=CARTESIAN_POINT('Ctrl Pts',(-12.9266900352212,0.,0.606207024064344));
#2447=CARTESIAN_POINT('Ctrl Pts',(-13.0090646337417,0.,0.617837441144665));
#2448=CARTESIAN_POINT('Ctrl Pts',(-13.0090646337417,13.0090646337417,0.617837441144665));
#2449=CARTESIAN_POINT('Ctrl Pts',(0.,13.0090646337417,0.617837441144665));
#2450=CARTESIAN_POINT('Ctrl Pts',(13.0090646337417,13.0090646337417,0.617837441144665));
#2451=CARTESIAN_POINT('Ctrl Pts',(13.0090646337417,0.,0.617837441144665));
#2452=CARTESIAN_POINT('Ctrl Pts',(13.0090646337417,-13.0090646337417,0.617837441144665));
#2453=CARTESIAN_POINT('Ctrl Pts',(0.,-13.0090646337417,0.617837441144665));
#2454=CARTESIAN_POINT('Ctrl Pts',(-13.0090646337417,-13.0090646337417,0.617837441144665));
#2455=CARTESIAN_POINT('Ctrl Pts',(-13.0090646337417,0.,0.617837441144665));
#2456=CARTESIAN_POINT('',(0.,0.,-0.300047617358759));
#2457=CARTESIAN_POINT('Ctrl Pts',(0.,0.,-0.300047617358759));
#2458=CARTESIAN_POINT('Ctrl Pts',(-0.00178149794823717,0.,-0.300015874971867));
#2459=CARTESIAN_POINT('Ctrl Pts',(-0.00356299589647433,0.,-0.299984132584976));
#2460=CARTESIAN_POINT('Ctrl Pts',(-0.0053444938447115,0.,-0.299952390198084));
#2461=CARTESIAN_POINT('Ctrl Pts',(-1.37831227516009,0.,-0.275489115038378));
#2462=CARTESIAN_POINT('Ctrl Pts',(-2.76153154825965,0.,-0.273849163047707));
#2463=CARTESIAN_POINT('Ctrl Pts',(-4.14778110240273,0.,-0.211092483691782));
#2464=CARTESIAN_POINT('Ctrl Pts',(-5.42234099158882,0.,-0.153392089093625));
#2465=CARTESIAN_POINT('Ctrl Pts',(-6.67092518036398,0.,-0.067091173421296));
#2466=CARTESIAN_POINT('Ctrl Pts',(-7.94655518277202,0.,0.0376372930781719));
#2467=CARTESIAN_POINT('Ctrl Pts',(-9.40425765035349,0.,0.157313800963775));
#2468=CARTESIAN_POINT('Ctrl Pts',(-10.8434064584722,0.,0.324104137262448));
#2469=CARTESIAN_POINT('Ctrl Pts',(-12.2820008145162,0.,0.516913456192002));
#2470=CARTESIAN_POINT('Ctrl Pts',(-12.4425731663937,0.,0.538434356558626));
#2471=CARTESIAN_POINT('Ctrl Pts',(-12.6025688940028,0.,0.560444566648719));
#2472=CARTESIAN_POINT('Ctrl Pts',(-12.7619408381804,0.,0.582946189903701));
#2473=CARTESIAN_POINT('Ctrl Pts',(-12.7950367721566,0.,0.587618983734803));
#2474=CARTESIAN_POINT('Ctrl Pts',(-12.8281327061327,0.,0.592291777565906));
#2475=CARTESIAN_POINT('Ctrl Pts',(-12.8612286401089,0.,0.596964571397008));
#2476=CARTESIAN_POINT('Ctrl Pts',(0.,0.,0.));
#2477=CARTESIAN_POINT('Ctrl Pts',(0.,0.,0.));
#2478=CARTESIAN_POINT('Ctrl Pts',(0.,0.,0.));
#2479=CARTESIAN_POINT('Ctrl Pts',(0.,0.,0.));
#2480=CARTESIAN_POINT('Ctrl Pts',(0.,0.,0.));
#2481=CARTESIAN_POINT('Ctrl Pts',(0.,0.,0.));
#2482=CARTESIAN_POINT('Ctrl Pts',(0.,0.,0.));
#2483=CARTESIAN_POINT('Ctrl Pts',(0.,0.,0.));
#2484=CARTESIAN_POINT('Ctrl Pts',(0.,0.,0.));
#2485=CARTESIAN_POINT('Ctrl Pts',(-0.0393253344363794,0.,0.000700691225356314));
#2486=CARTESIAN_POINT('Ctrl Pts',(-0.0393253344363794,0.0393253344363794,
0.000700691225356314));
#2487=CARTESIAN_POINT('Ctrl Pts',(0.,0.0393253344363794,0.000700691225356299));
#2488=CARTESIAN_POINT('Ctrl Pts',(0.0393253344363794,0.0393253344363794,
0.000700691225356285));
#2489=CARTESIAN_POINT('Ctrl Pts',(0.0393253344363794,0.,0.000700691225356285));
#2490=CARTESIAN_POINT('Ctrl Pts',(0.0393253344363794,-0.0393253344363794,
0.000700691225356285));
#2491=CARTESIAN_POINT('Ctrl Pts',(0.,-0.0393253344363794,0.000700691225356299));
#2492=CARTESIAN_POINT('Ctrl Pts',(-0.0393253344363794,-0.0393253344363794,
0.000700691225356314));
#2493=CARTESIAN_POINT('Ctrl Pts',(-0.0393253344363794,0.,0.000700691225356314));
#2494=CARTESIAN_POINT('Ctrl Pts',(-0.117954462876227,0.,0.00203694613273983));
#2495=CARTESIAN_POINT('Ctrl Pts',(-0.117954462876227,0.117954462876227,
0.00203694613273983));
#2496=CARTESIAN_POINT('Ctrl Pts',(0.,0.117954462876227,0.00203694613273984));
#2497=CARTESIAN_POINT('Ctrl Pts',(0.117954462876227,0.117954462876227,0.00203694613273986));
#2498=CARTESIAN_POINT('Ctrl Pts',(0.117954462876227,0.,0.00203694613273986));
#2499=CARTESIAN_POINT('Ctrl Pts',(0.117954462876227,-0.117954462876227,
0.00203694613273986));
#2500=CARTESIAN_POINT('Ctrl Pts',(0.,-0.117954462876227,0.00203694613273984));
#2501=CARTESIAN_POINT('Ctrl Pts',(-0.117954462876227,-0.117954462876227,
0.00203694613273983));
#2502=CARTESIAN_POINT('Ctrl Pts',(-0.117954462876227,0.,0.00203694613273983));
#2503=CARTESIAN_POINT('Ctrl Pts',(-0.235833534195787,0.,0.00384594574390731));
#2504=CARTESIAN_POINT('Ctrl Pts',(-0.235833534195787,0.235833534195787,
0.00384594574390731));
#2505=CARTESIAN_POINT('Ctrl Pts',(0.,0.235833534195787,0.00384594574390731));
#2506=CARTESIAN_POINT('Ctrl Pts',(0.235833534195787,0.235833534195787,0.00384594574390732));
#2507=CARTESIAN_POINT('Ctrl Pts',(0.235833534195787,0.,0.00384594574390732));
#2508=CARTESIAN_POINT('Ctrl Pts',(0.235833534195787,-0.235833534195787,
0.00384594574390732));
#2509=CARTESIAN_POINT('Ctrl Pts',(0.,-0.235833534195787,0.00384594574390731));
#2510=CARTESIAN_POINT('Ctrl Pts',(-0.235833534195787,-0.235833534195787,
0.00384594574390731));
#2511=CARTESIAN_POINT('Ctrl Pts',(-0.235833534195787,0.,0.00384594574390731));
#2512=CARTESIAN_POINT('Ctrl Pts',(-0.392876337135281,0.,0.00586703009756313));
#2513=CARTESIAN_POINT('Ctrl Pts',(-0.392876337135281,0.392876337135281,
0.00586703009756313));
#2514=CARTESIAN_POINT('Ctrl Pts',(0.,0.392876337135281,0.00586703009756311));
#2515=CARTESIAN_POINT('Ctrl Pts',(0.392876337135281,0.392876337135281,0.0058670300975631));
#2516=CARTESIAN_POINT('Ctrl Pts',(0.392876337135281,0.,0.0058670300975631));
#2517=CARTESIAN_POINT('Ctrl Pts',(0.392876337135281,-0.392876337135281,
0.0058670300975631));
#2518=CARTESIAN_POINT('Ctrl Pts',(0.,-0.392876337135281,0.00586703009756311));
#2519=CARTESIAN_POINT('Ctrl Pts',(-0.392876337135281,-0.392876337135281,
0.00586703009756313));
#2520=CARTESIAN_POINT('Ctrl Pts',(-0.392876337135281,0.,0.00586703009756313));
#2521=CARTESIAN_POINT('Ctrl Pts',(-0.588972236020243,0.,0.00776552418873617));
#2522=CARTESIAN_POINT('Ctrl Pts',(-0.588972236020243,0.588972236020243,
0.00776552418873617));
#2523=CARTESIAN_POINT('Ctrl Pts',(0.,0.588972236020243,0.00776552418873616));
#2524=CARTESIAN_POINT('Ctrl Pts',(0.588972236020243,0.588972236020243,0.00776552418873615));
#2525=CARTESIAN_POINT('Ctrl Pts',(0.588972236020243,0.,0.00776552418873615));
#2526=CARTESIAN_POINT('Ctrl Pts',(0.588972236020243,-0.588972236020243,
0.00776552418873615));
#2527=CARTESIAN_POINT('Ctrl Pts',(0.,-0.588972236020243,0.00776552418873616));
#2528=CARTESIAN_POINT('Ctrl Pts',(-0.588972236020243,-0.588972236020243,
0.00776552418873617));
#2529=CARTESIAN_POINT('Ctrl Pts',(-0.588972236020243,0.,0.00776552418873617));
#2530=CARTESIAN_POINT('Ctrl Pts',(-0.784884692219556,0.,0.00910870666351163));
#2531=CARTESIAN_POINT('Ctrl Pts',(-0.784884692219556,0.784884692219556,
0.00910870666351163));
#2532=CARTESIAN_POINT('Ctrl Pts',(0.,0.784884692219556,0.00910870666351163));
#2533=CARTESIAN_POINT('Ctrl Pts',(0.784884692219556,0.784884692219556,0.00910870666351163));
#2534=CARTESIAN_POINT('Ctrl Pts',(0.784884692219556,0.,0.00910870666351163));
#2535=CARTESIAN_POINT('Ctrl Pts',(0.784884692219556,-0.784884692219556,
0.00910870666351163));
#2536=CARTESIAN_POINT('Ctrl Pts',(0.,-0.784884692219556,0.00910870666351163));
#2537=CARTESIAN_POINT('Ctrl Pts',(-0.784884692219556,-0.784884692219556,
0.00910870666351163));
#2538=CARTESIAN_POINT('Ctrl Pts',(-0.784884692219556,0.,0.00910870666351163));
#2539=CARTESIAN_POINT('Ctrl Pts',(-0.980662422543658,0.,0.0100428650109362));
#2540=CARTESIAN_POINT('Ctrl Pts',(-0.980662422543657,0.980662422543657,
0.0100428650109362));
#2541=CARTESIAN_POINT('Ctrl Pts',(0.,0.980662422543658,0.0100428650109362));
#2542=CARTESIAN_POINT('Ctrl Pts',(0.980662422543657,0.980662422543657,0.0100428650109362));
#2543=CARTESIAN_POINT('Ctrl Pts',(0.980662422543658,0.,0.0100428650109362));
#2544=CARTESIAN_POINT('Ctrl Pts',(0.980662422543657,-0.980662422543657,
0.0100428650109362));
#2545=CARTESIAN_POINT('Ctrl Pts',(0.,-0.980662422543658,0.0100428650109362));
#2546=CARTESIAN_POINT('Ctrl Pts',(-0.980662422543657,-0.980662422543657,
0.0100428650109362));
#2547=CARTESIAN_POINT('Ctrl Pts',(-0.980662422543658,0.,0.0100428650109362));
#2548=CARTESIAN_POINT('Ctrl Pts',(-1.17638704725948,0.,0.0108130937644327));
#2549=CARTESIAN_POINT('Ctrl Pts',(-1.17638704725947,1.17638704725947,0.0108130937644327));
#2550=CARTESIAN_POINT('Ctrl Pts',(0.,1.17638704725948,0.0108130937644327));
#2551=CARTESIAN_POINT('Ctrl Pts',(1.17638704725947,1.17638704725947,0.0108130937644327));
#2552=CARTESIAN_POINT('Ctrl Pts',(1.17638704725948,0.,0.0108130937644327));
#2553=CARTESIAN_POINT('Ctrl Pts',(1.17638704725947,-1.17638704725947,0.0108130937644327));
#2554=CARTESIAN_POINT('Ctrl Pts',(0.,-1.17638704725948,0.0108130937644327));
#2555=CARTESIAN_POINT('Ctrl Pts',(-1.17638704725947,-1.17638704725947,0.0108130937644327));
#2556=CARTESIAN_POINT('Ctrl Pts',(-1.17638704725948,0.,0.0108130937644327));
#2557=CARTESIAN_POINT('Ctrl Pts',(-1.37218135977609,0.,0.011788139430006));
#2558=CARTESIAN_POINT('Ctrl Pts',(-1.37218135977609,1.37218135977609,0.011788139430006));
#2559=CARTESIAN_POINT('Ctrl Pts',(0.,1.37218135977609,0.011788139430006));
#2560=CARTESIAN_POINT('Ctrl Pts',(1.37218135977609,1.37218135977609,0.0117881394300059));
#2561=CARTESIAN_POINT('Ctrl Pts',(1.37218135977609,0.,0.0117881394300059));
#2562=CARTESIAN_POINT('Ctrl Pts',(1.37218135977609,-1.37218135977609,0.0117881394300059));
#2563=CARTESIAN_POINT('Ctrl Pts',(0.,-1.37218135977609,0.011788139430006));
#2564=CARTESIAN_POINT('Ctrl Pts',(-1.37218135977609,-1.37218135977609,0.011788139430006));
#2565=CARTESIAN_POINT('Ctrl Pts',(-1.37218135977609,0.,0.011788139430006));
#2566=CARTESIAN_POINT('Ctrl Pts',(-1.5681799235233,0.,0.0133763895918629));
#2567=CARTESIAN_POINT('Ctrl Pts',(-1.5681799235233,1.5681799235233,0.0133763895918629));
#2568=CARTESIAN_POINT('Ctrl Pts',(0.,1.5681799235233,0.0133763895918629));
#2569=CARTESIAN_POINT('Ctrl Pts',(1.5681799235233,1.5681799235233,0.0133763895918629));
#2570=CARTESIAN_POINT('Ctrl Pts',(1.5681799235233,0.,0.0133763895918629));
#2571=CARTESIAN_POINT('Ctrl Pts',(1.5681799235233,-1.5681799235233,0.0133763895918629));
#2572=CARTESIAN_POINT('Ctrl Pts',(0.,-1.5681799235233,0.0133763895918629));
#2573=CARTESIAN_POINT('Ctrl Pts',(-1.5681799235233,-1.5681799235233,0.0133763895918629));
#2574=CARTESIAN_POINT('Ctrl Pts',(-1.5681799235233,0.,0.0133763895918629));
#2575=CARTESIAN_POINT('Ctrl Pts',(-1.76449976667623,0.,0.0159421494311131));
#2576=CARTESIAN_POINT('Ctrl Pts',(-1.76449976667623,1.76449976667623,0.0159421494311131));
#2577=CARTESIAN_POINT('Ctrl Pts',(0.,1.76449976667623,0.0159421494311131));
#2578=CARTESIAN_POINT('Ctrl Pts',(1.76449976667623,1.76449976667623,0.0159421494311131));
#2579=CARTESIAN_POINT('Ctrl Pts',(1.76449976667623,0.,0.0159421494311131));
#2580=CARTESIAN_POINT('Ctrl Pts',(1.76449976667623,-1.76449976667623,0.0159421494311131));
#2581=CARTESIAN_POINT('Ctrl Pts',(0.,-1.76449976667623,0.0159421494311131));
#2582=CARTESIAN_POINT('Ctrl Pts',(-1.76449976667623,-1.76449976667623,0.0159421494311131));
#2583=CARTESIAN_POINT('Ctrl Pts',(-1.76449976667623,0.,0.0159421494311131));
#2584=CARTESIAN_POINT('Ctrl Pts',(-1.9612110787263,0.,0.0197219352314284));
#2585=CARTESIAN_POINT('Ctrl Pts',(-1.9612110787263,1.9612110787263,0.0197219352314284));
#2586=CARTESIAN_POINT('Ctrl Pts',(0.,1.9612110787263,0.0197219352314284));
#2587=CARTESIAN_POINT('Ctrl Pts',(1.9612110787263,1.9612110787263,0.0197219352314284));
#2588=CARTESIAN_POINT('Ctrl Pts',(1.9612110787263,0.,0.0197219352314284));
#2589=CARTESIAN_POINT('Ctrl Pts',(1.9612110787263,-1.9612110787263,0.0197219352314284));
#2590=CARTESIAN_POINT('Ctrl Pts',(0.,-1.9612110787263,0.0197219352314284));
#2591=CARTESIAN_POINT('Ctrl Pts',(-1.9612110787263,-1.9612110787263,0.0197219352314284));
#2592=CARTESIAN_POINT('Ctrl Pts',(-1.9612110787263,0.,0.0197219352314284));
#2593=CARTESIAN_POINT('Ctrl Pts',(-2.15830771398471,0.,0.0247402083777692));
#2594=CARTESIAN_POINT('Ctrl Pts',(-2.15830771398471,2.15830771398471,0.0247402083777692));
#2595=CARTESIAN_POINT('Ctrl Pts',(0.,2.15830771398471,0.0247402083777692));
#2596=CARTESIAN_POINT('Ctrl Pts',(2.15830771398471,2.15830771398471,0.0247402083777692));
#2597=CARTESIAN_POINT('Ctrl Pts',(2.15830771398471,0.,0.0247402083777692));
#2598=CARTESIAN_POINT('Ctrl Pts',(2.15830771398471,-2.15830771398471,0.0247402083777692));
#2599=CARTESIAN_POINT('Ctrl Pts',(0.,-2.15830771398471,0.0247402083777692));
#2600=CARTESIAN_POINT('Ctrl Pts',(-2.15830771398471,-2.15830771398471,0.0247402083777692));
#2601=CARTESIAN_POINT('Ctrl Pts',(-2.15830771398471,0.,0.0247402083777692));
#2602=CARTESIAN_POINT('Ctrl Pts',(-2.35567801581812,0.,0.0307260737996745));
#2603=CARTESIAN_POINT('Ctrl Pts',(-2.35567801581812,2.35567801581812,0.0307260737996745));
#2604=CARTESIAN_POINT('Ctrl Pts',(0.,2.35567801581812,0.0307260737996745));
#2605=CARTESIAN_POINT('Ctrl Pts',(2.35567801581812,2.35567801581812,0.0307260737996745));
#2606=CARTESIAN_POINT('Ctrl Pts',(2.35567801581812,0.,0.0307260737996745));
#2607=CARTESIAN_POINT('Ctrl Pts',(2.35567801581812,-2.35567801581812,0.0307260737996745));
#2608=CARTESIAN_POINT('Ctrl Pts',(0.,-2.35567801581812,0.0307260737996745));
#2609=CARTESIAN_POINT('Ctrl Pts',(-2.35567801581812,-2.35567801581812,0.0307260737996745));
#2610=CARTESIAN_POINT('Ctrl Pts',(-2.35567801581812,0.,0.0307260737996745));
#2611=CARTESIAN_POINT('Ctrl Pts',(-2.55314696025977,0.,0.0372421967253463));
#2612=CARTESIAN_POINT('Ctrl Pts',(-2.55314696025977,2.55314696025977,0.0372421967253463));
#2613=CARTESIAN_POINT('Ctrl Pts',(0.,2.55314696025977,0.0372421967253463));
#2614=CARTESIAN_POINT('Ctrl Pts',(2.55314696025977,2.55314696025977,0.0372421967253464));
#2615=CARTESIAN_POINT('Ctrl Pts',(2.55314696025977,0.,0.0372421967253464));
#2616=CARTESIAN_POINT('Ctrl Pts',(2.55314696025977,-2.55314696025977,0.0372421967253464));
#2617=CARTESIAN_POINT('Ctrl Pts',(0.,-2.55314696025977,0.0372421967253463));
#2618=CARTESIAN_POINT('Ctrl Pts',(-2.55314696025977,-2.55314696025977,0.0372421967253463));
#2619=CARTESIAN_POINT('Ctrl Pts',(-2.55314696025977,0.,0.0372421967253463));
#2620=CARTESIAN_POINT('Ctrl Pts',(-2.75051774531904,0.,0.043812054762316));
#2621=CARTESIAN_POINT('Ctrl Pts',(-2.75051774531903,2.75051774531903,0.043812054762316));
#2622=CARTESIAN_POINT('Ctrl Pts',(0.,2.75051774531904,0.043812054762316));
#2623=CARTESIAN_POINT('Ctrl Pts',(2.75051774531903,2.75051774531903,0.043812054762316));
#2624=CARTESIAN_POINT('Ctrl Pts',(2.75051774531904,0.,0.043812054762316));
#2625=CARTESIAN_POINT('Ctrl Pts',(2.75051774531903,-2.75051774531903,0.043812054762316));
#2626=CARTESIAN_POINT('Ctrl Pts',(0.,-2.75051774531904,0.043812054762316));
#2627=CARTESIAN_POINT('Ctrl Pts',(-2.75051774531903,-2.75051774531903,0.043812054762316));
#2628=CARTESIAN_POINT('Ctrl Pts',(-2.75051774531904,0.,0.043812054762316));
#2629=CARTESIAN_POINT('Ctrl Pts',(-2.94761363675917,0.,0.0500480741798025));
#2630=CARTESIAN_POINT('Ctrl Pts',(-2.94761363675917,2.94761363675917,0.0500480741798025));
#2631=CARTESIAN_POINT('Ctrl Pts',(0.,2.94761363675917,0.0500480741798025));
#2632=CARTESIAN_POINT('Ctrl Pts',(2.94761363675917,2.94761363675917,0.0500480741798025));
#2633=CARTESIAN_POINT('Ctrl Pts',(2.94761363675917,0.,0.0500480741798025));
#2634=CARTESIAN_POINT('Ctrl Pts',(2.94761363675917,-2.94761363675917,0.0500480741798025));
#2635=CARTESIAN_POINT('Ctrl Pts',(0.,-2.94761363675917,0.0500480741798025));
#2636=CARTESIAN_POINT('Ctrl Pts',(-2.94761363675917,-2.94761363675917,0.0500480741798025));
#2637=CARTESIAN_POINT('Ctrl Pts',(-2.94761363675917,0.,0.0500480741798025));
#2638=CARTESIAN_POINT('Ctrl Pts',(-3.14431947801981,0.,0.0557785782694006));
#2639=CARTESIAN_POINT('Ctrl Pts',(-3.14431947801981,3.14431947801981,0.0557785782694006));
#2640=CARTESIAN_POINT('Ctrl Pts',(0.,3.14431947801981,0.0557785782694006));
#2641=CARTESIAN_POINT('Ctrl Pts',(3.14431947801981,3.14431947801981,0.0557785782694006));
#2642=CARTESIAN_POINT('Ctrl Pts',(3.14431947801981,0.,0.0557785782694006));
#2643=CARTESIAN_POINT('Ctrl Pts',(3.14431947801981,-3.14431947801981,0.0557785782694006));
#2644=CARTESIAN_POINT('Ctrl Pts',(0.,-3.14431947801981,0.0557785782694006));
#2645=CARTESIAN_POINT('Ctrl Pts',(-3.14431947801981,-3.14431947801981,0.0557785782694006));
#2646=CARTESIAN_POINT('Ctrl Pts',(-3.14431947801981,0.,0.0557785782694006));
#2647=CARTESIAN_POINT('Ctrl Pts',(-3.34062408803301,0.,0.0611780000562672));
#2648=CARTESIAN_POINT('Ctrl Pts',(-3.34062408803301,3.34062408803301,0.0611780000562672));
#2649=CARTESIAN_POINT('Ctrl Pts',(0.,3.34062408803301,0.0611780000562672));
#2650=CARTESIAN_POINT('Ctrl Pts',(3.34062408803301,3.34062408803301,0.0611780000562672));
#2651=CARTESIAN_POINT('Ctrl Pts',(3.34062408803301,0.,0.0611780000562672));
#2652=CARTESIAN_POINT('Ctrl Pts',(3.34062408803301,-3.34062408803301,0.0611780000562672));
#2653=CARTESIAN_POINT('Ctrl Pts',(0.,-3.34062408803301,0.0611780000562672));
#2654=CARTESIAN_POINT('Ctrl Pts',(-3.34062408803301,-3.34062408803301,0.0611780000562672));
#2655=CARTESIAN_POINT('Ctrl Pts',(-3.34062408803301,0.,0.0611780000562672));
#2656=CARTESIAN_POINT('Ctrl Pts',(-3.53659282409054,0.,0.0666385132268303));
#2657=CARTESIAN_POINT('Ctrl Pts',(-3.53659282409054,3.53659282409054,0.0666385132268303));
#2658=CARTESIAN_POINT('Ctrl Pts',(0.,3.53659282409054,0.0666385132268303));
#2659=CARTESIAN_POINT('Ctrl Pts',(3.53659282409054,3.53659282409054,0.0666385132268303));
#2660=CARTESIAN_POINT('Ctrl Pts',(3.53659282409054,0.,0.0666385132268303));
#2661=CARTESIAN_POINT('Ctrl Pts',(3.53659282409054,-3.53659282409054,0.0666385132268303));
#2662=CARTESIAN_POINT('Ctrl Pts',(0.,-3.53659282409054,0.0666385132268303));
#2663=CARTESIAN_POINT('Ctrl Pts',(-3.53659282409054,-3.53659282409054,0.0666385132268303));
#2664=CARTESIAN_POINT('Ctrl Pts',(-3.53659282409054,0.,0.0666385132268303));
#2665=CARTESIAN_POINT('Ctrl Pts',(-3.73233945019154,0.,0.0726390983749239));
#2666=CARTESIAN_POINT('Ctrl Pts',(-3.73233945019154,3.73233945019154,0.0726390983749239));
#2667=CARTESIAN_POINT('Ctrl Pts',(0.,3.73233945019154,0.0726390983749239));
#2668=CARTESIAN_POINT('Ctrl Pts',(3.73233945019154,3.73233945019154,0.0726390983749239));
#2669=CARTESIAN_POINT('Ctrl Pts',(3.73233945019154,0.,0.0726390983749239));
#2670=CARTESIAN_POINT('Ctrl Pts',(3.73233945019154,-3.73233945019154,0.0726390983749239));
#2671=CARTESIAN_POINT('Ctrl Pts',(0.,-3.73233945019154,0.0726390983749239));
#2672=CARTESIAN_POINT('Ctrl Pts',(-3.73233945019154,-3.73233945019154,0.0726390983749239));
#2673=CARTESIAN_POINT('Ctrl Pts',(-3.73233945019154,0.,0.0726390983749239));
#2674=CARTESIAN_POINT('Ctrl Pts',(-3.92799832493429,0.,0.0796154597351655));
#2675=CARTESIAN_POINT('Ctrl Pts',(-3.92799832493429,3.92799832493429,0.0796154597351655));
#2676=CARTESIAN_POINT('Ctrl Pts',(0.,3.92799832493429,0.0796154597351655));
#2677=CARTESIAN_POINT('Ctrl Pts',(3.92799832493429,3.92799832493429,0.0796154597351655));
#2678=CARTESIAN_POINT('Ctrl Pts',(3.92799832493429,0.,0.0796154597351655));
#2679=CARTESIAN_POINT('Ctrl Pts',(3.92799832493429,-3.92799832493429,0.0796154597351655));
#2680=CARTESIAN_POINT('Ctrl Pts',(0.,-3.92799832493429,0.0796154597351655));
#2681=CARTESIAN_POINT('Ctrl Pts',(-3.92799832493429,-3.92799832493429,0.0796154597351655));
#2682=CARTESIAN_POINT('Ctrl Pts',(-3.92799832493429,0.,0.0796154597351655));
#2683=CARTESIAN_POINT('Ctrl Pts',(-4.12369656959965,0.,0.0878302349926201));
#2684=CARTESIAN_POINT('Ctrl Pts',(-4.12369656959965,4.12369656959965,0.0878302349926201));
#2685=CARTESIAN_POINT('Ctrl Pts',(0.,4.12369656959965,0.0878302349926201));
#2686=CARTESIAN_POINT('Ctrl Pts',(4.12369656959965,4.12369656959965,0.0878302349926201));
#2687=CARTESIAN_POINT('Ctrl Pts',(4.12369656959965,0.,0.0878302349926201));
#2688=CARTESIAN_POINT('Ctrl Pts',(4.12369656959965,-4.12369656959965,0.0878302349926201));
#2689=CARTESIAN_POINT('Ctrl Pts',(0.,-4.12369656959965,0.0878302349926201));
#2690=CARTESIAN_POINT('Ctrl Pts',(-4.12369656959965,-4.12369656959965,0.0878302349926201));
#2691=CARTESIAN_POINT('Ctrl Pts',(-4.12369656959965,0.,0.0878302349926201));
#2692=CARTESIAN_POINT('Ctrl Pts',(-4.31952606688962,0.,0.0972410224498707));
#2693=CARTESIAN_POINT('Ctrl Pts',(-4.31952606688962,4.31952606688962,0.0972410224498707));
#2694=CARTESIAN_POINT('Ctrl Pts',(0.,4.31952606688962,0.0972410224498707));
#2695=CARTESIAN_POINT('Ctrl Pts',(4.31952606688962,4.31952606688962,0.0972410224498707));
#2696=CARTESIAN_POINT('Ctrl Pts',(4.31952606688962,0.,0.0972410224498707));
#2697=CARTESIAN_POINT('Ctrl Pts',(4.31952606688962,-4.31952606688962,0.0972410224498707));
#2698=CARTESIAN_POINT('Ctrl Pts',(0.,-4.31952606688962,0.0972410224498707));
#2699=CARTESIAN_POINT('Ctrl Pts',(-4.31952606688962,-4.31952606688962,0.0972410224498707));
#2700=CARTESIAN_POINT('Ctrl Pts',(-4.31952606688962,0.,0.0972410224498707));
#2701=CARTESIAN_POINT('Ctrl Pts',(-4.51553961888451,0.,0.107605453783871));
#2702=CARTESIAN_POINT('Ctrl Pts',(-4.51553961888451,4.51553961888451,0.107605453783871));
#2703=CARTESIAN_POINT('Ctrl Pts',(0.,4.51553961888451,0.107605453783871));
#2704=CARTESIAN_POINT('Ctrl Pts',(4.51553961888451,4.51553961888451,0.107605453783871));
#2705=CARTESIAN_POINT('Ctrl Pts',(4.51553961888451,0.,0.107605453783871));
#2706=CARTESIAN_POINT('Ctrl Pts',(4.51553961888451,-4.51553961888451,0.107605453783871));
#2707=CARTESIAN_POINT('Ctrl Pts',(0.,-4.51553961888451,0.107605453783871));
#2708=CARTESIAN_POINT('Ctrl Pts',(-4.51553961888451,-4.51553961888451,0.107605453783871));
#2709=CARTESIAN_POINT('Ctrl Pts',(-4.51553961888451,0.,0.107605453783871));
#2710=CARTESIAN_POINT('Ctrl Pts',(-4.7117473178777,0.,0.118588150455251));
#2711=CARTESIAN_POINT('Ctrl Pts',(-4.7117473178777,4.7117473178777,0.118588150455251));
#2712=CARTESIAN_POINT('Ctrl Pts',(0.,4.7117473178777,0.118588150455251));
#2713=CARTESIAN_POINT('Ctrl Pts',(4.7117473178777,4.7117473178777,0.118588150455251));
#2714=CARTESIAN_POINT('Ctrl Pts',(4.7117473178777,0.,0.118588150455251));
#2715=CARTESIAN_POINT('Ctrl Pts',(4.7117473178777,-4.7117473178777,0.118588150455251));
#2716=CARTESIAN_POINT('Ctrl Pts',(0.,-4.7117473178777,0.118588150455251));
#2717=CARTESIAN_POINT('Ctrl Pts',(-4.7117473178777,-4.7117473178777,0.118588150455251));
#2718=CARTESIAN_POINT('Ctrl Pts',(-4.7117473178777,0.,0.118588150455251));
#2719=CARTESIAN_POINT('Ctrl Pts',(-4.90811272262076,0.,0.129867003300428));
#2720=CARTESIAN_POINT('Ctrl Pts',(-4.90811272262076,4.90811272262076,0.129867003300428));
#2721=CARTESIAN_POINT('Ctrl Pts',(0.,4.90811272262076,0.129867003300428));
#2722=CARTESIAN_POINT('Ctrl Pts',(4.90811272262076,4.90811272262076,0.129867003300428));
#2723=CARTESIAN_POINT('Ctrl Pts',(4.90811272262076,0.,0.129867003300428));
#2724=CARTESIAN_POINT('Ctrl Pts',(4.90811272262076,-4.90811272262076,0.129867003300428));
#2725=CARTESIAN_POINT('Ctrl Pts',(0.,-4.90811272262076,0.129867003300428));
#2726=CARTESIAN_POINT('Ctrl Pts',(-4.90811272262076,-4.90811272262076,0.129867003300428));
#2727=CARTESIAN_POINT('Ctrl Pts',(-4.90811272262076,0.,0.129867003300428));
#2728=CARTESIAN_POINT('Ctrl Pts',(-5.10454915024761,0.,0.141239186347445));
#2729=CARTESIAN_POINT('Ctrl Pts',(-5.10454915024761,5.10454915024761,0.141239186347445));
#2730=CARTESIAN_POINT('Ctrl Pts',(0.,5.10454915024761,0.141239186347445));
#2731=CARTESIAN_POINT('Ctrl Pts',(5.10454915024761,5.10454915024761,0.141239186347445));
#2732=CARTESIAN_POINT('Ctrl Pts',(5.10454915024761,0.,0.141239186347445));
#2733=CARTESIAN_POINT('Ctrl Pts',(5.10454915024761,-5.10454915024761,0.141239186347445));
#2734=CARTESIAN_POINT('Ctrl Pts',(0.,-5.10454915024761,0.141239186347445));
#2735=CARTESIAN_POINT('Ctrl Pts',(-5.10454915024761,-5.10454915024761,0.141239186347445));
#2736=CARTESIAN_POINT('Ctrl Pts',(-5.10454915024761,0.,0.141239186347445));
#2737=CARTESIAN_POINT('Ctrl Pts',(-5.30091553495614,0.,0.152728841022914));
#2738=CARTESIAN_POINT('Ctrl Pts',(-5.30091553495614,5.30091553495614,0.152728841022914));
#2739=CARTESIAN_POINT('Ctrl Pts',(0.,5.30091553495614,0.152728841022914));
#2740=CARTESIAN_POINT('Ctrl Pts',(5.30091553495614,5.30091553495614,0.152728841022914));
#2741=CARTESIAN_POINT('Ctrl Pts',(5.30091553495614,0.,0.152728841022914));
#2742=CARTESIAN_POINT('Ctrl Pts',(5.30091553495614,-5.30091553495614,0.152728841022914));
#2743=CARTESIAN_POINT('Ctrl Pts',(0.,-5.30091553495614,0.152728841022914));
#2744=CARTESIAN_POINT('Ctrl Pts',(-5.30091553495614,-5.30091553495614,0.152728841022914));
#2745=CARTESIAN_POINT('Ctrl Pts',(-5.30091553495614,0.,0.152728841022914));
#2746=CARTESIAN_POINT('Ctrl Pts',(-5.49705320987937,0.,0.16449899433907));
#2747=CARTESIAN_POINT('Ctrl Pts',(-5.49705320987937,5.49705320987937,0.16449899433907));
#2748=CARTESIAN_POINT('Ctrl Pts',(0.,5.49705320987937,0.16449899433907));
#2749=CARTESIAN_POINT('Ctrl Pts',(5.49705320987937,5.49705320987937,0.16449899433907));
#2750=CARTESIAN_POINT('Ctrl Pts',(5.49705320987937,0.,0.16449899433907));
#2751=CARTESIAN_POINT('Ctrl Pts',(5.49705320987937,-5.49705320987937,0.16449899433907));
#2752=CARTESIAN_POINT('Ctrl Pts',(0.,-5.49705320987937,0.16449899433907));
#2753=CARTESIAN_POINT('Ctrl Pts',(-5.49705320987937,-5.49705320987937,0.16449899433907));
#2754=CARTESIAN_POINT('Ctrl Pts',(-5.49705320987937,0.,0.16449899433907));
#2755=CARTESIAN_POINT('Ctrl Pts',(-5.6928229645788,0.,0.176762023354105));
#2756=CARTESIAN_POINT('Ctrl Pts',(-5.69282296457879,5.69282296457879,0.176762023354105));
#2757=CARTESIAN_POINT('Ctrl Pts',(0.,5.6928229645788,0.176762023354105));
#2758=CARTESIAN_POINT('Ctrl Pts',(5.69282296457879,5.69282296457879,0.176762023354105));
#2759=CARTESIAN_POINT('Ctrl Pts',(5.6928229645788,0.,0.176762023354105));
#2760=CARTESIAN_POINT('Ctrl Pts',(5.69282296457879,-5.69282296457879,0.176762023354105));
#2761=CARTESIAN_POINT('Ctrl Pts',(0.,-5.6928229645788,0.176762023354105));
#2762=CARTESIAN_POINT('Ctrl Pts',(-5.69282296457879,-5.69282296457879,0.176762023354105));
#2763=CARTESIAN_POINT('Ctrl Pts',(-5.6928229645788,0.,0.176762023354105));
#2764=CARTESIAN_POINT('Ctrl Pts',(-5.88814212768073,0.,0.189690552622053));
#2765=CARTESIAN_POINT('Ctrl Pts',(-5.88814212768073,5.88814212768073,0.189690552622053));
#2766=CARTESIAN_POINT('Ctrl Pts',(0.,5.88814212768073,0.189690552622053));
#2767=CARTESIAN_POINT('Ctrl Pts',(5.88814212768073,5.88814212768073,0.189690552622053));
#2768=CARTESIAN_POINT('Ctrl Pts',(5.88814212768073,0.,0.189690552622053));
#2769=CARTESIAN_POINT('Ctrl Pts',(5.88814212768073,-5.88814212768073,0.189690552622053));
#2770=CARTESIAN_POINT('Ctrl Pts',(0.,-5.88814212768073,0.189690552622053));
#2771=CARTESIAN_POINT('Ctrl Pts',(-5.88814212768073,-5.88814212768073,0.189690552622053));
#2772=CARTESIAN_POINT('Ctrl Pts',(-5.88814212768073,0.,0.189690552622053));
#2773=CARTESIAN_POINT('Ctrl Pts',(-6.08302146341898,0.,0.203328648537569));
#2774=CARTESIAN_POINT('Ctrl Pts',(-6.08302146341898,6.08302146341898,0.203328648537569));
#2775=CARTESIAN_POINT('Ctrl Pts',(0.,6.08302146341898,0.203328648537569));
#2776=CARTESIAN_POINT('Ctrl Pts',(6.08302146341898,6.08302146341898,0.203328648537569));
#2777=CARTESIAN_POINT('Ctrl Pts',(6.08302146341898,0.,0.203328648537569));
#2778=CARTESIAN_POINT('Ctrl Pts',(6.08302146341898,-6.08302146341898,0.203328648537569));
#2779=CARTESIAN_POINT('Ctrl Pts',(0.,-6.08302146341898,0.203328648537569));
#2780=CARTESIAN_POINT('Ctrl Pts',(-6.08302146341898,-6.08302146341898,0.203328648537569));
#2781=CARTESIAN_POINT('Ctrl Pts',(-6.08302146341898,0.,0.203328648537569));
#2782=CARTESIAN_POINT('Ctrl Pts',(-6.2776029883541,0.,0.217501313777199));
#2783=CARTESIAN_POINT('Ctrl Pts',(-6.27760298835409,6.27760298835409,0.217501313777199));
#2784=CARTESIAN_POINT('Ctrl Pts',(0.,6.2776029883541,0.217501313777199));
#2785=CARTESIAN_POINT('Ctrl Pts',(6.27760298835409,6.27760298835409,0.217501313777199));
#2786=CARTESIAN_POINT('Ctrl Pts',(6.2776029883541,0.,0.217501313777199));
#2787=CARTESIAN_POINT('Ctrl Pts',(6.27760298835409,-6.27760298835409,0.217501313777199));
#2788=CARTESIAN_POINT('Ctrl Pts',(0.,-6.2776029883541,0.217501313777199));
#2789=CARTESIAN_POINT('Ctrl Pts',(-6.27760298835409,-6.27760298835409,0.217501313777199));
#2790=CARTESIAN_POINT('Ctrl Pts',(-6.2776029883541,0.,0.217501313777199));
#2791=CARTESIAN_POINT('Ctrl Pts',(-6.47210390772872,0.,0.231911252612839));
#2792=CARTESIAN_POINT('Ctrl Pts',(-6.47210390772871,6.47210390772871,0.231911252612839));
#2793=CARTESIAN_POINT('Ctrl Pts',(0.,6.47210390772872,0.231911252612839));
#2794=CARTESIAN_POINT('Ctrl Pts',(6.47210390772871,6.47210390772871,0.231911252612839));
#2795=CARTESIAN_POINT('Ctrl Pts',(6.47210390772872,0.,0.231911252612839));
#2796=CARTESIAN_POINT('Ctrl Pts',(6.47210390772871,-6.47210390772871,0.231911252612839));
#2797=CARTESIAN_POINT('Ctrl Pts',(0.,-6.47210390772872,0.231911252612839));
#2798=CARTESIAN_POINT('Ctrl Pts',(-6.47210390772871,-6.47210390772871,0.231911252612839));
#2799=CARTESIAN_POINT('Ctrl Pts',(-6.47210390772872,0.,0.231911252612839));
#2800=CARTESIAN_POINT('Ctrl Pts',(-6.66675970654171,0.,0.246237354951414));
#2801=CARTESIAN_POINT('Ctrl Pts',(-6.66675970654171,6.66675970654171,0.246237354951414));
#2802=CARTESIAN_POINT('Ctrl Pts',(0.,6.66675970654171,0.246237354951414));
#2803=CARTESIAN_POINT('Ctrl Pts',(6.66675970654171,6.66675970654171,0.246237354951414));
#2804=CARTESIAN_POINT('Ctrl Pts',(6.66675970654171,0.,0.246237354951414));
#2805=CARTESIAN_POINT('Ctrl Pts',(6.66675970654171,-6.66675970654171,0.246237354951414));
#2806=CARTESIAN_POINT('Ctrl Pts',(0.,-6.66675970654171,0.246237354951414));
#2807=CARTESIAN_POINT('Ctrl Pts',(-6.66675970654171,-6.66675970654171,0.246237354951414));
#2808=CARTESIAN_POINT('Ctrl Pts',(-6.66675970654171,0.,0.246237354951414));
#2809=CARTESIAN_POINT('Ctrl Pts',(-6.8617677381636,0.,0.260232225407735));
#2810=CARTESIAN_POINT('Ctrl Pts',(-6.8617677381636,6.8617677381636,0.260232225407735));
#2811=CARTESIAN_POINT('Ctrl Pts',(0.,6.8617677381636,0.260232225407735));
#2812=CARTESIAN_POINT('Ctrl Pts',(6.8617677381636,6.8617677381636,0.260232225407735));
#2813=CARTESIAN_POINT('Ctrl Pts',(6.8617677381636,0.,0.260232225407735));
#2814=CARTESIAN_POINT('Ctrl Pts',(6.8617677381636,-6.8617677381636,0.260232225407735));
#2815=CARTESIAN_POINT('Ctrl Pts',(0.,-6.8617677381636,0.260232225407735));
#2816=CARTESIAN_POINT('Ctrl Pts',(-6.8617677381636,-6.8617677381636,0.260232225407735));
#2817=CARTESIAN_POINT('Ctrl Pts',(-6.8617677381636,0.,0.260232225407735));
#2818=CARTESIAN_POINT('Ctrl Pts',(-7.0572302658556,0.,0.273820733553885));
#2819=CARTESIAN_POINT('Ctrl Pts',(-7.0572302658556,7.0572302658556,0.273820733553885));
#2820=CARTESIAN_POINT('Ctrl Pts',(0.,7.0572302658556,0.273820733553885));
#2821=CARTESIAN_POINT('Ctrl Pts',(7.0572302658556,7.0572302658556,0.273820733553885));
#2822=CARTESIAN_POINT('Ctrl Pts',(7.0572302658556,0.,0.273820733553885));
#2823=CARTESIAN_POINT('Ctrl Pts',(7.0572302658556,-7.0572302658556,0.273820733553885));
#2824=CARTESIAN_POINT('Ctrl Pts',(0.,-7.0572302658556,0.273820733553885));
#2825=CARTESIAN_POINT('Ctrl Pts',(-7.0572302658556,-7.0572302658556,0.273820733553885));
#2826=CARTESIAN_POINT('Ctrl Pts',(-7.0572302658556,0.,0.273820733553885));
#2827=CARTESIAN_POINT('Ctrl Pts',(-7.25309843969983,0.,0.287196858771228));
#2828=CARTESIAN_POINT('Ctrl Pts',(-7.25309843969983,7.25309843969983,0.287196858771228));
#2829=CARTESIAN_POINT('Ctrl Pts',(0.,7.25309843969983,0.287196858771228));
#2830=CARTESIAN_POINT('Ctrl Pts',(7.25309843969983,7.25309843969983,0.287196858771228));
#2831=CARTESIAN_POINT('Ctrl Pts',(7.25309843969983,0.,0.287196858771228));
#2832=CARTESIAN_POINT('Ctrl Pts',(7.25309843969983,-7.25309843969983,0.287196858771228));
#2833=CARTESIAN_POINT('Ctrl Pts',(0.,-7.25309843969983,0.287196858771228));
#2834=CARTESIAN_POINT('Ctrl Pts',(-7.25309843969983,-7.25309843969983,0.287196858771228));
#2835=CARTESIAN_POINT('Ctrl Pts',(-7.25309843969983,0.,0.287196858771228));
#2836=CARTESIAN_POINT('Ctrl Pts',(-7.44922795262131,0.,0.300718519425473));
#2837=CARTESIAN_POINT('Ctrl Pts',(-7.4492279526213,7.4492279526213,0.300718519425473));
#2838=CARTESIAN_POINT('Ctrl Pts',(0.,7.44922795262131,0.300718519425473));
#2839=CARTESIAN_POINT('Ctrl Pts',(7.4492279526213,7.4492279526213,0.300718519425473));
#2840=CARTESIAN_POINT('Ctrl Pts',(7.44922795262131,0.,0.300718519425473));
#2841=CARTESIAN_POINT('Ctrl Pts',(7.4492279526213,-7.4492279526213,0.300718519425473));
#2842=CARTESIAN_POINT('Ctrl Pts',(0.,-7.44922795262131,0.300718519425473));
#2843=CARTESIAN_POINT('Ctrl Pts',(-7.4492279526213,-7.4492279526213,0.300718519425473));
#2844=CARTESIAN_POINT('Ctrl Pts',(-7.44922795262131,0.,0.300718519425473));
#2845=CARTESIAN_POINT('Ctrl Pts',(-7.64543368207303,0.,0.314804222758145));
#2846=CARTESIAN_POINT('Ctrl Pts',(-7.64543368207303,7.64543368207303,0.314804222758145));
#2847=CARTESIAN_POINT('Ctrl Pts',(0.,7.64543368207303,0.314804222758145));
#2848=CARTESIAN_POINT('Ctrl Pts',(7.64543368207303,7.64543368207303,0.314804222758145));
#2849=CARTESIAN_POINT('Ctrl Pts',(7.64543368207303,0.,0.314804222758145));
#2850=CARTESIAN_POINT('Ctrl Pts',(7.64543368207303,-7.64543368207303,0.314804222758145));
#2851=CARTESIAN_POINT('Ctrl Pts',(0.,-7.64543368207303,0.314804222758145));
#2852=CARTESIAN_POINT('Ctrl Pts',(-7.64543368207303,-7.64543368207303,0.314804222758145));
#2853=CARTESIAN_POINT('Ctrl Pts',(-7.64543368207303,0.,0.314804222758145));
#2854=CARTESIAN_POINT('Ctrl Pts',(-7.84154452170678,0.,0.329829348143293));
#2855=CARTESIAN_POINT('Ctrl Pts',(-7.84154452170678,7.84154452170678,0.329829348143293));
#2856=CARTESIAN_POINT('Ctrl Pts',(0.,7.84154452170678,0.329829348143293));
#2857=CARTESIAN_POINT('Ctrl Pts',(7.84154452170678,7.84154452170678,0.329829348143293));
#2858=CARTESIAN_POINT('Ctrl Pts',(7.84154452170678,0.,0.329829348143293));
#2859=CARTESIAN_POINT('Ctrl Pts',(7.84154452170678,-7.84154452170678,0.329829348143293));
#2860=CARTESIAN_POINT('Ctrl Pts',(0.,-7.84154452170678,0.329829348143293));
#2861=CARTESIAN_POINT('Ctrl Pts',(-7.84154452170678,-7.84154452170678,0.329829348143293));
#2862=CARTESIAN_POINT('Ctrl Pts',(-7.84154452170678,0.,0.329829348143293));
#2863=CARTESIAN_POINT('Ctrl Pts',(-8.03745834763999,0.,0.346022171189193));
#2864=CARTESIAN_POINT('Ctrl Pts',(-8.03745834763999,8.03745834763999,0.346022171189193));
#2865=CARTESIAN_POINT('Ctrl Pts',(0.,8.03745834763999,0.346022171189193));
#2866=CARTESIAN_POINT('Ctrl Pts',(8.03745834763999,8.03745834763999,0.346022171189193));
#2867=CARTESIAN_POINT('Ctrl Pts',(8.03745834763999,0.,0.346022171189193));
#2868=CARTESIAN_POINT('Ctrl Pts',(8.03745834763999,-8.03745834763999,0.346022171189193));
#2869=CARTESIAN_POINT('Ctrl Pts',(0.,-8.03745834763999,0.346022171189193));
#2870=CARTESIAN_POINT('Ctrl Pts',(-8.03745834763999,-8.03745834763999,0.346022171189193));
#2871=CARTESIAN_POINT('Ctrl Pts',(-8.03745834763999,0.,0.346022171189193));
#2872=CARTESIAN_POINT('Ctrl Pts',(-8.23319640398727,0.,0.363360880090292));
#2873=CARTESIAN_POINT('Ctrl Pts',(-8.23319640398726,8.23319640398726,0.363360880090292));
#2874=CARTESIAN_POINT('Ctrl Pts',(0.,8.23319640398727,0.363360880090292));
#2875=CARTESIAN_POINT('Ctrl Pts',(8.23319640398726,8.23319640398726,0.363360880090292));
#2876=CARTESIAN_POINT('Ctrl Pts',(8.23319640398727,0.,0.363360880090292));
#2877=CARTESIAN_POINT('Ctrl Pts',(8.23319640398726,-8.23319640398726,0.363360880090292));
#2878=CARTESIAN_POINT('Ctrl Pts',(0.,-8.23319640398727,0.363360880090292));
#2879=CARTESIAN_POINT('Ctrl Pts',(-8.23319640398726,-8.23319640398726,0.363360880090292));
#2880=CARTESIAN_POINT('Ctrl Pts',(-8.23319640398727,0.,0.363360880090292));
#2881=CARTESIAN_POINT('Ctrl Pts',(-8.42885339876914,0.,0.381655467895357));
#2882=CARTESIAN_POINT('Ctrl Pts',(-8.42885339876914,8.42885339876914,0.381655467895357));
#2883=CARTESIAN_POINT('Ctrl Pts',(0.,8.42885339876914,0.381655467895357));
#2884=CARTESIAN_POINT('Ctrl Pts',(8.42885339876914,8.42885339876914,0.381655467895357));
#2885=CARTESIAN_POINT('Ctrl Pts',(8.42885339876914,0.,0.381655467895357));
#2886=CARTESIAN_POINT('Ctrl Pts',(8.42885339876914,-8.42885339876914,0.381655467895357));
#2887=CARTESIAN_POINT('Ctrl Pts',(0.,-8.42885339876914,0.381655467895357));
#2888=CARTESIAN_POINT('Ctrl Pts',(-8.42885339876914,-8.42885339876914,0.381655467895357));
#2889=CARTESIAN_POINT('Ctrl Pts',(-8.42885339876914,0.,0.381655467895357));
#2890=CARTESIAN_POINT('Ctrl Pts',(-8.62454839776308,0.,0.400628152953368));
#2891=CARTESIAN_POINT('Ctrl Pts',(-8.62454839776308,8.62454839776308,0.400628152953368));
#2892=CARTESIAN_POINT('Ctrl Pts',(0.,8.62454839776308,0.400628152953368));
#2893=CARTESIAN_POINT('Ctrl Pts',(8.62454839776308,8.62454839776308,0.400628152953368));
#2894=CARTESIAN_POINT('Ctrl Pts',(8.62454839776308,0.,0.400628152953368));
#2895=CARTESIAN_POINT('Ctrl Pts',(8.62454839776308,-8.62454839776308,0.400628152953368));
#2896=CARTESIAN_POINT('Ctrl Pts',(0.,-8.62454839776308,0.400628152953368));
#2897=CARTESIAN_POINT('Ctrl Pts',(-8.62454839776308,-8.62454839776308,0.400628152953368));
#2898=CARTESIAN_POINT('Ctrl Pts',(-8.62454839776308,0.,0.400628152953368));
#2899=CARTESIAN_POINT('Ctrl Pts',(-8.82037550696751,0.,0.419994133372945));
#2900=CARTESIAN_POINT('Ctrl Pts',(-8.82037550696751,8.82037550696751,0.419994133372945));
#2901=CARTESIAN_POINT('Ctrl Pts',(0.,8.82037550696751,0.419994133372945));
#2902=CARTESIAN_POINT('Ctrl Pts',(8.82037550696751,8.82037550696751,0.419994133372945));
#2903=CARTESIAN_POINT('Ctrl Pts',(8.82037550696751,0.,0.419994133372945));
#2904=CARTESIAN_POINT('Ctrl Pts',(8.82037550696751,-8.82037550696751,0.419994133372945));
#2905=CARTESIAN_POINT('Ctrl Pts',(0.,-8.82037550696751,0.419994133372945));
#2906=CARTESIAN_POINT('Ctrl Pts',(-8.82037550696751,-8.82037550696751,0.419994133372945));
#2907=CARTESIAN_POINT('Ctrl Pts',(-8.82037550696751,0.,0.419994133372945));
#2908=CARTESIAN_POINT('Ctrl Pts',(-9.0163545698027,0.,0.439542212532067));
#2909=CARTESIAN_POINT('Ctrl Pts',(-9.0163545698027,9.0163545698027,0.439542212532067));
#2910=CARTESIAN_POINT('Ctrl Pts',(0.,9.0163545698027,0.439542212532067));
#2911=CARTESIAN_POINT('Ctrl Pts',(9.0163545698027,9.0163545698027,0.439542212532067));
#2912=CARTESIAN_POINT('Ctrl Pts',(9.0163545698027,0.,0.439542212532067));
#2913=CARTESIAN_POINT('Ctrl Pts',(9.0163545698027,-9.0163545698027,0.439542212532067));
#2914=CARTESIAN_POINT('Ctrl Pts',(0.,-9.0163545698027,0.439542212532067));
#2915=CARTESIAN_POINT('Ctrl Pts',(-9.0163545698027,-9.0163545698027,0.439542212532067));
#2916=CARTESIAN_POINT('Ctrl Pts',(-9.0163545698027,0.,0.439542212532067));
#2917=CARTESIAN_POINT('Ctrl Pts',(-9.21238192022098,0.,0.459215358886984));
#2918=CARTESIAN_POINT('Ctrl Pts',(-9.21238192022098,9.21238192022098,0.459215358886984));
#2919=CARTESIAN_POINT('Ctrl Pts',(0.,9.21238192022098,0.459215358886984));
#2920=CARTESIAN_POINT('Ctrl Pts',(9.21238192022098,9.21238192022098,0.459215358886984));
#2921=CARTESIAN_POINT('Ctrl Pts',(9.21238192022098,0.,0.459215358886984));
#2922=CARTESIAN_POINT('Ctrl Pts',(9.21238192022098,-9.21238192022098,0.459215358886984));
#2923=CARTESIAN_POINT('Ctrl Pts',(0.,-9.21238192022098,0.459215358886984));
#2924=CARTESIAN_POINT('Ctrl Pts',(-9.21238192022098,-9.21238192022098,0.459215358886984));
#2925=CARTESIAN_POINT('Ctrl Pts',(-9.21238192022098,0.,0.459215358886984));
#2926=CARTESIAN_POINT('Ctrl Pts',(-9.40828661322701,0.,0.479064377342554));
#2927=CARTESIAN_POINT('Ctrl Pts',(-9.40828661322701,9.40828661322701,0.479064377342554));
#2928=CARTESIAN_POINT('Ctrl Pts',(0.,9.40828661322701,0.479064377342554));
#2929=CARTESIAN_POINT('Ctrl Pts',(9.40828661322701,9.40828661322701,0.479064377342554));
#2930=CARTESIAN_POINT('Ctrl Pts',(9.40828661322701,0.,0.479064377342554));
#2931=CARTESIAN_POINT('Ctrl Pts',(9.40828661322701,-9.40828661322701,0.479064377342554));
#2932=CARTESIAN_POINT('Ctrl Pts',(0.,-9.40828661322701,0.479064377342554));
#2933=CARTESIAN_POINT('Ctrl Pts',(-9.40828661322701,-9.40828661322701,0.479064377342554));
#2934=CARTESIAN_POINT('Ctrl Pts',(-9.40828661322701,0.,0.479064377342554));
#2935=CARTESIAN_POINT('Ctrl Pts',(-9.60388632770995,0.,0.499201985633423));
#2936=CARTESIAN_POINT('Ctrl Pts',(-9.60388632770995,9.60388632770995,0.499201985633423));
#2937=CARTESIAN_POINT('Ctrl Pts',(0.,9.60388632770995,0.499201985633423));
#2938=CARTESIAN_POINT('Ctrl Pts',(9.60388632770995,9.60388632770995,0.499201985633423));
#2939=CARTESIAN_POINT('Ctrl Pts',(9.60388632770995,0.,0.499201985633423));
#2940=CARTESIAN_POINT('Ctrl Pts',(9.60388632770995,-9.60388632770995,0.499201985633423));
#2941=CARTESIAN_POINT('Ctrl Pts',(0.,-9.60388632770995,0.499201985633423));
#2942=CARTESIAN_POINT('Ctrl Pts',(-9.60388632770995,-9.60388632770995,0.499201985633423));
#2943=CARTESIAN_POINT('Ctrl Pts',(-9.60388632770995,0.,0.499201985633423));
#2944=CARTESIAN_POINT('Ctrl Pts',(-9.79904342674732,0.,0.519756810765557));
#2945=CARTESIAN_POINT('Ctrl Pts',(-9.79904342674732,9.79904342674732,0.519756810765557));
#2946=CARTESIAN_POINT('Ctrl Pts',(0.,9.79904342674732,0.519756810765557));
#2947=CARTESIAN_POINT('Ctrl Pts',(9.79904342674732,9.79904342674732,0.519756810765557));
#2948=CARTESIAN_POINT('Ctrl Pts',(9.79904342674732,0.,0.519756810765557));
#2949=CARTESIAN_POINT('Ctrl Pts',(9.79904342674732,-9.79904342674732,0.519756810765557));
#2950=CARTESIAN_POINT('Ctrl Pts',(0.,-9.79904342674732,0.519756810765557));
#2951=CARTESIAN_POINT('Ctrl Pts',(-9.79904342674732,-9.79904342674732,0.519756810765557));
#2952=CARTESIAN_POINT('Ctrl Pts',(-9.79904342674732,0.,0.519756810765557));
#2953=CARTESIAN_POINT('Ctrl Pts',(-9.99372082315418,0.,0.540827568885968));
#2954=CARTESIAN_POINT('Ctrl Pts',(-9.99372082315418,9.99372082315418,0.540827568885968));
#2955=CARTESIAN_POINT('Ctrl Pts',(0.,9.99372082315418,0.540827568885968));
#2956=CARTESIAN_POINT('Ctrl Pts',(9.99372082315418,9.99372082315418,0.540827568885968));
#2957=CARTESIAN_POINT('Ctrl Pts',(9.99372082315418,0.,0.540827568885968));
#2958=CARTESIAN_POINT('Ctrl Pts',(9.99372082315418,-9.99372082315418,0.540827568885968));
#2959=CARTESIAN_POINT('Ctrl Pts',(0.,-9.99372082315418,0.540827568885968));
#2960=CARTESIAN_POINT('Ctrl Pts',(-9.99372082315418,-9.99372082315418,0.540827568885968));
#2961=CARTESIAN_POINT('Ctrl Pts',(-9.99372082315418,0.,0.540827568885968));
#2962=CARTESIAN_POINT('Ctrl Pts',(-10.1880385592231,0.,0.562436850261131));
#2963=CARTESIAN_POINT('Ctrl Pts',(-10.1880385592231,10.1880385592231,0.562436850261131));
#2964=CARTESIAN_POINT('Ctrl Pts',(0.,10.1880385592231,0.562436850261131));
#2965=CARTESIAN_POINT('Ctrl Pts',(10.1880385592231,10.1880385592231,0.562436850261131));
#2966=CARTESIAN_POINT('Ctrl Pts',(10.1880385592231,0.,0.562436850261131));
#2967=CARTESIAN_POINT('Ctrl Pts',(10.1880385592231,-10.1880385592231,0.562436850261131));
#2968=CARTESIAN_POINT('Ctrl Pts',(0.,-10.1880385592231,0.562436850261131));
#2969=CARTESIAN_POINT('Ctrl Pts',(-10.1880385592231,-10.1880385592231,0.562436850261131));
#2970=CARTESIAN_POINT('Ctrl Pts',(-10.1880385592231,0.,0.562436850261131));
#2971=CARTESIAN_POINT('Ctrl Pts',(-10.3822117954091,0.,0.58455391698936));
#2972=CARTESIAN_POINT('Ctrl Pts',(-10.3822117954091,10.3822117954091,0.58455391698936));
#2973=CARTESIAN_POINT('Ctrl Pts',(0.,10.3822117954091,0.58455391698936));
#2974=CARTESIAN_POINT('Ctrl Pts',(10.3822117954091,10.3822117954091,0.58455391698936));
#2975=CARTESIAN_POINT('Ctrl Pts',(10.3822117954091,0.,0.58455391698936));
#2976=CARTESIAN_POINT('Ctrl Pts',(10.3822117954091,-10.3822117954091,0.58455391698936));
#2977=CARTESIAN_POINT('Ctrl Pts',(0.,-10.3822117954091,0.58455391698936));
#2978=CARTESIAN_POINT('Ctrl Pts',(-10.3822117954091,-10.3822117954091,0.58455391698936));
#2979=CARTESIAN_POINT('Ctrl Pts',(-10.3822117954091,0.,0.58455391698936));
#2980=CARTESIAN_POINT('Ctrl Pts',(-10.5764882820989,0.,0.60711778896633));
#2981=CARTESIAN_POINT('Ctrl Pts',(-10.5764882820989,10.5764882820989,0.60711778896633));
#2982=CARTESIAN_POINT('Ctrl Pts',(0.,10.5764882820989,0.60711778896633));
#2983=CARTESIAN_POINT('Ctrl Pts',(10.5764882820989,10.5764882820989,0.60711778896633));
#2984=CARTESIAN_POINT('Ctrl Pts',(10.5764882820989,0.,0.60711778896633));
#2985=CARTESIAN_POINT('Ctrl Pts',(10.5764882820989,-10.5764882820989,0.60711778896633));
#2986=CARTESIAN_POINT('Ctrl Pts',(0.,-10.5764882820989,0.60711778896633));
#2987=CARTESIAN_POINT('Ctrl Pts',(-10.5764882820989,-10.5764882820989,0.60711778896633));
#2988=CARTESIAN_POINT('Ctrl Pts',(-10.5764882820989,0.,0.60711778896633));
#2989=CARTESIAN_POINT('Ctrl Pts',(-10.7710861804167,0.,0.630060136525082));
#2990=CARTESIAN_POINT('Ctrl Pts',(-10.7710861804167,10.7710861804167,0.630060136525082));
#2991=CARTESIAN_POINT('Ctrl Pts',(0.,10.7710861804167,0.630060136525082));
#2992=CARTESIAN_POINT('Ctrl Pts',(10.7710861804167,10.7710861804167,0.630060136525082));
#2993=CARTESIAN_POINT('Ctrl Pts',(10.7710861804167,0.,0.630060136525082));
#2994=CARTESIAN_POINT('Ctrl Pts',(10.7710861804167,-10.7710861804167,0.630060136525082));
#2995=CARTESIAN_POINT('Ctrl Pts',(0.,-10.7710861804167,0.630060136525082));
#2996=CARTESIAN_POINT('Ctrl Pts',(-10.7710861804167,-10.7710861804167,0.630060136525082));
#2997=CARTESIAN_POINT('Ctrl Pts',(-10.7710861804167,0.,0.630060136525082));
#2998=CARTESIAN_POINT('Ctrl Pts',(-10.9661315376034,0.,0.653328282816565));
#2999=CARTESIAN_POINT('Ctrl Pts',(-10.9661315376034,10.9661315376034,0.653328282816565));
#3000=CARTESIAN_POINT('Ctrl Pts',(0.,10.9661315376034,0.653328282816565));
#3001=CARTESIAN_POINT('Ctrl Pts',(10.9661315376034,10.9661315376034,0.653328282816565));
#3002=CARTESIAN_POINT('Ctrl Pts',(10.9661315376034,0.,0.653328282816565));
#3003=CARTESIAN_POINT('Ctrl Pts',(10.9661315376034,-10.9661315376034,0.653328282816565));
#3004=CARTESIAN_POINT('Ctrl Pts',(0.,-10.9661315376034,0.653328282816565));
#3005=CARTESIAN_POINT('Ctrl Pts',(-10.9661315376034,-10.9661315376034,0.653328282816565));
#3006=CARTESIAN_POINT('Ctrl Pts',(-10.9661315376034,0.,0.653328282816565));
#3007=CARTESIAN_POINT('Ctrl Pts',(-11.1615962840113,0.,0.676908014782593));
#3008=CARTESIAN_POINT('Ctrl Pts',(-11.1615962840113,11.1615962840113,0.676908014782593));
#3009=CARTESIAN_POINT('Ctrl Pts',(0.,11.1615962840113,0.676908014782593));
#3010=CARTESIAN_POINT('Ctrl Pts',(11.1615962840113,11.1615962840113,0.676908014782593));
#3011=CARTESIAN_POINT('Ctrl Pts',(11.1615962840113,0.,0.676908014782593));
#3012=CARTESIAN_POINT('Ctrl Pts',(11.1615962840113,-11.1615962840113,0.676908014782593));
#3013=CARTESIAN_POINT('Ctrl Pts',(0.,-11.1615962840113,0.676908014782593));
#3014=CARTESIAN_POINT('Ctrl Pts',(-11.1615962840113,-11.1615962840113,0.676908014782593));
#3015=CARTESIAN_POINT('Ctrl Pts',(-11.1615962840113,0.,0.676908014782593));
#3016=CARTESIAN_POINT('Ctrl Pts',(-11.3573430357562,0.,0.700813193785345));
#3017=CARTESIAN_POINT('Ctrl Pts',(-11.3573430357562,11.3573430357562,0.700813193785345));
#3018=CARTESIAN_POINT('Ctrl Pts',(0.,11.3573430357562,0.700813193785345));
#3019=CARTESIAN_POINT('Ctrl Pts',(11.3573430357562,11.3573430357562,0.700813193785345));
#3020=CARTESIAN_POINT('Ctrl Pts',(11.3573430357562,0.,0.700813193785345));
#3021=CARTESIAN_POINT('Ctrl Pts',(11.3573430357562,-11.3573430357562,0.700813193785345));
#3022=CARTESIAN_POINT('Ctrl Pts',(0.,-11.3573430357562,0.700813193785345));
#3023=CARTESIAN_POINT('Ctrl Pts',(-11.3573430357562,-11.3573430357562,0.700813193785345));
#3024=CARTESIAN_POINT('Ctrl Pts',(-11.3573430357562,0.,0.700813193785345));
#3025=CARTESIAN_POINT('Ctrl Pts',(-11.5531691641843,0.,0.725075580260878));
#3026=CARTESIAN_POINT('Ctrl Pts',(-11.5531691641843,11.5531691641843,0.725075580260878));
#3027=CARTESIAN_POINT('Ctrl Pts',(0.,11.5531691641843,0.725075580260878));
#3028=CARTESIAN_POINT('Ctrl Pts',(11.5531691641843,11.5531691641843,0.725075580260878));
#3029=CARTESIAN_POINT('Ctrl Pts',(11.5531691641843,0.,0.725075580260878));
#3030=CARTESIAN_POINT('Ctrl Pts',(11.5531691641843,-11.5531691641843,0.725075580260878));
#3031=CARTESIAN_POINT('Ctrl Pts',(0.,-11.5531691641843,0.725075580260878));
#3032=CARTESIAN_POINT('Ctrl Pts',(-11.5531691641843,-11.5531691641843,0.725075580260878));
#3033=CARTESIAN_POINT('Ctrl Pts',(-11.5531691641843,0.,0.725075580260878));
#3034=CARTESIAN_POINT('Ctrl Pts',(-11.7488510553052,0.,0.749734599093187));
#3035=CARTESIAN_POINT('Ctrl Pts',(-11.7488510553052,11.7488510553052,0.749734599093187));
#3036=CARTESIAN_POINT('Ctrl Pts',(0.,11.7488510553052,0.749734599093187));
#3037=CARTESIAN_POINT('Ctrl Pts',(11.7488510553052,11.7488510553052,0.749734599093187));
#3038=CARTESIAN_POINT('Ctrl Pts',(11.7488510553052,0.,0.749734599093187));
#3039=CARTESIAN_POINT('Ctrl Pts',(11.7488510553052,-11.7488510553052,0.749734599093187));
#3040=CARTESIAN_POINT('Ctrl Pts',(0.,-11.7488510553052,0.749734599093187));
#3041=CARTESIAN_POINT('Ctrl Pts',(-11.7488510553052,-11.7488510553052,0.749734599093187));
#3042=CARTESIAN_POINT('Ctrl Pts',(-11.7488510553052,0.,0.749734599093187));
#3043=CARTESIAN_POINT('Ctrl Pts',(-11.9441881312112,0.,0.774827166507097));
#3044=CARTESIAN_POINT('Ctrl Pts',(-11.9441881312112,11.9441881312112,0.774827166507097));
#3045=CARTESIAN_POINT('Ctrl Pts',(0.,11.9441881312112,0.774827166507097));
#3046=CARTESIAN_POINT('Ctrl Pts',(11.9441881312112,11.9441881312112,0.774827166507097));
#3047=CARTESIAN_POINT('Ctrl Pts',(11.9441881312112,0.,0.774827166507097));
#3048=CARTESIAN_POINT('Ctrl Pts',(11.9441881312112,-11.9441881312112,0.774827166507097));
#3049=CARTESIAN_POINT('Ctrl Pts',(0.,-11.9441881312112,0.774827166507097));
#3050=CARTESIAN_POINT('Ctrl Pts',(-11.9441881312112,-11.9441881312112,0.774827166507097));
#3051=CARTESIAN_POINT('Ctrl Pts',(-11.9441881312112,0.,0.774827166507097));
#3052=CARTESIAN_POINT('Ctrl Pts',(-12.1390472665767,0.,0.80037742613537));
#3053=CARTESIAN_POINT('Ctrl Pts',(-12.1390472665767,12.1390472665767,0.80037742613537));
#3054=CARTESIAN_POINT('Ctrl Pts',(0.,12.1390472665767,0.80037742613537));
#3055=CARTESIAN_POINT('Ctrl Pts',(12.1390472665767,12.1390472665767,0.80037742613537));
#3056=CARTESIAN_POINT('Ctrl Pts',(12.1390472665767,0.,0.80037742613537));
#3057=CARTESIAN_POINT('Ctrl Pts',(12.1390472665767,-12.1390472665767,0.80037742613537));
#3058=CARTESIAN_POINT('Ctrl Pts',(0.,-12.1390472665767,0.80037742613537));
#3059=CARTESIAN_POINT('Ctrl Pts',(-12.1390472665767,-12.1390472665767,0.80037742613537));
#3060=CARTESIAN_POINT('Ctrl Pts',(-12.1390472665767,0.,0.80037742613537));
#3061=CARTESIAN_POINT('Ctrl Pts',(-12.3333492611831,0.,0.826399393159115));
#3062=CARTESIAN_POINT('Ctrl Pts',(-12.3333492611831,12.3333492611831,0.826399393159115));
#3063=CARTESIAN_POINT('Ctrl Pts',(0.,12.3333492611831,0.826399393159115));
#3064=CARTESIAN_POINT('Ctrl Pts',(12.3333492611831,12.3333492611831,0.826399393159115));
#3065=CARTESIAN_POINT('Ctrl Pts',(12.3333492611831,0.,0.826399393159115));
#3066=CARTESIAN_POINT('Ctrl Pts',(12.3333492611831,-12.3333492611831,0.826399393159115));
#3067=CARTESIAN_POINT('Ctrl Pts',(0.,-12.3333492611831,0.826399393159115));
#3068=CARTESIAN_POINT('Ctrl Pts',(-12.3333492611831,-12.3333492611831,0.826399393159115));
#3069=CARTESIAN_POINT('Ctrl Pts',(-12.3333492611831,0.,0.826399393159115));
#3070=CARTESIAN_POINT('Ctrl Pts',(-12.488313894846,0.,0.847599602853716));
#3071=CARTESIAN_POINT('Ctrl Pts',(-12.488313894846,12.488313894846,0.847599602853716));
#3072=CARTESIAN_POINT('Ctrl Pts',(0.,12.488313894846,0.847599602853716));
#3073=CARTESIAN_POINT('Ctrl Pts',(12.488313894846,12.488313894846,0.847599602853716));
#3074=CARTESIAN_POINT('Ctrl Pts',(12.488313894846,0.,0.847599602853716));
#3075=CARTESIAN_POINT('Ctrl Pts',(12.488313894846,-12.488313894846,0.847599602853716));
#3076=CARTESIAN_POINT('Ctrl Pts',(0.,-12.488313894846,0.847599602853716));
#3077=CARTESIAN_POINT('Ctrl Pts',(-12.488313894846,-12.488313894846,0.847599602853716));
#3078=CARTESIAN_POINT('Ctrl Pts',(-12.488313894846,0.,0.847599602853716));
#3079=CARTESIAN_POINT('Ctrl Pts',(-12.6042634364135,0.,0.863715813125479));
#3080=CARTESIAN_POINT('Ctrl Pts',(-12.6042634364135,12.6042634364135,0.863715813125479));
#3081=CARTESIAN_POINT('Ctrl Pts',(0.,12.6042634364135,0.863715813125479));
#3082=CARTESIAN_POINT('Ctrl Pts',(12.6042634364135,12.6042634364135,0.863715813125479));
#3083=CARTESIAN_POINT('Ctrl Pts',(12.6042634364135,0.,0.863715813125479));
#3084=CARTESIAN_POINT('Ctrl Pts',(12.6042634364135,-12.6042634364135,0.863715813125479));
#3085=CARTESIAN_POINT('Ctrl Pts',(0.,-12.6042634364135,0.863715813125479));
#3086=CARTESIAN_POINT('Ctrl Pts',(-12.6042634364135,-12.6042634364135,0.863715813125479));
#3087=CARTESIAN_POINT('Ctrl Pts',(-12.6042634364135,0.,0.863715813125479));
#3088=CARTESIAN_POINT('Ctrl Pts',(-12.6814414290777,0.,0.874555939938985));
#3089=CARTESIAN_POINT('Ctrl Pts',(-12.6814414290777,12.6814414290777,0.874555939938985));
#3090=CARTESIAN_POINT('Ctrl Pts',(0.,12.6814414290777,0.874555939938985));
#3091=CARTESIAN_POINT('Ctrl Pts',(12.6814414290777,12.6814414290777,0.874555939938985));
#3092=CARTESIAN_POINT('Ctrl Pts',(12.6814414290777,0.,0.874555939938985));
#3093=CARTESIAN_POINT('Ctrl Pts',(12.6814414290777,-12.6814414290777,0.874555939938985));
#3094=CARTESIAN_POINT('Ctrl Pts',(0.,-12.6814414290777,0.874555939938985));
#3095=CARTESIAN_POINT('Ctrl Pts',(-12.6814414290777,-12.6814414290777,0.874555939938985));
#3096=CARTESIAN_POINT('Ctrl Pts',(-12.6814414290777,0.,0.874555939938985));
#3097=CARTESIAN_POINT('Ctrl Pts',(-12.72,0.,0.88));
#3098=CARTESIAN_POINT('Ctrl Pts',(-12.72,12.72,0.88));
#3099=CARTESIAN_POINT('Ctrl Pts',(0.,12.72,0.88));
#3100=CARTESIAN_POINT('Ctrl Pts',(12.72,12.72,0.88));
#3101=CARTESIAN_POINT('Ctrl Pts',(12.72,0.,0.88));
#3102=CARTESIAN_POINT('Ctrl Pts',(12.72,-12.72,0.88));
#3103=CARTESIAN_POINT('Ctrl Pts',(0.,-12.72,0.88));
#3104=CARTESIAN_POINT('Ctrl Pts',(-12.72,-12.72,0.88));
#3105=CARTESIAN_POINT('Ctrl Pts',(-12.72,0.,0.88));
#3106=CARTESIAN_POINT('',(0.,0.,0.));
#3107=CARTESIAN_POINT('',(-12.72,0.,0.88));
#3108=CARTESIAN_POINT('Ctrl Pts',(0.,0.,0.));
#3109=CARTESIAN_POINT('Ctrl Pts',(-0.0393253344363794,0.,0.000700691225356314));
#3110=CARTESIAN_POINT('Ctrl Pts',(-0.117954462876227,0.,0.00203694613273983));
#3111=CARTESIAN_POINT('Ctrl Pts',(-0.235833534195787,0.,0.00384594574390731));
#3112=CARTESIAN_POINT('Ctrl Pts',(-0.392876337135281,0.,0.00586703009756313));
#3113=CARTESIAN_POINT('Ctrl Pts',(-0.588972236020243,0.,0.00776552418873617));
#3114=CARTESIAN_POINT('Ctrl Pts',(-0.784884692219556,0.,0.00910870666351163));
#3115=CARTESIAN_POINT('Ctrl Pts',(-0.980662422543658,0.,0.0100428650109362));
#3116=CARTESIAN_POINT('Ctrl Pts',(-1.17638704725948,0.,0.0108130937644327));
#3117=CARTESIAN_POINT('Ctrl Pts',(-1.37218135977609,0.,0.011788139430006));
#3118=CARTESIAN_POINT('Ctrl Pts',(-1.5681799235233,0.,0.0133763895918629));
#3119=CARTESIAN_POINT('Ctrl Pts',(-1.76449976667623,0.,0.0159421494311131));
#3120=CARTESIAN_POINT('Ctrl Pts',(-1.9612110787263,0.,0.0197219352314284));
#3121=CARTESIAN_POINT('Ctrl Pts',(-2.15830771398471,0.,0.0247402083777692));
#3122=CARTESIAN_POINT('Ctrl Pts',(-2.35567801581812,0.,0.0307260737996745));
#3123=CARTESIAN_POINT('Ctrl Pts',(-2.55314696025977,0.,0.0372421967253463));
#3124=CARTESIAN_POINT('Ctrl Pts',(-2.75051774531904,0.,0.043812054762316));
#3125=CARTESIAN_POINT('Ctrl Pts',(-2.94761363675917,0.,0.0500480741798025));
#3126=CARTESIAN_POINT('Ctrl Pts',(-3.14431947801981,0.,0.0557785782694006));
#3127=CARTESIAN_POINT('Ctrl Pts',(-3.34062408803301,0.,0.0611780000562672));
#3128=CARTESIAN_POINT('Ctrl Pts',(-3.53659282409054,0.,0.0666385132268303));
#3129=CARTESIAN_POINT('Ctrl Pts',(-3.73233945019154,0.,0.0726390983749239));
#3130=CARTESIAN_POINT('Ctrl Pts',(-3.92799832493429,0.,0.0796154597351655));
#3131=CARTESIAN_POINT('Ctrl Pts',(-4.12369656959965,0.,0.0878302349926201));
#3132=CARTESIAN_POINT('Ctrl Pts',(-4.31952606688962,0.,0.0972410224498707));
#3133=CARTESIAN_POINT('Ctrl Pts',(-4.51553961888451,0.,0.107605453783871));
#3134=CARTESIAN_POINT('Ctrl Pts',(-4.7117473178777,0.,0.118588150455251));
#3135=CARTESIAN_POINT('Ctrl Pts',(-4.90811272262076,0.,0.129867003300428));
#3136=CARTESIAN_POINT('Ctrl Pts',(-5.10454915024761,0.,0.141239186347445));
#3137=CARTESIAN_POINT('Ctrl Pts',(-5.30091553495614,0.,0.152728841022914));
#3138=CARTESIAN_POINT('Ctrl Pts',(-5.49705320987937,0.,0.16449899433907));
#3139=CARTESIAN_POINT('Ctrl Pts',(-5.6928229645788,0.,0.176762023354105));
#3140=CARTESIAN_POINT('Ctrl Pts',(-5.88814212768073,0.,0.189690552622053));
#3141=CARTESIAN_POINT('Ctrl Pts',(-6.08302146341898,0.,0.203328648537569));
#3142=CARTESIAN_POINT('Ctrl Pts',(-6.2776029883541,0.,0.217501313777199));
#3143=CARTESIAN_POINT('Ctrl Pts',(-6.47210390772872,0.,0.231911252612839));
#3144=CARTESIAN_POINT('Ctrl Pts',(-6.66675970654171,0.,0.246237354951414));
#3145=CARTESIAN_POINT('Ctrl Pts',(-6.8617677381636,0.,0.260232225407735));
#3146=CARTESIAN_POINT('Ctrl Pts',(-7.0572302658556,0.,0.273820733553885));
#3147=CARTESIAN_POINT('Ctrl Pts',(-7.25309843969983,0.,0.287196858771228));
#3148=CARTESIAN_POINT('Ctrl Pts',(-7.44922795262131,0.,0.300718519425473));
#3149=CARTESIAN_POINT('Ctrl Pts',(-7.64543368207303,0.,0.314804222758145));
#3150=CARTESIAN_POINT('Ctrl Pts',(-7.84154452170678,0.,0.329829348143293));
#3151=CARTESIAN_POINT('Ctrl Pts',(-8.03745834763999,0.,0.346022171189193));
#3152=CARTESIAN_POINT('Ctrl Pts',(-8.23319640398727,0.,0.363360880090292));
#3153=CARTESIAN_POINT('Ctrl Pts',(-8.42885339876914,0.,0.381655467895357));
#3154=CARTESIAN_POINT('Ctrl Pts',(-8.62454839776308,0.,0.400628152953368));
#3155=CARTESIAN_POINT('Ctrl Pts',(-8.82037550696751,0.,0.419994133372945));
#3156=CARTESIAN_POINT('Ctrl Pts',(-9.0163545698027,0.,0.439542212532067));
#3157=CARTESIAN_POINT('Ctrl Pts',(-9.21238192022098,0.,0.459215358886984));
#3158=CARTESIAN_POINT('Ctrl Pts',(-9.40828661322701,0.,0.479064377342554));
#3159=CARTESIAN_POINT('Ctrl Pts',(-9.60388632770995,0.,0.499201985633423));
#3160=CARTESIAN_POINT('Ctrl Pts',(-9.79904342674732,0.,0.519756810765557));
#3161=CARTESIAN_POINT('Ctrl Pts',(-9.99372082315418,0.,0.540827568885968));
#3162=CARTESIAN_POINT('Ctrl Pts',(-10.1880385592231,0.,0.562436850261131));
#3163=CARTESIAN_POINT('Ctrl Pts',(-10.3822117954091,0.,0.58455391698936));
#3164=CARTESIAN_POINT('Ctrl Pts',(-10.5764882820989,0.,0.60711778896633));
#3165=CARTESIAN_POINT('Ctrl Pts',(-10.7710861804167,0.,0.630060136525082));
#3166=CARTESIAN_POINT('Ctrl Pts',(-10.9661315376034,0.,0.653328282816565));
#3167=CARTESIAN_POINT('Ctrl Pts',(-11.1615962840113,0.,0.676908014782593));
#3168=CARTESIAN_POINT('Ctrl Pts',(-11.3573430357562,0.,0.700813193785345));
#3169=CARTESIAN_POINT('Ctrl Pts',(-11.5531691641843,0.,0.725075580260878));
#3170=CARTESIAN_POINT('Ctrl Pts',(-11.7488510553052,0.,0.749734599093187));
#3171=CARTESIAN_POINT('Ctrl Pts',(-11.9441881312112,0.,0.774827166507097));
#3172=CARTESIAN_POINT('Ctrl Pts',(-12.1390472665767,0.,0.80037742613537));
#3173=CARTESIAN_POINT('Ctrl Pts',(-12.3333492611831,0.,0.826399393159115));
#3174=CARTESIAN_POINT('Ctrl Pts',(-12.488313894846,0.,0.847599602853716));
#3175=CARTESIAN_POINT('Ctrl Pts',(-12.6042634364135,0.,0.863715813125479));
#3176=CARTESIAN_POINT('Ctrl Pts',(-12.6814414290777,0.,0.874555939938985));
#3177=CARTESIAN_POINT('Ctrl Pts',(-12.72,0.,0.88));
#3178=CARTESIAN_POINT('',(12.72,-1.55775072851543E-15,0.879999999999999));
#3179=CARTESIAN_POINT('Origin',(0.,0.,0.88));
#3180=CARTESIAN_POINT('Origin',(0.,0.,0.88));
#3181=CARTESIAN_POINT('Origin',(0.,0.,0.905));
#3182=CARTESIAN_POINT('',(12.77,-1.56387396251117E-15,0.930000000000001));
#3183=CARTESIAN_POINT('',(12.745,-1.5608123455133E-15,0.905));
#3184=CARTESIAN_POINT('Origin',(0.,0.,0.93));
#3185=CARTESIAN_POINT('Origin',(0.,0.,1.385));
#3186=CARTESIAN_POINT('',(12.77,-1.56387396251117E-15,1.84));
#3187=CARTESIAN_POINT('',(12.77,-1.56387396251117E-15,1.385));
#3188=CARTESIAN_POINT('Origin',(0.,0.,1.84));
#3189=CARTESIAN_POINT('Origin',(0.,0.,1.865));
#3190=CARTESIAN_POINT('',(12.72,-1.55775072851543E-15,1.89));
#3191=CARTESIAN_POINT('',(12.745,-1.5608123455133E-15,1.865));
#3192=CARTESIAN_POINT('Origin',(0.,0.,1.89));
#3193=CARTESIAN_POINT('Origin',(-12.72,0.,1.89));
#3194=CARTESIAN_POINT('',(11.555,-1.41507937641477E-15,1.89));
#3195=CARTESIAN_POINT('Origin',(0.,0.,1.89));
#3196=CARTESIAN_POINT('Origin',(0.,0.,2.09));
#3197=CARTESIAN_POINT('',(11.555,-1.41507937641477E-15,3.29));
#3198=CARTESIAN_POINT('',(11.555,-1.41507937641477E-15,2.09));
#3199=CARTESIAN_POINT('Origin',(0.,0.,3.29));
#3200=CARTESIAN_POINT('Origin',(-11.555,0.,3.29));
#3201=CARTESIAN_POINT('Origin',(0.,0.,2.79));
#3202=CARTESIAN_POINT('',(11.555,-1.41507937641477E-15,3.29));
#3203=CARTESIAN_POINT('Origin',(0.,0.,3.29));
#3204=CARTESIAN_POINT('',(11.555,-1.41507937641477E-15,2.29));
#3205=CARTESIAN_POINT('',(11.555,-1.41507937641477E-15,2.79));
#3206=CARTESIAN_POINT('Origin',(0.,0.,2.29));
#3207=CARTESIAN_POINT('Origin',(-11.555,0.,3.29));
#3208=CARTESIAN_POINT('Ctrl Pts',(-14.47,0.,2.29));
#3209=CARTESIAN_POINT('Ctrl Pts',(-14.47,14.47,2.29));
#3210=CARTESIAN_POINT('Ctrl Pts',(0.,14.47,2.29));
#3211=CARTESIAN_POINT('Ctrl Pts',(14.47,14.47,2.29));
#3212=CARTESIAN_POINT('Ctrl Pts',(14.47,0.,2.29));
#3213=CARTESIAN_POINT('Ctrl Pts',(14.47,-14.47,2.29));
#3214=CARTESIAN_POINT('Ctrl Pts',(0.,-14.47,2.29));
#3215=CARTESIAN_POINT('Ctrl Pts',(-14.47,-14.47,2.29));
#3216=CARTESIAN_POINT('Ctrl Pts',(-14.47,0.,2.29));
#3217=CARTESIAN_POINT('Ctrl Pts',(-14.4998698619714,0.,2.30517868656973));
#3218=CARTESIAN_POINT('Ctrl Pts',(-14.4998698619714,14.4998698619714,2.30517868656973));
#3219=CARTESIAN_POINT('Ctrl Pts',(0.,14.4998698619714,2.30517868656973));
#3220=CARTESIAN_POINT('Ctrl Pts',(14.4998698619714,14.4998698619714,2.30517868656973));
#3221=CARTESIAN_POINT('Ctrl Pts',(14.4998698619714,0.,2.30517868656973));
#3222=CARTESIAN_POINT('Ctrl Pts',(14.4998698619714,-14.4998698619714,2.30517868656973));
#3223=CARTESIAN_POINT('Ctrl Pts',(0.,-14.4998698619714,2.30517868656973));
#3224=CARTESIAN_POINT('Ctrl Pts',(-14.4998698619714,-14.4998698619714,2.30517868656973));
#3225=CARTESIAN_POINT('Ctrl Pts',(-14.4998698619714,0.,2.30517868656973));
#3226=CARTESIAN_POINT('Ctrl Pts',(-14.5591650996479,0.,2.33617189167526));
#3227=CARTESIAN_POINT('Ctrl Pts',(-14.5591650996479,14.5591650996479,2.33617189167526));
#3228=CARTESIAN_POINT('Ctrl Pts',(0.,14.5591650996479,2.33617189167526));
#3229=CARTESIAN_POINT('Ctrl Pts',(14.5591650996479,14.5591650996479,2.33617189167526));
#3230=CARTESIAN_POINT('Ctrl Pts',(14.5591650996479,0.,2.33617189167526));
#3231=CARTESIAN_POINT('Ctrl Pts',(14.5591650996479,-14.5591650996479,2.33617189167526));
#3232=CARTESIAN_POINT('Ctrl Pts',(0.,-14.5591650996479,2.33617189167526));
#3233=CARTESIAN_POINT('Ctrl Pts',(-14.5591650996479,-14.5591650996479,2.33617189167526));
#3234=CARTESIAN_POINT('Ctrl Pts',(-14.5591650996479,0.,2.33617189167526));
#3235=CARTESIAN_POINT('Ctrl Pts',(-14.6467744971364,0.,2.38456919540497));
#3236=CARTESIAN_POINT('Ctrl Pts',(-14.6467744971364,14.6467744971364,2.38456919540497));
#3237=CARTESIAN_POINT('Ctrl Pts',(0.,14.6467744971364,2.38456919540497));
#3238=CARTESIAN_POINT('Ctrl Pts',(14.6467744971364,14.6467744971364,2.38456919540497));
#3239=CARTESIAN_POINT('Ctrl Pts',(14.6467744971364,0.,2.38456919540497));
#3240=CARTESIAN_POINT('Ctrl Pts',(14.6467744971364,-14.6467744971364,2.38456919540497));
#3241=CARTESIAN_POINT('Ctrl Pts',(0.,-14.6467744971364,2.38456919540497));
#3242=CARTESIAN_POINT('Ctrl Pts',(-14.6467744971364,-14.6467744971364,2.38456919540497));
#3243=CARTESIAN_POINT('Ctrl Pts',(-14.6467744971364,0.,2.38456919540497));
#3244=CARTESIAN_POINT('Ctrl Pts',(-14.7609198096543,0.,2.45291435556342));
#3245=CARTESIAN_POINT('Ctrl Pts',(-14.7609198096543,14.7609198096543,2.45291435556342));
#3246=CARTESIAN_POINT('Ctrl Pts',(0.,14.7609198096543,2.45291435556342));
#3247=CARTESIAN_POINT('Ctrl Pts',(14.7609198096543,14.7609198096543,2.45291435556342));
#3248=CARTESIAN_POINT('Ctrl Pts',(14.7609198096543,0.,2.45291435556342));
#3249=CARTESIAN_POINT('Ctrl Pts',(14.7609198096543,-14.7609198096543,2.45291435556342));
#3250=CARTESIAN_POINT('Ctrl Pts',(0.,-14.7609198096543,2.45291435556342));
#3251=CARTESIAN_POINT('Ctrl Pts',(-14.7609198096543,-14.7609198096543,2.45291435556342));
#3252=CARTESIAN_POINT('Ctrl Pts',(-14.7609198096543,0.,2.45291435556342));
#3253=CARTESIAN_POINT('Ctrl Pts',(-14.8990887010333,0.,2.54472816907807));
#3254=CARTESIAN_POINT('Ctrl Pts',(-14.8990887010333,14.8990887010333,2.54472816907807));
#3255=CARTESIAN_POINT('Ctrl Pts',(0.,14.8990887010333,2.54472816907807));
#3256=CARTESIAN_POINT('Ctrl Pts',(14.8990887010333,14.8990887010333,2.54472816907807));
#3257=CARTESIAN_POINT('Ctrl Pts',(14.8990887010333,0.,2.54472816907807));
#3258=CARTESIAN_POINT('Ctrl Pts',(14.8990887010333,-14.8990887010333,2.54472816907807));
#3259=CARTESIAN_POINT('Ctrl Pts',(0.,-14.8990887010333,2.54472816907807));
#3260=CARTESIAN_POINT('Ctrl Pts',(-14.8990887010333,-14.8990887010333,2.54472816907807));
#3261=CARTESIAN_POINT('Ctrl Pts',(-14.8990887010333,0.,2.54472816907807));
#3262=CARTESIAN_POINT('Ctrl Pts',(-15.032545714569,0.,2.64298998934868));
#3263=CARTESIAN_POINT('Ctrl Pts',(-15.032545714569,15.032545714569,2.64298998934868));
#3264=CARTESIAN_POINT('Ctrl Pts',(0.,15.032545714569,2.64298998934868));
#3265=CARTESIAN_POINT('Ctrl Pts',(15.032545714569,15.032545714569,2.64298998934868));
#3266=CARTESIAN_POINT('Ctrl Pts',(15.032545714569,0.,2.64298998934868));
#3267=CARTESIAN_POINT('Ctrl Pts',(15.032545714569,-15.032545714569,2.64298998934868));
#3268=CARTESIAN_POINT('Ctrl Pts',(0.,-15.032545714569,2.64298998934868));
#3269=CARTESIAN_POINT('Ctrl Pts',(-15.032545714569,-15.032545714569,2.64298998934868));
#3270=CARTESIAN_POINT('Ctrl Pts',(-15.032545714569,0.,2.64298998934868));
#3271=CARTESIAN_POINT('Ctrl Pts',(-15.1608947268148,0.,2.74782793317651));
#3272=CARTESIAN_POINT('Ctrl Pts',(-15.1608947268148,15.1608947268148,2.74782793317651));
#3273=CARTESIAN_POINT('Ctrl Pts',(0.,15.1608947268148,2.74782793317651));
#3274=CARTESIAN_POINT('Ctrl Pts',(15.1608947268148,15.1608947268148,2.74782793317651));
#3275=CARTESIAN_POINT('Ctrl Pts',(15.1608947268148,0.,2.74782793317651));
#3276=CARTESIAN_POINT('Ctrl Pts',(15.1608947268148,-15.1608947268148,2.74782793317651));
#3277=CARTESIAN_POINT('Ctrl Pts',(0.,-15.1608947268148,2.74782793317651));
#3278=CARTESIAN_POINT('Ctrl Pts',(-15.1608947268148,-15.1608947268148,2.74782793317651));
#3279=CARTESIAN_POINT('Ctrl Pts',(-15.1608947268148,0.,2.74782793317651));
#3280=CARTESIAN_POINT('Ctrl Pts',(-15.2834775441698,0.,2.85945257957));
#3281=CARTESIAN_POINT('Ctrl Pts',(-15.2834775441698,15.2834775441698,2.85945257957));
#3282=CARTESIAN_POINT('Ctrl Pts',(0.,15.2834775441698,2.85945257957));
#3283=CARTESIAN_POINT('Ctrl Pts',(15.2834775441698,15.2834775441698,2.85945257957));
#3284=CARTESIAN_POINT('Ctrl Pts',(15.2834775441698,0.,2.85945257957));
#3285=CARTESIAN_POINT('Ctrl Pts',(15.2834775441698,-15.2834775441698,2.85945257957));
#3286=CARTESIAN_POINT('Ctrl Pts',(0.,-15.2834775441698,2.85945257957));
#3287=CARTESIAN_POINT('Ctrl Pts',(-15.2834775441698,-15.2834775441698,2.85945257957));
#3288=CARTESIAN_POINT('Ctrl Pts',(-15.2834775441698,0.,2.85945257957));
#3289=CARTESIAN_POINT('Ctrl Pts',(-15.3993080954847,0.,2.97817748027444));
#3290=CARTESIAN_POINT('Ctrl Pts',(-15.3993080954847,15.3993080954847,2.97817748027444));
#3291=CARTESIAN_POINT('Ctrl Pts',(0.,15.3993080954847,2.97817748027444));
#3292=CARTESIAN_POINT('Ctrl Pts',(15.3993080954847,15.3993080954847,2.97817748027444));
#3293=CARTESIAN_POINT('Ctrl Pts',(15.3993080954847,0.,2.97817748027444));
#3294=CARTESIAN_POINT('Ctrl Pts',(15.3993080954847,-15.3993080954847,2.97817748027444));
#3295=CARTESIAN_POINT('Ctrl Pts',(0.,-15.3993080954847,2.97817748027444));
#3296=CARTESIAN_POINT('Ctrl Pts',(-15.3993080954847,-15.3993080954847,2.97817748027444));
#3297=CARTESIAN_POINT('Ctrl Pts',(-15.3993080954847,0.,2.97817748027444));
#3298=CARTESIAN_POINT('Ctrl Pts',(-15.5071723295911,0.,3.10430838692091));
#3299=CARTESIAN_POINT('Ctrl Pts',(-15.5071723295911,15.5071723295911,3.10430838692091));
#3300=CARTESIAN_POINT('Ctrl Pts',(0.,15.5071723295911,3.10430838692091));
#3301=CARTESIAN_POINT('Ctrl Pts',(15.5071723295911,15.5071723295911,3.10430838692091));
#3302=CARTESIAN_POINT('Ctrl Pts',(15.5071723295911,0.,3.10430838692091));
#3303=CARTESIAN_POINT('Ctrl Pts',(15.5071723295911,-15.5071723295911,3.10430838692091));
#3304=CARTESIAN_POINT('Ctrl Pts',(0.,-15.5071723295911,3.10430838692091));
#3305=CARTESIAN_POINT('Ctrl Pts',(-15.5071723295911,-15.5071723295911,3.10430838692091));
#3306=CARTESIAN_POINT('Ctrl Pts',(-15.5071723295911,0.,3.10430838692091));
#3307=CARTESIAN_POINT('Ctrl Pts',(-15.6057287325553,0.,3.23803184542055));
#3308=CARTESIAN_POINT('Ctrl Pts',(-15.6057287325553,15.6057287325553,3.23803184542055));
#3309=CARTESIAN_POINT('Ctrl Pts',(0.,15.6057287325553,3.23803184542055));
#3310=CARTESIAN_POINT('Ctrl Pts',(15.6057287325553,15.6057287325553,3.23803184542055));
#3311=CARTESIAN_POINT('Ctrl Pts',(15.6057287325553,0.,3.23803184542055));
#3312=CARTESIAN_POINT('Ctrl Pts',(15.6057287325553,-15.6057287325553,3.23803184542055));
#3313=CARTESIAN_POINT('Ctrl Pts',(0.,-15.6057287325553,3.23803184542055));
#3314=CARTESIAN_POINT('Ctrl Pts',(-15.6057287325553,-15.6057287325553,3.23803184542055));
#3315=CARTESIAN_POINT('Ctrl Pts',(-15.6057287325553,0.,3.23803184542055));
#3316=CARTESIAN_POINT('Ctrl Pts',(-15.6936084799,0.,3.37930418314608));
#3317=CARTESIAN_POINT('Ctrl Pts',(-15.6936084799,15.6936084799,3.37930418314608));
#3318=CARTESIAN_POINT('Ctrl Pts',(0.,15.6936084799,3.37930418314608));
#3319=CARTESIAN_POINT('Ctrl Pts',(15.6936084799,15.6936084799,3.37930418314608));
#3320=CARTESIAN_POINT('Ctrl Pts',(15.6936084799,0.,3.37930418314608));
#3321=CARTESIAN_POINT('Ctrl Pts',(15.6936084799,-15.6936084799,3.37930418314608));
#3322=CARTESIAN_POINT('Ctrl Pts',(0.,-15.6936084799,3.37930418314608));
#3323=CARTESIAN_POINT('Ctrl Pts',(-15.6936084799,-15.6936084799,3.37930418314608));
#3324=CARTESIAN_POINT('Ctrl Pts',(-15.6936084799,0.,3.37930418314608));
#3325=CARTESIAN_POINT('Ctrl Pts',(-15.7695158852399,0.,3.52773975348252));
#3326=CARTESIAN_POINT('Ctrl Pts',(-15.7695158852399,15.7695158852399,3.52773975348252));
#3327=CARTESIAN_POINT('Ctrl Pts',(0.,15.7695158852399,3.52773975348252));
#3328=CARTESIAN_POINT('Ctrl Pts',(15.7695158852399,15.7695158852399,3.52773975348252));
#3329=CARTESIAN_POINT('Ctrl Pts',(15.7695158852399,0.,3.52773975348252));
#3330=CARTESIAN_POINT('Ctrl Pts',(15.7695158852399,-15.7695158852399,3.52773975348252));
#3331=CARTESIAN_POINT('Ctrl Pts',(0.,-15.7695158852399,3.52773975348252));
#3332=CARTESIAN_POINT('Ctrl Pts',(-15.7695158852399,-15.7695158852399,3.52773975348252));
#3333=CARTESIAN_POINT('Ctrl Pts',(-15.7695158852399,0.,3.52773975348252));
#3334=CARTESIAN_POINT('Ctrl Pts',(-15.8323283015481,0.,3.68250065628623));
#3335=CARTESIAN_POINT('Ctrl Pts',(-15.8323283015481,15.8323283015481,3.68250065628623));
#3336=CARTESIAN_POINT('Ctrl Pts',(0.,15.8323283015481,3.68250065628623));
#3337=CARTESIAN_POINT('Ctrl Pts',(15.8323283015481,15.8323283015481,3.68250065628623));
#3338=CARTESIAN_POINT('Ctrl Pts',(15.8323283015481,0.,3.68250065628623));
#3339=CARTESIAN_POINT('Ctrl Pts',(15.8323283015481,-15.8323283015481,3.68250065628623));
#3340=CARTESIAN_POINT('Ctrl Pts',(0.,-15.8323283015481,3.68250065628623));
#3341=CARTESIAN_POINT('Ctrl Pts',(-15.8323283015481,-15.8323283015481,3.68250065628623));
#3342=CARTESIAN_POINT('Ctrl Pts',(-15.8323283015481,0.,3.68250065628623));
#3343=CARTESIAN_POINT('Ctrl Pts',(-15.8811167938971,0.,3.84241167819246));
#3344=CARTESIAN_POINT('Ctrl Pts',(-15.8811167938971,15.8811167938971,3.84241167819246));
#3345=CARTESIAN_POINT('Ctrl Pts',(0.,15.8811167938971,3.84241167819246));
#3346=CARTESIAN_POINT('Ctrl Pts',(15.8811167938971,15.8811167938971,3.84241167819246));
#3347=CARTESIAN_POINT('Ctrl Pts',(15.8811167938971,0.,3.84241167819246));
#3348=CARTESIAN_POINT('Ctrl Pts',(15.8811167938971,-15.8811167938971,3.84241167819246));
#3349=CARTESIAN_POINT('Ctrl Pts',(0.,-15.8811167938971,3.84241167819246));
#3350=CARTESIAN_POINT('Ctrl Pts',(-15.8811167938971,-15.8811167938971,3.84241167819246));
#3351=CARTESIAN_POINT('Ctrl Pts',(-15.8811167938971,0.,3.84241167819246));
#3352=CARTESIAN_POINT('Ctrl Pts',(-15.9151674573025,0.,4.00607370079471));
#3353=CARTESIAN_POINT('Ctrl Pts',(-15.9151674573025,15.9151674573025,4.00607370079471));
#3354=CARTESIAN_POINT('Ctrl Pts',(0.,15.9151674573025,4.00607370079471));
#3355=CARTESIAN_POINT('Ctrl Pts',(15.9151674573025,15.9151674573025,4.00607370079471));
#3356=CARTESIAN_POINT('Ctrl Pts',(15.9151674573025,0.,4.00607370079471));
#3357=CARTESIAN_POINT('Ctrl Pts',(15.9151674573025,-15.9151674573025,4.00607370079471));
#3358=CARTESIAN_POINT('Ctrl Pts',(0.,-15.9151674573025,4.00607370079471));
#3359=CARTESIAN_POINT('Ctrl Pts',(-15.9151674573025,-15.9151674573025,4.00607370079471));
#3360=CARTESIAN_POINT('Ctrl Pts',(-15.9151674573025,0.,4.00607370079471));
#3361=CARTESIAN_POINT('Ctrl Pts',(-15.9340025140269,0.,4.17197736545951));
#3362=CARTESIAN_POINT('Ctrl Pts',(-15.9340025140269,15.9340025140269,4.17197736545951));
#3363=CARTESIAN_POINT('Ctrl Pts',(0.,15.9340025140269,4.17197736545951));
#3364=CARTESIAN_POINT('Ctrl Pts',(15.9340025140269,15.9340025140269,4.17197736545951));
#3365=CARTESIAN_POINT('Ctrl Pts',(15.9340025140269,0.,4.17197736545951));
#3366=CARTESIAN_POINT('Ctrl Pts',(15.9340025140269,-15.9340025140269,4.17197736545951));
#3367=CARTESIAN_POINT('Ctrl Pts',(0.,-15.9340025140269,4.17197736545951));
#3368=CARTESIAN_POINT('Ctrl Pts',(-15.9340025140269,-15.9340025140269,4.17197736545951));
#3369=CARTESIAN_POINT('Ctrl Pts',(-15.9340025140269,0.,4.17197736545951));
#3370=CARTESIAN_POINT('Ctrl Pts',(-15.9374018353248,0.,4.33861699274824));
#3371=CARTESIAN_POINT('Ctrl Pts',(-15.9374018353248,15.9374018353248,4.33861699274824));
#3372=CARTESIAN_POINT('Ctrl Pts',(0.,15.9374018353248,4.33861699274824));
#3373=CARTESIAN_POINT('Ctrl Pts',(15.9374018353248,15.9374018353248,4.33861699274824));
#3374=CARTESIAN_POINT('Ctrl Pts',(15.9374018353248,0.,4.33861699274824));
#3375=CARTESIAN_POINT('Ctrl Pts',(15.9374018353248,-15.9374018353248,4.33861699274824));
#3376=CARTESIAN_POINT('Ctrl Pts',(0.,-15.9374018353248,4.33861699274824));
#3377=CARTESIAN_POINT('Ctrl Pts',(-15.9374018353248,-15.9374018353248,4.33861699274824));
#3378=CARTESIAN_POINT('Ctrl Pts',(-15.9374018353248,0.,4.33861699274824));
#3379=CARTESIAN_POINT('Ctrl Pts',(-15.9254238396058,0.,4.50460316628533));
#3380=CARTESIAN_POINT('Ctrl Pts',(-15.9254238396058,15.9254238396058,4.50460316628533));
#3381=CARTESIAN_POINT('Ctrl Pts',(0.,15.9254238396058,4.50460316628533));
#3382=CARTESIAN_POINT('Ctrl Pts',(15.9254238396058,15.9254238396058,4.50460316628533));
#3383=CARTESIAN_POINT('Ctrl Pts',(15.9254238396058,0.,4.50460316628533));
#3384=CARTESIAN_POINT('Ctrl Pts',(15.9254238396058,-15.9254238396058,4.50460316628533));
#3385=CARTESIAN_POINT('Ctrl Pts',(0.,-15.9254238396058,4.50460316628533));
#3386=CARTESIAN_POINT('Ctrl Pts',(-15.9254238396058,-15.9254238396058,4.50460316628533));
#3387=CARTESIAN_POINT('Ctrl Pts',(-15.9254238396058,0.,4.50460316628533));
#3388=CARTESIAN_POINT('Ctrl Pts',(-15.8983694323434,0.,4.66865630623789));
#3389=CARTESIAN_POINT('Ctrl Pts',(-15.8983694323434,15.8983694323434,4.66865630623789));
#3390=CARTESIAN_POINT('Ctrl Pts',(0.,15.8983694323434,4.66865630623789));
#3391=CARTESIAN_POINT('Ctrl Pts',(15.8983694323434,15.8983694323434,4.66865630623789));
#3392=CARTESIAN_POINT('Ctrl Pts',(15.8983694323434,0.,4.66865630623789));
#3393=CARTESIAN_POINT('Ctrl Pts',(15.8983694323434,-15.8983694323434,4.66865630623789));
#3394=CARTESIAN_POINT('Ctrl Pts',(0.,-15.8983694323434,4.66865630623789));
#3395=CARTESIAN_POINT('Ctrl Pts',(-15.8983694323434,-15.8983694323434,4.66865630623789));
#3396=CARTESIAN_POINT('Ctrl Pts',(-15.8983694323434,0.,4.66865630623789));
#3397=CARTESIAN_POINT('Ctrl Pts',(-15.8567466627525,0.,4.82960156372171));
#3398=CARTESIAN_POINT('Ctrl Pts',(-15.8567466627525,15.8567466627525,4.82960156372171));
#3399=CARTESIAN_POINT('Ctrl Pts',(0.,15.8567466627525,4.82960156372171));
#3400=CARTESIAN_POINT('Ctrl Pts',(15.8567466627525,15.8567466627525,4.82960156372171));
#3401=CARTESIAN_POINT('Ctrl Pts',(15.8567466627525,0.,4.82960156372171));
#3402=CARTESIAN_POINT('Ctrl Pts',(15.8567466627525,-15.8567466627525,4.82960156372171));
#3403=CARTESIAN_POINT('Ctrl Pts',(0.,-15.8567466627525,4.82960156372171));
#3404=CARTESIAN_POINT('Ctrl Pts',(-15.8567466627525,-15.8567466627525,4.82960156372171));
#3405=CARTESIAN_POINT('Ctrl Pts',(-15.8567466627525,0.,4.82960156372171));
#3406=CARTESIAN_POINT('Ctrl Pts',(-15.8012352802648,0.,4.98636348754069));
#3407=CARTESIAN_POINT('Ctrl Pts',(-15.8012352802648,15.8012352802648,4.98636348754069));
#3408=CARTESIAN_POINT('Ctrl Pts',(0.,15.8012352802648,4.98636348754069));
#3409=CARTESIAN_POINT('Ctrl Pts',(15.8012352802648,15.8012352802648,4.98636348754069));
#3410=CARTESIAN_POINT('Ctrl Pts',(15.8012352802648,0.,4.98636348754069));
#3411=CARTESIAN_POINT('Ctrl Pts',(15.8012352802648,-15.8012352802648,4.98636348754069));
#3412=CARTESIAN_POINT('Ctrl Pts',(0.,-15.8012352802648,4.98636348754069));
#3413=CARTESIAN_POINT('Ctrl Pts',(-15.8012352802648,-15.8012352802648,4.98636348754069));
#3414=CARTESIAN_POINT('Ctrl Pts',(-15.8012352802648,0.,4.98636348754069));
#3415=CARTESIAN_POINT('Ctrl Pts',(-15.7326513121496,0.,5.13796034413918));
#3416=CARTESIAN_POINT('Ctrl Pts',(-15.7326513121496,15.7326513121496,5.13796034413918));
#3417=CARTESIAN_POINT('Ctrl Pts',(0.,15.7326513121496,5.13796034413918));
#3418=CARTESIAN_POINT('Ctrl Pts',(15.7326513121496,15.7326513121496,5.13796034413918));
#3419=CARTESIAN_POINT('Ctrl Pts',(15.7326513121496,0.,5.13796034413918));
#3420=CARTESIAN_POINT('Ctrl Pts',(15.7326513121496,-15.7326513121496,5.13796034413918));
#3421=CARTESIAN_POINT('Ctrl Pts',(0.,-15.7326513121496,5.13796034413918));
#3422=CARTESIAN_POINT('Ctrl Pts',(-15.7326513121496,-15.7326513121496,5.13796034413918));
#3423=CARTESIAN_POINT('Ctrl Pts',(-15.7326513121496,0.,5.13796034413918));
#3424=CARTESIAN_POINT('Ctrl Pts',(-15.6519120556015,0.,5.28350000791732));
#3425=CARTESIAN_POINT('Ctrl Pts',(-15.6519120556015,15.6519120556015,5.28350000791732));
#3426=CARTESIAN_POINT('Ctrl Pts',(0.,15.6519120556015,5.28350000791732));
#3427=CARTESIAN_POINT('Ctrl Pts',(15.6519120556015,15.6519120556015,5.28350000791732));
#3428=CARTESIAN_POINT('Ctrl Pts',(15.6519120556015,0.,5.28350000791732));
#3429=CARTESIAN_POINT('Ctrl Pts',(15.6519120556015,-15.6519120556015,5.28350000791732));
#3430=CARTESIAN_POINT('Ctrl Pts',(0.,-15.6519120556015,5.28350000791732));
#3431=CARTESIAN_POINT('Ctrl Pts',(-15.6519120556015,-15.6519120556015,5.28350000791732));
#3432=CARTESIAN_POINT('Ctrl Pts',(-15.6519120556015,0.,5.28350000791732));
#3433=CARTESIAN_POINT('Ctrl Pts',(-15.5600140142251,0.,5.42222626565839));
#3434=CARTESIAN_POINT('Ctrl Pts',(-15.5600140142251,15.5600140142251,5.42222626565839));
#3435=CARTESIAN_POINT('Ctrl Pts',(0.,15.5600140142251,5.42222626565839));
#3436=CARTESIAN_POINT('Ctrl Pts',(15.5600140142251,15.5600140142251,5.42222626565839));
#3437=CARTESIAN_POINT('Ctrl Pts',(15.5600140142251,0.,5.42222626565839));
#3438=CARTESIAN_POINT('Ctrl Pts',(15.5600140142251,-15.5600140142251,5.42222626565839));
#3439=CARTESIAN_POINT('Ctrl Pts',(0.,-15.5600140142251,5.42222626565839));
#3440=CARTESIAN_POINT('Ctrl Pts',(-15.5600140142251,-15.5600140142251,5.42222626565839));
#3441=CARTESIAN_POINT('Ctrl Pts',(-15.5600140142251,0.,5.42222626565839));
#3442=CARTESIAN_POINT('Ctrl Pts',(-15.4580105259334,0.,5.5535641041821));
#3443=CARTESIAN_POINT('Ctrl Pts',(-15.4580105259334,15.4580105259334,5.5535641041821));
#3444=CARTESIAN_POINT('Ctrl Pts',(0.,15.4580105259334,5.5535641041821));
#3445=CARTESIAN_POINT('Ctrl Pts',(15.4580105259334,15.4580105259334,5.5535641041821));
#3446=CARTESIAN_POINT('Ctrl Pts',(15.4580105259334,0.,5.5535641041821));
#3447=CARTESIAN_POINT('Ctrl Pts',(15.4580105259334,-15.4580105259334,5.5535641041821));
#3448=CARTESIAN_POINT('Ctrl Pts',(0.,-15.4580105259334,5.5535641041821));
#3449=CARTESIAN_POINT('Ctrl Pts',(-15.4580105259334,-15.4580105259334,5.5535641041821));
#3450=CARTESIAN_POINT('Ctrl Pts',(-15.4580105259334,0.,5.5535641041821));
#3451=CARTESIAN_POINT('Ctrl Pts',(-15.3469894816272,0.,5.67716470298655));
#3452=CARTESIAN_POINT('Ctrl Pts',(-15.3469894816272,15.3469894816272,5.67716470298655));
#3453=CARTESIAN_POINT('Ctrl Pts',(0.,15.3469894816272,5.67716470298655));
#3454=CARTESIAN_POINT('Ctrl Pts',(15.3469894816272,15.3469894816272,5.67716470298655));
#3455=CARTESIAN_POINT('Ctrl Pts',(15.3469894816272,0.,5.67716470298655));
#3456=CARTESIAN_POINT('Ctrl Pts',(15.3469894816272,-15.3469894816272,5.67716470298655));
#3457=CARTESIAN_POINT('Ctrl Pts',(0.,-15.3469894816272,5.67716470298655));
#3458=CARTESIAN_POINT('Ctrl Pts',(-15.3469894816272,-15.3469894816272,5.67716470298655));
#3459=CARTESIAN_POINT('Ctrl Pts',(-15.3469894816272,0.,5.67716470298655));
#3460=CARTESIAN_POINT('Ctrl Pts',(-15.2280511818856,0.,5.79295241977769));
#3461=CARTESIAN_POINT('Ctrl Pts',(-15.2280511818856,15.2280511818856,5.79295241977769));
#3462=CARTESIAN_POINT('Ctrl Pts',(0.,15.2280511818856,5.79295241977769));
#3463=CARTESIAN_POINT('Ctrl Pts',(15.2280511818856,15.2280511818856,5.79295241977769));
#3464=CARTESIAN_POINT('Ctrl Pts',(15.2280511818856,0.,5.79295241977769));
#3465=CARTESIAN_POINT('Ctrl Pts',(15.2280511818856,-15.2280511818856,5.79295241977769));
#3466=CARTESIAN_POINT('Ctrl Pts',(0.,-15.2280511818856,5.79295241977769));
#3467=CARTESIAN_POINT('Ctrl Pts',(-15.2280511818856,-15.2280511818856,5.79295241977769));
#3468=CARTESIAN_POINT('Ctrl Pts',(-15.2280511818856,0.,5.79295241977769));
#3469=CARTESIAN_POINT('Ctrl Pts',(-15.1022857429159,0.,5.90116612007579));
#3470=CARTESIAN_POINT('Ctrl Pts',(-15.1022857429159,15.1022857429159,5.90116612007579));
#3471=CARTESIAN_POINT('Ctrl Pts',(0.,15.1022857429159,5.90116612007579));
#3472=CARTESIAN_POINT('Ctrl Pts',(15.1022857429159,15.1022857429159,5.90116612007579));
#3473=CARTESIAN_POINT('Ctrl Pts',(15.1022857429159,0.,5.90116612007579));
#3474=CARTESIAN_POINT('Ctrl Pts',(15.1022857429159,-15.1022857429159,5.90116612007579));
#3475=CARTESIAN_POINT('Ctrl Pts',(0.,-15.1022857429159,5.90116612007579));
#3476=CARTESIAN_POINT('Ctrl Pts',(-15.1022857429159,-15.1022857429159,5.90116612007579));
#3477=CARTESIAN_POINT('Ctrl Pts',(-15.1022857429159,0.,5.90116612007579));
#3478=CARTESIAN_POINT('Ctrl Pts',(-14.9707397310029,0.,6.00226109763056));
#3479=CARTESIAN_POINT('Ctrl Pts',(-14.9707397310029,14.9707397310029,6.00226109763056));
#3480=CARTESIAN_POINT('Ctrl Pts',(0.,14.9707397310029,6.00226109763056));
#3481=CARTESIAN_POINT('Ctrl Pts',(14.9707397310029,14.9707397310029,6.00226109763056));
#3482=CARTESIAN_POINT('Ctrl Pts',(14.9707397310029,0.,6.00226109763056));
#3483=CARTESIAN_POINT('Ctrl Pts',(14.9707397310029,-14.9707397310029,6.00226109763056));
#3484=CARTESIAN_POINT('Ctrl Pts',(0.,-14.9707397310029,6.00226109763056));
#3485=CARTESIAN_POINT('Ctrl Pts',(-14.9707397310029,-14.9707397310029,6.00226109763056));
#3486=CARTESIAN_POINT('Ctrl Pts',(-14.9707397310029,0.,6.00226109763056));
#3487=CARTESIAN_POINT('Ctrl Pts',(-14.8343829918689,0.,6.09681586083067));
#3488=CARTESIAN_POINT('Ctrl Pts',(-14.8343829918689,14.8343829918689,6.09681586083067));
#3489=CARTESIAN_POINT('Ctrl Pts',(0.,14.8343829918689,6.09681586083067));
#3490=CARTESIAN_POINT('Ctrl Pts',(14.8343829918689,14.8343829918689,6.09681586083067));
#3491=CARTESIAN_POINT('Ctrl Pts',(14.8343829918689,0.,6.09681586083067));
#3492=CARTESIAN_POINT('Ctrl Pts',(14.8343829918689,-14.8343829918689,6.09681586083067));
#3493=CARTESIAN_POINT('Ctrl Pts',(0.,-14.8343829918689,6.09681586083067));
#3494=CARTESIAN_POINT('Ctrl Pts',(-14.8343829918689,-14.8343829918689,6.09681586083067));
#3495=CARTESIAN_POINT('Ctrl Pts',(-14.8343829918689,0.,6.09681586083067));
#3496=CARTESIAN_POINT('Ctrl Pts',(-14.6940757754654,0.,6.18543799330507));
#3497=CARTESIAN_POINT('Ctrl Pts',(-14.6940757754654,14.6940757754654,6.18543799330507));
#3498=CARTESIAN_POINT('Ctrl Pts',(0.,14.6940757754654,6.18543799330507));
#3499=CARTESIAN_POINT('Ctrl Pts',(14.6940757754654,14.6940757754654,6.18543799330507));
#3500=CARTESIAN_POINT('Ctrl Pts',(14.6940757754654,0.,6.18543799330507));
#3501=CARTESIAN_POINT('Ctrl Pts',(14.6940757754654,-14.6940757754654,6.18543799330507));
#3502=CARTESIAN_POINT('Ctrl Pts',(0.,-14.6940757754654,6.18543799330507));
#3503=CARTESIAN_POINT('Ctrl Pts',(-14.6940757754654,-14.6940757754654,6.18543799330507));
#3504=CARTESIAN_POINT('Ctrl Pts',(-14.6940757754654,0.,6.18543799330507));
#3505=CARTESIAN_POINT('Ctrl Pts',(-14.5505347766642,0.,6.2686685267438));
#3506=CARTESIAN_POINT('Ctrl Pts',(-14.5505347766642,14.5505347766642,6.2686685267438));
#3507=CARTESIAN_POINT('Ctrl Pts',(0.,14.5505347766642,6.2686685267438));
#3508=CARTESIAN_POINT('Ctrl Pts',(14.5505347766642,14.5505347766642,6.2686685267438));
#3509=CARTESIAN_POINT('Ctrl Pts',(14.5505347766642,0.,6.2686685267438));
#3510=CARTESIAN_POINT('Ctrl Pts',(14.5505347766642,-14.5505347766642,6.2686685267438));
#3511=CARTESIAN_POINT('Ctrl Pts',(0.,-14.5505347766642,6.2686685267438));
#3512=CARTESIAN_POINT('Ctrl Pts',(-14.5505347766642,-14.5505347766642,6.2686685267438));
#3513=CARTESIAN_POINT('Ctrl Pts',(-14.5505347766642,0.,6.2686685267438));
#3514=CARTESIAN_POINT('Ctrl Pts',(-14.4043021543476,0.,6.34689232321681));
#3515=CARTESIAN_POINT('Ctrl Pts',(-14.4043021543476,14.4043021543476,6.34689232321681));
#3516=CARTESIAN_POINT('Ctrl Pts',(0.,14.4043021543476,6.34689232321681));
#3517=CARTESIAN_POINT('Ctrl Pts',(14.4043021543476,14.4043021543476,6.34689232321681));
#3518=CARTESIAN_POINT('Ctrl Pts',(14.4043021543476,0.,6.34689232321681));
#3519=CARTESIAN_POINT('Ctrl Pts',(14.4043021543476,-14.4043021543476,6.34689232321681));
#3520=CARTESIAN_POINT('Ctrl Pts',(0.,-14.4043021543476,6.34689232321681));
#3521=CARTESIAN_POINT('Ctrl Pts',(-14.4043021543476,-14.4043021543476,6.34689232321681));
#3522=CARTESIAN_POINT('Ctrl Pts',(-14.4043021543476,0.,6.34689232321681));
#3523=CARTESIAN_POINT('Ctrl Pts',(-14.2557813163832,0.,6.42038831335716));
#3524=CARTESIAN_POINT('Ctrl Pts',(-14.2557813163832,14.2557813163832,6.42038831335716));
#3525=CARTESIAN_POINT('Ctrl Pts',(0.,14.2557813163832,6.42038831335716));
#3526=CARTESIAN_POINT('Ctrl Pts',(14.2557813163832,14.2557813163832,6.42038831335716));
#3527=CARTESIAN_POINT('Ctrl Pts',(14.2557813163832,0.,6.42038831335716));
#3528=CARTESIAN_POINT('Ctrl Pts',(14.2557813163832,-14.2557813163832,6.42038831335716));
#3529=CARTESIAN_POINT('Ctrl Pts',(0.,-14.2557813163832,6.42038831335716));
#3530=CARTESIAN_POINT('Ctrl Pts',(-14.2557813163832,-14.2557813163832,6.42038831335716));
#3531=CARTESIAN_POINT('Ctrl Pts',(-14.2557813163832,0.,6.42038831335716));
#3532=CARTESIAN_POINT('Ctrl Pts',(-14.1052700568177,0.,6.48937420385606));
#3533=CARTESIAN_POINT('Ctrl Pts',(-14.1052700568177,14.1052700568177,6.48937420385606));
#3534=CARTESIAN_POINT('Ctrl Pts',(0.,14.1052700568177,6.48937420385606));
#3535=CARTESIAN_POINT('Ctrl Pts',(14.1052700568177,14.1052700568177,6.48937420385606));
#3536=CARTESIAN_POINT('Ctrl Pts',(14.1052700568177,0.,6.48937420385606));
#3537=CARTESIAN_POINT('Ctrl Pts',(14.1052700568177,-14.1052700568177,6.48937420385606));
#3538=CARTESIAN_POINT('Ctrl Pts',(0.,-14.1052700568177,6.48937420385606));
#3539=CARTESIAN_POINT('Ctrl Pts',(-14.1052700568177,-14.1052700568177,6.48937420385606));
#3540=CARTESIAN_POINT('Ctrl Pts',(-14.1052700568177,0.,6.48937420385606));
#3541=CARTESIAN_POINT('Ctrl Pts',(-13.9529944333448,0.,6.55405280888675));
#3542=CARTESIAN_POINT('Ctrl Pts',(-13.9529944333448,13.9529944333448,6.55405280888675));
#3543=CARTESIAN_POINT('Ctrl Pts',(0.,13.9529944333448,6.55405280888675));
#3544=CARTESIAN_POINT('Ctrl Pts',(13.9529944333448,13.9529944333448,6.55405280888675));
#3545=CARTESIAN_POINT('Ctrl Pts',(13.9529944333448,0.,6.55405280888675));
#3546=CARTESIAN_POINT('Ctrl Pts',(13.9529944333448,-13.9529944333448,6.55405280888675));
#3547=CARTESIAN_POINT('Ctrl Pts',(0.,-13.9529944333448,6.55405280888675));
#3548=CARTESIAN_POINT('Ctrl Pts',(-13.9529944333448,-13.9529944333448,6.55405280888675));
#3549=CARTESIAN_POINT('Ctrl Pts',(-13.9529944333448,0.,6.55405280888675));
#3550=CARTESIAN_POINT('Ctrl Pts',(-13.7991427650218,0.,6.6146586744816));
#3551=CARTESIAN_POINT('Ctrl Pts',(-13.7991427650218,13.7991427650218,6.6146586744816));
#3552=CARTESIAN_POINT('Ctrl Pts',(0.,13.7991427650218,6.6146586744816));
#3553=CARTESIAN_POINT('Ctrl Pts',(13.7991427650218,13.7991427650218,6.6146586744816));
#3554=CARTESIAN_POINT('Ctrl Pts',(13.7991427650218,0.,6.6146586744816));
#3555=CARTESIAN_POINT('Ctrl Pts',(13.7991427650218,-13.7991427650218,6.6146586744816));
#3556=CARTESIAN_POINT('Ctrl Pts',(0.,-13.7991427650218,6.6146586744816));
#3557=CARTESIAN_POINT('Ctrl Pts',(-13.7991427650218,-13.7991427650218,6.6146586744816));
#3558=CARTESIAN_POINT('Ctrl Pts',(-13.7991427650218,0.,6.6146586744816));
#3559=CARTESIAN_POINT('Ctrl Pts',(-13.6438982255424,0.,6.67150179639887));
#3560=CARTESIAN_POINT('Ctrl Pts',(-13.6438982255424,13.6438982255424,6.67150179639887));
#3561=CARTESIAN_POINT('Ctrl Pts',(0.,13.6438982255424,6.67150179639887));
#3562=CARTESIAN_POINT('Ctrl Pts',(13.6438982255424,13.6438982255424,6.67150179639887));
#3563=CARTESIAN_POINT('Ctrl Pts',(13.6438982255424,0.,6.67150179639887));
#3564=CARTESIAN_POINT('Ctrl Pts',(13.6438982255424,-13.6438982255424,6.67150179639887));
#3565=CARTESIAN_POINT('Ctrl Pts',(0.,-13.6438982255424,6.67150179639887));
#3566=CARTESIAN_POINT('Ctrl Pts',(-13.6438982255424,-13.6438982255424,6.67150179639887));
#3567=CARTESIAN_POINT('Ctrl Pts',(-13.6438982255424,0.,6.67150179639887));
#3568=CARTESIAN_POINT('Ctrl Pts',(-13.4874370866779,0.,6.72493986329509));
#3569=CARTESIAN_POINT('Ctrl Pts',(-13.4874370866779,13.4874370866779,6.72493986329509));
#3570=CARTESIAN_POINT('Ctrl Pts',(0.,13.4874370866779,6.72493986329509));
#3571=CARTESIAN_POINT('Ctrl Pts',(13.4874370866779,13.4874370866779,6.72493986329509));
#3572=CARTESIAN_POINT('Ctrl Pts',(13.4874370866779,0.,6.72493986329509));
#3573=CARTESIAN_POINT('Ctrl Pts',(13.4874370866779,-13.4874370866779,6.72493986329509));
#3574=CARTESIAN_POINT('Ctrl Pts',(0.,-13.4874370866779,6.72493986329509));
#3575=CARTESIAN_POINT('Ctrl Pts',(-13.4874370866779,-13.4874370866779,6.72493986329509));
#3576=CARTESIAN_POINT('Ctrl Pts',(-13.4874370866779,0.,6.72493986329509));
#3577=CARTESIAN_POINT('Ctrl Pts',(-13.3299284347849,0.,6.77535345907227));
#3578=CARTESIAN_POINT('Ctrl Pts',(-13.3299284347849,13.3299284347849,6.77535345907227));
#3579=CARTESIAN_POINT('Ctrl Pts',(0.,13.3299284347849,6.77535345907227));
#3580=CARTESIAN_POINT('Ctrl Pts',(13.3299284347849,13.3299284347849,6.77535345907227));
#3581=CARTESIAN_POINT('Ctrl Pts',(13.3299284347849,0.,6.77535345907227));
#3582=CARTESIAN_POINT('Ctrl Pts',(13.3299284347849,-13.3299284347849,6.77535345907227));
#3583=CARTESIAN_POINT('Ctrl Pts',(0.,-13.3299284347849,6.77535345907227));
#3584=CARTESIAN_POINT('Ctrl Pts',(-13.3299284347849,-13.3299284347849,6.77535345907227));
#3585=CARTESIAN_POINT('Ctrl Pts',(-13.3299284347849,0.,6.77535345907227));
#3586=CARTESIAN_POINT('Ctrl Pts',(-13.1715332668454,0.,6.82312029321046));
#3587=CARTESIAN_POINT('Ctrl Pts',(-13.1715332668454,13.1715332668454,6.82312029321046));
#3588=CARTESIAN_POINT('Ctrl Pts',(0.,13.1715332668454,6.82312029321046));
#3589=CARTESIAN_POINT('Ctrl Pts',(13.1715332668454,13.1715332668454,6.82312029321046));
#3590=CARTESIAN_POINT('Ctrl Pts',(13.1715332668454,0.,6.82312029321046));
#3591=CARTESIAN_POINT('Ctrl Pts',(13.1715332668454,-13.1715332668454,6.82312029321046));
#3592=CARTESIAN_POINT('Ctrl Pts',(0.,-13.1715332668454,6.82312029321046));
#3593=CARTESIAN_POINT('Ctrl Pts',(-13.1715332668454,-13.1715332668454,6.82312029321046));
#3594=CARTESIAN_POINT('Ctrl Pts',(-13.1715332668454,0.,6.82312029321046));
#3595=CARTESIAN_POINT('Ctrl Pts',(-13.0124039913493,0.,6.86858955222361));
#3596=CARTESIAN_POINT('Ctrl Pts',(-13.0124039913493,13.0124039913493,6.86858955222361));
#3597=CARTESIAN_POINT('Ctrl Pts',(0.,13.0124039913493,6.86858955222361));
#3598=CARTESIAN_POINT('Ctrl Pts',(13.0124039913493,13.0124039913493,6.86858955222361));
#3599=CARTESIAN_POINT('Ctrl Pts',(13.0124039913493,0.,6.86858955222361));
#3600=CARTESIAN_POINT('Ctrl Pts',(13.0124039913493,-13.0124039913493,6.86858955222361));
#3601=CARTESIAN_POINT('Ctrl Pts',(0.,-13.0124039913493,6.86858955222361));
#3602=CARTESIAN_POINT('Ctrl Pts',(-13.0124039913493,-13.0124039913493,6.86858955222361));
#3603=CARTESIAN_POINT('Ctrl Pts',(-13.0124039913493,0.,6.86858955222361));
#3604=CARTESIAN_POINT('Ctrl Pts',(-12.8526833490405,0.,6.91205703421816));
#3605=CARTESIAN_POINT('Ctrl Pts',(-12.8526833490405,12.8526833490405,6.91205703421816));
#3606=CARTESIAN_POINT('Ctrl Pts',(0.,12.8526833490405,6.91205703421816));
#3607=CARTESIAN_POINT('Ctrl Pts',(12.8526833490405,12.8526833490405,6.91205703421816));
#3608=CARTESIAN_POINT('Ctrl Pts',(12.8526833490405,0.,6.91205703421816));
#3609=CARTESIAN_POINT('Ctrl Pts',(12.8526833490405,-12.8526833490405,6.91205703421816));
#3610=CARTESIAN_POINT('Ctrl Pts',(0.,-12.8526833490405,6.91205703421816));
#3611=CARTESIAN_POINT('Ctrl Pts',(-12.8526833490405,-12.8526833490405,6.91205703421816));
#3612=CARTESIAN_POINT('Ctrl Pts',(-12.8526833490405,0.,6.91205703421816));
#3613=CARTESIAN_POINT('Ctrl Pts',(-12.6924948366278,0.,6.95375999659177));
#3614=CARTESIAN_POINT('Ctrl Pts',(-12.6924948366278,12.6924948366278,6.95375999659177));
#3615=CARTESIAN_POINT('Ctrl Pts',(0.,12.6924948366278,6.95375999659177));
#3616=CARTESIAN_POINT('Ctrl Pts',(12.6924948366278,12.6924948366278,6.95375999659177));
#3617=CARTESIAN_POINT('Ctrl Pts',(12.6924948366278,0.,6.95375999659177));
#3618=CARTESIAN_POINT('Ctrl Pts',(12.6924948366278,-12.6924948366278,6.95375999659177));
#3619=CARTESIAN_POINT('Ctrl Pts',(0.,-12.6924948366278,6.95375999659177));
#3620=CARTESIAN_POINT('Ctrl Pts',(-12.6924948366278,-12.6924948366278,6.95375999659177));
#3621=CARTESIAN_POINT('Ctrl Pts',(-12.6924948366278,0.,6.95375999659177));
#3622=CARTESIAN_POINT('Ctrl Pts',(-12.5319333573352,0.,6.99387088552117));
#3623=CARTESIAN_POINT('Ctrl Pts',(-12.5319333573352,12.5319333573352,6.99387088552117));
#3624=CARTESIAN_POINT('Ctrl Pts',(0.,12.5319333573352,6.99387088552117));
#3625=CARTESIAN_POINT('Ctrl Pts',(12.5319333573352,12.5319333573352,6.99387088552117));
#3626=CARTESIAN_POINT('Ctrl Pts',(12.5319333573352,0.,6.99387088552117));
#3627=CARTESIAN_POINT('Ctrl Pts',(12.5319333573352,-12.5319333573352,6.99387088552117));
#3628=CARTESIAN_POINT('Ctrl Pts',(0.,-12.5319333573352,6.99387088552117));
#3629=CARTESIAN_POINT('Ctrl Pts',(-12.5319333573352,-12.5319333573352,6.99387088552117));
#3630=CARTESIAN_POINT('Ctrl Pts',(-12.5319333573352,0.,6.99387088552117));
#3631=CARTESIAN_POINT('Ctrl Pts',(-12.3710560561851,0.,7.03249177488823));
#3632=CARTESIAN_POINT('Ctrl Pts',(-12.3710560561851,12.3710560561851,7.03249177488823));
#3633=CARTESIAN_POINT('Ctrl Pts',(0.,12.3710560561851,7.03249177488823));
#3634=CARTESIAN_POINT('Ctrl Pts',(12.3710560561851,12.3710560561851,7.03249177488823));
#3635=CARTESIAN_POINT('Ctrl Pts',(12.3710560561851,0.,7.03249177488823));
#3636=CARTESIAN_POINT('Ctrl Pts',(12.3710560561851,-12.3710560561851,7.03249177488823));
#3637=CARTESIAN_POINT('Ctrl Pts',(0.,-12.3710560561851,7.03249177488823));
#3638=CARTESIAN_POINT('Ctrl Pts',(-12.3710560561851,-12.3710560561851,7.03249177488823));
#3639=CARTESIAN_POINT('Ctrl Pts',(-12.3710560561851,0.,7.03249177488823));
#3640=CARTESIAN_POINT('Ctrl Pts',(-12.2098724098959,0.,7.0696477449784));
#3641=CARTESIAN_POINT('Ctrl Pts',(-12.2098724098959,12.2098724098959,7.0696477449784));
#3642=CARTESIAN_POINT('Ctrl Pts',(0.,12.2098724098959,7.0696477449784));
#3643=CARTESIAN_POINT('Ctrl Pts',(12.2098724098959,12.2098724098959,7.0696477449784));
#3644=CARTESIAN_POINT('Ctrl Pts',(12.2098724098959,0.,7.0696477449784));
#3645=CARTESIAN_POINT('Ctrl Pts',(12.2098724098959,-12.2098724098959,7.0696477449784));
#3646=CARTESIAN_POINT('Ctrl Pts',(0.,-12.2098724098959,7.0696477449784));
#3647=CARTESIAN_POINT('Ctrl Pts',(-12.2098724098959,-12.2098724098959,7.0696477449784));
#3648=CARTESIAN_POINT('Ctrl Pts',(-12.2098724098959,0.,7.0696477449784));
#3649=CARTESIAN_POINT('Ctrl Pts',(-12.048336444786,0.,7.10528272939093));
#3650=CARTESIAN_POINT('Ctrl Pts',(-12.048336444786,12.048336444786,7.10528272939093));
#3651=CARTESIAN_POINT('Ctrl Pts',(0.,12.048336444786,7.10528272939093));
#3652=CARTESIAN_POINT('Ctrl Pts',(12.048336444786,12.048336444786,7.10528272939093));
#3653=CARTESIAN_POINT('Ctrl Pts',(12.048336444786,0.,7.10528272939093));
#3654=CARTESIAN_POINT('Ctrl Pts',(12.048336444786,-12.048336444786,7.10528272939093));
#3655=CARTESIAN_POINT('Ctrl Pts',(0.,-12.048336444786,7.10528272939093));
#3656=CARTESIAN_POINT('Ctrl Pts',(-12.048336444786,-12.048336444786,7.10528272939093));
#3657=CARTESIAN_POINT('Ctrl Pts',(-12.048336444786,0.,7.10528272939093));
#3658=CARTESIAN_POINT('Ctrl Pts',(-11.8863779770293,0.,7.13929925549234));
#3659=CARTESIAN_POINT('Ctrl Pts',(-11.8863779770293,11.8863779770293,7.13929925549234));
#3660=CARTESIAN_POINT('Ctrl Pts',(0.,11.8863779770293,7.13929925549234));
#3661=CARTESIAN_POINT('Ctrl Pts',(11.8863779770293,11.8863779770293,7.13929925549234));
#3662=CARTESIAN_POINT('Ctrl Pts',(11.8863779770293,0.,7.13929925549234));
#3663=CARTESIAN_POINT('Ctrl Pts',(11.8863779770293,-11.8863779770293,7.13929925549234));
#3664=CARTESIAN_POINT('Ctrl Pts',(0.,-11.8863779770293,7.13929925549234));
#3665=CARTESIAN_POINT('Ctrl Pts',(-11.8863779770293,-11.8863779770293,7.13929925549234));
#3666=CARTESIAN_POINT('Ctrl Pts',(-11.8863779770293,0.,7.13929925549234));
#3667=CARTESIAN_POINT('Ctrl Pts',(-11.7239322700777,0.,7.17159634725016));
#3668=CARTESIAN_POINT('Ctrl Pts',(-11.7239322700777,11.7239322700777,7.17159634725016));
#3669=CARTESIAN_POINT('Ctrl Pts',(0.,11.7239322700777,7.17159634725016));
#3670=CARTESIAN_POINT('Ctrl Pts',(11.7239322700777,11.7239322700777,7.17159634725016));
#3671=CARTESIAN_POINT('Ctrl Pts',(11.7239322700777,0.,7.17159634725016));
#3672=CARTESIAN_POINT('Ctrl Pts',(11.7239322700777,-11.7239322700777,7.17159634725016));
#3673=CARTESIAN_POINT('Ctrl Pts',(0.,-11.7239322700777,7.17159634725016));
#3674=CARTESIAN_POINT('Ctrl Pts',(-11.7239322700777,-11.7239322700777,7.17159634725016));
#3675=CARTESIAN_POINT('Ctrl Pts',(-11.7239322700777,0.,7.17159634725016));
#3676=CARTESIAN_POINT('Ctrl Pts',(-11.5609697466348,0.,7.20210764183077));
#3677=CARTESIAN_POINT('Ctrl Pts',(-11.5609697466348,11.5609697466348,7.20210764183077));
#3678=CARTESIAN_POINT('Ctrl Pts',(0.,11.5609697466348,7.20210764183077));
#3679=CARTESIAN_POINT('Ctrl Pts',(11.5609697466348,11.5609697466348,7.20210764183077));
#3680=CARTESIAN_POINT('Ctrl Pts',(11.5609697466348,0.,7.20210764183077));
#3681=CARTESIAN_POINT('Ctrl Pts',(11.5609697466348,-11.5609697466348,7.20210764183077));
#3682=CARTESIAN_POINT('Ctrl Pts',(0.,-11.5609697466348,7.20210764183077));
#3683=CARTESIAN_POINT('Ctrl Pts',(-11.5609697466348,-11.5609697466348,7.20210764183077));
#3684=CARTESIAN_POINT('Ctrl Pts',(-11.5609697466348,0.,7.20210764183077));
#3685=CARTESIAN_POINT('Ctrl Pts',(-11.3975269440279,0.,7.23084052373158));
#3686=CARTESIAN_POINT('Ctrl Pts',(-11.3975269440279,11.3975269440279,7.23084052373158));
#3687=CARTESIAN_POINT('Ctrl Pts',(0.,11.3975269440279,7.23084052373158));
#3688=CARTESIAN_POINT('Ctrl Pts',(11.3975269440279,11.3975269440279,7.23084052373158));
#3689=CARTESIAN_POINT('Ctrl Pts',(11.3975269440279,0.,7.23084052373158));
#3690=CARTESIAN_POINT('Ctrl Pts',(11.3975269440279,-11.3975269440279,7.23084052373158));
#3691=CARTESIAN_POINT('Ctrl Pts',(0.,-11.3975269440279,7.23084052373158));
#3692=CARTESIAN_POINT('Ctrl Pts',(-11.3975269440279,-11.3975269440279,7.23084052373158));
#3693=CARTESIAN_POINT('Ctrl Pts',(-11.3975269440279,0.,7.23084052373158));
#3694=CARTESIAN_POINT('Ctrl Pts',(-11.2337334317647,0.,7.25791175830213));
#3695=CARTESIAN_POINT('Ctrl Pts',(-11.2337334317647,11.2337334317647,7.25791175830213));
#3696=CARTESIAN_POINT('Ctrl Pts',(0.,11.2337334317647,7.25791175830213));
#3697=CARTESIAN_POINT('Ctrl Pts',(11.2337334317647,11.2337334317647,7.25791175830213));
#3698=CARTESIAN_POINT('Ctrl Pts',(11.2337334317647,0.,7.25791175830213));
#3699=CARTESIAN_POINT('Ctrl Pts',(11.2337334317647,-11.2337334317647,7.25791175830213));
#3700=CARTESIAN_POINT('Ctrl Pts',(0.,-11.2337334317647,7.25791175830213));
#3701=CARTESIAN_POINT('Ctrl Pts',(-11.2337334317647,-11.2337334317647,7.25791175830213));
#3702=CARTESIAN_POINT('Ctrl Pts',(-11.2337334317647,0.,7.25791175830213));
#3703=CARTESIAN_POINT('Ctrl Pts',(-11.069762715067,0.,7.28351556499806));
#3704=CARTESIAN_POINT('Ctrl Pts',(-11.069762715067,11.069762715067,7.28351556499806));
#3705=CARTESIAN_POINT('Ctrl Pts',(0.,11.069762715067,7.28351556499806));
#3706=CARTESIAN_POINT('Ctrl Pts',(11.069762715067,11.069762715067,7.28351556499806));
#3707=CARTESIAN_POINT('Ctrl Pts',(11.069762715067,0.,7.28351556499806));
#3708=CARTESIAN_POINT('Ctrl Pts',(11.069762715067,-11.069762715067,7.28351556499806));
#3709=CARTESIAN_POINT('Ctrl Pts',(0.,-11.069762715067,7.28351556499806));
#3710=CARTESIAN_POINT('Ctrl Pts',(-11.069762715067,-11.069762715067,7.28351556499806));
#3711=CARTESIAN_POINT('Ctrl Pts',(-11.069762715067,0.,7.28351556499806));
#3712=CARTESIAN_POINT('Ctrl Pts',(-10.9057864248803,0.,7.30789488128029));
#3713=CARTESIAN_POINT('Ctrl Pts',(-10.9057864248803,10.9057864248803,7.30789488128029));
#3714=CARTESIAN_POINT('Ctrl Pts',(0.,10.9057864248803,7.30789488128029));
#3715=CARTESIAN_POINT('Ctrl Pts',(10.9057864248803,10.9057864248803,7.30789488128029));
#3716=CARTESIAN_POINT('Ctrl Pts',(10.9057864248803,0.,7.30789488128029));
#3717=CARTESIAN_POINT('Ctrl Pts',(10.9057864248803,-10.9057864248803,7.30789488128029));
#3718=CARTESIAN_POINT('Ctrl Pts',(0.,-10.9057864248803,7.30789488128029));
#3719=CARTESIAN_POINT('Ctrl Pts',(-10.9057864248803,-10.9057864248803,7.30789488128029));
#3720=CARTESIAN_POINT('Ctrl Pts',(-10.9057864248803,0.,7.30789488128029));
#3721=CARTESIAN_POINT('Ctrl Pts',(-10.7419279528395,0.,7.33131155557059));
#3722=CARTESIAN_POINT('Ctrl Pts',(-10.7419279528395,10.7419279528395,7.33131155557059));
#3723=CARTESIAN_POINT('Ctrl Pts',(0.,10.7419279528395,7.33131155557059));
#3724=CARTESIAN_POINT('Ctrl Pts',(10.7419279528395,10.7419279528395,7.33131155557059));
#3725=CARTESIAN_POINT('Ctrl Pts',(10.7419279528395,0.,7.33131155557059));
#3726=CARTESIAN_POINT('Ctrl Pts',(10.7419279528395,-10.7419279528395,7.33131155557059));
#3727=CARTESIAN_POINT('Ctrl Pts',(0.,-10.7419279528395,7.33131155557059));
#3728=CARTESIAN_POINT('Ctrl Pts',(-10.7419279528395,-10.7419279528395,7.33131155557059));
#3729=CARTESIAN_POINT('Ctrl Pts',(-10.7419279528395,0.,7.33131155557059));
#3730=CARTESIAN_POINT('Ctrl Pts',(-10.5782147321843,0.,7.35401676551685));
#3731=CARTESIAN_POINT('Ctrl Pts',(-10.5782147321843,10.5782147321843,7.35401676551685));
#3732=CARTESIAN_POINT('Ctrl Pts',(0.,10.5782147321843,7.35401676551685));
#3733=CARTESIAN_POINT('Ctrl Pts',(10.5782147321843,10.5782147321843,7.35401676551685));
#3734=CARTESIAN_POINT('Ctrl Pts',(10.5782147321843,0.,7.35401676551685));
#3735=CARTESIAN_POINT('Ctrl Pts',(10.5782147321843,-10.5782147321843,7.35401676551685));
#3736=CARTESIAN_POINT('Ctrl Pts',(0.,-10.5782147321843,7.35401676551685));
#3737=CARTESIAN_POINT('Ctrl Pts',(-10.5782147321843,-10.5782147321843,7.35401676551685));
#3738=CARTESIAN_POINT('Ctrl Pts',(-10.5782147321843,0.,7.35401676551685));
#3739=CARTESIAN_POINT('Ctrl Pts',(-10.4145354798447,0.,7.37622203286204));
#3740=CARTESIAN_POINT('Ctrl Pts',(-10.4145354798447,10.4145354798447,7.37622203286204));
#3741=CARTESIAN_POINT('Ctrl Pts',(0.,10.4145354798447,7.37622203286204));
#3742=CARTESIAN_POINT('Ctrl Pts',(10.4145354798447,10.4145354798447,7.37622203286204));
#3743=CARTESIAN_POINT('Ctrl Pts',(10.4145354798447,0.,7.37622203286204));
#3744=CARTESIAN_POINT('Ctrl Pts',(10.4145354798447,-10.4145354798447,7.37622203286204));
#3745=CARTESIAN_POINT('Ctrl Pts',(0.,-10.4145354798447,7.37622203286204));
#3746=CARTESIAN_POINT('Ctrl Pts',(-10.4145354798447,-10.4145354798447,7.37622203286204));
#3747=CARTESIAN_POINT('Ctrl Pts',(-10.4145354798447,0.,7.37622203286204));
#3748=CARTESIAN_POINT('Ctrl Pts',(-10.2507071446163,0.,7.39808863797003));
#3749=CARTESIAN_POINT('Ctrl Pts',(-10.2507071446163,10.2507071446163,7.39808863797003));
#3750=CARTESIAN_POINT('Ctrl Pts',(0.,10.2507071446163,7.39808863797003));
#3751=CARTESIAN_POINT('Ctrl Pts',(10.2507071446163,10.2507071446163,7.39808863797003));
#3752=CARTESIAN_POINT('Ctrl Pts',(10.2507071446163,0.,7.39808863797003));
#3753=CARTESIAN_POINT('Ctrl Pts',(10.2507071446163,-10.2507071446163,7.39808863797003));
#3754=CARTESIAN_POINT('Ctrl Pts',(0.,-10.2507071446163,7.39808863797003));
#3755=CARTESIAN_POINT('Ctrl Pts',(-10.2507071446163,-10.2507071446163,7.39808863797003));
#3756=CARTESIAN_POINT('Ctrl Pts',(-10.2507071446163,0.,7.39808863797003));
#3757=CARTESIAN_POINT('Ctrl Pts',(-10.0865376592648,0.,7.41971602605055));
#3758=CARTESIAN_POINT('Ctrl Pts',(-10.0865376592648,10.0865376592648,7.41971602605055));
#3759=CARTESIAN_POINT('Ctrl Pts',(0.,10.0865376592648,7.41971602605055));
#3760=CARTESIAN_POINT('Ctrl Pts',(10.0865376592648,10.0865376592648,7.41971602605055));
#3761=CARTESIAN_POINT('Ctrl Pts',(10.0865376592648,0.,7.41971602605055));
#3762=CARTESIAN_POINT('Ctrl Pts',(10.0865376592648,-10.0865376592648,7.41971602605055));
#3763=CARTESIAN_POINT('Ctrl Pts',(0.,-10.0865376592648,7.41971602605055));
#3764=CARTESIAN_POINT('Ctrl Pts',(-10.0865376592648,-10.0865376592648,7.41971602605055));
#3765=CARTESIAN_POINT('Ctrl Pts',(-10.0865376592648,0.,7.41971602605055));
#3766=CARTESIAN_POINT('Ctrl Pts',(-9.92188937961372,0.,7.44113093952318));
#3767=CARTESIAN_POINT('Ctrl Pts',(-9.92188937961372,9.92188937961372,7.44113093952318));
#3768=CARTESIAN_POINT('Ctrl Pts',(0.,9.92188937961372,7.44113093952318));
#3769=CARTESIAN_POINT('Ctrl Pts',(9.92188937961372,9.92188937961372,7.44113093952318));
#3770=CARTESIAN_POINT('Ctrl Pts',(9.92188937961372,0.,7.44113093952318));
#3771=CARTESIAN_POINT('Ctrl Pts',(9.92188937961372,-9.92188937961372,7.44113093952318));
#3772=CARTESIAN_POINT('Ctrl Pts',(0.,-9.92188937961372,7.44113093952318));
#3773=CARTESIAN_POINT('Ctrl Pts',(-9.92188937961372,-9.92188937961372,7.44113093952318));
#3774=CARTESIAN_POINT('Ctrl Pts',(-9.92188937961372,0.,7.44113093952318));
#3775=CARTESIAN_POINT('Ctrl Pts',(-9.756744290057,0.,7.46227534846542));
#3776=CARTESIAN_POINT('Ctrl Pts',(-9.756744290057,9.756744290057,7.46227534846542));
#3777=CARTESIAN_POINT('Ctrl Pts',(0.,9.756744290057,7.46227534846542));
#3778=CARTESIAN_POINT('Ctrl Pts',(9.756744290057,9.756744290057,7.46227534846542));
#3779=CARTESIAN_POINT('Ctrl Pts',(9.756744290057,0.,7.46227534846542));
#3780=CARTESIAN_POINT('Ctrl Pts',(9.756744290057,-9.756744290057,7.46227534846542));
#3781=CARTESIAN_POINT('Ctrl Pts',(0.,-9.756744290057,7.46227534846542));
#3782=CARTESIAN_POINT('Ctrl Pts',(-9.756744290057,-9.756744290057,7.46227534846542));
#3783=CARTESIAN_POINT('Ctrl Pts',(-9.756744290057,0.,7.46227534846542));
#3784=CARTESIAN_POINT('Ctrl Pts',(-9.59126275497209,0.,7.48299727798348));
#3785=CARTESIAN_POINT('Ctrl Pts',(-9.59126275497209,9.59126275497209,7.48299727798348));
#3786=CARTESIAN_POINT('Ctrl Pts',(0.,9.59126275497209,7.48299727798348));
#3787=CARTESIAN_POINT('Ctrl Pts',(9.59126275497209,9.59126275497209,7.48299727798348));
#3788=CARTESIAN_POINT('Ctrl Pts',(9.59126275497209,0.,7.48299727798348));
#3789=CARTESIAN_POINT('Ctrl Pts',(9.59126275497209,-9.59126275497209,7.48299727798348));
#3790=CARTESIAN_POINT('Ctrl Pts',(0.,-9.59126275497209,7.48299727798348));
#3791=CARTESIAN_POINT('Ctrl Pts',(-9.59126275497209,-9.59126275497209,7.48299727798348));
#3792=CARTESIAN_POINT('Ctrl Pts',(-9.59126275497209,0.,7.48299727798348));
#3793=CARTESIAN_POINT('Ctrl Pts',(-9.42570105868148,0.,7.50310074705913));
#3794=CARTESIAN_POINT('Ctrl Pts',(-9.42570105868147,9.42570105868147,7.50310074705913));
#3795=CARTESIAN_POINT('Ctrl Pts',(0.,9.42570105868148,7.50310074705913));
#3796=CARTESIAN_POINT('Ctrl Pts',(9.42570105868147,9.42570105868147,7.50310074705913));
#3797=CARTESIAN_POINT('Ctrl Pts',(9.42570105868148,0.,7.50310074705913));
#3798=CARTESIAN_POINT('Ctrl Pts',(9.42570105868147,-9.42570105868147,7.50310074705913));
#3799=CARTESIAN_POINT('Ctrl Pts',(0.,-9.42570105868148,7.50310074705913));
#3800=CARTESIAN_POINT('Ctrl Pts',(-9.42570105868147,-9.42570105868147,7.50310074705913));
#3801=CARTESIAN_POINT('Ctrl Pts',(-9.42570105868148,0.,7.50310074705913));
#3802=CARTESIAN_POINT('Ctrl Pts',(-9.26033473603817,0.,7.52239338091672));
#3803=CARTESIAN_POINT('Ctrl Pts',(-9.26033473603816,9.26033473603816,7.52239338091672));
#3804=CARTESIAN_POINT('Ctrl Pts',(0.,9.26033473603817,7.52239338091672));
#3805=CARTESIAN_POINT('Ctrl Pts',(9.26033473603816,9.26033473603816,7.52239338091672));
#3806=CARTESIAN_POINT('Ctrl Pts',(9.26033473603817,0.,7.52239338091672));
#3807=CARTESIAN_POINT('Ctrl Pts',(9.26033473603816,-9.26033473603816,7.52239338091672));
#3808=CARTESIAN_POINT('Ctrl Pts',(0.,-9.26033473603817,7.52239338091672));
#3809=CARTESIAN_POINT('Ctrl Pts',(-9.26033473603816,-9.26033473603816,7.52239338091672));
#3810=CARTESIAN_POINT('Ctrl Pts',(-9.26033473603817,0.,7.52239338091672));
#3811=CARTESIAN_POINT('Ctrl Pts',(-9.0953802977023,0.,7.54073452724429));
#3812=CARTESIAN_POINT('Ctrl Pts',(-9.0953802977023,9.0953802977023,7.54073452724429));
#3813=CARTESIAN_POINT('Ctrl Pts',(0.,9.0953802977023,7.54073452724429));
#3814=CARTESIAN_POINT('Ctrl Pts',(9.0953802977023,9.0953802977023,7.54073452724429));
#3815=CARTESIAN_POINT('Ctrl Pts',(9.0953802977023,0.,7.54073452724429));
#3816=CARTESIAN_POINT('Ctrl Pts',(9.0953802977023,-9.0953802977023,7.54073452724429));
#3817=CARTESIAN_POINT('Ctrl Pts',(0.,-9.0953802977023,7.54073452724429));
#3818=CARTESIAN_POINT('Ctrl Pts',(-9.0953802977023,-9.0953802977023,7.54073452724429));
#3819=CARTESIAN_POINT('Ctrl Pts',(-9.0953802977023,0.,7.54073452724429));
#3820=CARTESIAN_POINT('Ctrl Pts',(-8.93091633079889,0.,7.55808402542199));
#3821=CARTESIAN_POINT('Ctrl Pts',(-8.93091633079889,8.93091633079889,7.55808402542199));
#3822=CARTESIAN_POINT('Ctrl Pts',(0.,8.93091633079889,7.55808402542199));
#3823=CARTESIAN_POINT('Ctrl Pts',(8.93091633079889,8.93091633079889,7.55808402542199));
#3824=CARTESIAN_POINT('Ctrl Pts',(8.93091633079889,0.,7.55808402542199));
#3825=CARTESIAN_POINT('Ctrl Pts',(8.93091633079889,-8.93091633079889,7.55808402542199));
#3826=CARTESIAN_POINT('Ctrl Pts',(0.,-8.93091633079889,7.55808402542199));
#3827=CARTESIAN_POINT('Ctrl Pts',(-8.93091633079889,-8.93091633079889,7.55808402542199));
#3828=CARTESIAN_POINT('Ctrl Pts',(-8.93091633079889,0.,7.55808402542199));
#3829=CARTESIAN_POINT('Ctrl Pts',(-8.76680840007058,0.,7.57454837760878));
#3830=CARTESIAN_POINT('Ctrl Pts',(-8.76680840007058,8.76680840007058,7.57454837760878));
#3831=CARTESIAN_POINT('Ctrl Pts',(0.,8.76680840007058,7.57454837760878));
#3832=CARTESIAN_POINT('Ctrl Pts',(8.76680840007058,8.76680840007058,7.57454837760878));
#3833=CARTESIAN_POINT('Ctrl Pts',(8.76680840007058,0.,7.57454837760878));
#3834=CARTESIAN_POINT('Ctrl Pts',(8.76680840007058,-8.76680840007058,7.57454837760878));
#3835=CARTESIAN_POINT('Ctrl Pts',(0.,-8.76680840007058,7.57454837760878));
#3836=CARTESIAN_POINT('Ctrl Pts',(-8.76680840007058,-8.76680840007058,7.57454837760878));
#3837=CARTESIAN_POINT('Ctrl Pts',(-8.76680840007058,0.,7.57454837760878));
#3838=CARTESIAN_POINT('Ctrl Pts',(-8.60279855042886,0.,7.59031901503787));
#3839=CARTESIAN_POINT('Ctrl Pts',(-8.60279855042886,8.60279855042886,7.59031901503787));
#3840=CARTESIAN_POINT('Ctrl Pts',(0.,8.60279855042886,7.59031901503787));
#3841=CARTESIAN_POINT('Ctrl Pts',(8.60279855042886,8.60279855042886,7.59031901503787));
#3842=CARTESIAN_POINT('Ctrl Pts',(8.60279855042886,0.,7.59031901503787));
#3843=CARTESIAN_POINT('Ctrl Pts',(8.60279855042886,-8.60279855042886,7.59031901503787));
#3844=CARTESIAN_POINT('Ctrl Pts',(0.,-8.60279855042886,7.59031901503787));
#3845=CARTESIAN_POINT('Ctrl Pts',(-8.60279855042886,-8.60279855042886,7.59031901503787));
#3846=CARTESIAN_POINT('Ctrl Pts',(-8.60279855042886,0.,7.59031901503787));
#3847=CARTESIAN_POINT('Ctrl Pts',(-8.43859117261883,0.,7.605612889887));
#3848=CARTESIAN_POINT('Ctrl Pts',(-8.43859117261883,8.43859117261883,7.605612889887));
#3849=CARTESIAN_POINT('Ctrl Pts',(0.,8.43859117261883,7.605612889887));
#3850=CARTESIAN_POINT('Ctrl Pts',(8.43859117261883,8.43859117261883,7.605612889887));
#3851=CARTESIAN_POINT('Ctrl Pts',(8.43859117261883,0.,7.605612889887));
#3852=CARTESIAN_POINT('Ctrl Pts',(8.43859117261883,-8.43859117261883,7.605612889887));
#3853=CARTESIAN_POINT('Ctrl Pts',(0.,-8.43859117261883,7.605612889887));
#3854=CARTESIAN_POINT('Ctrl Pts',(-8.43859117261883,-8.43859117261883,7.605612889887));
#3855=CARTESIAN_POINT('Ctrl Pts',(-8.43859117261883,0.,7.605612889887));
#3856=CARTESIAN_POINT('Ctrl Pts',(-8.27393941905262,0.,7.62061281505128));
#3857=CARTESIAN_POINT('Ctrl Pts',(-8.27393941905262,8.27393941905262,7.62061281505128));
#3858=CARTESIAN_POINT('Ctrl Pts',(0.,8.27393941905262,7.62061281505128));
#3859=CARTESIAN_POINT('Ctrl Pts',(8.27393941905262,8.27393941905262,7.62061281505128));
#3860=CARTESIAN_POINT('Ctrl Pts',(8.27393941905262,0.,7.62061281505128));
#3861=CARTESIAN_POINT('Ctrl Pts',(8.27393941905262,-8.27393941905262,7.62061281505128));
#3862=CARTESIAN_POINT('Ctrl Pts',(0.,-8.27393941905262,7.62061281505128));
#3863=CARTESIAN_POINT('Ctrl Pts',(-8.27393941905262,-8.27393941905262,7.62061281505128));
#3864=CARTESIAN_POINT('Ctrl Pts',(-8.27393941905262,0.,7.62061281505128));
#3865=CARTESIAN_POINT('Ctrl Pts',(-8.10873321138356,0.,7.63540651958391));
#3866=CARTESIAN_POINT('Ctrl Pts',(-8.10873321138356,8.10873321138356,7.63540651958391));
#3867=CARTESIAN_POINT('Ctrl Pts',(0.,8.10873321138356,7.63540651958391));
#3868=CARTESIAN_POINT('Ctrl Pts',(8.10873321138356,8.10873321138356,7.63540651958391));
#3869=CARTESIAN_POINT('Ctrl Pts',(8.10873321138356,0.,7.63540651958391));
#3870=CARTESIAN_POINT('Ctrl Pts',(8.10873321138356,-8.10873321138356,7.63540651958391));
#3871=CARTESIAN_POINT('Ctrl Pts',(0.,-8.10873321138356,7.63540651958391));
#3872=CARTESIAN_POINT('Ctrl Pts',(-8.10873321138356,-8.10873321138356,7.63540651958391));
#3873=CARTESIAN_POINT('Ctrl Pts',(-8.10873321138356,0.,7.63540651958391));
#3874=CARTESIAN_POINT('Ctrl Pts',(-7.94308153670332,0.,7.64993009274201));
#3875=CARTESIAN_POINT('Ctrl Pts',(-7.94308153670332,7.94308153670332,7.64993009274201));
#3876=CARTESIAN_POINT('Ctrl Pts',(0.,7.94308153670332,7.64993009274201));
#3877=CARTESIAN_POINT('Ctrl Pts',(7.94308153670332,7.94308153670332,7.64993009274201));
#3878=CARTESIAN_POINT('Ctrl Pts',(7.94308153670332,0.,7.64993009274201));
#3879=CARTESIAN_POINT('Ctrl Pts',(7.94308153670332,-7.94308153670332,7.64993009274201));
#3880=CARTESIAN_POINT('Ctrl Pts',(0.,-7.94308153670332,7.64993009274201));
#3881=CARTESIAN_POINT('Ctrl Pts',(-7.94308153670332,-7.94308153670332,7.64993009274201));
#3882=CARTESIAN_POINT('Ctrl Pts',(-7.94308153670332,0.,7.64993009274201));
#3883=CARTESIAN_POINT('Ctrl Pts',(-7.77722578698832,0.,7.66403975997862));
#3884=CARTESIAN_POINT('Ctrl Pts',(-7.77722578698831,7.77722578698831,7.66403975997862));
#3885=CARTESIAN_POINT('Ctrl Pts',(0.,7.77722578698832,7.66403975997862));
#3886=CARTESIAN_POINT('Ctrl Pts',(7.77722578698831,7.77722578698831,7.66403975997862));
#3887=CARTESIAN_POINT('Ctrl Pts',(7.77722578698832,0.,7.66403975997862));
#3888=CARTESIAN_POINT('Ctrl Pts',(7.77722578698831,-7.77722578698831,7.66403975997862));
#3889=CARTESIAN_POINT('Ctrl Pts',(0.,-7.77722578698832,7.66403975997862));
#3890=CARTESIAN_POINT('Ctrl Pts',(-7.77722578698831,-7.77722578698831,7.66403975997862));
#3891=CARTESIAN_POINT('Ctrl Pts',(-7.77722578698832,0.,7.66403975997862));
#3892=CARTESIAN_POINT('Ctrl Pts',(-7.61145844766758,0.,7.6775796925468));
#3893=CARTESIAN_POINT('Ctrl Pts',(-7.61145844766757,7.61145844766757,7.6775796925468));
#3894=CARTESIAN_POINT('Ctrl Pts',(0.,7.61145844766758,7.6775796925468));
#3895=CARTESIAN_POINT('Ctrl Pts',(7.61145844766757,7.61145844766757,7.6775796925468));
#3896=CARTESIAN_POINT('Ctrl Pts',(7.61145844766758,0.,7.6775796925468));
#3897=CARTESIAN_POINT('Ctrl Pts',(7.61145844766757,-7.61145844766757,7.6775796925468));
#3898=CARTESIAN_POINT('Ctrl Pts',(0.,-7.61145844766758,7.6775796925468));
#3899=CARTESIAN_POINT('Ctrl Pts',(-7.61145844766757,-7.61145844766757,7.6775796925468));
#3900=CARTESIAN_POINT('Ctrl Pts',(-7.61145844766758,0.,7.6775796925468));
#3901=CARTESIAN_POINT('Ctrl Pts',(-7.44604023075463,0.,7.69045080819651));
#3902=CARTESIAN_POINT('Ctrl Pts',(-7.44604023075463,7.44604023075463,7.69045080819651));
#3903=CARTESIAN_POINT('Ctrl Pts',(0.,7.44604023075463,7.69045080819651));
#3904=CARTESIAN_POINT('Ctrl Pts',(7.44604023075463,7.44604023075463,7.69045080819651));
#3905=CARTESIAN_POINT('Ctrl Pts',(7.44604023075463,0.,7.69045080819651));
#3906=CARTESIAN_POINT('Ctrl Pts',(7.44604023075463,-7.44604023075463,7.69045080819651));
#3907=CARTESIAN_POINT('Ctrl Pts',(0.,-7.44604023075463,7.69045080819651));
#3908=CARTESIAN_POINT('Ctrl Pts',(-7.44604023075463,-7.44604023075463,7.69045080819651));
#3909=CARTESIAN_POINT('Ctrl Pts',(-7.44604023075463,0.,7.69045080819651));
#3910=CARTESIAN_POINT('Ctrl Pts',(-7.28111689816839,0.,7.70268028643389));
#3911=CARTESIAN_POINT('Ctrl Pts',(-7.28111689816839,7.28111689816839,7.70268028643389));
#3912=CARTESIAN_POINT('Ctrl Pts',(0.,7.28111689816839,7.70268028643389));
#3913=CARTESIAN_POINT('Ctrl Pts',(7.28111689816839,7.28111689816839,7.70268028643389));
#3914=CARTESIAN_POINT('Ctrl Pts',(7.28111689816839,0.,7.70268028643389));
#3915=CARTESIAN_POINT('Ctrl Pts',(7.28111689816839,-7.28111689816839,7.70268028643389));
#3916=CARTESIAN_POINT('Ctrl Pts',(0.,-7.28111689816839,7.70268028643389));
#3917=CARTESIAN_POINT('Ctrl Pts',(-7.28111689816839,-7.28111689816839,7.70268028643389));
#3918=CARTESIAN_POINT('Ctrl Pts',(-7.28111689816839,0.,7.70268028643389));
#3919=CARTESIAN_POINT('Ctrl Pts',(-7.11663886284605,0.,7.7144877295692));
#3920=CARTESIAN_POINT('Ctrl Pts',(-7.11663886284605,7.11663886284605,7.7144877295692));
#3921=CARTESIAN_POINT('Ctrl Pts',(0.,7.11663886284605,7.7144877295692));
#3922=CARTESIAN_POINT('Ctrl Pts',(7.11663886284605,7.11663886284605,7.7144877295692));
#3923=CARTESIAN_POINT('Ctrl Pts',(7.11663886284605,0.,7.7144877295692));
#3924=CARTESIAN_POINT('Ctrl Pts',(7.11663886284605,-7.11663886284605,7.7144877295692));
#3925=CARTESIAN_POINT('Ctrl Pts',(0.,-7.11663886284605,7.7144877295692));
#3926=CARTESIAN_POINT('Ctrl Pts',(-7.11663886284605,-7.11663886284605,7.7144877295692));
#3927=CARTESIAN_POINT('Ctrl Pts',(-7.11663886284605,0.,7.7144877295692));
#3928=CARTESIAN_POINT('Ctrl Pts',(-6.95242734197716,0.,7.72618512142083));
#3929=CARTESIAN_POINT('Ctrl Pts',(-6.95242734197716,6.95242734197716,7.72618512142083));
#3930=CARTESIAN_POINT('Ctrl Pts',(0.,6.95242734197716,7.72618512142083));
#3931=CARTESIAN_POINT('Ctrl Pts',(6.95242734197716,6.95242734197716,7.72618512142083));
#3932=CARTESIAN_POINT('Ctrl Pts',(6.95242734197716,0.,7.72618512142083));
#3933=CARTESIAN_POINT('Ctrl Pts',(6.95242734197716,-6.95242734197716,7.72618512142083));
#3934=CARTESIAN_POINT('Ctrl Pts',(0.,-6.95242734197716,7.72618512142083));
#3935=CARTESIAN_POINT('Ctrl Pts',(-6.95242734197716,-6.95242734197716,7.72618512142083));
#3936=CARTESIAN_POINT('Ctrl Pts',(-6.95242734197716,0.,7.72618512142083));
#3937=CARTESIAN_POINT('Ctrl Pts',(-6.78823762963525,0.,7.73807970474759));
#3938=CARTESIAN_POINT('Ctrl Pts',(-6.78823762963524,6.78823762963524,7.73807970474759));
#3939=CARTESIAN_POINT('Ctrl Pts',(0.,6.78823762963525,7.73807970474759));
#3940=CARTESIAN_POINT('Ctrl Pts',(6.78823762963524,6.78823762963524,7.73807970474759));
#3941=CARTESIAN_POINT('Ctrl Pts',(6.78823762963525,0.,7.73807970474759));
#3942=CARTESIAN_POINT('Ctrl Pts',(6.78823762963524,-6.78823762963524,7.73807970474759));
#3943=CARTESIAN_POINT('Ctrl Pts',(0.,-6.78823762963525,7.73807970474759));
#3944=CARTESIAN_POINT('Ctrl Pts',(-6.78823762963524,-6.78823762963524,7.73807970474759));
#3945=CARTESIAN_POINT('Ctrl Pts',(-6.78823762963525,0.,7.73807970474759));
#3946=CARTESIAN_POINT('Ctrl Pts',(-6.62382298853065,0.,7.7503768540127));
#3947=CARTESIAN_POINT('Ctrl Pts',(-6.62382298853065,6.62382298853065,7.7503768540127));
#3948=CARTESIAN_POINT('Ctrl Pts',(0.,6.62382298853065,7.7503768540127));
#3949=CARTESIAN_POINT('Ctrl Pts',(6.62382298853065,6.62382298853065,7.7503768540127));
#3950=CARTESIAN_POINT('Ctrl Pts',(6.62382298853065,0.,7.7503768540127));
#3951=CARTESIAN_POINT('Ctrl Pts',(6.62382298853065,-6.62382298853065,7.7503768540127));
#3952=CARTESIAN_POINT('Ctrl Pts',(0.,-6.62382298853065,7.7503768540127));
#3953=CARTESIAN_POINT('Ctrl Pts',(-6.62382298853065,-6.62382298853065,7.7503768540127));
#3954=CARTESIAN_POINT('Ctrl Pts',(-6.62382298853065,0.,7.7503768540127));
#3955=CARTESIAN_POINT('Ctrl Pts',(-6.45899924234854,0.,7.76308042504334));
#3956=CARTESIAN_POINT('Ctrl Pts',(-6.45899924234854,6.45899924234854,7.76308042504334));
#3957=CARTESIAN_POINT('Ctrl Pts',(0.,6.45899924234854,7.76308042504334));
#3958=CARTESIAN_POINT('Ctrl Pts',(6.45899924234854,6.45899924234854,7.76308042504334));
#3959=CARTESIAN_POINT('Ctrl Pts',(6.45899924234854,0.,7.76308042504334));
#3960=CARTESIAN_POINT('Ctrl Pts',(6.45899924234854,-6.45899924234854,7.76308042504334));
#3961=CARTESIAN_POINT('Ctrl Pts',(0.,-6.45899924234854,7.76308042504334));
#3962=CARTESIAN_POINT('Ctrl Pts',(-6.45899924234854,-6.45899924234854,7.76308042504334));
#3963=CARTESIAN_POINT('Ctrl Pts',(-6.45899924234854,0.,7.76308042504334));
#3964=CARTESIAN_POINT('Ctrl Pts',(-6.29370635749086,0.,7.775901076567));
#3965=CARTESIAN_POINT('Ctrl Pts',(-6.29370635749086,6.29370635749086,7.775901076567));
#3966=CARTESIAN_POINT('Ctrl Pts',(0.,6.29370635749086,7.775901076567));
#3967=CARTESIAN_POINT('Ctrl Pts',(6.29370635749086,6.29370635749086,7.775901076567));
#3968=CARTESIAN_POINT('Ctrl Pts',(6.29370635749086,0.,7.775901076567));
#3969=CARTESIAN_POINT('Ctrl Pts',(6.29370635749086,-6.29370635749086,7.775901076567));
#3970=CARTESIAN_POINT('Ctrl Pts',(0.,-6.29370635749086,7.775901076567));
#3971=CARTESIAN_POINT('Ctrl Pts',(-6.29370635749086,-6.29370635749086,7.775901076567));
#3972=CARTESIAN_POINT('Ctrl Pts',(-6.29370635749086,0.,7.775901076567));
#3973=CARTESIAN_POINT('Ctrl Pts',(-6.12798005173673,0.,7.78839196999015));
#3974=CARTESIAN_POINT('Ctrl Pts',(-6.12798005173673,6.12798005173673,7.78839196999015));
#3975=CARTESIAN_POINT('Ctrl Pts',(0.,6.12798005173673,7.78839196999015));
#3976=CARTESIAN_POINT('Ctrl Pts',(6.12798005173673,6.12798005173673,7.78839196999015));
#3977=CARTESIAN_POINT('Ctrl Pts',(6.12798005173673,0.,7.78839196999015));
#3978=CARTESIAN_POINT('Ctrl Pts',(6.12798005173673,-6.12798005173673,7.78839196999015));
#3979=CARTESIAN_POINT('Ctrl Pts',(0.,-6.12798005173673,7.78839196999015));
#3980=CARTESIAN_POINT('Ctrl Pts',(-6.12798005173673,-6.12798005173673,7.78839196999015));
#3981=CARTESIAN_POINT('Ctrl Pts',(-6.12798005173673,0.,7.78839196999015));
#3982=CARTESIAN_POINT('Ctrl Pts',(-5.96192641151748,0.,7.80007734598263));
#3983=CARTESIAN_POINT('Ctrl Pts',(-5.96192641151748,5.96192641151748,7.80007734598263));
#3984=CARTESIAN_POINT('Ctrl Pts',(0.,5.96192641151748,7.80007734598263));
#3985=CARTESIAN_POINT('Ctrl Pts',(5.96192641151748,5.96192641151748,7.80007734598263));
#3986=CARTESIAN_POINT('Ctrl Pts',(5.96192641151748,0.,7.80007734598263));
#3987=CARTESIAN_POINT('Ctrl Pts',(5.96192641151748,-5.96192641151748,7.80007734598263));
#3988=CARTESIAN_POINT('Ctrl Pts',(0.,-5.96192641151748,7.80007734598263));
#3989=CARTESIAN_POINT('Ctrl Pts',(-5.96192641151748,-5.96192641151748,7.80007734598263));
#3990=CARTESIAN_POINT('Ctrl Pts',(-5.96192641151748,0.,7.80007734598263));
#3991=CARTESIAN_POINT('Ctrl Pts',(-5.79569544185789,0.,7.8105828848362));
#3992=CARTESIAN_POINT('Ctrl Pts',(-5.79569544185789,5.79569544185789,7.8105828848362));
#3993=CARTESIAN_POINT('Ctrl Pts',(0.,5.79569544185789,7.8105828848362));
#3994=CARTESIAN_POINT('Ctrl Pts',(5.79569544185789,5.79569544185789,7.8105828848362));
#3995=CARTESIAN_POINT('Ctrl Pts',(5.79569544185789,0.,7.8105828848362));
#3996=CARTESIAN_POINT('Ctrl Pts',(5.79569544185789,-5.79569544185789,7.8105828848362));
#3997=CARTESIAN_POINT('Ctrl Pts',(0.,-5.79569544185789,7.8105828848362));
#3998=CARTESIAN_POINT('Ctrl Pts',(-5.79569544185789,-5.79569544185789,7.8105828848362));
#3999=CARTESIAN_POINT('Ctrl Pts',(-5.79569544185789,0.,7.8105828848362));
#4000=CARTESIAN_POINT('Ctrl Pts',(-5.62945503323578,0.,7.81976732756847));
#4001=CARTESIAN_POINT('Ctrl Pts',(-5.62945503323577,5.62945503323577,7.81976732756847));
#4002=CARTESIAN_POINT('Ctrl Pts',(0.,5.62945503323578,7.81976732756847));
#4003=CARTESIAN_POINT('Ctrl Pts',(5.62945503323577,5.62945503323577,7.81976732756847));
#4004=CARTESIAN_POINT('Ctrl Pts',(5.62945503323578,0.,7.81976732756847));
#4005=CARTESIAN_POINT('Ctrl Pts',(5.62945503323577,-5.62945503323577,7.81976732756847));
#4006=CARTESIAN_POINT('Ctrl Pts',(0.,-5.62945503323578,7.81976732756847));
#4007=CARTESIAN_POINT('Ctrl Pts',(-5.62945503323577,-5.62945503323577,7.81976732756847));
#4008=CARTESIAN_POINT('Ctrl Pts',(-5.62945503323578,0.,7.81976732756847));
#4009=CARTESIAN_POINT('Ctrl Pts',(-5.46336493484986,0.,7.82784811198573));
#4010=CARTESIAN_POINT('Ctrl Pts',(-5.46336493484986,5.46336493484986,7.82784811198573));
#4011=CARTESIAN_POINT('Ctrl Pts',(0.,5.46336493484986,7.82784811198573));
#4012=CARTESIAN_POINT('Ctrl Pts',(5.46336493484986,5.46336493484986,7.82784811198573));
#4013=CARTESIAN_POINT('Ctrl Pts',(5.46336493484986,0.,7.82784811198573));
#4014=CARTESIAN_POINT('Ctrl Pts',(5.46336493484986,-5.46336493484986,7.82784811198573));
#4015=CARTESIAN_POINT('Ctrl Pts',(0.,-5.46336493484986,7.82784811198573));
#4016=CARTESIAN_POINT('Ctrl Pts',(-5.46336493484986,-5.46336493484986,7.82784811198573));
#4017=CARTESIAN_POINT('Ctrl Pts',(-5.46336493484986,0.,7.82784811198573));
#4018=CARTESIAN_POINT('Ctrl Pts',(-5.29755984982599,0.,7.83525619015081));
#4019=CARTESIAN_POINT('Ctrl Pts',(-5.29755984982599,5.29755984982599,7.83525619015081));
#4020=CARTESIAN_POINT('Ctrl Pts',(0.,5.29755984982599,7.83525619015081));
#4021=CARTESIAN_POINT('Ctrl Pts',(5.29755984982599,5.29755984982599,7.83525619015081));
#4022=CARTESIAN_POINT('Ctrl Pts',(5.29755984982599,0.,7.83525619015081));
#4023=CARTESIAN_POINT('Ctrl Pts',(5.29755984982599,-5.29755984982599,7.83525619015081));
#4024=CARTESIAN_POINT('Ctrl Pts',(0.,-5.29755984982599,7.83525619015081));
#4025=CARTESIAN_POINT('Ctrl Pts',(-5.29755984982599,-5.29755984982599,7.83525619015081));
#4026=CARTESIAN_POINT('Ctrl Pts',(-5.29755984982599,0.,7.83525619015081));
#4027=CARTESIAN_POINT('Ctrl Pts',(-5.13213221578649,0.,7.84249684647884));
#4028=CARTESIAN_POINT('Ctrl Pts',(-5.13213221578649,5.13213221578649,7.84249684647884));
#4029=CARTESIAN_POINT('Ctrl Pts',(0.,5.13213221578649,7.84249684647884));
#4030=CARTESIAN_POINT('Ctrl Pts',(5.13213221578649,5.13213221578649,7.84249684647884));
#4031=CARTESIAN_POINT('Ctrl Pts',(5.13213221578649,0.,7.84249684647884));
#4032=CARTESIAN_POINT('Ctrl Pts',(5.13213221578649,-5.13213221578649,7.84249684647884));
#4033=CARTESIAN_POINT('Ctrl Pts',(0.,-5.13213221578649,7.84249684647884));
#4034=CARTESIAN_POINT('Ctrl Pts',(-5.13213221578649,-5.13213221578649,7.84249684647884));
#4035=CARTESIAN_POINT('Ctrl Pts',(-5.13213221578649,0.,7.84249684647884));
#4036=CARTESIAN_POINT('Ctrl Pts',(-4.96711521298071,0.,7.85000889631507));
#4037=CARTESIAN_POINT('Ctrl Pts',(-4.96711521298071,4.96711521298071,7.85000889631507));
#4038=CARTESIAN_POINT('Ctrl Pts',(0.,4.96711521298071,7.85000889631507));
#4039=CARTESIAN_POINT('Ctrl Pts',(4.96711521298071,4.96711521298071,7.85000889631507));
#4040=CARTESIAN_POINT('Ctrl Pts',(4.96711521298071,0.,7.85000889631507));
#4041=CARTESIAN_POINT('Ctrl Pts',(4.96711521298071,-4.96711521298071,7.85000889631507));
#4042=CARTESIAN_POINT('Ctrl Pts',(0.,-4.96711521298071,7.85000889631507));
#4043=CARTESIAN_POINT('Ctrl Pts',(-4.96711521298071,-4.96711521298071,7.85000889631507));
#4044=CARTESIAN_POINT('Ctrl Pts',(-4.96711521298071,0.,7.85000889631507));
#4045=CARTESIAN_POINT('Ctrl Pts',(-4.80246535969235,0.,7.85802323340693));
#4046=CARTESIAN_POINT('Ctrl Pts',(-4.80246535969235,4.80246535969235,7.85802323340693));
#4047=CARTESIAN_POINT('Ctrl Pts',(0.,4.80246535969235,7.85802323340693));
#4048=CARTESIAN_POINT('Ctrl Pts',(4.80246535969235,4.80246535969235,7.85802323340693));
#4049=CARTESIAN_POINT('Ctrl Pts',(4.80246535969235,0.,7.85802323340693));
#4050=CARTESIAN_POINT('Ctrl Pts',(4.80246535969235,-4.80246535969235,7.85802323340693));
#4051=CARTESIAN_POINT('Ctrl Pts',(0.,-4.80246535969235,7.85802323340693));
#4052=CARTESIAN_POINT('Ctrl Pts',(-4.80246535969235,-4.80246535969235,7.85802323340693));
#4053=CARTESIAN_POINT('Ctrl Pts',(-4.80246535969235,0.,7.85802323340693));
#4054=CARTESIAN_POINT('Ctrl Pts',(-4.63804605061685,0.,7.86642524973717));
#4055=CARTESIAN_POINT('Ctrl Pts',(-4.63804605061685,4.63804605061685,7.86642524973717));
#4056=CARTESIAN_POINT('Ctrl Pts',(0.,4.63804605061685,7.86642524973717));
#4057=CARTESIAN_POINT('Ctrl Pts',(4.63804605061685,4.63804605061685,7.86642524973717));
#4058=CARTESIAN_POINT('Ctrl Pts',(4.63804605061685,0.,7.86642524973717));
#4059=CARTESIAN_POINT('Ctrl Pts',(4.63804605061685,-4.63804605061685,7.86642524973717));
#4060=CARTESIAN_POINT('Ctrl Pts',(0.,-4.63804605061685,7.86642524973717));
#4061=CARTESIAN_POINT('Ctrl Pts',(-4.63804605061685,-4.63804605061685,7.86642524973717));
#4062=CARTESIAN_POINT('Ctrl Pts',(-4.63804605061685,0.,7.86642524973717));
#4063=CARTESIAN_POINT('Ctrl Pts',(-4.47366999969315,0.,7.87489050536479));
#4064=CARTESIAN_POINT('Ctrl Pts',(-4.47366999969315,4.47366999969315,7.87489050536479));
#4065=CARTESIAN_POINT('Ctrl Pts',(0.,4.47366999969315,7.87489050536479));
#4066=CARTESIAN_POINT('Ctrl Pts',(4.47366999969315,4.47366999969315,7.87489050536479));
#4067=CARTESIAN_POINT('Ctrl Pts',(4.47366999969315,0.,7.87489050536479));
#4068=CARTESIAN_POINT('Ctrl Pts',(4.47366999969315,-4.47366999969315,7.87489050536479));
#4069=CARTESIAN_POINT('Ctrl Pts',(0.,-4.47366999969315,7.87489050536479));
#4070=CARTESIAN_POINT('Ctrl Pts',(-4.47366999969315,-4.47366999969315,7.87489050536479));
#4071=CARTESIAN_POINT('Ctrl Pts',(-4.47366999969315,0.,7.87489050536479));
#4072=CARTESIAN_POINT('Ctrl Pts',(-4.30914096289898,0.,7.8830167401225));
#4073=CARTESIAN_POINT('Ctrl Pts',(-4.30914096289898,4.30914096289898,7.8830167401225));
#4074=CARTESIAN_POINT('Ctrl Pts',(0.,4.30914096289898,7.8830167401225));
#4075=CARTESIAN_POINT('Ctrl Pts',(4.30914096289898,4.30914096289898,7.8830167401225));
#4076=CARTESIAN_POINT('Ctrl Pts',(4.30914096289898,0.,7.8830167401225));
#4077=CARTESIAN_POINT('Ctrl Pts',(4.30914096289898,-4.30914096289898,7.8830167401225));
#4078=CARTESIAN_POINT('Ctrl Pts',(0.,-4.30914096289898,7.8830167401225));
#4079=CARTESIAN_POINT('Ctrl Pts',(-4.30914096289898,-4.30914096289898,7.8830167401225));
#4080=CARTESIAN_POINT('Ctrl Pts',(-4.30914096289898,0.,7.8830167401225));
#4081=CARTESIAN_POINT('Ctrl Pts',(-4.14429537393691,0.,7.89045606306811));
#4082=CARTESIAN_POINT('Ctrl Pts',(-4.1442953739369,4.1442953739369,7.89045606306811));
#4083=CARTESIAN_POINT('Ctrl Pts',(0.,4.14429537393691,7.89045606306811));
#4084=CARTESIAN_POINT('Ctrl Pts',(4.1442953739369,4.1442953739369,7.89045606306811));
#4085=CARTESIAN_POINT('Ctrl Pts',(4.14429537393691,0.,7.89045606306811));
#4086=CARTESIAN_POINT('Ctrl Pts',(4.1442953739369,-4.1442953739369,7.89045606306811));
#4087=CARTESIAN_POINT('Ctrl Pts',(0.,-4.14429537393691,7.89045606306811));
#4088=CARTESIAN_POINT('Ctrl Pts',(-4.1442953739369,-4.1442953739369,7.89045606306811));
#4089=CARTESIAN_POINT('Ctrl Pts',(-4.14429537393691,0.,7.89045606306811));
#4090=CARTESIAN_POINT('Ctrl Pts',(-3.97904482511534,0.,7.89704969914665));
#4091=CARTESIAN_POINT('Ctrl Pts',(-3.97904482511534,3.97904482511534,7.89704969914665));
#4092=CARTESIAN_POINT('Ctrl Pts',(0.,3.97904482511534,7.89704969914665));
#4093=CARTESIAN_POINT('Ctrl Pts',(3.97904482511534,3.97904482511534,7.89704969914665));
#4094=CARTESIAN_POINT('Ctrl Pts',(3.97904482511534,0.,7.89704969914665));
#4095=CARTESIAN_POINT('Ctrl Pts',(3.97904482511534,-3.97904482511534,7.89704969914665));
#4096=CARTESIAN_POINT('Ctrl Pts',(0.,-3.97904482511534,7.89704969914665));
#4097=CARTESIAN_POINT('Ctrl Pts',(-3.97904482511534,-3.97904482511534,7.89704969914665));
#4098=CARTESIAN_POINT('Ctrl Pts',(-3.97904482511534,0.,7.89704969914665));
#4099=CARTESIAN_POINT('Ctrl Pts',(-3.81341598169644,0.,7.90295436755819));
#4100=CARTESIAN_POINT('Ctrl Pts',(-3.81341598169644,3.81341598169644,7.90295436755819));
#4101=CARTESIAN_POINT('Ctrl Pts',(0.,3.81341598169644,7.90295436755819));
#4102=CARTESIAN_POINT('Ctrl Pts',(3.81341598169644,3.81341598169644,7.90295436755819));
#4103=CARTESIAN_POINT('Ctrl Pts',(3.81341598169644,0.,7.90295436755819));
#4104=CARTESIAN_POINT('Ctrl Pts',(3.81341598169644,-3.81341598169644,7.90295436755819));
#4105=CARTESIAN_POINT('Ctrl Pts',(0.,-3.81341598169644,7.90295436755819));
#4106=CARTESIAN_POINT('Ctrl Pts',(-3.81341598169644,-3.81341598169644,7.90295436755819));
#4107=CARTESIAN_POINT('Ctrl Pts',(-3.81341598169644,0.,7.90295436755819));
#4108=CARTESIAN_POINT('Ctrl Pts',(-3.64751096063097,0.,7.90850781726232));
#4109=CARTESIAN_POINT('Ctrl Pts',(-3.64751096063097,3.64751096063097,7.90850781726232));
#4110=CARTESIAN_POINT('Ctrl Pts',(0.,3.64751096063097,7.90850781726232));
#4111=CARTESIAN_POINT('Ctrl Pts',(3.64751096063097,3.64751096063097,7.90850781726232));
#4112=CARTESIAN_POINT('Ctrl Pts',(3.64751096063097,0.,7.90850781726232));
#4113=CARTESIAN_POINT('Ctrl Pts',(3.64751096063097,-3.64751096063097,7.90850781726232));
#4114=CARTESIAN_POINT('Ctrl Pts',(0.,-3.64751096063097,7.90850781726232));
#4115=CARTESIAN_POINT('Ctrl Pts',(-3.64751096063097,-3.64751096063097,7.90850781726232));
#4116=CARTESIAN_POINT('Ctrl Pts',(-3.64751096063097,0.,7.90850781726232));
#4117=CARTESIAN_POINT('Ctrl Pts',(-3.48147006121237,0.,7.91410196027529));
#4118=CARTESIAN_POINT('Ctrl Pts',(-3.48147006121237,3.48147006121237,7.91410196027529));
#4119=CARTESIAN_POINT('Ctrl Pts',(0.,3.48147006121237,7.91410196027529));
#4120=CARTESIAN_POINT('Ctrl Pts',(3.48147006121237,3.48147006121237,7.91410196027529));
#4121=CARTESIAN_POINT('Ctrl Pts',(3.48147006121237,0.,7.91410196027529));
#4122=CARTESIAN_POINT('Ctrl Pts',(3.48147006121237,-3.48147006121237,7.91410196027529));
#4123=CARTESIAN_POINT('Ctrl Pts',(0.,-3.48147006121237,7.91410196027529));
#4124=CARTESIAN_POINT('Ctrl Pts',(-3.48147006121237,-3.48147006121237,7.91410196027529));
#4125=CARTESIAN_POINT('Ctrl Pts',(-3.48147006121237,0.,7.91410196027529));
#4126=CARTESIAN_POINT('Ctrl Pts',(-3.31543383581772,0.,7.92005406212007));
#4127=CARTESIAN_POINT('Ctrl Pts',(-3.31543383581772,3.31543383581772,7.92005406212007));
#4128=CARTESIAN_POINT('Ctrl Pts',(0.,3.31543383581772,7.92005406212007));
#4129=CARTESIAN_POINT('Ctrl Pts',(3.31543383581772,3.31543383581772,7.92005406212007));
#4130=CARTESIAN_POINT('Ctrl Pts',(3.31543383581772,0.,7.92005406212007));
#4131=CARTESIAN_POINT('Ctrl Pts',(3.31543383581772,-3.31543383581772,7.92005406212007));
#4132=CARTESIAN_POINT('Ctrl Pts',(0.,-3.31543383581772,7.92005406212007));
#4133=CARTESIAN_POINT('Ctrl Pts',(-3.31543383581772,-3.31543383581772,7.92005406212007));
#4134=CARTESIAN_POINT('Ctrl Pts',(-3.31543383581772,0.,7.92005406212007));
#4135=CARTESIAN_POINT('Ctrl Pts',(-3.1495049864616,0.,7.9264767411423));
#4136=CARTESIAN_POINT('Ctrl Pts',(-3.1495049864616,3.1495049864616,7.9264767411423));
#4137=CARTESIAN_POINT('Ctrl Pts',(0.,3.1495049864616,7.9264767411423));
#4138=CARTESIAN_POINT('Ctrl Pts',(3.1495049864616,3.1495049864616,7.9264767411423));
#4139=CARTESIAN_POINT('Ctrl Pts',(3.1495049864616,0.,7.9264767411423));
#4140=CARTESIAN_POINT('Ctrl Pts',(3.1495049864616,-3.1495049864616,7.9264767411423));
#4141=CARTESIAN_POINT('Ctrl Pts',(0.,-3.1495049864616,7.9264767411423));
#4142=CARTESIAN_POINT('Ctrl Pts',(-3.1495049864616,-3.1495049864616,7.9264767411423));
#4143=CARTESIAN_POINT('Ctrl Pts',(-3.1495049864616,0.,7.9264767411423));
#4144=CARTESIAN_POINT('Ctrl Pts',(-2.983711606848,0.,7.9331539716571));
#4145=CARTESIAN_POINT('Ctrl Pts',(-2.983711606848,2.983711606848,7.9331539716571));
#4146=CARTESIAN_POINT('Ctrl Pts',(0.,2.983711606848,7.9331539716571));
#4147=CARTESIAN_POINT('Ctrl Pts',(2.983711606848,2.983711606848,7.9331539716571));
#4148=CARTESIAN_POINT('Ctrl Pts',(2.983711606848,0.,7.9331539716571));
#4149=CARTESIAN_POINT('Ctrl Pts',(2.983711606848,-2.983711606848,7.9331539716571));
#4150=CARTESIAN_POINT('Ctrl Pts',(0.,-2.983711606848,7.9331539716571));
#4151=CARTESIAN_POINT('Ctrl Pts',(-2.983711606848,-2.983711606848,7.9331539716571));
#4152=CARTESIAN_POINT('Ctrl Pts',(-2.983711606848,0.,7.9331539716571));
#4153=CARTESIAN_POINT('Ctrl Pts',(-2.81803001284794,0.,7.93967486221238));
#4154=CARTESIAN_POINT('Ctrl Pts',(-2.81803001284793,2.81803001284793,7.93967486221238));
#4155=CARTESIAN_POINT('Ctrl Pts',(0.,2.81803001284794,7.93967486221238));
#4156=CARTESIAN_POINT('Ctrl Pts',(2.81803001284793,2.81803001284793,7.93967486221238));
#4157=CARTESIAN_POINT('Ctrl Pts',(2.81803001284794,0.,7.93967486221238));
#4158=CARTESIAN_POINT('Ctrl Pts',(2.81803001284793,-2.81803001284793,7.93967486221238));
#4159=CARTESIAN_POINT('Ctrl Pts',(0.,-2.81803001284794,7.93967486221238));
#4160=CARTESIAN_POINT('Ctrl Pts',(-2.81803001284793,-2.81803001284793,7.93967486221238));
#4161=CARTESIAN_POINT('Ctrl Pts',(-2.81803001284794,0.,7.93967486221238));
#4162=CARTESIAN_POINT('Ctrl Pts',(-2.65240614310512,0.,7.9455614046544));
#4163=CARTESIAN_POINT('Ctrl Pts',(-2.65240614310512,2.65240614310512,7.9455614046544));
#4164=CARTESIAN_POINT('Ctrl Pts',(0.,2.65240614310512,7.9455614046544));
#4165=CARTESIAN_POINT('Ctrl Pts',(2.65240614310512,2.65240614310512,7.9455614046544));
#4166=CARTESIAN_POINT('Ctrl Pts',(2.65240614310512,0.,7.9455614046544));
#4167=CARTESIAN_POINT('Ctrl Pts',(2.65240614310512,-2.65240614310512,7.9455614046544));
#4168=CARTESIAN_POINT('Ctrl Pts',(0.,-2.65240614310512,7.9455614046544));
#4169=CARTESIAN_POINT('Ctrl Pts',(-2.65240614310512,-2.65240614310512,7.9455614046544));
#4170=CARTESIAN_POINT('Ctrl Pts',(-2.65240614310512,0.,7.9455614046544));
#4171=CARTESIAN_POINT('Ctrl Pts',(-2.48677740412664,0.,7.95039788263058));
#4172=CARTESIAN_POINT('Ctrl Pts',(-2.48677740412664,2.48677740412664,7.95039788263058));
#4173=CARTESIAN_POINT('Ctrl Pts',(0.,2.48677740412664,7.95039788263058));
#4174=CARTESIAN_POINT('Ctrl Pts',(2.48677740412664,2.48677740412664,7.95039788263058));
#4175=CARTESIAN_POINT('Ctrl Pts',(2.48677740412664,0.,7.95039788263058));
#4176=CARTESIAN_POINT('Ctrl Pts',(2.48677740412664,-2.48677740412664,7.95039788263058));
#4177=CARTESIAN_POINT('Ctrl Pts',(0.,-2.48677740412664,7.95039788263058));
#4178=CARTESIAN_POINT('Ctrl Pts',(-2.48677740412664,-2.48677740412664,7.95039788263058));
#4179=CARTESIAN_POINT('Ctrl Pts',(-2.48677740412664,0.,7.95039788263058));
#4180=CARTESIAN_POINT('Ctrl Pts',(-2.32109449206019,0.,7.95396086349615));
#4181=CARTESIAN_POINT('Ctrl Pts',(-2.32109449206019,2.32109449206019,7.95396086349615));
#4182=CARTESIAN_POINT('Ctrl Pts',(0.,2.32109449206019,7.95396086349615));
#4183=CARTESIAN_POINT('Ctrl Pts',(2.32109449206019,2.32109449206019,7.95396086349615));
#4184=CARTESIAN_POINT('Ctrl Pts',(2.32109449206019,0.,7.95396086349615));
#4185=CARTESIAN_POINT('Ctrl Pts',(2.32109449206019,-2.32109449206019,7.95396086349615));
#4186=CARTESIAN_POINT('Ctrl Pts',(0.,-2.32109449206019,7.95396086349615));
#4187=CARTESIAN_POINT('Ctrl Pts',(-2.32109449206019,-2.32109449206019,7.95396086349615));
#4188=CARTESIAN_POINT('Ctrl Pts',(-2.32109449206019,0.,7.95396086349615));
#4189=CARTESIAN_POINT('Ctrl Pts',(-2.15534274748843,0.,7.95634546626789));
#4190=CARTESIAN_POINT('Ctrl Pts',(-2.15534274748843,2.15534274748843,7.95634546626789));
#4191=CARTESIAN_POINT('Ctrl Pts',(0.,2.15534274748843,7.95634546626789));
#4192=CARTESIAN_POINT('Ctrl Pts',(2.15534274748843,2.15534274748843,7.95634546626789));
#4193=CARTESIAN_POINT('Ctrl Pts',(2.15534274748843,0.,7.95634546626789));
#4194=CARTESIAN_POINT('Ctrl Pts',(2.15534274748843,-2.15534274748843,7.95634546626789));
#4195=CARTESIAN_POINT('Ctrl Pts',(0.,-2.15534274748843,7.95634546626789));
#4196=CARTESIAN_POINT('Ctrl Pts',(-2.15534274748843,-2.15534274748843,7.95634546626789));
#4197=CARTESIAN_POINT('Ctrl Pts',(-2.15534274748843,0.,7.95634546626789));
#4198=CARTESIAN_POINT('Ctrl Pts',(-1.9895319166695,0.,7.95785882140162));
#4199=CARTESIAN_POINT('Ctrl Pts',(-1.9895319166695,1.9895319166695,7.95785882140162));
#4200=CARTESIAN_POINT('Ctrl Pts',(0.,1.9895319166695,7.95785882140162));
#4201=CARTESIAN_POINT('Ctrl Pts',(1.9895319166695,1.9895319166695,7.95785882140162));
#4202=CARTESIAN_POINT('Ctrl Pts',(1.9895319166695,0.,7.95785882140162));
#4203=CARTESIAN_POINT('Ctrl Pts',(1.9895319166695,-1.9895319166695,7.95785882140162));
#4204=CARTESIAN_POINT('Ctrl Pts',(0.,-1.9895319166695,7.95785882140162));
#4205=CARTESIAN_POINT('Ctrl Pts',(-1.9895319166695,-1.9895319166695,7.95785882140162));
#4206=CARTESIAN_POINT('Ctrl Pts',(-1.9895319166695,0.,7.95785882140162));
#4207=CARTESIAN_POINT('Ctrl Pts',(-1.82368647110606,0.,7.95891755867748));
#4208=CARTESIAN_POINT('Ctrl Pts',(-1.82368647110606,1.82368647110606,7.95891755867748));
#4209=CARTESIAN_POINT('Ctrl Pts',(0.,1.82368647110606,7.95891755867748));
#4210=CARTESIAN_POINT('Ctrl Pts',(1.82368647110606,1.82368647110606,7.95891755867748));
#4211=CARTESIAN_POINT('Ctrl Pts',(1.82368647110606,0.,7.95891755867748));
#4212=CARTESIAN_POINT('Ctrl Pts',(1.82368647110606,-1.82368647110606,7.95891755867748));
#4213=CARTESIAN_POINT('Ctrl Pts',(0.,-1.82368647110606,7.95891755867748));
#4214=CARTESIAN_POINT('Ctrl Pts',(-1.82368647110606,-1.82368647110606,7.95891755867748));
#4215=CARTESIAN_POINT('Ctrl Pts',(-1.82368647110606,0.,7.95891755867748));
#4216=CARTESIAN_POINT('Ctrl Pts',(-1.65783574717333,0.,7.95994409529103));
#4217=CARTESIAN_POINT('Ctrl Pts',(-1.65783574717333,1.65783574717333,7.95994409529103));
#4218=CARTESIAN_POINT('Ctrl Pts',(0.,1.65783574717333,7.95994409529103));
#4219=CARTESIAN_POINT('Ctrl Pts',(1.65783574717333,1.65783574717333,7.95994409529103));
#4220=CARTESIAN_POINT('Ctrl Pts',(1.65783574717333,0.,7.95994409529103));
#4221=CARTESIAN_POINT('Ctrl Pts',(1.65783574717333,-1.65783574717333,7.95994409529103));
#4222=CARTESIAN_POINT('Ctrl Pts',(0.,-1.65783574717333,7.95994409529103));
#4223=CARTESIAN_POINT('Ctrl Pts',(-1.65783574717333,-1.65783574717333,7.95994409529103));
#4224=CARTESIAN_POINT('Ctrl Pts',(-1.65783574717333,0.,7.95994409529103));
#4225=CARTESIAN_POINT('Ctrl Pts',(-1.4920041169929,0.,7.96126289232477));
#4226=CARTESIAN_POINT('Ctrl Pts',(-1.4920041169929,1.4920041169929,7.96126289232477));
#4227=CARTESIAN_POINT('Ctrl Pts',(0.,1.4920041169929,7.96126289232477));
#4228=CARTESIAN_POINT('Ctrl Pts',(1.4920041169929,1.4920041169929,7.96126289232477));
#4229=CARTESIAN_POINT('Ctrl Pts',(1.4920041169929,0.,7.96126289232477));
#4230=CARTESIAN_POINT('Ctrl Pts',(1.4920041169929,-1.4920041169929,7.96126289232477));
#4231=CARTESIAN_POINT('Ctrl Pts',(0.,-1.4920041169929,7.96126289232477));
#4232=CARTESIAN_POINT('Ctrl Pts',(-1.4920041169929,-1.4920041169929,7.96126289232477));
#4233=CARTESIAN_POINT('Ctrl Pts',(-1.4920041169929,0.,7.96126289232477));
#4234=CARTESIAN_POINT('Ctrl Pts',(-1.32620128065885,0.,7.9629982436881));
#4235=CARTESIAN_POINT('Ctrl Pts',(-1.32620128065885,1.32620128065885,7.9629982436881));
#4236=CARTESIAN_POINT('Ctrl Pts',(0.,1.32620128065885,7.9629982436881));
#4237=CARTESIAN_POINT('Ctrl Pts',(1.32620128065885,1.32620128065885,7.9629982436881));
#4238=CARTESIAN_POINT('Ctrl Pts',(1.32620128065885,0.,7.9629982436881));
#4239=CARTESIAN_POINT('Ctrl Pts',(1.32620128065885,-1.32620128065885,7.9629982436881));
#4240=CARTESIAN_POINT('Ctrl Pts',(0.,-1.32620128065885,7.9629982436881));
#4241=CARTESIAN_POINT('Ctrl Pts',(-1.32620128065885,-1.32620128065885,7.9629982436881));
#4242=CARTESIAN_POINT('Ctrl Pts',(-1.32620128065885,0.,7.9629982436881));
#4243=CARTESIAN_POINT('Ctrl Pts',(-1.16042608811013,0.,7.96512651369981));
#4244=CARTESIAN_POINT('Ctrl Pts',(-1.16042608811013,1.16042608811013,7.96512651369981));
#4245=CARTESIAN_POINT('Ctrl Pts',(0.,1.16042608811013,7.96512651369981));
#4246=CARTESIAN_POINT('Ctrl Pts',(1.16042608811013,1.16042608811013,7.96512651369981));
#4247=CARTESIAN_POINT('Ctrl Pts',(1.16042608811013,0.,7.96512651369981));
#4248=CARTESIAN_POINT('Ctrl Pts',(1.16042608811013,-1.16042608811013,7.96512651369981));
#4249=CARTESIAN_POINT('Ctrl Pts',(0.,-1.16042608811013,7.96512651369981));
#4250=CARTESIAN_POINT('Ctrl Pts',(-1.16042608811013,-1.16042608811013,7.96512651369981));
#4251=CARTESIAN_POINT('Ctrl Pts',(-1.16042608811013,0.,7.96512651369981));
#4252=CARTESIAN_POINT('Ctrl Pts',(-0.994670195862497,0.,7.96752651414495));
#4253=CARTESIAN_POINT('Ctrl Pts',(-0.994670195862496,0.994670195862496,
7.96752651414495));
#4254=CARTESIAN_POINT('Ctrl Pts',(0.,0.994670195862497,7.96752651414495));
#4255=CARTESIAN_POINT('Ctrl Pts',(0.994670195862496,0.994670195862496,7.96752651414495));
#4256=CARTESIAN_POINT('Ctrl Pts',(0.994670195862497,0.,7.96752651414495));
#4257=CARTESIAN_POINT('Ctrl Pts',(0.994670195862496,-0.994670195862496,
7.96752651414495));
#4258=CARTESIAN_POINT('Ctrl Pts',(0.,-0.994670195862497,7.96752651414495));
#4259=CARTESIAN_POINT('Ctrl Pts',(-0.994670195862496,-0.994670195862496,
7.96752651414495));
#4260=CARTESIAN_POINT('Ctrl Pts',(-0.994670195862497,0.,7.96752651414495));
#4261=CARTESIAN_POINT('Ctrl Pts',(-0.8289217783064,0.,7.97003047669283));
#4262=CARTESIAN_POINT('Ctrl Pts',(-0.828921778306399,0.828921778306399,
7.97003047669283));
#4263=CARTESIAN_POINT('Ctrl Pts',(0.,0.8289217783064,7.97003047669283));
#4264=CARTESIAN_POINT('Ctrl Pts',(0.828921778306399,0.828921778306399,7.97003047669283));
#4265=CARTESIAN_POINT('Ctrl Pts',(0.8289217783064,0.,7.97003047669283));
#4266=CARTESIAN_POINT('Ctrl Pts',(0.828921778306399,-0.828921778306399,
7.97003047669283));
#4267=CARTESIAN_POINT('Ctrl Pts',(0.,-0.8289217783064,7.97003047669283));
#4268=CARTESIAN_POINT('Ctrl Pts',(-0.828921778306399,-0.828921778306399,
7.97003047669283));
#4269=CARTESIAN_POINT('Ctrl Pts',(-0.8289217783064,0.,7.97003047669283));
#4270=CARTESIAN_POINT('Ctrl Pts',(-0.663169221641828,0.,7.97247485343898));
#4271=CARTESIAN_POINT('Ctrl Pts',(-0.663169221641828,0.663169221641828,
7.97247485343898));
#4272=CARTESIAN_POINT('Ctrl Pts',(0.,0.663169221641828,7.97247485343898));
#4273=CARTESIAN_POINT('Ctrl Pts',(0.663169221641828,0.663169221641828,7.97247485343898));
#4274=CARTESIAN_POINT('Ctrl Pts',(0.663169221641828,0.,7.97247485343898));
#4275=CARTESIAN_POINT('Ctrl Pts',(0.663169221641828,-0.663169221641828,
7.97247485343898));
#4276=CARTESIAN_POINT('Ctrl Pts',(0.,-0.663169221641828,7.97247485343898));
#4277=CARTESIAN_POINT('Ctrl Pts',(-0.663169221641828,-0.663169221641828,
7.97247485343898));
#4278=CARTESIAN_POINT('Ctrl Pts',(-0.663169221641828,0.,7.97247485343898));
#4279=CARTESIAN_POINT('Ctrl Pts',(-0.497404802619709,0.,7.97475087917991));
#4280=CARTESIAN_POINT('Ctrl Pts',(-0.497404802619708,0.497404802619708,
7.97475087917991));
#4281=CARTESIAN_POINT('Ctrl Pts',(0.,0.497404802619709,7.97475087917991));
#4282=CARTESIAN_POINT('Ctrl Pts',(0.497404802619708,0.497404802619708,7.97475087917991));
#4283=CARTESIAN_POINT('Ctrl Pts',(0.497404802619709,0.,7.97475087917991));
#4284=CARTESIAN_POINT('Ctrl Pts',(0.497404802619708,-0.497404802619708,
7.97475087917991));
#4285=CARTESIAN_POINT('Ctrl Pts',(0.,-0.497404802619709,7.97475087917991));
#4286=CARTESIAN_POINT('Ctrl Pts',(-0.497404802619708,-0.497404802619708,
7.97475087917991));
#4287=CARTESIAN_POINT('Ctrl Pts',(-0.497404802619709,0.,7.97475087917991));
#4288=CARTESIAN_POINT('Ctrl Pts',(-0.331623889903852,0.,7.97679333380669));
#4289=CARTESIAN_POINT('Ctrl Pts',(-0.331623889903852,0.331623889903852,
7.97679333380669));
#4290=CARTESIAN_POINT('Ctrl Pts',(0.,0.331623889903852,7.97679333380669));
#4291=CARTESIAN_POINT('Ctrl Pts',(0.331623889903852,0.331623889903852,7.97679333380669));
#4292=CARTESIAN_POINT('Ctrl Pts',(0.331623889903852,0.,7.97679333380669));
#4293=CARTESIAN_POINT('Ctrl Pts',(0.331623889903852,-0.331623889903852,
7.97679333380669));
#4294=CARTESIAN_POINT('Ctrl Pts',(0.,-0.331623889903852,7.97679333380669));
#4295=CARTESIAN_POINT('Ctrl Pts',(-0.331623889903852,-0.331623889903852,
7.97679333380669));
#4296=CARTESIAN_POINT('Ctrl Pts',(-0.331623889903852,0.,7.97679333380669));
#4297=CARTESIAN_POINT('Ctrl Pts',(-0.198984117703543,0.,7.97821442917647));
#4298=CARTESIAN_POINT('Ctrl Pts',(-0.198984117703543,0.198984117703543,
7.97821442917647));
#4299=CARTESIAN_POINT('Ctrl Pts',(0.,0.198984117703543,7.97821442917647));
#4300=CARTESIAN_POINT('Ctrl Pts',(0.198984117703543,0.198984117703543,7.97821442917647));
#4301=CARTESIAN_POINT('Ctrl Pts',(0.198984117703543,0.,7.97821442917647));
#4302=CARTESIAN_POINT('Ctrl Pts',(0.198984117703543,-0.198984117703543,
7.97821442917647));
#4303=CARTESIAN_POINT('Ctrl Pts',(0.,-0.198984117703543,7.97821442917647));
#4304=CARTESIAN_POINT('Ctrl Pts',(-0.198984117703543,-0.198984117703543,
7.97821442917647));
#4305=CARTESIAN_POINT('Ctrl Pts',(-0.198984117703543,0.,7.97821442917647));
#4306=CARTESIAN_POINT('Ctrl Pts',(-0.099495482871417,0.,7.97915566051158));
#4307=CARTESIAN_POINT('Ctrl Pts',(-0.099495482871417,0.099495482871417,
7.97915566051158));
#4308=CARTESIAN_POINT('Ctrl Pts',(0.,0.099495482871417,7.97915566051158));
#4309=CARTESIAN_POINT('Ctrl Pts',(0.099495482871417,0.099495482871417,7.97915566051158));
#4310=CARTESIAN_POINT('Ctrl Pts',(0.099495482871417,0.,7.97915566051158));
#4311=CARTESIAN_POINT('Ctrl Pts',(0.099495482871417,-0.099495482871417,
7.97915566051158));
#4312=CARTESIAN_POINT('Ctrl Pts',(0.,-0.099495482871417,7.97915566051158));
#4313=CARTESIAN_POINT('Ctrl Pts',(-0.099495482871417,-0.099495482871417,
7.97915566051158));
#4314=CARTESIAN_POINT('Ctrl Pts',(-0.099495482871417,0.,7.97915566051158));
#4315=CARTESIAN_POINT('Ctrl Pts',(-0.0331658131523284,0.,7.97972778131196));
#4316=CARTESIAN_POINT('Ctrl Pts',(-0.0331658131523284,0.0331658131523284,
7.97972778131196));
#4317=CARTESIAN_POINT('Ctrl Pts',(0.,0.0331658131523284,7.97972778131196));
#4318=CARTESIAN_POINT('Ctrl Pts',(0.0331658131523284,0.0331658131523284,
7.97972778131196));
#4319=CARTESIAN_POINT('Ctrl Pts',(0.0331658131523284,0.,7.97972778131196));
#4320=CARTESIAN_POINT('Ctrl Pts',(0.0331658131523284,-0.0331658131523284,
7.97972778131196));
#4321=CARTESIAN_POINT('Ctrl Pts',(0.,-0.0331658131523284,7.97972778131196));
#4322=CARTESIAN_POINT('Ctrl Pts',(-0.0331658131523284,-0.0331658131523284,
7.97972778131196));
#4323=CARTESIAN_POINT('Ctrl Pts',(-0.0331658131523284,0.,7.97972778131196));
#4324=CARTESIAN_POINT('Ctrl Pts',(0.,0.,7.98));
#4325=CARTESIAN_POINT('Ctrl Pts',(0.,0.,7.98));
#4326=CARTESIAN_POINT('Ctrl Pts',(0.,0.,7.98));
#4327=CARTESIAN_POINT('Ctrl Pts',(0.,0.,7.98));
#4328=CARTESIAN_POINT('Ctrl Pts',(0.,0.,7.98));
#4329=CARTESIAN_POINT('Ctrl Pts',(0.,0.,7.98));
#4330=CARTESIAN_POINT('Ctrl Pts',(0.,0.,7.98));
#4331=CARTESIAN_POINT('Ctrl Pts',(0.,0.,7.98));
#4332=CARTESIAN_POINT('Ctrl Pts',(0.,0.,7.98));
#4333=CARTESIAN_POINT('',(-14.47,0.,2.29));
#4334=CARTESIAN_POINT('',(0.,0.,7.98));
#4335=CARTESIAN_POINT('Ctrl Pts',(-14.47,0.,2.29));
#4336=CARTESIAN_POINT('Ctrl Pts',(-14.4998698619714,0.,2.30517868656973));
#4337=CARTESIAN_POINT('Ctrl Pts',(-14.5591650996479,0.,2.33617189167526));
#4338=CARTESIAN_POINT('Ctrl Pts',(-14.6467744971364,0.,2.38456919540497));
#4339=CARTESIAN_POINT('Ctrl Pts',(-14.7609198096543,0.,2.45291435556342));
#4340=CARTESIAN_POINT('Ctrl Pts',(-14.8990887010333,0.,2.54472816907807));
#4341=CARTESIAN_POINT('Ctrl Pts',(-15.032545714569,0.,2.64298998934868));
#4342=CARTESIAN_POINT('Ctrl Pts',(-15.1608947268148,0.,2.74782793317651));
#4343=CARTESIAN_POINT('Ctrl Pts',(-15.2834775441698,0.,2.85945257957));
#4344=CARTESIAN_POINT('Ctrl Pts',(-15.3993080954847,0.,2.97817748027444));
#4345=CARTESIAN_POINT('Ctrl Pts',(-15.5071723295911,0.,3.10430838692091));
#4346=CARTESIAN_POINT('Ctrl Pts',(-15.6057287325553,0.,3.23803184542055));
#4347=CARTESIAN_POINT('Ctrl Pts',(-15.6936084799,0.,3.37930418314608));
#4348=CARTESIAN_POINT('Ctrl Pts',(-15.7695158852399,0.,3.52773975348252));
#4349=CARTESIAN_POINT('Ctrl Pts',(-15.8323283015481,0.,3.68250065628623));
#4350=CARTESIAN_POINT('Ctrl Pts',(-15.8811167938971,0.,3.84241167819246));
#4351=CARTESIAN_POINT('Ctrl Pts',(-15.9151674573025,0.,4.00607370079471));
#4352=CARTESIAN_POINT('Ctrl Pts',(-15.9340025140269,0.,4.17197736545951));
#4353=CARTESIAN_POINT('Ctrl Pts',(-15.9374018353248,0.,4.33861699274824));
#4354=CARTESIAN_POINT('Ctrl Pts',(-15.9254238396058,0.,4.50460316628533));
#4355=CARTESIAN_POINT('Ctrl Pts',(-15.8983694323434,0.,4.66865630623789));
#4356=CARTESIAN_POINT('Ctrl Pts',(-15.8567466627525,0.,4.82960156372171));
#4357=CARTESIAN_POINT('Ctrl Pts',(-15.8012352802648,0.,4.98636348754069));
#4358=CARTESIAN_POINT('Ctrl Pts',(-15.7326513121496,0.,5.13796034413918));
#4359=CARTESIAN_POINT('Ctrl Pts',(-15.6519120556015,0.,5.28350000791732));
#4360=CARTESIAN_POINT('Ctrl Pts',(-15.5600140142251,0.,5.42222626565839));
#4361=CARTESIAN_POINT('Ctrl Pts',(-15.4580105259334,0.,5.5535641041821));
#4362=CARTESIAN_POINT('Ctrl Pts',(-15.3469894816272,0.,5.67716470298655));
#4363=CARTESIAN_POINT('Ctrl Pts',(-15.2280511818856,0.,5.79295241977769));
#4364=CARTESIAN_POINT('Ctrl Pts',(-15.1022857429159,0.,5.90116612007579));
#4365=CARTESIAN_POINT('Ctrl Pts',(-14.9707397310029,0.,6.00226109763056));
#4366=CARTESIAN_POINT('Ctrl Pts',(-14.8343829918689,0.,6.09681586083067));
#4367=CARTESIAN_POINT('Ctrl Pts',(-14.6940757754654,0.,6.18543799330507));
#4368=CARTESIAN_POINT('Ctrl Pts',(-14.5505347766642,0.,6.2686685267438));
#4369=CARTESIAN_POINT('Ctrl Pts',(-14.4043021543476,0.,6.34689232321681));
#4370=CARTESIAN_POINT('Ctrl Pts',(-14.2557813163832,0.,6.42038831335716));
#4371=CARTESIAN_POINT('Ctrl Pts',(-14.1052700568177,0.,6.48937420385606));
#4372=CARTESIAN_POINT('Ctrl Pts',(-13.9529944333448,0.,6.55405280888675));
#4373=CARTESIAN_POINT('Ctrl Pts',(-13.7991427650218,0.,6.6146586744816));
#4374=CARTESIAN_POINT('Ctrl Pts',(-13.6438982255424,0.,6.67150179639887));
#4375=CARTESIAN_POINT('Ctrl Pts',(-13.4874370866779,0.,6.72493986329509));
#4376=CARTESIAN_POINT('Ctrl Pts',(-13.3299284347849,0.,6.77535345907227));
#4377=CARTESIAN_POINT('Ctrl Pts',(-13.1715332668454,0.,6.82312029321046));
#4378=CARTESIAN_POINT('Ctrl Pts',(-13.0124039913493,0.,6.86858955222361));
#4379=CARTESIAN_POINT('Ctrl Pts',(-12.8526833490405,0.,6.91205703421816));
#4380=CARTESIAN_POINT('Ctrl Pts',(-12.6924948366278,0.,6.95375999659177));
#4381=CARTESIAN_POINT('Ctrl Pts',(-12.5319333573352,0.,6.99387088552117));
#4382=CARTESIAN_POINT('Ctrl Pts',(-12.3710560561851,0.,7.03249177488823));
#4383=CARTESIAN_POINT('Ctrl Pts',(-12.2098724098959,0.,7.0696477449784));
#4384=CARTESIAN_POINT('Ctrl Pts',(-12.048336444786,0.,7.10528272939093));
#4385=CARTESIAN_POINT('Ctrl Pts',(-11.8863779770293,0.,7.13929925549234));
#4386=CARTESIAN_POINT('Ctrl Pts',(-11.7239322700777,0.,7.17159634725016));
#4387=CARTESIAN_POINT('Ctrl Pts',(-11.5609697466348,0.,7.20210764183077));
#4388=CARTESIAN_POINT('Ctrl Pts',(-11.3975269440279,0.,7.23084052373158));
#4389=CARTESIAN_POINT('Ctrl Pts',(-11.2337334317647,0.,7.25791175830213));
#4390=CARTESIAN_POINT('Ctrl Pts',(-11.069762715067,0.,7.28351556499806));
#4391=CARTESIAN_POINT('Ctrl Pts',(-10.9057864248803,0.,7.30789488128029));
#4392=CARTESIAN_POINT('Ctrl Pts',(-10.7419279528395,0.,7.33131155557059));
#4393=CARTESIAN_POINT('Ctrl Pts',(-10.5782147321843,0.,7.35401676551685));
#4394=CARTESIAN_POINT('Ctrl Pts',(-10.4145354798447,0.,7.37622203286204));
#4395=CARTESIAN_POINT('Ctrl Pts',(-10.2507071446163,0.,7.39808863797003));
#4396=CARTESIAN_POINT('Ctrl Pts',(-10.0865376592648,0.,7.41971602605055));
#4397=CARTESIAN_POINT('Ctrl Pts',(-9.92188937961372,0.,7.44113093952318));
#4398=CARTESIAN_POINT('Ctrl Pts',(-9.756744290057,0.,7.46227534846542));
#4399=CARTESIAN_POINT('Ctrl Pts',(-9.59126275497209,0.,7.48299727798348));
#4400=CARTESIAN_POINT('Ctrl Pts',(-9.42570105868148,0.,7.50310074705913));
#4401=CARTESIAN_POINT('Ctrl Pts',(-9.26033473603817,0.,7.52239338091672));
#4402=CARTESIAN_POINT('Ctrl Pts',(-9.0953802977023,0.,7.54073452724429));
#4403=CARTESIAN_POINT('Ctrl Pts',(-8.93091633079889,0.,7.55808402542199));
#4404=CARTESIAN_POINT('Ctrl Pts',(-8.76680840007058,0.,7.57454837760878));
#4405=CARTESIAN_POINT('Ctrl Pts',(-8.60279855042886,0.,7.59031901503787));
#4406=CARTESIAN_POINT('Ctrl Pts',(-8.43859117261883,0.,7.605612889887));
#4407=CARTESIAN_POINT('Ctrl Pts',(-8.27393941905262,0.,7.62061281505128));
#4408=CARTESIAN_POINT('Ctrl Pts',(-8.10873321138356,0.,7.63540651958391));
#4409=CARTESIAN_POINT('Ctrl Pts',(-7.94308153670332,0.,7.64993009274201));
#4410=CARTESIAN_POINT('Ctrl Pts',(-7.77722578698832,0.,7.66403975997862));
#4411=CARTESIAN_POINT('Ctrl Pts',(-7.61145844766758,0.,7.6775796925468));
#4412=CARTESIAN_POINT('Ctrl Pts',(-7.44604023075463,0.,7.69045080819651));
#4413=CARTESIAN_POINT('Ctrl Pts',(-7.28111689816839,0.,7.70268028643389));
#4414=CARTESIAN_POINT('Ctrl Pts',(-7.11663886284605,0.,7.7144877295692));
#4415=CARTESIAN_POINT('Ctrl Pts',(-6.95242734197716,0.,7.72618512142083));
#4416=CARTESIAN_POINT('Ctrl Pts',(-6.78823762963525,0.,7.73807970474759));
#4417=CARTESIAN_POINT('Ctrl Pts',(-6.62382298853065,0.,7.7503768540127));
#4418=CARTESIAN_POINT('Ctrl Pts',(-6.45899924234854,0.,7.76308042504334));
#4419=CARTESIAN_POINT('Ctrl Pts',(-6.29370635749086,0.,7.775901076567));
#4420=CARTESIAN_POINT('Ctrl Pts',(-6.12798005173673,0.,7.78839196999015));
#4421=CARTESIAN_POINT('Ctrl Pts',(-5.96192641151748,0.,7.80007734598263));
#4422=CARTESIAN_POINT('Ctrl Pts',(-5.79569544185789,0.,7.8105828848362));
#4423=CARTESIAN_POINT('Ctrl Pts',(-5.62945503323578,0.,7.81976732756847));
#4424=CARTESIAN_POINT('Ctrl Pts',(-5.46336493484986,0.,7.82784811198573));
#4425=CARTESIAN_POINT('Ctrl Pts',(-5.29755984982599,0.,7.83525619015081));
#4426=CARTESIAN_POINT('Ctrl Pts',(-5.13213221578649,0.,7.84249684647884));
#4427=CARTESIAN_POINT('Ctrl Pts',(-4.96711521298071,0.,7.85000889631507));
#4428=CARTESIAN_POINT('Ctrl Pts',(-4.80246535969235,0.,7.85802323340693));
#4429=CARTESIAN_POINT('Ctrl Pts',(-4.63804605061685,0.,7.86642524973717));
#4430=CARTESIAN_POINT('Ctrl Pts',(-4.47366999969315,0.,7.87489050536479));
#4431=CARTESIAN_POINT('Ctrl Pts',(-4.30914096289898,0.,7.8830167401225));
#4432=CARTESIAN_POINT('Ctrl Pts',(-4.14429537393691,0.,7.89045606306811));
#4433=CARTESIAN_POINT('Ctrl Pts',(-3.97904482511534,0.,7.89704969914665));
#4434=CARTESIAN_POINT('Ctrl Pts',(-3.81341598169644,0.,7.90295436755819));
#4435=CARTESIAN_POINT('Ctrl Pts',(-3.64751096063097,0.,7.90850781726232));
#4436=CARTESIAN_POINT('Ctrl Pts',(-3.48147006121237,0.,7.91410196027529));
#4437=CARTESIAN_POINT('Ctrl Pts',(-3.31543383581772,0.,7.92005406212007));
#4438=CARTESIAN_POINT('Ctrl Pts',(-3.1495049864616,0.,7.9264767411423));
#4439=CARTESIAN_POINT('Ctrl Pts',(-2.983711606848,0.,7.9331539716571));
#4440=CARTESIAN_POINT('Ctrl Pts',(-2.81803001284794,0.,7.93967486221238));
#4441=CARTESIAN_POINT('Ctrl Pts',(-2.65240614310512,0.,7.9455614046544));
#4442=CARTESIAN_POINT('Ctrl Pts',(-2.48677740412664,0.,7.95039788263058));
#4443=CARTESIAN_POINT('Ctrl Pts',(-2.32109449206019,0.,7.95396086349615));
#4444=CARTESIAN_POINT('Ctrl Pts',(-2.15534274748843,0.,7.95634546626789));
#4445=CARTESIAN_POINT('Ctrl Pts',(-1.9895319166695,0.,7.95785882140162));
#4446=CARTESIAN_POINT('Ctrl Pts',(-1.82368647110606,0.,7.95891755867748));
#4447=CARTESIAN_POINT('Ctrl Pts',(-1.65783574717333,0.,7.95994409529103));
#4448=CARTESIAN_POINT('Ctrl Pts',(-1.4920041169929,0.,7.96126289232477));
#4449=CARTESIAN_POINT('Ctrl Pts',(-1.32620128065885,0.,7.9629982436881));
#4450=CARTESIAN_POINT('Ctrl Pts',(-1.16042608811013,0.,7.96512651369981));
#4451=CARTESIAN_POINT('Ctrl Pts',(-0.994670195862497,0.,7.96752651414495));
#4452=CARTESIAN_POINT('Ctrl Pts',(-0.8289217783064,0.,7.97003047669283));
#4453=CARTESIAN_POINT('Ctrl Pts',(-0.663169221641828,0.,7.97247485343898));
#4454=CARTESIAN_POINT('Ctrl Pts',(-0.497404802619709,0.,7.97475087917991));
#4455=CARTESIAN_POINT('Ctrl Pts',(-0.331623889903852,0.,7.97679333380669));
#4456=CARTESIAN_POINT('Ctrl Pts',(-0.198984117703543,0.,7.97821442917647));
#4457=CARTESIAN_POINT('Ctrl Pts',(-0.099495482871417,0.,7.97915566051158));
#4458=CARTESIAN_POINT('Ctrl Pts',(-0.0331658131523284,0.,7.97972778131196));
#4459=CARTESIAN_POINT('Ctrl Pts',(0.,0.,7.98));
#4460=CARTESIAN_POINT('Origin',(0.,0.,2.29));
#4461=CARTESIAN_POINT('Origin',(-11.555,0.,2.29));
#4462=CARTESIAN_POINT('',(32.86,0.,0.));
#4463=CARTESIAN_POINT('',(-32.86,0.,0.));
#4464=UNCERTAINTY_MEASURE_WITH_UNIT(LENGTH_MEASURE(0.01),#4472,
'DISTANCE_ACCURACY_VALUE',
'Maximum model space distance between geometric entities at asserted c
onnectivities');
#4465=UNCERTAINTY_MEASURE_WITH_UNIT(LENGTH_MEASURE(0.01),#4472,
'DISTANCE_ACCURACY_VALUE',
'Maximum model space distance between geometric entities at asserted c
onnectivities');
#4466=UNCERTAINTY_MEASURE_WITH_UNIT(LENGTH_MEASURE(0.01),#4472,
'DISTANCE_ACCURACY_VALUE',
'Maximum model space distance between geometric entities at asserted c
onnectivities');
#4467=UNCERTAINTY_MEASURE_WITH_UNIT(LENGTH_MEASURE(0.01),#4472,
'DISTANCE_ACCURACY_VALUE',
'Maximum model space distance between geometric entities at asserted c
onnectivities');
#4468=(
GEOMETRIC_REPRESENTATION_CONTEXT(3)
GLOBAL_UNCERTAINTY_ASSIGNED_CONTEXT((#4464))
GLOBAL_UNIT_ASSIGNED_CONTEXT((#4472,#4474,#4475))
REPRESENTATION_CONTEXT('','3D')
);
#4469=(
GEOMETRIC_REPRESENTATION_CONTEXT(3)
GLOBAL_UNCERTAINTY_ASSIGNED_CONTEXT((#4465))
GLOBAL_UNIT_ASSIGNED_CONTEXT((#4472,#4474,#4475))
REPRESENTATION_CONTEXT('','3D')
);
#4470=(
GEOMETRIC_REPRESENTATION_CONTEXT(3)
GLOBAL_UNCERTAINTY_ASSIGNED_CONTEXT((#4466))
GLOBAL_UNIT_ASSIGNED_CONTEXT((#4472,#4474,#4475))
REPRESENTATION_CONTEXT('','3D')
);
#4471=(
GEOMETRIC_REPRESENTATION_CONTEXT(3)
GLOBAL_UNCERTAINTY_ASSIGNED_CONTEXT((#4467))
GLOBAL_UNIT_ASSIGNED_CONTEXT((#4472,#4474,#4475))
REPRESENTATION_CONTEXT('','3D')
);
#4472=(
LENGTH_UNIT()
NAMED_UNIT(*)
SI_UNIT(.MILLI.,.METRE.)
);
#4473=(
LENGTH_UNIT()
NAMED_UNIT(*)
SI_UNIT($,.METRE.)
);
#4474=(
NAMED_UNIT(*)
PLANE_ANGLE_UNIT()
SI_UNIT($,.RADIAN.)
);
#4475=(
NAMED_UNIT(*)
SI_UNIT($,.STERADIAN.)
SOLID_ANGLE_UNIT()
);
#4476=SHAPE_DEFINITION_REPRESENTATION(#4479,#4484);
#4477=SHAPE_DEFINITION_REPRESENTATION(#4480,#4485);
#4478=SHAPE_DEFINITION_REPRESENTATION(#4481,#4486);
#4479=PRODUCT_DEFINITION_SHAPE('',$,#4488);
#4480=PRODUCT_DEFINITION_SHAPE('',$,#4489);
#4481=PRODUCT_DEFINITION_SHAPE('',$,#4490);
#4482=PRODUCT_DEFINITION_SHAPE($,$,#17);
#4483=PRODUCT_DEFINITION_SHAPE($,$,#18);
#4484=SHAPE_REPRESENTATION('',(#327,#359,#360),#4468);
#4485=SHAPE_REPRESENTATION('',(#328),#4469);
#4486=SHAPE_REPRESENTATION('',(#334),#4470);
#4487=PRODUCT_DEFINITION_CONTEXT('part definition',#4498,'design');
#4488=PRODUCT_DEFINITION('AirTag','AirTag v5',#4491,#4487);
#4489=PRODUCT_DEFINITION('Cutout 0.15mm margin','Cutout 0.15mm margin',
#4492,#4487);
#4490=PRODUCT_DEFINITION('Cutout 0.30mm margin','Cutout 0.30mm margin',
#4493,#4487);
#4491=PRODUCT_DEFINITION_FORMATION('',$,#4500);
#4492=PRODUCT_DEFINITION_FORMATION('',$,#4501);
#4493=PRODUCT_DEFINITION_FORMATION('',$,#4502);
#4494=PRODUCT_RELATED_PRODUCT_CATEGORY('AirTag v5','AirTag v5',(#4500));
#4495=PRODUCT_RELATED_PRODUCT_CATEGORY('Cutout 0.15mm margin',
'Cutout 0.15mm margin',(#4501));
#4496=PRODUCT_RELATED_PRODUCT_CATEGORY('Cutout 0.30mm margin',
'Cutout 0.30mm margin',(#4502));
#4497=APPLICATION_PROTOCOL_DEFINITION('international standard',
'automotive_design',2009,#4498);
#4498=APPLICATION_CONTEXT(
'Core Data for Automotive Mechanical Design Process');
#4499=PRODUCT_CONTEXT('part definition',#4498,'mechanical');
#4500=PRODUCT('AirTag','AirTag v5',$,(#4499));
#4501=PRODUCT('Cutout 0.15mm margin','Cutout 0.15mm margin',$,(#4499));
#4502=PRODUCT('Cutout 0.30mm margin','Cutout 0.30mm margin',$,(#4499));
#4503=PRESENTATION_STYLE_ASSIGNMENT((#4506));
#4504=PRESENTATION_STYLE_ASSIGNMENT((#4507));
#4505=PRESENTATION_STYLE_ASSIGNMENT((#4508));
#4506=SURFACE_STYLE_USAGE(.BOTH.,#4509);
#4507=SURFACE_STYLE_USAGE(.BOTH.,#4510);
#4508=SURFACE_STYLE_USAGE(.BOTH.,#4511);
#4509=SURFACE_SIDE_STYLE('',(#4512));
#4510=SURFACE_SIDE_STYLE('',(#4513));
#4511=SURFACE_SIDE_STYLE('',(#4514));
#4512=SURFACE_STYLE_FILL_AREA(#4515);
#4513=SURFACE_STYLE_FILL_AREA(#4516);
#4514=SURFACE_STYLE_FILL_AREA(#4517);
#4515=FILL_AREA_STYLE('Steel - Satin',(#4518));
#4516=FILL_AREA_STYLE('Aluminum - Polished',(#4519));
#4517=FILL_AREA_STYLE('ABS (White)',(#4520));
#4518=FILL_AREA_STYLE_COLOUR('Steel - Satin',#4521);
#4519=FILL_AREA_STYLE_COLOUR('Aluminum - Polished',#4522);
#4520=FILL_AREA_STYLE_COLOUR('ABS (White)',#4523);
#4521=COLOUR_RGB('Steel - Satin',0.627450980392157,0.627450980392157,0.627450980392157);
#4522=COLOUR_RGB('Aluminum - Polished',0.96078431372549,0.96078431372549,
0.964705882352941);
#4523=COLOUR_RGB('ABS (White)',0.980392156862745,0.980392156862745,0.980392156862745);
ENDSEC;
END-ISO-10303-21;
