ISO-10303-21;
HEADER;
/* Generated by software containing ST-Developer
 * from STEP Tools, Inc. (www.steptools.com) 
 */

FILE_DESCRIPTION(
/* description */ (''),
/* implementation_level */ '2;1');

FILE_NAME(
/* name */ 'airtag.step',
/* time_stamp */ '2023-10-28T14:39:08+02:00',
/* author */ (''),
/* organization */ (''),
/* preprocessor_version */ 'ST-DEVELOPER v20',
/* originating_system */ 'Autodesk Translation Framework v12.14.0.127',

/* authorisation */ '');

FILE_SCHEMA (('AUTOMOTIVE_DESIGN { 1 0 10303 214 3 1 1 }'));
ENDSEC;

DATA;
#10=MECHANICAL_DESIGN_GEOMETRIC_PRESENTATION_REPRESENTATION('',(#27,#28),
#2184);
#11=SHAPE_REPRESENTATION_RELATIONSHIP('SRR','None',#2191,#12);
#12=ADVANCED_BREP_SHAPE_REPRESENTATION('',(#29,#30),#2183);
#13=CYLINDRICAL_SURFACE('',#153,12.775);
#14=CYLINDRICAL_SURFACE('',#159,11.555);
#15=LINE('',#1463,#19);
#16=LINE('',#1467,#20);
#17=LINE('',#1471,#21);
#18=LINE('',#1478,#22);
#19=VECTOR('',#178,12.75);
#20=VECTOR('',#183,12.775);
#21=VECTOR('',#188,12.75);
#22=VECTOR('',#197,11.555);
#23=CONICAL_SURFACE('',#151,12.75,0.785398163397448);
#24=CONICAL_SURFACE('',#155,12.75,0.785398163397448);
#25=FACE_BOUND('',#48,.T.);
#26=FACE_BOUND('',#53,.T.);
#27=STYLED_ITEM('',(#2201),#29);
#28=STYLED_ITEM('',(#2202),#30);
#29=MANIFOLD_SOLID_BREP('plastic',#131);
#30=MANIFOLD_SOLID_BREP('metal',#132);
#31=(
BOUNDED_CURVE()
B_SPLINE_CURVE(5,(#1330,#1331,#1332,#1333,#1334,#1335,#1336,#1337,#1338,
#1339,#1340,#1341,#1342,#1343,#1344,#1345,#1346,#1347,#1348,#1349,#1350,
#1351,#1352,#1353,#1354,#1355,#1356,#1357,#1358,#1359,#1360,#1361,#1362,
#1363,#1364,#1365,#1366,#1367,#1368,#1369,#1370,#1371,#1372,#1373,#1374,
#1375,#1376,#1377,#1378,#1379,#1380,#1381,#1382,#1383,#1384,#1385,#1386,
#1387,#1388,#1389,#1390,#1391,#1392,#1393,#1394,#1395,#1396,#1397,#1398,
#1399,#1400,#1401,#1402,#1403,#1404,#1405,#1406,#1407,#1408,#1409,#1410,
#1411,#1412,#1413,#1414,#1415,#1416,#1417,#1418,#1419,#1420,#1421,#1422,
#1423,#1424,#1425,#1426,#1427,#1428,#1429,#1430,#1431,#1432,#1433,#1434,
#1435,#1436,#1437,#1438,#1439,#1440,#1441,#1442,#1443,#1444,#1445,#1446,
#1447,#1448,#1449,#1450,#1451,#1452,#1453,#1454),.UNSPECIFIED.,.F.,.F.)
B_SPLINE_CURVE_WITH_KNOTS((6,1,1,1,1,1,1,1,1,1,1,1,1,1,1,1,1,1,1,1,1,1,
1,1,1,1,1,1,1,1,1,1,1,1,1,1,1,1,1,1,1,1,1,1,1,1,1,1,1,1,1,1,1,1,1,1,1,1,
1,1,1,1,1,1,1,1,1,1,1,1,1,1,1,1,1,1,1,1,1,1,1,1,1,1,1,1,1,1,1,1,1,1,1,1,
1,1,1,1,1,1,1,1,1,1,1,1,1,1,1,1,1,1,1,1,1,1,1,1,1,1,6),(0.,0.00833333333333333,
0.0166666666666667,0.025,0.0333333333333333,0.0416666666666667,0.05,0.0583333333333333,
0.0666666666666667,0.075,0.0833333333333333,0.0916666666666667,0.1,0.108333333333333,
0.116666666666667,0.125,0.133333333333333,0.141666666666667,0.15,0.158333333333333,
0.166666666666667,0.175,0.183333333333333,0.191666666666667,0.2,0.208333333333333,
0.216666666666667,0.225,0.233333333333333,0.241666666666667,0.25,0.258333333333333,
0.266666666666667,0.275,0.283333333333333,0.291666666666667,0.3,0.308333333333333,
0.316666666666667,0.325,0.333333333333334,0.341666666666667,0.35,0.358333333333334,
0.366666666666667,0.375,0.383333333333334,0.391666666666667,0.4,0.408333333333334,
0.416666666666667,0.425,0.433333333333334,0.441666666666667,0.450000000000001,
0.458333333333334,0.466666666666667,0.475000000000001,0.483333333333334,
0.491666666666667,0.500000000000001,0.508333333333334,0.516666666666667,
0.525000000000001,0.533333333333334,0.541666666666667,0.55,0.558333333333334,
0.566666666666667,0.575,0.583333333333334,0.591666666666667,0.6,0.608333333333334,
0.616666666666667,0.625,0.633333333333334,0.641666666666667,0.65,0.658333333333333,
0.666666666666667,0.675,0.683333333333333,0.691666666666667,0.7,0.708333333333333,
0.716666666666667,0.725,0.733333333333333,0.741666666666666,0.75,0.758333333333333,
0.766666666666666,0.775,0.783333333333333,0.791666666666666,0.8,0.808333333333333,
0.816666666666666,0.825,0.833333333333333,0.841666666666666,0.849999999999999,
0.858333333333333,0.866666666666666,0.874999999999999,0.883333333333333,
0.891666666666666,0.899999999999999,0.908333333333333,0.916666666666666,
0.924999999999999,0.933333333333332,0.941666666666666,0.949999999999999,
0.958333333333332,0.966666666666666,0.974999999999999,0.983333333333332,
0.991666666666666,1.),.UNSPECIFIED.)
CURVE()
GEOMETRIC_REPRESENTATION_ITEM()
RATIONAL_B_SPLINE_CURVE((1.,1.,1.,1.,1.,1.,1.,1.,1.,1.,1.,1.,1.,1.,1.,1.,
1.,1.,1.,1.,1.,1.,1.,1.,1.,1.,1.,1.,1.,1.,1.,1.,1.,1.,1.,1.,1.,1.,1.,1.,
1.,1.,1.,1.,1.,1.,1.,1.,1.,1.,1.,1.,1.,1.,1.,1.,1.,1.,1.,1.,1.,1.,1.,1.,
1.,1.,1.,1.,1.,1.,1.,1.,1.,1.,1.,1.,1.,1.,1.,1.,1.,1.,1.,1.,1.,1.,1.,1.,
1.,1.,1.,1.,1.,1.,1.,1.,1.,1.,1.,1.,1.,1.,1.,1.,1.,1.,1.,1.,1.,1.,1.,1.,
1.,1.,1.,1.,1.,1.,1.,1.,1.,1.,1.,1.,1.))
REPRESENTATION_ITEM('')
);
#32=(
BOUNDED_CURVE()
B_SPLINE_CURVE(5,(#2111,#2112,#2113,#2114,#2115,#2116,#2117,#2118,#2119,
#2120,#2121,#2122,#2123,#2124,#2125,#2126,#2127,#2128,#2129,#2130,#2131,
#2132,#2133,#2134,#2135,#2136,#2137,#2138,#2139,#2140,#2141,#2142,#2143,
#2144,#2145,#2146,#2147,#2148,#2149,#2150,#2151,#2152,#2153,#2154,#2155,
#2156,#2157,#2158,#2159,#2160,#2161,#2162,#2163,#2164,#2165,#2166,#2167,
#2168,#2169,#2170,#2171,#2172,#2173,#2174,#2175,#2176,#2177,#2178,#2179,
#2180),.UNSPECIFIED.,.F.,.F.)
B_SPLINE_CURVE_WITH_KNOTS((6,1,1,1,1,1,1,1,1,1,1,1,1,1,1,1,1,1,1,1,1,1,
1,1,1,1,1,1,1,1,1,1,1,1,1,1,1,1,1,1,1,1,1,1,1,1,1,1,1,1,1,1,1,1,1,1,1,1,
1,1,1,1,1,1,1,6),(0.,0.0153846153846154,0.0307692307692308,0.0461538461538462,
0.0615384615384615,0.0769230769230769,0.0923076923076923,0.107692307692308,
0.123076923076923,0.138461538461538,0.153846153846154,0.169230769230769,
0.184615384615385,0.2,0.215384615384615,0.230769230769231,0.246153846153846,
0.261538461538462,0.276923076923077,0.292307692307692,0.307692307692308,
0.323076923076923,0.338461538461538,0.353846153846154,0.369230769230769,
0.384615384615385,0.4,0.415384615384615,0.430769230769231,0.446153846153846,
0.461538461538462,0.476923076923077,0.492307692307692,0.507692307692308,
0.523076923076923,0.538461538461538,0.553846153846154,0.569230769230769,
0.584615384615384,0.6,0.615384615384615,0.63076923076923,0.646153846153846,
0.661538461538461,0.676923076923076,0.692307692307692,0.707692307692307,
0.723076923076922,0.738461538461538,0.753846153846153,0.769230769230768,
0.784615384615384,0.799999999999999,0.815384615384614,0.83076923076923,
0.846153846153845,0.86153846153846,0.876923076923076,0.892307692307691,
0.907692307692306,0.923076923076922,0.938461538461537,0.953846153846152,
0.969230769230768,0.984615384615383,1.),.UNSPECIFIED.)
CURVE()
GEOMETRIC_REPRESENTATION_ITEM()
RATIONAL_B_SPLINE_CURVE((1.,1.,1.,1.,1.,1.,1.,1.,1.,1.,1.,1.,1.,1.,1.,1.,
1.,1.,1.,1.,1.,1.,1.,1.,1.,1.,1.,1.,1.,1.,1.,1.,1.,1.,1.,1.,1.,1.,1.,1.,
1.,1.,1.,1.,1.,1.,1.,1.,1.,1.,1.,1.,1.,1.,1.,1.,1.,1.,1.,1.,1.,1.,1.,1.,
1.,1.,1.,1.,1.,1.))
REPRESENTATION_ITEM('')
);
#33=(
BOUNDED_SURFACE()
B_SPLINE_SURFACE(5,2,((#204,#205,#206,#207,#208,#209,#210,#211,#212),(#213,
#214,#215,#216,#217,#218,#219,#220,#221),(#222,#223,#224,#225,#226,#227,
#228,#229,#230),(#231,#232,#233,#234,#235,#236,#237,#238,#239),(#240,#241,
#242,#243,#244,#245,#246,#247,#248),(#249,#250,#251,#252,#253,#254,#255,
#256,#257),(#258,#259,#260,#261,#262,#263,#264,#265,#266),(#267,#268,#269,
#270,#271,#272,#273,#274,#275),(#276,#277,#278,#279,#280,#281,#282,#283,
#284),(#285,#286,#287,#288,#289,#290,#291,#292,#293),(#294,#295,#296,#297,
#298,#299,#300,#301,#302),(#303,#304,#305,#306,#307,#308,#309,#310,#311),
(#312,#313,#314,#315,#316,#317,#318,#319,#320),(#321,#322,#323,#324,#325,
#326,#327,#328,#329),(#330,#331,#332,#333,#334,#335,#336,#337,#338),(#339,
#340,#341,#342,#343,#344,#345,#346,#347),(#348,#349,#350,#351,#352,#353,
#354,#355,#356),(#357,#358,#359,#360,#361,#362,#363,#364,#365),(#366,#367,
#368,#369,#370,#371,#372,#373,#374),(#375,#376,#377,#378,#379,#380,#381,
#382,#383),(#384,#385,#386,#387,#388,#389,#390,#391,#392),(#393,#394,#395,
#396,#397,#398,#399,#400,#401),(#402,#403,#404,#405,#406,#407,#408,#409,
#410),(#411,#412,#413,#414,#415,#416,#417,#418,#419),(#420,#421,#422,#423,
#424,#425,#426,#427,#428),(#429,#430,#431,#432,#433,#434,#435,#436,#437),
(#438,#439,#440,#441,#442,#443,#444,#445,#446),(#447,#448,#449,#450,#451,
#452,#453,#454,#455),(#456,#457,#458,#459,#460,#461,#462,#463,#464),(#465,
#466,#467,#468,#469,#470,#471,#472,#473),(#474,#475,#476,#477,#478,#479,
#480,#481,#482),(#483,#484,#485,#486,#487,#488,#489,#490,#491),(#492,#493,
#494,#495,#496,#497,#498,#499,#500),(#501,#502,#503,#504,#505,#506,#507,
#508,#509),(#510,#511,#512,#513,#514,#515,#516,#517,#518),(#519,#520,#521,
#522,#523,#524,#525,#526,#527),(#528,#529,#530,#531,#532,#533,#534,#535,
#536),(#537,#538,#539,#540,#541,#542,#543,#544,#545),(#546,#547,#548,#549,
#550,#551,#552,#553,#554),(#555,#556,#557,#558,#559,#560,#561,#562,#563),
(#564,#565,#566,#567,#568,#569,#570,#571,#572),(#573,#574,#575,#576,#577,
#578,#579,#580,#581),(#582,#583,#584,#585,#586,#587,#588,#589,#590),(#591,
#592,#593,#594,#595,#596,#597,#598,#599),(#600,#601,#602,#603,#604,#605,
#606,#607,#608),(#609,#610,#611,#612,#613,#614,#615,#616,#617),(#618,#619,
#620,#621,#622,#623,#624,#625,#626),(#627,#628,#629,#630,#631,#632,#633,
#634,#635),(#636,#637,#638,#639,#640,#641,#642,#643,#644),(#645,#646,#647,
#648,#649,#650,#651,#652,#653),(#654,#655,#656,#657,#658,#659,#660,#661,
#662),(#663,#664,#665,#666,#667,#668,#669,#670,#671),(#672,#673,#674,#675,
#676,#677,#678,#679,#680),(#681,#682,#683,#684,#685,#686,#687,#688,#689),
(#690,#691,#692,#693,#694,#695,#696,#697,#698),(#699,#700,#701,#702,#703,
#704,#705,#706,#707),(#708,#709,#710,#711,#712,#713,#714,#715,#716),(#717,
#718,#719,#720,#721,#722,#723,#724,#725),(#726,#727,#728,#729,#730,#731,
#732,#733,#734),(#735,#736,#737,#738,#739,#740,#741,#742,#743),(#744,#745,
#746,#747,#748,#749,#750,#751,#752),(#753,#754,#755,#756,#757,#758,#759,
#760,#761),(#762,#763,#764,#765,#766,#767,#768,#769,#770),(#771,#772,#773,
#774,#775,#776,#777,#778,#779),(#780,#781,#782,#783,#784,#785,#786,#787,
#788),(#789,#790,#791,#792,#793,#794,#795,#796,#797),(#798,#799,#800,#801,
#802,#803,#804,#805,#806),(#807,#808,#809,#810,#811,#812,#813,#814,#815),
(#816,#817,#818,#819,#820,#821,#822,#823,#824),(#825,#826,#827,#828,#829,
#830,#831,#832,#833),(#834,#835,#836,#837,#838,#839,#840,#841,#842),(#843,
#844,#845,#846,#847,#848,#849,#850,#851),(#852,#853,#854,#855,#856,#857,
#858,#859,#860),(#861,#862,#863,#864,#865,#866,#867,#868,#869),(#870,#871,
#872,#873,#874,#875,#876,#877,#878),(#879,#880,#881,#882,#883,#884,#885,
#886,#887),(#888,#889,#890,#891,#892,#893,#894,#895,#896),(#897,#898,#899,
#900,#901,#902,#903,#904,#905),(#906,#907,#908,#909,#910,#911,#912,#913,
#914),(#915,#916,#917,#918,#919,#920,#921,#922,#923),(#924,#925,#926,#927,
#928,#929,#930,#931,#932),(#933,#934,#935,#936,#937,#938,#939,#940,#941),
(#942,#943,#944,#945,#946,#947,#948,#949,#950),(#951,#952,#953,#954,#955,
#956,#957,#958,#959),(#960,#961,#962,#963,#964,#965,#966,#967,#968),(#969,
#970,#971,#972,#973,#974,#975,#976,#977),(#978,#979,#980,#981,#982,#983,
#984,#985,#986),(#987,#988,#989,#990,#991,#992,#993,#994,#995),(#996,#997,
#998,#999,#1000,#1001,#1002,#1003,#1004),(#1005,#1006,#1007,#1008,#1009,
#1010,#1011,#1012,#1013),(#1014,#1015,#1016,#1017,#1018,#1019,#1020,#1021,
#1022),(#1023,#1024,#1025,#1026,#1027,#1028,#1029,#1030,#1031),(#1032,#1033,
#1034,#1035,#1036,#1037,#1038,#1039,#1040),(#1041,#1042,#1043,#1044,#1045,
#1046,#1047,#1048,#1049),(#1050,#1051,#1052,#1053,#1054,#1055,#1056,#1057,
#1058),(#1059,#1060,#1061,#1062,#1063,#1064,#1065,#1066,#1067),(#1068,#1069,
#1070,#1071,#1072,#1073,#1074,#1075,#1076),(#1077,#1078,#1079,#1080,#1081,
#1082,#1083,#1084,#1085),(#1086,#1087,#1088,#1089,#1090,#1091,#1092,#1093,
#1094),(#1095,#1096,#1097,#1098,#1099,#1100,#1101,#1102,#1103),(#1104,#1105,
#1106,#1107,#1108,#1109,#1110,#1111,#1112),(#1113,#1114,#1115,#1116,#1117,
#1118,#1119,#1120,#1121),(#1122,#1123,#1124,#1125,#1126,#1127,#1128,#1129,
#1130),(#1131,#1132,#1133,#1134,#1135,#1136,#1137,#1138,#1139),(#1140,#1141,
#1142,#1143,#1144,#1145,#1146,#1147,#1148),(#1149,#1150,#1151,#1152,#1153,
#1154,#1155,#1156,#1157),(#1158,#1159,#1160,#1161,#1162,#1163,#1164,#1165,
#1166),(#1167,#1168,#1169,#1170,#1171,#1172,#1173,#1174,#1175),(#1176,#1177,
#1178,#1179,#1180,#1181,#1182,#1183,#1184),(#1185,#1186,#1187,#1188,#1189,
#1190,#1191,#1192,#1193),(#1194,#1195,#1196,#1197,#1198,#1199,#1200,#1201,
#1202),(#1203,#1204,#1205,#1206,#1207,#1208,#1209,#1210,#1211),(#1212,#1213,
#1214,#1215,#1216,#1217,#1218,#1219,#1220),(#1221,#1222,#1223,#1224,#1225,
#1226,#1227,#1228,#1229),(#1230,#1231,#1232,#1233,#1234,#1235,#1236,#1237,
#1238),(#1239,#1240,#1241,#1242,#1243,#1244,#1245,#1246,#1247),(#1248,#1249,
#1250,#1251,#1252,#1253,#1254,#1255,#1256),(#1257,#1258,#1259,#1260,#1261,
#1262,#1263,#1264,#1265),(#1266,#1267,#1268,#1269,#1270,#1271,#1272,#1273,
#1274),(#1275,#1276,#1277,#1278,#1279,#1280,#1281,#1282,#1283),(#1284,#1285,
#1286,#1287,#1288,#1289,#1290,#1291,#1292),(#1293,#1294,#1295,#1296,#1297,
#1298,#1299,#1300,#1301),(#1302,#1303,#1304,#1305,#1306,#1307,#1308,#1309,
#1310),(#1311,#1312,#1313,#1314,#1315,#1316,#1317,#1318,#1319),(#1320,#1321,
#1322,#1323,#1324,#1325,#1326,#1327,#1328)),.UNSPECIFIED.,.F.,.T.,.F.)
B_SPLINE_SURFACE_WITH_KNOTS((6,1,1,1,1,1,1,1,1,1,1,1,1,1,1,1,1,1,1,1,1,
1,1,1,1,1,1,1,1,1,1,1,1,1,1,1,1,1,1,1,1,1,1,1,1,1,1,1,1,1,1,1,1,1,1,1,1,
1,1,1,1,1,1,1,1,1,1,1,1,1,1,1,1,1,1,1,1,1,1,1,1,1,1,1,1,1,1,1,1,1,1,1,1,
1,1,1,1,1,1,1,1,1,1,1,1,1,1,1,1,1,1,1,1,1,1,1,1,1,1,1,6),(3,2,2,2,3),(0.,
0.00833333333333333,0.0166666666666667,0.025,0.0333333333333333,0.0416666666666667,
0.05,0.0583333333333333,0.0666666666666667,0.075,0.0833333333333333,0.0916666666666667,
0.1,0.108333333333333,0.116666666666667,0.125,0.133333333333333,0.141666666666667,
0.15,0.158333333333333,0.166666666666667,0.175,0.183333333333333,0.191666666666667,
0.2,0.208333333333333,0.216666666666667,0.225,0.233333333333333,0.241666666666667,
0.25,0.258333333333333,0.266666666666667,0.275,0.283333333333333,0.291666666666667,
0.3,0.308333333333333,0.316666666666667,0.325,0.333333333333334,0.341666666666667,
0.35,0.358333333333334,0.366666666666667,0.375,0.383333333333334,0.391666666666667,
0.4,0.408333333333334,0.416666666666667,0.425,0.433333333333334,0.441666666666667,
0.450000000000001,0.458333333333334,0.466666666666667,0.475000000000001,
0.483333333333334,0.491666666666667,0.500000000000001,0.508333333333334,
0.516666666666667,0.525000000000001,0.533333333333334,0.541666666666667,
0.55,0.558333333333334,0.566666666666667,0.575,0.583333333333334,0.591666666666667,
0.6,0.608333333333334,0.616666666666667,0.625,0.633333333333334,0.641666666666667,
0.65,0.658333333333333,0.666666666666667,0.675,0.683333333333333,0.691666666666667,
0.7,0.708333333333333,0.716666666666667,0.725,0.733333333333333,0.741666666666666,
0.75,0.758333333333333,0.766666666666666,0.775,0.783333333333333,0.791666666666666,
0.8,0.808333333333333,0.816666666666666,0.825,0.833333333333333,0.841666666666666,
0.849999999999999,0.858333333333333,0.866666666666666,0.874999999999999,
0.883333333333333,0.891666666666666,0.899999999999999,0.908333333333333,
0.916666666666666,0.924999999999999,0.933333333333332,0.941666666666666,
0.949999999999999,0.958333333333332,0.966666666666666,0.974999999999999,
0.983333333333332,0.991666666666666,1.),(0.,1.5707963267949,3.14159265358979,
4.71238898038469,6.28318530717959),.UNSPECIFIED.)
GEOMETRIC_REPRESENTATION_ITEM()
RATIONAL_B_SPLINE_SURFACE(((1.,0.707106781186548,1.,0.707106781186548,1.,
0.707106781186548,1.,0.707106781186548,1.),(1.,0.707106781186548,1.,0.707106781186548,
1.,0.707106781186548,1.,0.707106781186548,1.),(1.,0.707106781186548,1.,
0.707106781186548,1.,0.707106781186548,1.,0.707106781186548,1.),(1.,0.707106781186548,
1.,0.707106781186548,1.,0.707106781186548,1.,0.707106781186548,1.),(1.,
0.707106781186548,1.,0.707106781186548,1.,0.707106781186548,1.,0.707106781186548,
1.),(1.,0.707106781186548,1.,0.707106781186548,1.,0.707106781186548,1.,
0.707106781186548,1.),(1.,0.707106781186548,1.,0.707106781186548,1.,0.707106781186548,
1.,0.707106781186548,1.),(1.,0.707106781186548,1.,0.707106781186548,1.,
0.707106781186548,1.,0.707106781186548,1.),(1.,0.707106781186548,1.,0.707106781186548,
1.,0.707106781186548,1.,0.707106781186548,1.),(1.,0.707106781186548,1.,
0.707106781186548,1.,0.707106781186548,1.,0.707106781186548,1.),(1.,0.707106781186548,
1.,0.707106781186548,1.,0.707106781186548,1.,0.707106781186548,1.),(1.,
0.707106781186548,1.,0.707106781186548,1.,0.707106781186548,1.,0.707106781186548,
1.),(1.,0.707106781186548,1.,0.707106781186548,1.,0.707106781186548,1.,
0.707106781186548,1.),(1.,0.707106781186548,1.,0.707106781186548,1.,0.707106781186548,
1.,0.707106781186548,1.),(1.,0.707106781186548,1.,0.707106781186548,1.,
0.707106781186548,1.,0.707106781186548,1.),(1.,0.707106781186548,1.,0.707106781186548,
1.,0.707106781186548,1.,0.707106781186548,1.),(1.,0.707106781186548,1.,
0.707106781186548,1.,0.707106781186548,1.,0.707106781186548,1.),(1.,0.707106781186548,
1.,0.707106781186548,1.,0.707106781186548,1.,0.707106781186548,1.),(1.,
0.707106781186548,1.,0.707106781186548,1.,0.707106781186548,1.,0.707106781186548,
1.),(1.,0.707106781186548,1.,0.707106781186548,1.,0.707106781186548,1.,
0.707106781186548,1.),(1.,0.707106781186548,1.,0.707106781186548,1.,0.707106781186548,
1.,0.707106781186548,1.),(1.,0.707106781186548,1.,0.707106781186548,1.,
0.707106781186548,1.,0.707106781186548,1.),(1.,0.707106781186548,1.,0.707106781186548,
1.,0.707106781186548,1.,0.707106781186548,1.),(1.,0.707106781186548,1.,
0.707106781186548,1.,0.707106781186548,1.,0.707106781186548,1.),(1.,0.707106781186548,
1.,0.707106781186548,1.,0.707106781186548,1.,0.707106781186548,1.),(1.,
0.707106781186548,1.,0.707106781186548,1.,0.707106781186548,1.,0.707106781186548,
1.),(1.,0.707106781186548,1.,0.707106781186548,1.,0.707106781186548,1.,
0.707106781186548,1.),(1.,0.707106781186548,1.,0.707106781186548,1.,0.707106781186548,
1.,0.707106781186548,1.),(1.,0.707106781186548,1.,0.707106781186548,1.,
0.707106781186548,1.,0.707106781186548,1.),(1.,0.707106781186548,1.,0.707106781186548,
1.,0.707106781186548,1.,0.707106781186548,1.),(1.,0.707106781186548,1.,
0.707106781186548,1.,0.707106781186548,1.,0.707106781186548,1.),(1.,0.707106781186548,
1.,0.707106781186548,1.,0.707106781186548,1.,0.707106781186548,1.),(1.,
0.707106781186548,1.,0.707106781186548,1.,0.707106781186548,1.,0.707106781186548,
1.),(1.,0.707106781186548,1.,0.707106781186548,1.,0.707106781186548,1.,
0.707106781186548,1.),(1.,0.707106781186548,1.,0.707106781186548,1.,0.707106781186548,
1.,0.707106781186548,1.),(1.,0.707106781186548,1.,0.707106781186548,1.,
0.707106781186548,1.,0.707106781186548,1.),(1.,0.707106781186548,1.,0.707106781186548,
1.,0.707106781186548,1.,0.707106781186548,1.),(1.,0.707106781186548,1.,
0.707106781186548,1.,0.707106781186548,1.,0.707106781186548,1.),(1.,0.707106781186548,
1.,0.707106781186548,1.,0.707106781186548,1.,0.707106781186548,1.),(1.,
0.707106781186548,1.,0.707106781186548,1.,0.707106781186548,1.,0.707106781186548,
1.),(1.,0.707106781186548,1.,0.707106781186548,1.,0.707106781186548,1.,
0.707106781186548,1.),(1.,0.707106781186548,1.,0.707106781186548,1.,0.707106781186548,
1.,0.707106781186548,1.),(1.,0.707106781186548,1.,0.707106781186548,1.,
0.707106781186548,1.,0.707106781186548,1.),(1.,0.707106781186548,1.,0.707106781186548,
1.,0.707106781186548,1.,0.707106781186548,1.),(1.,0.707106781186548,1.,
0.707106781186548,1.,0.707106781186548,1.,0.707106781186548,1.),(1.,0.707106781186548,
1.,0.707106781186548,1.,0.707106781186548,1.,0.707106781186548,1.),(1.,
0.707106781186548,1.,0.707106781186548,1.,0.707106781186548,1.,0.707106781186548,
1.),(1.,0.707106781186548,1.,0.707106781186548,1.,0.707106781186548,1.,
0.707106781186548,1.),(1.,0.707106781186548,1.,0.707106781186548,1.,0.707106781186548,
1.,0.707106781186548,1.),(1.,0.707106781186548,1.,0.707106781186548,1.,
0.707106781186548,1.,0.707106781186548,1.),(1.,0.707106781186548,1.,0.707106781186548,
1.,0.707106781186548,1.,0.707106781186548,1.),(1.,0.707106781186548,1.,
0.707106781186548,1.,0.707106781186548,1.,0.707106781186548,1.),(1.,0.707106781186548,
1.,0.707106781186548,1.,0.707106781186548,1.,0.707106781186548,1.),(1.,
0.707106781186548,1.,0.707106781186548,1.,0.707106781186548,1.,0.707106781186548,
1.),(1.,0.707106781186548,1.,0.707106781186548,1.,0.707106781186548,1.,
0.707106781186548,1.),(1.,0.707106781186548,1.,0.707106781186548,1.,0.707106781186548,
1.,0.707106781186548,1.),(1.,0.707106781186548,1.,0.707106781186548,1.,
0.707106781186548,1.,0.707106781186548,1.),(1.,0.707106781186548,1.,0.707106781186548,
1.,0.707106781186548,1.,0.707106781186548,1.),(1.,0.707106781186548,1.,
0.707106781186548,1.,0.707106781186548,1.,0.707106781186548,1.),(1.,0.707106781186548,
1.,0.707106781186548,1.,0.707106781186548,1.,0.707106781186548,1.),(1.,
0.707106781186548,1.,0.707106781186548,1.,0.707106781186548,1.,0.707106781186548,
1.),(1.,0.707106781186548,1.,0.707106781186548,1.,0.707106781186548,1.,
0.707106781186548,1.),(1.,0.707106781186548,1.,0.707106781186548,1.,0.707106781186548,
1.,0.707106781186548,1.),(1.,0.707106781186548,1.,0.707106781186548,1.,
0.707106781186548,1.,0.707106781186548,1.),(1.,0.707106781186548,1.,0.707106781186548,
1.,0.707106781186548,1.,0.707106781186548,1.),(1.,0.707106781186548,1.,
0.707106781186548,1.,0.707106781186548,1.,0.707106781186548,1.),(1.,0.707106781186548,
1.,0.707106781186548,1.,0.707106781186548,1.,0.707106781186548,1.),(1.,
0.707106781186548,1.,0.707106781186548,1.,0.707106781186548,1.,0.707106781186548,
1.),(1.,0.707106781186548,1.,0.707106781186548,1.,0.707106781186548,1.,
0.707106781186548,1.),(1.,0.707106781186548,1.,0.707106781186548,1.,0.707106781186548,
1.,0.707106781186548,1.),(1.,0.707106781186548,1.,0.707106781186548,1.,
0.707106781186548,1.,0.707106781186548,1.),(1.,0.707106781186548,1.,0.707106781186548,
1.,0.707106781186548,1.,0.707106781186548,1.),(1.,0.707106781186548,1.,
0.707106781186548,1.,0.707106781186548,1.,0.707106781186548,1.),(1.,0.707106781186548,
1.,0.707106781186548,1.,0.707106781186548,1.,0.707106781186548,1.),(1.,
0.707106781186548,1.,0.707106781186548,1.,0.707106781186548,1.,0.707106781186548,
1.),(1.,0.707106781186548,1.,0.707106781186548,1.,0.707106781186548,1.,
0.707106781186548,1.),(1.,0.707106781186548,1.,0.707106781186548,1.,0.707106781186548,
1.,0.707106781186548,1.),(1.,0.707106781186548,1.,0.707106781186548,1.,
0.707106781186548,1.,0.707106781186548,1.),(1.,0.707106781186548,1.,0.707106781186548,
1.,0.707106781186548,1.,0.707106781186548,1.),(1.,0.707106781186548,1.,
0.707106781186548,1.,0.707106781186548,1.,0.707106781186548,1.),(1.,0.707106781186548,
1.,0.707106781186548,1.,0.707106781186548,1.,0.707106781186548,1.),(1.,
0.707106781186548,1.,0.707106781186548,1.,0.707106781186548,1.,0.707106781186548,
1.),(1.,0.707106781186548,1.,0.707106781186548,1.,0.707106781186548,1.,
0.707106781186548,1.),(1.,0.707106781186548,1.,0.707106781186548,1.,0.707106781186548,
1.,0.707106781186548,1.),(1.,0.707106781186548,1.,0.707106781186548,1.,
0.707106781186548,1.,0.707106781186548,1.),(1.,0.707106781186548,1.,0.707106781186548,
1.,0.707106781186548,1.,0.707106781186548,1.),(1.,0.707106781186548,1.,
0.707106781186548,1.,0.707106781186548,1.,0.707106781186548,1.),(1.,0.707106781186548,
1.,0.707106781186548,1.,0.707106781186548,1.,0.707106781186548,1.),(1.,
0.707106781186548,1.,0.707106781186548,1.,0.707106781186548,1.,0.707106781186548,
1.),(1.,0.707106781186548,1.,0.707106781186548,1.,0.707106781186548,1.,
0.707106781186548,1.),(1.,0.707106781186548,1.,0.707106781186548,1.,0.707106781186548,
1.,0.707106781186548,1.),(1.,0.707106781186548,1.,0.707106781186548,1.,
0.707106781186548,1.,0.707106781186548,1.),(1.,0.707106781186548,1.,0.707106781186548,
1.,0.707106781186548,1.,0.707106781186548,1.),(1.,0.707106781186548,1.,
0.707106781186548,1.,0.707106781186548,1.,0.707106781186548,1.),(1.,0.707106781186548,
1.,0.707106781186548,1.,0.707106781186548,1.,0.707106781186548,1.),(1.,
0.707106781186548,1.,0.707106781186548,1.,0.707106781186548,1.,0.707106781186548,
1.),(1.,0.707106781186548,1.,0.707106781186548,1.,0.707106781186548,1.,
0.707106781186548,1.),(1.,0.707106781186548,1.,0.707106781186548,1.,0.707106781186548,
1.,0.707106781186548,1.),(1.,0.707106781186548,1.,0.707106781186548,1.,
0.707106781186548,1.,0.707106781186548,1.),(1.,0.707106781186548,1.,0.707106781186548,
1.,0.707106781186548,1.,0.707106781186548,1.),(1.,0.707106781186548,1.,
0.707106781186548,1.,0.707106781186548,1.,0.707106781186548,1.),(1.,0.707106781186548,
1.,0.707106781186548,1.,0.707106781186548,1.,0.707106781186548,1.),(1.,
0.707106781186548,1.,0.707106781186548,1.,0.707106781186548,1.,0.707106781186548,
1.),(1.,0.707106781186548,1.,0.707106781186548,1.,0.707106781186548,1.,
0.707106781186548,1.),(1.,0.707106781186548,1.,0.707106781186548,1.,0.707106781186548,
1.,0.707106781186548,1.),(1.,0.707106781186548,1.,0.707106781186548,1.,
0.707106781186548,1.,0.707106781186548,1.),(1.,0.707106781186548,1.,0.707106781186548,
1.,0.707106781186548,1.,0.707106781186548,1.),(1.,0.707106781186548,1.,
0.707106781186548,1.,0.707106781186548,1.,0.707106781186548,1.),(1.,0.707106781186548,
1.,0.707106781186548,1.,0.707106781186548,1.,0.707106781186548,1.),(1.,
0.707106781186548,1.,0.707106781186548,1.,0.707106781186548,1.,0.707106781186548,
1.),(1.,0.707106781186548,1.,0.707106781186548,1.,0.707106781186548,1.,
0.707106781186548,1.),(1.,0.707106781186548,1.,0.707106781186548,1.,0.707106781186548,
1.,0.707106781186548,1.),(1.,0.707106781186548,1.,0.707106781186548,1.,
0.707106781186548,1.,0.707106781186548,1.),(1.,0.707106781186548,1.,0.707106781186548,
1.,0.707106781186548,1.,0.707106781186548,1.),(1.,0.707106781186548,1.,
0.707106781186548,1.,0.707106781186548,1.,0.707106781186548,1.),(1.,0.707106781186548,
1.,0.707106781186548,1.,0.707106781186548,1.,0.707106781186548,1.),(1.,
0.707106781186548,1.,0.707106781186548,1.,0.707106781186548,1.,0.707106781186548,
1.),(1.,0.707106781186548,1.,0.707106781186548,1.,0.707106781186548,1.,
0.707106781186548,1.),(1.,0.707106781186548,1.,0.707106781186548,1.,0.707106781186548,
1.,0.707106781186548,1.),(1.,0.707106781186548,1.,0.707106781186548,1.,
0.707106781186548,1.,0.707106781186548,1.),(1.,0.707106781186548,1.,0.707106781186548,
1.,0.707106781186548,1.,0.707106781186548,1.),(1.,0.707106781186548,1.,
0.707106781186548,1.,0.707106781186548,1.,0.707106781186548,1.),(1.,0.707106781186548,
1.,0.707106781186548,1.,0.707106781186548,1.,0.707106781186548,1.),(1.,
0.707106781186548,1.,0.707106781186548,1.,0.707106781186548,1.,0.707106781186548,
1.),(1.,0.707106781186548,1.,0.707106781186548,1.,0.707106781186548,1.,
0.707106781186548,1.)))
REPRESENTATION_ITEM('')
SURFACE()
);
#34=(
BOUNDED_SURFACE()
B_SPLINE_SURFACE(5,2,((#1480,#1481,#1482,#1483,#1484,#1485,#1486,#1487,
#1488),(#1489,#1490,#1491,#1492,#1493,#1494,#1495,#1496,#1497),(#1498,#1499,
#1500,#1501,#1502,#1503,#1504,#1505,#1506),(#1507,#1508,#1509,#1510,#1511,
#1512,#1513,#1514,#1515),(#1516,#1517,#1518,#1519,#1520,#1521,#1522,#1523,
#1524),(#1525,#1526,#1527,#1528,#1529,#1530,#1531,#1532,#1533),(#1534,#1535,
#1536,#1537,#1538,#1539,#1540,#1541,#1542),(#1543,#1544,#1545,#1546,#1547,
#1548,#1549,#1550,#1551),(#1552,#1553,#1554,#1555,#1556,#1557,#1558,#1559,
#1560),(#1561,#1562,#1563,#1564,#1565,#1566,#1567,#1568,#1569),(#1570,#1571,
#1572,#1573,#1574,#1575,#1576,#1577,#1578),(#1579,#1580,#1581,#1582,#1583,
#1584,#1585,#1586,#1587),(#1588,#1589,#1590,#1591,#1592,#1593,#1594,#1595,
#1596),(#1597,#1598,#1599,#1600,#1601,#1602,#1603,#1604,#1605),(#1606,#1607,
#1608,#1609,#1610,#1611,#1612,#1613,#1614),(#1615,#1616,#1617,#1618,#1619,
#1620,#1621,#1622,#1623),(#1624,#1625,#1626,#1627,#1628,#1629,#1630,#1631,
#1632),(#1633,#1634,#1635,#1636,#1637,#1638,#1639,#1640,#1641),(#1642,#1643,
#1644,#1645,#1646,#1647,#1648,#1649,#1650),(#1651,#1652,#1653,#1654,#1655,
#1656,#1657,#1658,#1659),(#1660,#1661,#1662,#1663,#1664,#1665,#1666,#1667,
#1668),(#1669,#1670,#1671,#1672,#1673,#1674,#1675,#1676,#1677),(#1678,#1679,
#1680,#1681,#1682,#1683,#1684,#1685,#1686),(#1687,#1688,#1689,#1690,#1691,
#1692,#1693,#1694,#1695),(#1696,#1697,#1698,#1699,#1700,#1701,#1702,#1703,
#1704),(#1705,#1706,#1707,#1708,#1709,#1710,#1711,#1712,#1713),(#1714,#1715,
#1716,#1717,#1718,#1719,#1720,#1721,#1722),(#1723,#1724,#1725,#1726,#1727,
#1728,#1729,#1730,#1731),(#1732,#1733,#1734,#1735,#1736,#1737,#1738,#1739,
#1740),(#1741,#1742,#1743,#1744,#1745,#1746,#1747,#1748,#1749),(#1750,#1751,
#1752,#1753,#1754,#1755,#1756,#1757,#1758),(#1759,#1760,#1761,#1762,#1763,
#1764,#1765,#1766,#1767),(#1768,#1769,#1770,#1771,#1772,#1773,#1774,#1775,
#1776),(#1777,#1778,#1779,#1780,#1781,#1782,#1783,#1784,#1785),(#1786,#1787,
#1788,#1789,#1790,#1791,#1792,#1793,#1794),(#1795,#1796,#1797,#1798,#1799,
#1800,#1801,#1802,#1803),(#1804,#1805,#1806,#1807,#1808,#1809,#1810,#1811,
#1812),(#1813,#1814,#1815,#1816,#1817,#1818,#1819,#1820,#1821),(#1822,#1823,
#1824,#1825,#1826,#1827,#1828,#1829,#1830),(#1831,#1832,#1833,#1834,#1835,
#1836,#1837,#1838,#1839),(#1840,#1841,#1842,#1843,#1844,#1845,#1846,#1847,
#1848),(#1849,#1850,#1851,#1852,#1853,#1854,#1855,#1856,#1857),(#1858,#1859,
#1860,#1861,#1862,#1863,#1864,#1865,#1866),(#1867,#1868,#1869,#1870,#1871,
#1872,#1873,#1874,#1875),(#1876,#1877,#1878,#1879,#1880,#1881,#1882,#1883,
#1884),(#1885,#1886,#1887,#1888,#1889,#1890,#1891,#1892,#1893),(#1894,#1895,
#1896,#1897,#1898,#1899,#1900,#1901,#1902),(#1903,#1904,#1905,#1906,#1907,
#1908,#1909,#1910,#1911),(#1912,#1913,#1914,#1915,#1916,#1917,#1918,#1919,
#1920),(#1921,#1922,#1923,#1924,#1925,#1926,#1927,#1928,#1929),(#1930,#1931,
#1932,#1933,#1934,#1935,#1936,#1937,#1938),(#1939,#1940,#1941,#1942,#1943,
#1944,#1945,#1946,#1947),(#1948,#1949,#1950,#1951,#1952,#1953,#1954,#1955,
#1956),(#1957,#1958,#1959,#1960,#1961,#1962,#1963,#1964,#1965),(#1966,#1967,
#1968,#1969,#1970,#1971,#1972,#1973,#1974),(#1975,#1976,#1977,#1978,#1979,
#1980,#1981,#1982,#1983),(#1984,#1985,#1986,#1987,#1988,#1989,#1990,#1991,
#1992),(#1993,#1994,#1995,#1996,#1997,#1998,#1999,#2000,#2001),(#2002,#2003,
#2004,#2005,#2006,#2007,#2008,#2009,#2010),(#2011,#2012,#2013,#2014,#2015,
#2016,#2017,#2018,#2019),(#2020,#2021,#2022,#2023,#2024,#2025,#2026,#2027,
#2028),(#2029,#2030,#2031,#2032,#2033,#2034,#2035,#2036,#2037),(#2038,#2039,
#2040,#2041,#2042,#2043,#2044,#2045,#2046),(#2047,#2048,#2049,#2050,#2051,
#2052,#2053,#2054,#2055),(#2056,#2057,#2058,#2059,#2060,#2061,#2062,#2063,
#2064),(#2065,#2066,#2067,#2068,#2069,#2070,#2071,#2072,#2073),(#2074,#2075,
#2076,#2077,#2078,#2079,#2080,#2081,#2082),(#2083,#2084,#2085,#2086,#2087,
#2088,#2089,#2090,#2091),(#2092,#2093,#2094,#2095,#2096,#2097,#2098,#2099,
#2100),(#2101,#2102,#2103,#2104,#2105,#2106,#2107,#2108,#2109)),
 .UNSPECIFIED.,.F.,.T.,.F.)
B_SPLINE_SURFACE_WITH_KNOTS((6,1,1,1,1,1,1,1,1,1,1,1,1,1,1,1,1,1,1,1,1,
1,1,1,1,1,1,1,1,1,1,1,1,1,1,1,1,1,1,1,1,1,1,1,1,1,1,1,1,1,1,1,1,1,1,1,1,
1,1,1,1,1,1,1,1,6),(3,2,2,2,3),(0.,0.0153846153846154,0.0307692307692308,
0.0461538461538462,0.0615384615384615,0.0769230769230769,0.0923076923076923,
0.107692307692308,0.123076923076923,0.138461538461538,0.153846153846154,
0.169230769230769,0.184615384615385,0.2,0.215384615384615,0.230769230769231,
0.246153846153846,0.261538461538462,0.276923076923077,0.292307692307692,
0.307692307692308,0.323076923076923,0.338461538461538,0.353846153846154,
0.369230769230769,0.384615384615385,0.4,0.415384615384615,0.430769230769231,
0.446153846153846,0.461538461538462,0.476923076923077,0.492307692307692,
0.507692307692308,0.523076923076923,0.538461538461538,0.553846153846154,
0.569230769230769,0.584615384615384,0.6,0.615384615384615,0.63076923076923,
0.646153846153846,0.661538461538461,0.676923076923076,0.692307692307692,
0.707692307692307,0.723076923076922,0.738461538461538,0.753846153846153,
0.769230769230768,0.784615384615384,0.799999999999999,0.815384615384614,
0.83076923076923,0.846153846153845,0.86153846153846,0.876923076923076,0.892307692307691,
0.907692307692306,0.923076923076922,0.938461538461537,0.953846153846152,
0.969230769230768,0.984615384615383,1.),(0.,1.5707963267949,3.14159265358979,
4.71238898038469,6.28318530717959),.UNSPECIFIED.)
GEOMETRIC_REPRESENTATION_ITEM()
RATIONAL_B_SPLINE_SURFACE(((1.,0.707106781186548,1.,0.707106781186548,1.,
0.707106781186548,1.,0.707106781186548,1.),(1.,0.707106781186548,1.,0.707106781186548,
1.,0.707106781186548,1.,0.707106781186548,1.),(1.,0.707106781186548,1.,
0.707106781186548,1.,0.707106781186548,1.,0.707106781186548,1.),(1.,0.707106781186548,
1.,0.707106781186548,1.,0.707106781186548,1.,0.707106781186548,1.),(1.,
0.707106781186548,1.,0.707106781186548,1.,0.707106781186548,1.,0.707106781186548,
1.),(1.,0.707106781186548,1.,0.707106781186548,1.,0.707106781186548,1.,
0.707106781186548,1.),(1.,0.707106781186548,1.,0.707106781186548,1.,0.707106781186548,
1.,0.707106781186548,1.),(1.,0.707106781186548,1.,0.707106781186548,1.,
0.707106781186548,1.,0.707106781186548,1.),(1.,0.707106781186548,1.,0.707106781186548,
1.,0.707106781186548,1.,0.707106781186548,1.),(1.,0.707106781186548,1.,
0.707106781186548,1.,0.707106781186548,1.,0.707106781186548,1.),(1.,0.707106781186548,
1.,0.707106781186548,1.,0.707106781186548,1.,0.707106781186548,1.),(1.,
0.707106781186548,1.,0.707106781186548,1.,0.707106781186548,1.,0.707106781186548,
1.),(1.,0.707106781186548,1.,0.707106781186548,1.,0.707106781186548,1.,
0.707106781186548,1.),(1.,0.707106781186548,1.,0.707106781186548,1.,0.707106781186548,
1.,0.707106781186548,1.),(1.,0.707106781186548,1.,0.707106781186548,1.,
0.707106781186548,1.,0.707106781186548,1.),(1.,0.707106781186548,1.,0.707106781186548,
1.,0.707106781186548,1.,0.707106781186548,1.),(1.,0.707106781186548,1.,
0.707106781186548,1.,0.707106781186548,1.,0.707106781186548,1.),(1.,0.707106781186548,
1.,0.707106781186548,1.,0.707106781186548,1.,0.707106781186548,1.),(1.,
0.707106781186548,1.,0.707106781186548,1.,0.707106781186548,1.,0.707106781186548,
1.),(1.,0.707106781186548,1.,0.707106781186548,1.,0.707106781186548,1.,
0.707106781186548,1.),(1.,0.707106781186548,1.,0.707106781186548,1.,0.707106781186548,
1.,0.707106781186548,1.),(1.,0.707106781186548,1.,0.707106781186548,1.,
0.707106781186548,1.,0.707106781186548,1.),(1.,0.707106781186548,1.,0.707106781186548,
1.,0.707106781186548,1.,0.707106781186548,1.),(1.,0.707106781186548,1.,
0.707106781186548,1.,0.707106781186548,1.,0.707106781186548,1.),(1.,0.707106781186548,
1.,0.707106781186548,1.,0.707106781186548,1.,0.707106781186548,1.),(1.,
0.707106781186548,1.,0.707106781186548,1.,0.707106781186548,1.,0.707106781186548,
1.),(1.,0.707106781186548,1.,0.707106781186548,1.,0.707106781186548,1.,
0.707106781186548,1.),(1.,0.707106781186548,1.,0.707106781186548,1.,0.707106781186548,
1.,0.707106781186548,1.),(1.,0.707106781186548,1.,0.707106781186548,1.,
0.707106781186548,1.,0.707106781186548,1.),(1.,0.707106781186548,1.,0.707106781186548,
1.,0.707106781186548,1.,0.707106781186548,1.),(1.,0.707106781186548,1.,
0.707106781186548,1.,0.707106781186548,1.,0.707106781186548,1.),(1.,0.707106781186548,
1.,0.707106781186548,1.,0.707106781186548,1.,0.707106781186548,1.),(1.,
0.707106781186548,1.,0.707106781186548,1.,0.707106781186548,1.,0.707106781186548,
1.),(1.,0.707106781186548,1.,0.707106781186548,1.,0.707106781186548,1.,
0.707106781186548,1.),(1.,0.707106781186548,1.,0.707106781186548,1.,0.707106781186548,
1.,0.707106781186548,1.),(1.,0.707106781186548,1.,0.707106781186548,1.,
0.707106781186548,1.,0.707106781186548,1.),(1.,0.707106781186548,1.,0.707106781186548,
1.,0.707106781186548,1.,0.707106781186548,1.),(1.,0.707106781186548,1.,
0.707106781186548,1.,0.707106781186548,1.,0.707106781186548,1.),(1.,0.707106781186548,
1.,0.707106781186548,1.,0.707106781186548,1.,0.707106781186548,1.),(1.,
0.707106781186548,1.,0.707106781186548,1.,0.707106781186548,1.,0.707106781186548,
1.),(1.,0.707106781186548,1.,0.707106781186548,1.,0.707106781186548,1.,
0.707106781186548,1.),(1.,0.707106781186548,1.,0.707106781186548,1.,0.707106781186548,
1.,0.707106781186548,1.),(1.,0.707106781186548,1.,0.707106781186548,1.,
0.707106781186548,1.,0.707106781186548,1.),(1.,0.707106781186548,1.,0.707106781186548,
1.,0.707106781186548,1.,0.707106781186548,1.),(1.,0.707106781186548,1.,
0.707106781186548,1.,0.707106781186548,1.,0.707106781186548,1.),(1.,0.707106781186548,
1.,0.707106781186548,1.,0.707106781186548,1.,0.707106781186548,1.),(1.,
0.707106781186548,1.,0.707106781186548,1.,0.707106781186548,1.,0.707106781186548,
1.),(1.,0.707106781186548,1.,0.707106781186548,1.,0.707106781186548,1.,
0.707106781186548,1.),(1.,0.707106781186548,1.,0.707106781186548,1.,0.707106781186548,
1.,0.707106781186548,1.),(1.,0.707106781186548,1.,0.707106781186548,1.,
0.707106781186548,1.,0.707106781186548,1.),(1.,0.707106781186548,1.,0.707106781186548,
1.,0.707106781186548,1.,0.707106781186548,1.),(1.,0.707106781186548,1.,
0.707106781186548,1.,0.707106781186548,1.,0.707106781186548,1.),(1.,0.707106781186548,
1.,0.707106781186548,1.,0.707106781186548,1.,0.707106781186548,1.),(1.,
0.707106781186548,1.,0.707106781186548,1.,0.707106781186548,1.,0.707106781186548,
1.),(1.,0.707106781186548,1.,0.707106781186548,1.,0.707106781186548,1.,
0.707106781186548,1.),(1.,0.707106781186548,1.,0.707106781186548,1.,0.707106781186548,
1.,0.707106781186548,1.),(1.,0.707106781186548,1.,0.707106781186548,1.,
0.707106781186548,1.,0.707106781186548,1.),(1.,0.707106781186548,1.,0.707106781186548,
1.,0.707106781186548,1.,0.707106781186548,1.),(1.,0.707106781186548,1.,
0.707106781186548,1.,0.707106781186548,1.,0.707106781186548,1.),(1.,0.707106781186548,
1.,0.707106781186548,1.,0.707106781186548,1.,0.707106781186548,1.),(1.,
0.707106781186548,1.,0.707106781186548,1.,0.707106781186548,1.,0.707106781186548,
1.),(1.,0.707106781186548,1.,0.707106781186548,1.,0.707106781186548,1.,
0.707106781186548,1.),(1.,0.707106781186548,1.,0.707106781186548,1.,0.707106781186548,
1.,0.707106781186548,1.),(1.,0.707106781186548,1.,0.707106781186548,1.,
0.707106781186548,1.,0.707106781186548,1.),(1.,0.707106781186548,1.,0.707106781186548,
1.,0.707106781186548,1.,0.707106781186548,1.),(1.,0.707106781186548,1.,
0.707106781186548,1.,0.707106781186548,1.,0.707106781186548,1.),(1.,0.707106781186548,
1.,0.707106781186548,1.,0.707106781186548,1.,0.707106781186548,1.),(1.,
0.707106781186548,1.,0.707106781186548,1.,0.707106781186548,1.,0.707106781186548,
1.),(1.,0.707106781186548,1.,0.707106781186548,1.,0.707106781186548,1.,
0.707106781186548,1.),(1.,0.707106781186548,1.,0.707106781186548,1.,0.707106781186548,
1.,0.707106781186548,1.)))
REPRESENTATION_ITEM('')
SURFACE()
);
#35=FACE_OUTER_BOUND('',#45,.T.);
#36=FACE_OUTER_BOUND('',#46,.T.);
#37=FACE_OUTER_BOUND('',#47,.T.);
#38=FACE_OUTER_BOUND('',#49,.T.);
#39=FACE_OUTER_BOUND('',#50,.T.);
#40=FACE_OUTER_BOUND('',#51,.T.);
#41=FACE_OUTER_BOUND('',#52,.T.);
#42=FACE_OUTER_BOUND('',#54,.T.);
#43=FACE_OUTER_BOUND('',#55,.T.);
#44=FACE_OUTER_BOUND('',#56,.T.);
#45=EDGE_LOOP('',(#89));
#46=EDGE_LOOP('',(#90,#91,#92));
#47=EDGE_LOOP('',(#93));
#48=EDGE_LOOP('',(#94));
#49=EDGE_LOOP('',(#95,#96,#97,#98));
#50=EDGE_LOOP('',(#99,#100,#101,#102));
#51=EDGE_LOOP('',(#103,#104,#105,#106));
#52=EDGE_LOOP('',(#107));
#53=EDGE_LOOP('',(#108));
#54=EDGE_LOOP('',(#109,#110,#111,#112));
#55=EDGE_LOOP('',(#113));
#56=EDGE_LOOP('',(#114,#115,#116));
#57=CIRCLE('',#147,14.47);
#58=CIRCLE('',#149,12.725);
#59=CIRCLE('',#150,12.72);
#60=CIRCLE('',#152,12.775);
#61=CIRCLE('',#154,12.775);
#62=CIRCLE('',#156,12.725);
#63=CIRCLE('',#158,11.555);
#64=CIRCLE('',#160,11.555);
#65=VERTEX_POINT('',#202);
#66=VERTEX_POINT('',#1329);
#67=VERTEX_POINT('',#1456);
#68=VERTEX_POINT('',#1458);
#69=VERTEX_POINT('',#1461);
#70=VERTEX_POINT('',#1465);
#71=VERTEX_POINT('',#1469);
#72=VERTEX_POINT('',#1473);
#73=VERTEX_POINT('',#1476);
#74=VERTEX_POINT('',#2110);
#75=EDGE_CURVE('',#65,#65,#57,.T.);
#76=EDGE_CURVE('',#66,#65,#31,.T.);
#77=EDGE_CURVE('',#67,#67,#58,.T.);
#78=EDGE_CURVE('',#68,#68,#59,.T.);
#79=EDGE_CURVE('',#69,#69,#60,.T.);
#80=EDGE_CURVE('',#69,#67,#15,.T.);
#81=EDGE_CURVE('',#70,#70,#61,.T.);
#82=EDGE_CURVE('',#70,#69,#16,.T.);
#83=EDGE_CURVE('',#71,#71,#62,.T.);
#84=EDGE_CURVE('',#71,#70,#17,.T.);
#85=EDGE_CURVE('',#72,#72,#63,.T.);
#86=EDGE_CURVE('',#73,#73,#64,.T.);
#87=EDGE_CURVE('',#73,#72,#18,.T.);
#88=EDGE_CURVE('',#68,#74,#32,.T.);
#89=ORIENTED_EDGE('',*,*,#75,.F.);
#90=ORIENTED_EDGE('',*,*,#76,.T.);
#91=ORIENTED_EDGE('',*,*,#75,.T.);
#92=ORIENTED_EDGE('',*,*,#76,.F.);
#93=ORIENTED_EDGE('',*,*,#77,.F.);
#94=ORIENTED_EDGE('',*,*,#78,.T.);
#95=ORIENTED_EDGE('',*,*,#79,.F.);
#96=ORIENTED_EDGE('',*,*,#80,.T.);
#97=ORIENTED_EDGE('',*,*,#77,.T.);
#98=ORIENTED_EDGE('',*,*,#80,.F.);
#99=ORIENTED_EDGE('',*,*,#81,.F.);
#100=ORIENTED_EDGE('',*,*,#82,.T.);
#101=ORIENTED_EDGE('',*,*,#79,.T.);
#102=ORIENTED_EDGE('',*,*,#82,.F.);
#103=ORIENTED_EDGE('',*,*,#83,.F.);
#104=ORIENTED_EDGE('',*,*,#84,.T.);
#105=ORIENTED_EDGE('',*,*,#81,.T.);
#106=ORIENTED_EDGE('',*,*,#84,.F.);
#107=ORIENTED_EDGE('',*,*,#83,.T.);
#108=ORIENTED_EDGE('',*,*,#85,.F.);
#109=ORIENTED_EDGE('',*,*,#86,.F.);
#110=ORIENTED_EDGE('',*,*,#87,.T.);
#111=ORIENTED_EDGE('',*,*,#85,.T.);
#112=ORIENTED_EDGE('',*,*,#87,.F.);
#113=ORIENTED_EDGE('',*,*,#86,.T.);
#114=ORIENTED_EDGE('',*,*,#88,.T.);
#115=ORIENTED_EDGE('',*,*,#88,.F.);
#116=ORIENTED_EDGE('',*,*,#78,.F.);
#117=PLANE('',#146);
#118=PLANE('',#148);
#119=PLANE('',#157);
#120=PLANE('',#161);
#121=ADVANCED_FACE('',(#35),#117,.T.);
#122=ADVANCED_FACE('',(#36),#33,.T.);
#123=ADVANCED_FACE('',(#37,#25),#118,.T.);
#124=ADVANCED_FACE('',(#38),#23,.T.);
#125=ADVANCED_FACE('',(#39),#13,.T.);
#126=ADVANCED_FACE('',(#40),#24,.T.);
#127=ADVANCED_FACE('',(#41,#26),#119,.T.);
#128=ADVANCED_FACE('',(#42),#14,.T.);
#129=ADVANCED_FACE('',(#43),#120,.T.);
#130=ADVANCED_FACE('',(#44),#34,.T.);
#131=CLOSED_SHELL('',(#121,#122));
#132=CLOSED_SHELL('',(#123,#124,#125,#126,#127,#128,#129,#130));
#133=DERIVED_UNIT_ELEMENT(#135,1.);
#134=DERIVED_UNIT_ELEMENT(#2186,-3.);
#135=(
MASS_UNIT()
NAMED_UNIT(*)
SI_UNIT(.KILO.,.GRAM.)
);
#136=DERIVED_UNIT((#133,#134));
#137=MEASURE_REPRESENTATION_ITEM('density measure',
POSITIVE_RATIO_MEASURE(7850.),#136);
#138=PROPERTY_DEFINITION_REPRESENTATION(#143,#140);
#139=PROPERTY_DEFINITION_REPRESENTATION(#144,#141);
#140=REPRESENTATION('material name',(#142),#2183);
#141=REPRESENTATION('density',(#137),#2183);
#142=DESCRIPTIVE_REPRESENTATION_ITEM('Steel','Steel');
#143=PROPERTY_DEFINITION('material property','material name',#2193);
#144=PROPERTY_DEFINITION('material property','density of part',#2193);
#145=AXIS2_PLACEMENT_3D('',#200,#162,#163);
#146=AXIS2_PLACEMENT_3D('',#201,#164,#165);
#147=AXIS2_PLACEMENT_3D('',#203,#166,#167);
#148=AXIS2_PLACEMENT_3D('',#1455,#168,#169);
#149=AXIS2_PLACEMENT_3D('',#1457,#170,#171);
#150=AXIS2_PLACEMENT_3D('',#1459,#172,#173);
#151=AXIS2_PLACEMENT_3D('',#1460,#174,#175);
#152=AXIS2_PLACEMENT_3D('',#1462,#176,#177);
#153=AXIS2_PLACEMENT_3D('',#1464,#179,#180);
#154=AXIS2_PLACEMENT_3D('',#1466,#181,#182);
#155=AXIS2_PLACEMENT_3D('',#1468,#184,#185);
#156=AXIS2_PLACEMENT_3D('',#1470,#186,#187);
#157=AXIS2_PLACEMENT_3D('',#1472,#189,#190);
#158=AXIS2_PLACEMENT_3D('',#1474,#191,#192);
#159=AXIS2_PLACEMENT_3D('',#1475,#193,#194);
#160=AXIS2_PLACEMENT_3D('',#1477,#195,#196);
#161=AXIS2_PLACEMENT_3D('',#1479,#198,#199);
#162=DIRECTION('axis',(0.,0.,1.));
#163=DIRECTION('refdir',(1.,0.,0.));
#164=DIRECTION('center_axis',(0.,0.,-1.));
#165=DIRECTION('ref_axis',(-1.,0.,0.));
#166=DIRECTION('center_axis',(0.,0.,1.));
#167=DIRECTION('ref_axis',(1.,0.,0.));
#168=DIRECTION('center_axis',(0.,0.,-1.));
#169=DIRECTION('ref_axis',(-1.,0.,0.));
#170=DIRECTION('center_axis',(0.,0.,1.));
#171=DIRECTION('ref_axis',(1.,0.,0.));
#172=DIRECTION('center_axis',(0.,0.,1.));
#173=DIRECTION('ref_axis',(1.,0.,0.));
#174=DIRECTION('center_axis',(0.,0.,1.));
#175=DIRECTION('ref_axis',(0.,-1.,0.));
#176=DIRECTION('center_axis',(0.,0.,1.));
#177=DIRECTION('ref_axis',(1.,0.,0.));
#178=DIRECTION('',(8.65956056235493E-17,-0.707106781186548,-0.707106781186548));
#179=DIRECTION('center_axis',(0.,0.,1.));
#180=DIRECTION('ref_axis',(0.,-1.,0.));
#181=DIRECTION('center_axis',(0.,0.,1.));
#182=DIRECTION('ref_axis',(1.,0.,0.));
#183=DIRECTION('',(0.,0.,-1.));
#184=DIRECTION('center_axis',(0.,0.,-1.));
#185=DIRECTION('ref_axis',(0.,-1.,0.));
#186=DIRECTION('center_axis',(0.,0.,1.));
#187=DIRECTION('ref_axis',(1.,0.,0.));
#188=DIRECTION('',(-8.65956056235493E-17,0.707106781186548,-0.707106781186548));
#189=DIRECTION('center_axis',(0.,0.,1.));
#190=DIRECTION('ref_axis',(1.,0.,0.));
#191=DIRECTION('center_axis',(0.,0.,1.));
#192=DIRECTION('ref_axis',(1.,0.,0.));
#193=DIRECTION('center_axis',(0.,0.,1.));
#194=DIRECTION('ref_axis',(0.,-1.,0.));
#195=DIRECTION('center_axis',(0.,0.,1.));
#196=DIRECTION('ref_axis',(1.,0.,0.));
#197=DIRECTION('',(0.,0.,-1.));
#198=DIRECTION('center_axis',(0.,0.,1.));
#199=DIRECTION('ref_axis',(1.,0.,0.));
#200=CARTESIAN_POINT('',(0.,0.,0.));
#201=CARTESIAN_POINT('Origin',(0.,1.46,2.29));
#202=CARTESIAN_POINT('',(0.,1.46,2.29));
#203=CARTESIAN_POINT('Origin',(0.,15.93,2.29));
#204=CARTESIAN_POINT('Ctrl Pts',(0.,15.93,7.98));
#205=CARTESIAN_POINT('Ctrl Pts',(0.,15.93,7.98));
#206=CARTESIAN_POINT('Ctrl Pts',(0.,15.93,7.98));
#207=CARTESIAN_POINT('Ctrl Pts',(0.,15.93,7.98));
#208=CARTESIAN_POINT('Ctrl Pts',(0.,15.93,7.98));
#209=CARTESIAN_POINT('Ctrl Pts',(0.,15.93,7.98));
#210=CARTESIAN_POINT('Ctrl Pts',(0.,15.93,7.98));
#211=CARTESIAN_POINT('Ctrl Pts',(0.,15.93,7.98));
#212=CARTESIAN_POINT('Ctrl Pts',(0.,15.93,7.98));
#213=CARTESIAN_POINT('Ctrl Pts',(0.,15.8968341868454,7.97972778131158));
#214=CARTESIAN_POINT('Ctrl Pts',(0.0331658131545942,15.8968341868454,7.97972778131158));
#215=CARTESIAN_POINT('Ctrl Pts',(0.0331658131545942,15.93,7.97972778131158));
#216=CARTESIAN_POINT('Ctrl Pts',(0.0331658131545942,15.9631658131546,7.97972778131158));
#217=CARTESIAN_POINT('Ctrl Pts',(0.,15.9631658131546,7.97972778131158));
#218=CARTESIAN_POINT('Ctrl Pts',(-0.0331658131545942,15.9631658131546,7.97972778131158));
#219=CARTESIAN_POINT('Ctrl Pts',(-0.0331658131545942,15.93,7.97972778131158));
#220=CARTESIAN_POINT('Ctrl Pts',(-0.0331658131545942,15.8968341868454,7.97972778131158));
#221=CARTESIAN_POINT('Ctrl Pts',(0.,15.8968341868454,7.97972778131158));
#222=CARTESIAN_POINT('Ctrl Pts',(0.,15.8305045171224,7.97915566051054));
#223=CARTESIAN_POINT('Ctrl Pts',(0.0994954828775629,15.8305045171224,7.97915566051054));
#224=CARTESIAN_POINT('Ctrl Pts',(0.0994954828775629,15.93,7.97915566051054));
#225=CARTESIAN_POINT('Ctrl Pts',(0.0994954828775629,16.0294954828776,7.97915566051054));
#226=CARTESIAN_POINT('Ctrl Pts',(0.,16.0294954828776,7.97915566051054));
#227=CARTESIAN_POINT('Ctrl Pts',(-0.0994954828775629,16.0294954828776,7.97915566051054));
#228=CARTESIAN_POINT('Ctrl Pts',(-0.0994954828775629,15.93,7.97915566051054));
#229=CARTESIAN_POINT('Ctrl Pts',(-0.0994954828775629,15.8305045171224,7.97915566051054));
#230=CARTESIAN_POINT('Ctrl Pts',(0.,15.8305045171224,7.97915566051054));
#231=CARTESIAN_POINT('Ctrl Pts',(0.,15.7310158822865,7.97821442917478));
#232=CARTESIAN_POINT('Ctrl Pts',(0.198984117713503,15.7310158822865,7.97821442917478));
#233=CARTESIAN_POINT('Ctrl Pts',(0.198984117713503,15.93,7.97821442917478));
#234=CARTESIAN_POINT('Ctrl Pts',(0.198984117713503,16.1289841177135,7.97821442917478));
#235=CARTESIAN_POINT('Ctrl Pts',(0.,16.1289841177135,7.97821442917478));
#236=CARTESIAN_POINT('Ctrl Pts',(-0.198984117713503,16.1289841177135,7.97821442917478));
#237=CARTESIAN_POINT('Ctrl Pts',(-0.198984117713503,15.93,7.97821442917478));
#238=CARTESIAN_POINT('Ctrl Pts',(-0.198984117713503,15.7310158822865,7.97821442917478));
#239=CARTESIAN_POINT('Ctrl Pts',(0.,15.7310158822865,7.97821442917478));
#240=CARTESIAN_POINT('Ctrl Pts',(0.,15.5983761100848,7.97679333380474));
#241=CARTESIAN_POINT('Ctrl Pts',(0.331623889915249,15.5983761100848,7.97679333380474));
#242=CARTESIAN_POINT('Ctrl Pts',(0.331623889915249,15.93,7.97679333380474));
#243=CARTESIAN_POINT('Ctrl Pts',(0.331623889915249,16.2616238899152,7.97679333380474));
#244=CARTESIAN_POINT('Ctrl Pts',(0.,16.2616238899152,7.97679333380474));
#245=CARTESIAN_POINT('Ctrl Pts',(-0.331623889915249,16.2616238899152,7.97679333380474));
#246=CARTESIAN_POINT('Ctrl Pts',(-0.331623889915249,15.93,7.97679333380474));
#247=CARTESIAN_POINT('Ctrl Pts',(-0.331623889915249,15.5983761100848,7.97679333380474));
#248=CARTESIAN_POINT('Ctrl Pts',(0.,15.5983761100848,7.97679333380474));
#249=CARTESIAN_POINT('Ctrl Pts',(0.,15.4325951973714,7.97475087917841));
#250=CARTESIAN_POINT('Ctrl Pts',(0.497404802628554,15.4325951973714,7.97475087917841));
#251=CARTESIAN_POINT('Ctrl Pts',(0.497404802628554,15.93,7.97475087917841));
#252=CARTESIAN_POINT('Ctrl Pts',(0.497404802628554,16.4274048026286,7.97475087917841));
#253=CARTESIAN_POINT('Ctrl Pts',(0.,16.4274048026286,7.97475087917841));
#254=CARTESIAN_POINT('Ctrl Pts',(-0.497404802628554,16.4274048026286,7.97475087917841));
#255=CARTESIAN_POINT('Ctrl Pts',(-0.497404802628554,15.93,7.97475087917841));
#256=CARTESIAN_POINT('Ctrl Pts',(-0.497404802628554,15.4325951973714,7.97475087917841));
#257=CARTESIAN_POINT('Ctrl Pts',(0.,15.4325951973714,7.97475087917841));
#258=CARTESIAN_POINT('Ctrl Pts',(0.,15.2668307783539,7.97247485343828));
#259=CARTESIAN_POINT('Ctrl Pts',(0.663169221646069,15.2668307783539,7.97247485343828));
#260=CARTESIAN_POINT('Ctrl Pts',(0.663169221646069,15.93,7.97247485343828));
#261=CARTESIAN_POINT('Ctrl Pts',(0.663169221646069,16.5931692216461,7.97247485343828));
#262=CARTESIAN_POINT('Ctrl Pts',(0.,16.5931692216461,7.97247485343828));
#263=CARTESIAN_POINT('Ctrl Pts',(-0.663169221646069,16.5931692216461,7.97247485343828));
#264=CARTESIAN_POINT('Ctrl Pts',(-0.663169221646069,15.93,7.97247485343828));
#265=CARTESIAN_POINT('Ctrl Pts',(-0.663169221646069,15.2668307783539,7.97247485343828));
#266=CARTESIAN_POINT('Ctrl Pts',(0.,15.2668307783539,7.97247485343828));
#267=CARTESIAN_POINT('Ctrl Pts',(0.,15.101078221694,7.97003047669289));
#268=CARTESIAN_POINT('Ctrl Pts',(0.828921778306018,15.101078221694,7.97003047669289));
#269=CARTESIAN_POINT('Ctrl Pts',(0.828921778306018,15.93,7.97003047669289));
#270=CARTESIAN_POINT('Ctrl Pts',(0.828921778306018,16.758921778306,7.97003047669289));
#271=CARTESIAN_POINT('Ctrl Pts',(0.,16.758921778306,7.97003047669289));
#272=CARTESIAN_POINT('Ctrl Pts',(-0.828921778306018,16.758921778306,7.97003047669289));
#273=CARTESIAN_POINT('Ctrl Pts',(-0.828921778306018,15.93,7.97003047669289));
#274=CARTESIAN_POINT('Ctrl Pts',(-0.828921778306018,15.101078221694,7.97003047669289));
#275=CARTESIAN_POINT('Ctrl Pts',(0.,15.101078221694,7.97003047669289));
#276=CARTESIAN_POINT('Ctrl Pts',(0.,14.9353298041409,7.96752651414551));
#277=CARTESIAN_POINT('Ctrl Pts',(0.994670195859093,14.9353298041409,7.96752651414551));
#278=CARTESIAN_POINT('Ctrl Pts',(0.994670195859093,15.93,7.96752651414551));
#279=CARTESIAN_POINT('Ctrl Pts',(0.994670195859093,16.9246701958591,7.96752651414551));
#280=CARTESIAN_POINT('Ctrl Pts',(0.,16.9246701958591,7.96752651414551));
#281=CARTESIAN_POINT('Ctrl Pts',(-0.994670195859093,16.9246701958591,7.96752651414551));
#282=CARTESIAN_POINT('Ctrl Pts',(-0.994670195859093,15.93,7.96752651414551));
#283=CARTESIAN_POINT('Ctrl Pts',(-0.994670195859093,14.9353298041409,7.96752651414551));
#284=CARTESIAN_POINT('Ctrl Pts',(0.,14.9353298041409,7.96752651414551));
#285=CARTESIAN_POINT('Ctrl Pts',(0.,14.7695739118943,7.96512651370051));
#286=CARTESIAN_POINT('Ctrl Pts',(1.16042608810573,14.7695739118943,7.96512651370051));
#287=CARTESIAN_POINT('Ctrl Pts',(1.16042608810573,15.93,7.96512651370051));
#288=CARTESIAN_POINT('Ctrl Pts',(1.16042608810573,17.0904260881057,7.96512651370051));
#289=CARTESIAN_POINT('Ctrl Pts',(0.,17.0904260881057,7.96512651370051));
#290=CARTESIAN_POINT('Ctrl Pts',(-1.16042608810573,17.0904260881057,7.96512651370051));
#291=CARTESIAN_POINT('Ctrl Pts',(-1.16042608810573,15.93,7.96512651370051));
#292=CARTESIAN_POINT('Ctrl Pts',(-1.16042608810573,14.7695739118943,7.96512651370051));
#293=CARTESIAN_POINT('Ctrl Pts',(0.,14.7695739118943,7.96512651370051));
#294=CARTESIAN_POINT('Ctrl Pts',(0.,14.6037987193448,7.96299824368863));
#295=CARTESIAN_POINT('Ctrl Pts',(1.32620128065525,14.6037987193448,7.96299824368863));
#296=CARTESIAN_POINT('Ctrl Pts',(1.32620128065525,15.93,7.96299824368863));
#297=CARTESIAN_POINT('Ctrl Pts',(1.32620128065525,17.2562012806552,7.96299824368863));
#298=CARTESIAN_POINT('Ctrl Pts',(0.,17.2562012806552,7.96299824368863));
#299=CARTESIAN_POINT('Ctrl Pts',(-1.32620128065525,17.2562012806552,7.96299824368863));
#300=CARTESIAN_POINT('Ctrl Pts',(-1.32620128065525,15.93,7.96299824368863));
#301=CARTESIAN_POINT('Ctrl Pts',(-1.32620128065525,14.6037987193448,7.96299824368863));
#302=CARTESIAN_POINT('Ctrl Pts',(0.,14.6037987193448,7.96299824368863));
#303=CARTESIAN_POINT('Ctrl Pts',(0.,14.4379958830089,7.96126289232503));
#304=CARTESIAN_POINT('Ctrl Pts',(1.49200411699109,14.4379958830089,7.96126289232503));
#305=CARTESIAN_POINT('Ctrl Pts',(1.49200411699109,15.93,7.96126289232503));
#306=CARTESIAN_POINT('Ctrl Pts',(1.49200411699109,17.4220041169911,7.96126289232503));
#307=CARTESIAN_POINT('Ctrl Pts',(0.,17.4220041169911,7.96126289232503));
#308=CARTESIAN_POINT('Ctrl Pts',(-1.49200411699109,17.4220041169911,7.96126289232503));
#309=CARTESIAN_POINT('Ctrl Pts',(-1.49200411699109,15.93,7.96126289232503));
#310=CARTESIAN_POINT('Ctrl Pts',(-1.49200411699109,14.4379958830089,7.96126289232503));
#311=CARTESIAN_POINT('Ctrl Pts',(0.,14.4379958830089,7.96126289232503));
#312=CARTESIAN_POINT('Ctrl Pts',(0.,14.2721642528265,7.959944095291));
#313=CARTESIAN_POINT('Ctrl Pts',(1.65783574717346,14.2721642528265,7.959944095291));
#314=CARTESIAN_POINT('Ctrl Pts',(1.65783574717346,15.93,7.959944095291));
#315=CARTESIAN_POINT('Ctrl Pts',(1.65783574717346,17.5878357471735,7.959944095291));
#316=CARTESIAN_POINT('Ctrl Pts',(0.,17.5878357471735,7.959944095291));
#317=CARTESIAN_POINT('Ctrl Pts',(-1.65783574717346,17.5878357471735,7.959944095291));
#318=CARTESIAN_POINT('Ctrl Pts',(-1.65783574717346,15.93,7.959944095291));
#319=CARTESIAN_POINT('Ctrl Pts',(-1.65783574717346,14.2721642528265,7.959944095291));
#320=CARTESIAN_POINT('Ctrl Pts',(0.,14.2721642528265,7.959944095291));
#321=CARTESIAN_POINT('Ctrl Pts',(0.,14.1063135288925,7.9589175586773));
#322=CARTESIAN_POINT('Ctrl Pts',(1.82368647110746,14.1063135288925,7.9589175586773));
#323=CARTESIAN_POINT('Ctrl Pts',(1.82368647110746,15.93,7.9589175586773));
#324=CARTESIAN_POINT('Ctrl Pts',(1.82368647110746,17.7536864711075,7.9589175586773));
#325=CARTESIAN_POINT('Ctrl Pts',(0.,17.7536864711075,7.9589175586773));
#326=CARTESIAN_POINT('Ctrl Pts',(-1.82368647110746,17.7536864711075,7.9589175586773));
#327=CARTESIAN_POINT('Ctrl Pts',(-1.82368647110746,15.93,7.9589175586773));
#328=CARTESIAN_POINT('Ctrl Pts',(-1.82368647110746,14.1063135288925,7.9589175586773));
#329=CARTESIAN_POINT('Ctrl Pts',(0.,14.1063135288925,7.9589175586773));
#330=CARTESIAN_POINT('Ctrl Pts',(0.,13.9404680833287,7.95785882140142));
#331=CARTESIAN_POINT('Ctrl Pts',(1.98953191667127,13.9404680833287,7.95785882140142));
#332=CARTESIAN_POINT('Ctrl Pts',(1.98953191667127,15.93,7.95785882140142));
#333=CARTESIAN_POINT('Ctrl Pts',(1.98953191667127,17.9195319166713,7.95785882140142));
#334=CARTESIAN_POINT('Ctrl Pts',(0.,17.9195319166713,7.95785882140142));
#335=CARTESIAN_POINT('Ctrl Pts',(-1.98953191667127,17.9195319166713,7.95785882140142));
#336=CARTESIAN_POINT('Ctrl Pts',(-1.98953191667127,15.93,7.95785882140142));
#337=CARTESIAN_POINT('Ctrl Pts',(-1.98953191667127,13.9404680833287,7.95785882140142));
#338=CARTESIAN_POINT('Ctrl Pts',(0.,13.9404680833287,7.95785882140142));
#339=CARTESIAN_POINT('Ctrl Pts',(0.,13.7746572525101,7.95634546626775));
#340=CARTESIAN_POINT('Ctrl Pts',(2.15534274748985,13.7746572525101,7.95634546626775));
#341=CARTESIAN_POINT('Ctrl Pts',(2.15534274748985,15.93,7.95634546626775));
#342=CARTESIAN_POINT('Ctrl Pts',(2.15534274748985,18.0853427474899,7.95634546626775));
#343=CARTESIAN_POINT('Ctrl Pts',(0.,18.0853427474899,7.95634546626775));
#344=CARTESIAN_POINT('Ctrl Pts',(-2.15534274748985,18.0853427474899,7.95634546626775));
#345=CARTESIAN_POINT('Ctrl Pts',(-2.15534274748985,15.93,7.95634546626775));
#346=CARTESIAN_POINT('Ctrl Pts',(-2.15534274748985,13.7746572525101,7.95634546626775));
#347=CARTESIAN_POINT('Ctrl Pts',(0.,13.7746572525101,7.95634546626775));
#348=CARTESIAN_POINT('Ctrl Pts',(0.,13.6089055079391,7.95396086349608));
#349=CARTESIAN_POINT('Ctrl Pts',(2.32109449206088,13.6089055079391,7.95396086349608));
#350=CARTESIAN_POINT('Ctrl Pts',(2.32109449206088,15.93,7.95396086349608));
#351=CARTESIAN_POINT('Ctrl Pts',(2.32109449206088,18.2510944920609,7.95396086349608));
#352=CARTESIAN_POINT('Ctrl Pts',(0.,18.2510944920609,7.95396086349608));
#353=CARTESIAN_POINT('Ctrl Pts',(-2.32109449206088,18.2510944920609,7.95396086349608));
#354=CARTESIAN_POINT('Ctrl Pts',(-2.32109449206088,15.93,7.95396086349608));
#355=CARTESIAN_POINT('Ctrl Pts',(-2.32109449206088,13.6089055079391,7.95396086349608));
#356=CARTESIAN_POINT('Ctrl Pts',(0.,13.6089055079391,7.95396086349608));
#357=CARTESIAN_POINT('Ctrl Pts',(0.,13.4432225958734,7.9503978826306));
#358=CARTESIAN_POINT('Ctrl Pts',(2.48677740412656,13.4432225958734,7.9503978826306));
#359=CARTESIAN_POINT('Ctrl Pts',(2.48677740412656,15.93,7.9503978826306));
#360=CARTESIAN_POINT('Ctrl Pts',(2.48677740412656,18.4167774041266,7.9503978826306));
#361=CARTESIAN_POINT('Ctrl Pts',(0.,18.4167774041266,7.9503978826306));
#362=CARTESIAN_POINT('Ctrl Pts',(-2.48677740412656,18.4167774041266,7.9503978826306));
#363=CARTESIAN_POINT('Ctrl Pts',(-2.48677740412656,15.93,7.9503978826306));
#364=CARTESIAN_POINT('Ctrl Pts',(-2.48677740412656,13.4432225958734,7.9503978826306));
#365=CARTESIAN_POINT('Ctrl Pts',(0.,13.4432225958734,7.9503978826306));
#366=CARTESIAN_POINT('Ctrl Pts',(0.,13.2775938568954,7.94556140465443));
#367=CARTESIAN_POINT('Ctrl Pts',(2.65240614310461,13.2775938568954,7.94556140465443));
#368=CARTESIAN_POINT('Ctrl Pts',(2.65240614310461,15.93,7.94556140465443));
#369=CARTESIAN_POINT('Ctrl Pts',(2.65240614310461,18.5824061431046,7.94556140465443));
#370=CARTESIAN_POINT('Ctrl Pts',(0.,18.5824061431046,7.94556140465443));
#371=CARTESIAN_POINT('Ctrl Pts',(-2.65240614310461,18.5824061431046,7.94556140465443));
#372=CARTESIAN_POINT('Ctrl Pts',(-2.65240614310461,15.93,7.94556140465443));
#373=CARTESIAN_POINT('Ctrl Pts',(-2.65240614310461,13.2775938568954,7.94556140465443));
#374=CARTESIAN_POINT('Ctrl Pts',(0.,13.2775938568954,7.94556140465443));
#375=CARTESIAN_POINT('Ctrl Pts',(0.,13.1119699871526,7.93967486221235));
#376=CARTESIAN_POINT('Ctrl Pts',(2.81803001284742,13.1119699871526,7.93967486221235));
#377=CARTESIAN_POINT('Ctrl Pts',(2.81803001284742,15.93,7.93967486221235));
#378=CARTESIAN_POINT('Ctrl Pts',(2.81803001284742,18.7480300128474,7.93967486221235));
#379=CARTESIAN_POINT('Ctrl Pts',(0.,18.7480300128474,7.93967486221235));
#380=CARTESIAN_POINT('Ctrl Pts',(-2.81803001284742,18.7480300128474,7.93967486221235));
#381=CARTESIAN_POINT('Ctrl Pts',(-2.81803001284742,15.93,7.93967486221235));
#382=CARTESIAN_POINT('Ctrl Pts',(-2.81803001284742,13.1119699871526,7.93967486221235));
#383=CARTESIAN_POINT('Ctrl Pts',(0.,13.1119699871526,7.93967486221235));
#384=CARTESIAN_POINT('Ctrl Pts',(0.,12.9462883931522,7.93315397165699));
#385=CARTESIAN_POINT('Ctrl Pts',(2.98371160684779,12.9462883931522,7.93315397165699));
#386=CARTESIAN_POINT('Ctrl Pts',(2.98371160684779,15.93,7.93315397165699));
#387=CARTESIAN_POINT('Ctrl Pts',(2.98371160684779,18.9137116068478,7.93315397165699));
#388=CARTESIAN_POINT('Ctrl Pts',(0.,18.9137116068478,7.93315397165699));
#389=CARTESIAN_POINT('Ctrl Pts',(-2.98371160684779,18.9137116068478,7.93315397165699));
#390=CARTESIAN_POINT('Ctrl Pts',(-2.98371160684779,15.93,7.93315397165699));
#391=CARTESIAN_POINT('Ctrl Pts',(-2.98371160684779,12.9462883931522,7.93315397165699));
#392=CARTESIAN_POINT('Ctrl Pts',(0.,12.9462883931522,7.93315397165699));
#393=CARTESIAN_POINT('Ctrl Pts',(0.,12.7804950135384,7.9264767411422));
#394=CARTESIAN_POINT('Ctrl Pts',(3.14950498646165,12.7804950135384,7.9264767411422));
#395=CARTESIAN_POINT('Ctrl Pts',(3.14950498646165,15.93,7.9264767411422));
#396=CARTESIAN_POINT('Ctrl Pts',(3.14950498646165,19.0795049864617,7.9264767411422));
#397=CARTESIAN_POINT('Ctrl Pts',(0.,19.0795049864617,7.9264767411422));
#398=CARTESIAN_POINT('Ctrl Pts',(-3.14950498646165,19.0795049864617,7.9264767411422));
#399=CARTESIAN_POINT('Ctrl Pts',(-3.14950498646165,15.93,7.9264767411422));
#400=CARTESIAN_POINT('Ctrl Pts',(-3.14950498646165,12.7804950135384,7.9264767411422));
#401=CARTESIAN_POINT('Ctrl Pts',(0.,12.7804950135384,7.9264767411422));
#402=CARTESIAN_POINT('Ctrl Pts',(0.,12.6145661641822,7.92005406212005));
#403=CARTESIAN_POINT('Ctrl Pts',(3.31543383581778,12.6145661641822,7.92005406212005));
#404=CARTESIAN_POINT('Ctrl Pts',(3.31543383581778,15.93,7.92005406212005));
#405=CARTESIAN_POINT('Ctrl Pts',(3.31543383581778,19.2454338358178,7.92005406212005));
#406=CARTESIAN_POINT('Ctrl Pts',(0.,19.2454338358178,7.92005406212005));
#407=CARTESIAN_POINT('Ctrl Pts',(-3.31543383581778,19.2454338358178,7.92005406212005));
#408=CARTESIAN_POINT('Ctrl Pts',(-3.31543383581778,15.93,7.92005406212005));
#409=CARTESIAN_POINT('Ctrl Pts',(-3.31543383581778,12.6145661641822,7.92005406212005));
#410=CARTESIAN_POINT('Ctrl Pts',(0.,12.6145661641822,7.92005406212005));
#411=CARTESIAN_POINT('Ctrl Pts',(0.,12.4485299387878,7.91410196027542));
#412=CARTESIAN_POINT('Ctrl Pts',(3.48147006121219,12.4485299387878,7.91410196027542));
#413=CARTESIAN_POINT('Ctrl Pts',(3.48147006121219,15.93,7.91410196027542));
#414=CARTESIAN_POINT('Ctrl Pts',(3.48147006121219,19.4114700612122,7.91410196027542));
#415=CARTESIAN_POINT('Ctrl Pts',(0.,19.4114700612122,7.91410196027542));
#416=CARTESIAN_POINT('Ctrl Pts',(-3.48147006121219,19.4114700612122,7.91410196027542));
#417=CARTESIAN_POINT('Ctrl Pts',(-3.48147006121219,15.93,7.91410196027542));
#418=CARTESIAN_POINT('Ctrl Pts',(-3.48147006121219,12.4485299387878,7.91410196027542));
#419=CARTESIAN_POINT('Ctrl Pts',(0.,12.4485299387878,7.91410196027542));
#420=CARTESIAN_POINT('Ctrl Pts',(0.,12.2824890393695,7.90850781726257));
#421=CARTESIAN_POINT('Ctrl Pts',(3.64751096063052,12.2824890393695,7.90850781726257));
#422=CARTESIAN_POINT('Ctrl Pts',(3.64751096063052,15.93,7.90850781726257));
#423=CARTESIAN_POINT('Ctrl Pts',(3.64751096063052,19.5775109606305,7.90850781726257));
#424=CARTESIAN_POINT('Ctrl Pts',(0.,19.5775109606305,7.90850781726257));
#425=CARTESIAN_POINT('Ctrl Pts',(-3.64751096063052,19.5775109606305,7.90850781726257));
#426=CARTESIAN_POINT('Ctrl Pts',(-3.64751096063052,15.93,7.90850781726257));
#427=CARTESIAN_POINT('Ctrl Pts',(-3.64751096063052,12.2824890393695,7.90850781726257));
#428=CARTESIAN_POINT('Ctrl Pts',(0.,12.2824890393695,7.90850781726257));
#429=CARTESIAN_POINT('Ctrl Pts',(0.,12.1165840183041,7.90295436755846));
#430=CARTESIAN_POINT('Ctrl Pts',(3.81341598169591,12.1165840183041,7.90295436755846));
#431=CARTESIAN_POINT('Ctrl Pts',(3.81341598169591,15.93,7.90295436755846));
#432=CARTESIAN_POINT('Ctrl Pts',(3.81341598169591,19.7434159816959,7.90295436755846));
#433=CARTESIAN_POINT('Ctrl Pts',(0.,19.7434159816959,7.90295436755846));
#434=CARTESIAN_POINT('Ctrl Pts',(-3.81341598169591,19.7434159816959,7.90295436755846));
#435=CARTESIAN_POINT('Ctrl Pts',(-3.81341598169591,15.93,7.90295436755846));
#436=CARTESIAN_POINT('Ctrl Pts',(-3.81341598169591,12.1165840183041,7.90295436755846));
#437=CARTESIAN_POINT('Ctrl Pts',(0.,12.1165840183041,7.90295436755846));
#438=CARTESIAN_POINT('Ctrl Pts',(0.,11.950955174885,7.89704969914682));
#439=CARTESIAN_POINT('Ctrl Pts',(3.97904482511496,11.950955174885,7.89704969914682));
#440=CARTESIAN_POINT('Ctrl Pts',(3.97904482511497,15.93,7.89704969914682));
#441=CARTESIAN_POINT('Ctrl Pts',(3.97904482511496,19.909044825115,7.89704969914682));
#442=CARTESIAN_POINT('Ctrl Pts',(0.,19.909044825115,7.89704969914682));
#443=CARTESIAN_POINT('Ctrl Pts',(-3.97904482511496,19.909044825115,7.89704969914682));
#444=CARTESIAN_POINT('Ctrl Pts',(-3.97904482511497,15.93,7.89704969914682));
#445=CARTESIAN_POINT('Ctrl Pts',(-3.97904482511496,11.950955174885,7.89704969914682));
#446=CARTESIAN_POINT('Ctrl Pts',(0.,11.950955174885,7.89704969914682));
#447=CARTESIAN_POINT('Ctrl Pts',(0.,11.7857046260631,7.89045606306812));
#448=CARTESIAN_POINT('Ctrl Pts',(4.14429537393687,11.7857046260631,7.89045606306812));
#449=CARTESIAN_POINT('Ctrl Pts',(4.14429537393687,15.93,7.89045606306812));
#450=CARTESIAN_POINT('Ctrl Pts',(4.14429537393687,20.0742953739369,7.89045606306812));
#451=CARTESIAN_POINT('Ctrl Pts',(0.,20.0742953739369,7.89045606306812));
#452=CARTESIAN_POINT('Ctrl Pts',(-4.14429537393687,20.0742953739369,7.89045606306812));
#453=CARTESIAN_POINT('Ctrl Pts',(-4.14429537393687,15.93,7.89045606306812));
#454=CARTESIAN_POINT('Ctrl Pts',(-4.14429537393687,11.7857046260631,7.89045606306812));
#455=CARTESIAN_POINT('Ctrl Pts',(0.,11.7857046260631,7.89045606306812));
#456=CARTESIAN_POINT('Ctrl Pts',(0.,11.6208590371007,7.88301674012233));
#457=CARTESIAN_POINT('Ctrl Pts',(4.30914096289934,11.6208590371007,7.88301674012233));
#458=CARTESIAN_POINT('Ctrl Pts',(4.30914096289934,15.93,7.88301674012233));
#459=CARTESIAN_POINT('Ctrl Pts',(4.30914096289934,20.2391409628993,7.88301674012233));
#460=CARTESIAN_POINT('Ctrl Pts',(0.,20.2391409628993,7.88301674012233));
#461=CARTESIAN_POINT('Ctrl Pts',(-4.30914096289934,20.2391409628993,7.88301674012233));
#462=CARTESIAN_POINT('Ctrl Pts',(-4.30914096289934,15.93,7.88301674012233));
#463=CARTESIAN_POINT('Ctrl Pts',(-4.30914096289934,11.6208590371007,7.88301674012233));
#464=CARTESIAN_POINT('Ctrl Pts',(0.,11.6208590371007,7.88301674012233));
#465=CARTESIAN_POINT('Ctrl Pts',(0.,11.4563300003063,7.87489050536455));
#466=CARTESIAN_POINT('Ctrl Pts',(4.4736699996937,11.4563300003063,7.87489050536455));
#467=CARTESIAN_POINT('Ctrl Pts',(4.4736699996937,15.93,7.87489050536455));
#468=CARTESIAN_POINT('Ctrl Pts',(4.4736699996937,20.4036699996937,7.87489050536455));
#469=CARTESIAN_POINT('Ctrl Pts',(0.,20.4036699996937,7.87489050536455));
#470=CARTESIAN_POINT('Ctrl Pts',(-4.4736699996937,20.4036699996937,7.87489050536455));
#471=CARTESIAN_POINT('Ctrl Pts',(-4.4736699996937,15.93,7.87489050536455));
#472=CARTESIAN_POINT('Ctrl Pts',(-4.4736699996937,11.4563300003063,7.87489050536455));
#473=CARTESIAN_POINT('Ctrl Pts',(0.,11.4563300003063,7.87489050536455));
#474=CARTESIAN_POINT('Ctrl Pts',(0.,11.2919539493826,7.86642524973696));
#475=CARTESIAN_POINT('Ctrl Pts',(4.63804605061736,11.2919539493826,7.86642524973696));
#476=CARTESIAN_POINT('Ctrl Pts',(4.63804605061736,15.93,7.86642524973696));
#477=CARTESIAN_POINT('Ctrl Pts',(4.63804605061736,20.5680460506174,7.86642524973696));
#478=CARTESIAN_POINT('Ctrl Pts',(0.,20.5680460506174,7.86642524973696));
#479=CARTESIAN_POINT('Ctrl Pts',(-4.63804605061736,20.5680460506174,7.86642524973696));
#480=CARTESIAN_POINT('Ctrl Pts',(-4.63804605061736,15.93,7.86642524973696));
#481=CARTESIAN_POINT('Ctrl Pts',(-4.63804605061736,11.2919539493826,7.86642524973696));
#482=CARTESIAN_POINT('Ctrl Pts',(0.,11.2919539493826,7.86642524973696));
#483=CARTESIAN_POINT('Ctrl Pts',(0.,11.1275346403074,7.85802323340681));
#484=CARTESIAN_POINT('Ctrl Pts',(4.80246535969262,11.1275346403074,7.85802323340681));
#485=CARTESIAN_POINT('Ctrl Pts',(4.80246535969262,15.93,7.85802323340681));
#486=CARTESIAN_POINT('Ctrl Pts',(4.80246535969262,20.7324653596926,7.85802323340681));
#487=CARTESIAN_POINT('Ctrl Pts',(0.,20.7324653596926,7.85802323340681));
#488=CARTESIAN_POINT('Ctrl Pts',(-4.80246535969262,20.7324653596926,7.85802323340681));
#489=CARTESIAN_POINT('Ctrl Pts',(-4.80246535969262,15.93,7.85802323340681));
#490=CARTESIAN_POINT('Ctrl Pts',(-4.80246535969262,11.1275346403074,7.85802323340681));
#491=CARTESIAN_POINT('Ctrl Pts',(0.,11.1275346403074,7.85802323340681));
#492=CARTESIAN_POINT('Ctrl Pts',(0.,10.9628847870193,7.85000889631507));
#493=CARTESIAN_POINT('Ctrl Pts',(4.9671152129807,10.9628847870193,7.85000889631507));
#494=CARTESIAN_POINT('Ctrl Pts',(4.96711521298071,15.93,7.85000889631507));
#495=CARTESIAN_POINT('Ctrl Pts',(4.9671152129807,20.8971152129807,7.85000889631507));
#496=CARTESIAN_POINT('Ctrl Pts',(0.,20.8971152129807,7.85000889631507));
#497=CARTESIAN_POINT('Ctrl Pts',(-4.9671152129807,20.8971152129807,7.85000889631507));
#498=CARTESIAN_POINT('Ctrl Pts',(-4.96711521298071,15.93,7.85000889631507));
#499=CARTESIAN_POINT('Ctrl Pts',(-4.9671152129807,10.9628847870193,7.85000889631507));
#500=CARTESIAN_POINT('Ctrl Pts',(0.,10.9628847870193,7.85000889631507));
#501=CARTESIAN_POINT('Ctrl Pts',(0.,10.7978677842138,7.84249684647896));
#502=CARTESIAN_POINT('Ctrl Pts',(5.13213221578623,10.7978677842138,7.84249684647896));
#503=CARTESIAN_POINT('Ctrl Pts',(5.13213221578623,15.93,7.84249684647896));
#504=CARTESIAN_POINT('Ctrl Pts',(5.13213221578623,21.0621322157862,7.84249684647896));
#505=CARTESIAN_POINT('Ctrl Pts',(0.,21.0621322157862,7.84249684647896));
#506=CARTESIAN_POINT('Ctrl Pts',(-5.13213221578623,21.0621322157862,7.84249684647896));
#507=CARTESIAN_POINT('Ctrl Pts',(-5.13213221578623,15.93,7.84249684647896));
#508=CARTESIAN_POINT('Ctrl Pts',(-5.13213221578623,10.7978677842138,7.84249684647896));
#509=CARTESIAN_POINT('Ctrl Pts',(0.,10.7978677842138,7.84249684647896));
#510=CARTESIAN_POINT('Ctrl Pts',(0.,10.6324401501744,7.83525619015104));
#511=CARTESIAN_POINT('Ctrl Pts',(5.2975598498256,10.6324401501744,7.83525619015104));
#512=CARTESIAN_POINT('Ctrl Pts',(5.2975598498256,15.93,7.83525619015104));
#513=CARTESIAN_POINT('Ctrl Pts',(5.2975598498256,21.2275598498256,7.83525619015104));
#514=CARTESIAN_POINT('Ctrl Pts',(0.,21.2275598498256,7.83525619015104));
#515=CARTESIAN_POINT('Ctrl Pts',(-5.2975598498256,21.2275598498256,7.83525619015104));
#516=CARTESIAN_POINT('Ctrl Pts',(-5.2975598498256,15.93,7.83525619015104));
#517=CARTESIAN_POINT('Ctrl Pts',(-5.2975598498256,10.6324401501744,7.83525619015104));
#518=CARTESIAN_POINT('Ctrl Pts',(0.,10.6324401501744,7.83525619015104));
#519=CARTESIAN_POINT('Ctrl Pts',(0.,10.4666350651506,7.82784811198602));
#520=CARTESIAN_POINT('Ctrl Pts',(5.46336493484944,10.4666350651506,7.82784811198602));
#521=CARTESIAN_POINT('Ctrl Pts',(5.46336493484944,15.93,7.82784811198602));
#522=CARTESIAN_POINT('Ctrl Pts',(5.46336493484944,21.3933649348494,7.82784811198602));
#523=CARTESIAN_POINT('Ctrl Pts',(0.,21.3933649348494,7.82784811198602));
#524=CARTESIAN_POINT('Ctrl Pts',(-5.46336493484944,21.3933649348494,7.82784811198602));
#525=CARTESIAN_POINT('Ctrl Pts',(-5.46336493484944,15.93,7.82784811198602));
#526=CARTESIAN_POINT('Ctrl Pts',(-5.46336493484944,10.4666350651506,7.82784811198602));
#527=CARTESIAN_POINT('Ctrl Pts',(0.,10.4666350651506,7.82784811198602));
#528=CARTESIAN_POINT('Ctrl Pts',(0.,10.3005449667645,7.81976732756867));
#529=CARTESIAN_POINT('Ctrl Pts',(5.62945503323553,10.3005449667645,7.81976732756867));
#530=CARTESIAN_POINT('Ctrl Pts',(5.62945503323553,15.93,7.81976732756867));
#531=CARTESIAN_POINT('Ctrl Pts',(5.62945503323553,21.5594550332355,7.81976732756867));
#532=CARTESIAN_POINT('Ctrl Pts',(0.,21.5594550332355,7.81976732756867));
#533=CARTESIAN_POINT('Ctrl Pts',(-5.62945503323553,21.5594550332355,7.81976732756867));
#534=CARTESIAN_POINT('Ctrl Pts',(-5.62945503323553,15.93,7.81976732756867));
#535=CARTESIAN_POINT('Ctrl Pts',(-5.62945503323553,10.3005449667645,7.81976732756867));
#536=CARTESIAN_POINT('Ctrl Pts',(0.,10.3005449667645,7.81976732756867));
#537=CARTESIAN_POINT('Ctrl Pts',(0.,10.1343045581421,7.81058288483621));
#538=CARTESIAN_POINT('Ctrl Pts',(5.79569544185792,10.1343045581421,7.81058288483621));
#539=CARTESIAN_POINT('Ctrl Pts',(5.79569544185792,15.93,7.81058288483621));
#540=CARTESIAN_POINT('Ctrl Pts',(5.79569544185792,21.7256954418579,7.81058288483621));
#541=CARTESIAN_POINT('Ctrl Pts',(0.,21.7256954418579,7.81058288483621));
#542=CARTESIAN_POINT('Ctrl Pts',(-5.79569544185792,21.7256954418579,7.81058288483621));
#543=CARTESIAN_POINT('Ctrl Pts',(-5.79569544185792,15.93,7.81058288483621));
#544=CARTESIAN_POINT('Ctrl Pts',(-5.79569544185792,10.1343045581421,7.81058288483621));
#545=CARTESIAN_POINT('Ctrl Pts',(0.,10.1343045581421,7.81058288483621));
#546=CARTESIAN_POINT('Ctrl Pts',(0.,9.96807358848234,7.80007734598243));
#547=CARTESIAN_POINT('Ctrl Pts',(5.96192641151766,9.96807358848234,7.80007734598243));
#548=CARTESIAN_POINT('Ctrl Pts',(5.96192641151766,15.93,7.80007734598243));
#549=CARTESIAN_POINT('Ctrl Pts',(5.96192641151766,21.8919264115177,7.80007734598243));
#550=CARTESIAN_POINT('Ctrl Pts',(0.,21.8919264115177,7.80007734598243));
#551=CARTESIAN_POINT('Ctrl Pts',(-5.96192641151766,21.8919264115177,7.80007734598243));
#552=CARTESIAN_POINT('Ctrl Pts',(-5.96192641151766,15.93,7.80007734598243));
#553=CARTESIAN_POINT('Ctrl Pts',(-5.96192641151766,9.96807358848234,7.80007734598243));
#554=CARTESIAN_POINT('Ctrl Pts',(0.,9.96807358848234,7.80007734598243));
#555=CARTESIAN_POINT('Ctrl Pts',(0.,9.80201994826299,7.78839196998977));
#556=CARTESIAN_POINT('Ctrl Pts',(6.12798005173701,9.80201994826299,7.78839196998977));
#557=CARTESIAN_POINT('Ctrl Pts',(6.12798005173701,15.93,7.78839196998977));
#558=CARTESIAN_POINT('Ctrl Pts',(6.12798005173701,22.057980051737,7.78839196998977));
#559=CARTESIAN_POINT('Ctrl Pts',(0.,22.057980051737,7.78839196998977));
#560=CARTESIAN_POINT('Ctrl Pts',(-6.12798005173701,22.057980051737,7.78839196998977));
#561=CARTESIAN_POINT('Ctrl Pts',(-6.12798005173701,15.93,7.78839196998977));
#562=CARTESIAN_POINT('Ctrl Pts',(-6.12798005173701,9.80201994826299,7.78839196998977));
#563=CARTESIAN_POINT('Ctrl Pts',(0.,9.80201994826299,7.78839196998977));
#564=CARTESIAN_POINT('Ctrl Pts',(0.,9.6362936425089,7.7759010765666));
#565=CARTESIAN_POINT('Ctrl Pts',(6.2937063574911,9.6362936425089,7.7759010765666));
#566=CARTESIAN_POINT('Ctrl Pts',(6.2937063574911,15.93,7.7759010765666));
#567=CARTESIAN_POINT('Ctrl Pts',(6.2937063574911,22.2237063574911,7.7759010765666));
#568=CARTESIAN_POINT('Ctrl Pts',(0.,22.2237063574911,7.7759010765666));
#569=CARTESIAN_POINT('Ctrl Pts',(-6.2937063574911,22.2237063574911,7.7759010765666));
#570=CARTESIAN_POINT('Ctrl Pts',(-6.2937063574911,15.93,7.7759010765666));
#571=CARTESIAN_POINT('Ctrl Pts',(-6.2937063574911,9.6362936425089,7.7759010765666));
#572=CARTESIAN_POINT('Ctrl Pts',(0.,9.6362936425089,7.7759010765666));
#573=CARTESIAN_POINT('Ctrl Pts',(0.,9.47100075765135,7.76308042504309));
#574=CARTESIAN_POINT('Ctrl Pts',(6.45899924234865,9.47100075765135,7.76308042504309));
#575=CARTESIAN_POINT('Ctrl Pts',(6.45899924234865,15.93,7.76308042504309));
#576=CARTESIAN_POINT('Ctrl Pts',(6.45899924234865,22.3889992423486,7.76308042504309));
#577=CARTESIAN_POINT('Ctrl Pts',(0.,22.3889992423486,7.76308042504309));
#578=CARTESIAN_POINT('Ctrl Pts',(-6.45899924234865,22.3889992423486,7.76308042504309));
#579=CARTESIAN_POINT('Ctrl Pts',(-6.45899924234865,15.93,7.76308042504309));
#580=CARTESIAN_POINT('Ctrl Pts',(-6.45899924234865,9.47100075765135,7.76308042504309));
#581=CARTESIAN_POINT('Ctrl Pts',(0.,9.47100075765135,7.76308042504309));
#582=CARTESIAN_POINT('Ctrl Pts',(0.,9.30617701146935,7.75037685401271));
#583=CARTESIAN_POINT('Ctrl Pts',(6.62382298853065,9.30617701146936,7.75037685401271));
#584=CARTESIAN_POINT('Ctrl Pts',(6.62382298853065,15.93,7.75037685401271));
#585=CARTESIAN_POINT('Ctrl Pts',(6.62382298853065,22.5538229885306,7.75037685401271));
#586=CARTESIAN_POINT('Ctrl Pts',(0.,22.5538229885306,7.75037685401271));
#587=CARTESIAN_POINT('Ctrl Pts',(-6.62382298853065,22.5538229885306,7.75037685401271));
#588=CARTESIAN_POINT('Ctrl Pts',(-6.62382298853065,15.93,7.75037685401271));
#589=CARTESIAN_POINT('Ctrl Pts',(-6.62382298853065,9.30617701146936,7.75037685401271));
#590=CARTESIAN_POINT('Ctrl Pts',(0.,9.30617701146935,7.75037685401271));
#591=CARTESIAN_POINT('Ctrl Pts',(0.,9.14176237036482,7.7380797047478));
#592=CARTESIAN_POINT('Ctrl Pts',(6.78823762963518,9.14176237036482,7.7380797047478));
#593=CARTESIAN_POINT('Ctrl Pts',(6.78823762963518,15.93,7.7380797047478));
#594=CARTESIAN_POINT('Ctrl Pts',(6.78823762963518,22.7182376296352,7.7380797047478));
#595=CARTESIAN_POINT('Ctrl Pts',(0.,22.7182376296352,7.7380797047478));
#596=CARTESIAN_POINT('Ctrl Pts',(-6.78823762963518,22.7182376296352,7.7380797047478));
#597=CARTESIAN_POINT('Ctrl Pts',(-6.78823762963518,15.93,7.7380797047478));
#598=CARTESIAN_POINT('Ctrl Pts',(-6.78823762963518,9.14176237036482,7.7380797047478));
#599=CARTESIAN_POINT('Ctrl Pts',(0.,9.14176237036482,7.7380797047478));
#600=CARTESIAN_POINT('Ctrl Pts',(0.,8.97757265802286,7.72618512142113));
#601=CARTESIAN_POINT('Ctrl Pts',(6.95242734197714,8.97757265802286,7.72618512142113));
#602=CARTESIAN_POINT('Ctrl Pts',(6.95242734197714,15.93,7.72618512142113));
#603=CARTESIAN_POINT('Ctrl Pts',(6.95242734197714,22.8824273419771,7.72618512142113));
#604=CARTESIAN_POINT('Ctrl Pts',(0.,22.8824273419771,7.72618512142113));
#605=CARTESIAN_POINT('Ctrl Pts',(-6.95242734197714,22.8824273419771,7.72618512142113));
#606=CARTESIAN_POINT('Ctrl Pts',(-6.95242734197714,15.93,7.72618512142113));
#607=CARTESIAN_POINT('Ctrl Pts',(-6.95242734197714,8.97757265802286,7.72618512142113));
#608=CARTESIAN_POINT('Ctrl Pts',(0.,8.97757265802286,7.72618512142113));
#609=CARTESIAN_POINT('Ctrl Pts',(0.,8.81336113715387,7.71448772956945));
#610=CARTESIAN_POINT('Ctrl Pts',(7.11663886284612,8.81336113715388,7.71448772956945));
#611=CARTESIAN_POINT('Ctrl Pts',(7.11663886284613,15.93,7.71448772956945));
#612=CARTESIAN_POINT('Ctrl Pts',(7.11663886284612,23.0466388628461,7.71448772956945));
#613=CARTESIAN_POINT('Ctrl Pts',(0.,23.0466388628461,7.71448772956945));
#614=CARTESIAN_POINT('Ctrl Pts',(-7.11663886284612,23.0466388628461,7.71448772956945));
#615=CARTESIAN_POINT('Ctrl Pts',(-7.11663886284613,15.93,7.71448772956945));
#616=CARTESIAN_POINT('Ctrl Pts',(-7.11663886284612,8.81336113715388,7.71448772956945));
#617=CARTESIAN_POINT('Ctrl Pts',(0.,8.81336113715387,7.71448772956945));
#618=CARTESIAN_POINT('Ctrl Pts',(0.,8.64888310183146,7.70268028643402));
#619=CARTESIAN_POINT('Ctrl Pts',(7.28111689816854,8.64888310183147,7.70268028643402));
#620=CARTESIAN_POINT('Ctrl Pts',(7.28111689816854,15.93,7.70268028643402));
#621=CARTESIAN_POINT('Ctrl Pts',(7.28111689816854,23.2111168981685,7.70268028643402));
#622=CARTESIAN_POINT('Ctrl Pts',(0.,23.2111168981685,7.70268028643402));
#623=CARTESIAN_POINT('Ctrl Pts',(-7.28111689816854,23.2111168981685,7.70268028643402));
#624=CARTESIAN_POINT('Ctrl Pts',(-7.28111689816854,15.93,7.70268028643402));
#625=CARTESIAN_POINT('Ctrl Pts',(-7.28111689816854,8.64888310183147,7.70268028643402));
#626=CARTESIAN_POINT('Ctrl Pts',(0.,8.64888310183146,7.70268028643402));
#627=CARTESIAN_POINT('Ctrl Pts',(0.,8.48395976924533,7.69045080819649));
#628=CARTESIAN_POINT('Ctrl Pts',(7.44604023075467,8.48395976924533,7.69045080819649));
#629=CARTESIAN_POINT('Ctrl Pts',(7.44604023075467,15.93,7.69045080819649));
#630=CARTESIAN_POINT('Ctrl Pts',(7.44604023075467,23.3760402307547,7.69045080819649));
#631=CARTESIAN_POINT('Ctrl Pts',(0.,23.3760402307547,7.69045080819649));
#632=CARTESIAN_POINT('Ctrl Pts',(-7.44604023075467,23.3760402307547,7.69045080819649));
#633=CARTESIAN_POINT('Ctrl Pts',(-7.44604023075467,15.93,7.69045080819649));
#634=CARTESIAN_POINT('Ctrl Pts',(-7.44604023075467,8.48395976924533,7.69045080819649));
#635=CARTESIAN_POINT('Ctrl Pts',(0.,8.48395976924533,7.69045080819649));
#636=CARTESIAN_POINT('Ctrl Pts',(0.,8.3185415523326,7.67757969254671));
#637=CARTESIAN_POINT('Ctrl Pts',(7.6114584476674,8.3185415523326,7.67757969254671));
#638=CARTESIAN_POINT('Ctrl Pts',(7.6114584476674,15.93,7.67757969254671));
#639=CARTESIAN_POINT('Ctrl Pts',(7.6114584476674,23.5414584476674,7.67757969254671));
#640=CARTESIAN_POINT('Ctrl Pts',(0.,23.5414584476674,7.67757969254671));
#641=CARTESIAN_POINT('Ctrl Pts',(-7.6114584476674,23.5414584476674,7.67757969254671));
#642=CARTESIAN_POINT('Ctrl Pts',(-7.6114584476674,15.93,7.67757969254671));
#643=CARTESIAN_POINT('Ctrl Pts',(-7.6114584476674,8.3185415523326,7.67757969254671));
#644=CARTESIAN_POINT('Ctrl Pts',(0.,8.3185415523326,7.67757969254671));
#645=CARTESIAN_POINT('Ctrl Pts',(0.,8.15277421301203,7.6640397599786));
#646=CARTESIAN_POINT('Ctrl Pts',(7.77722578698797,8.15277421301203,7.6640397599786));
#647=CARTESIAN_POINT('Ctrl Pts',(7.77722578698797,15.93,7.6640397599786));
#648=CARTESIAN_POINT('Ctrl Pts',(7.77722578698797,23.707225786988,7.6640397599786));
#649=CARTESIAN_POINT('Ctrl Pts',(0.,23.707225786988,7.6640397599786));
#650=CARTESIAN_POINT('Ctrl Pts',(-7.77722578698797,23.707225786988,7.6640397599786));
#651=CARTESIAN_POINT('Ctrl Pts',(-7.77722578698797,15.93,7.6640397599786));
#652=CARTESIAN_POINT('Ctrl Pts',(-7.77722578698797,8.15277421301203,7.6640397599786));
#653=CARTESIAN_POINT('Ctrl Pts',(0.,8.15277421301203,7.6640397599786));
#654=CARTESIAN_POINT('Ctrl Pts',(0.,7.98691846329704,7.64993009274208));
#655=CARTESIAN_POINT('Ctrl Pts',(7.94308153670296,7.98691846329704,7.64993009274208));
#656=CARTESIAN_POINT('Ctrl Pts',(7.94308153670296,15.93,7.64993009274208));
#657=CARTESIAN_POINT('Ctrl Pts',(7.94308153670296,23.873081536703,7.64993009274208));
#658=CARTESIAN_POINT('Ctrl Pts',(0.,23.873081536703,7.64993009274208));
#659=CARTESIAN_POINT('Ctrl Pts',(-7.94308153670296,23.873081536703,7.64993009274208));
#660=CARTESIAN_POINT('Ctrl Pts',(-7.94308153670296,15.93,7.64993009274208));
#661=CARTESIAN_POINT('Ctrl Pts',(-7.94308153670296,7.98691846329704,7.64993009274208));
#662=CARTESIAN_POINT('Ctrl Pts',(0.,7.98691846329704,7.64993009274208));
#663=CARTESIAN_POINT('Ctrl Pts',(0.,7.82126678861665,7.63540651958402));
#664=CARTESIAN_POINT('Ctrl Pts',(8.10873321138334,7.82126678861666,7.63540651958402));
#665=CARTESIAN_POINT('Ctrl Pts',(8.10873321138335,15.93,7.63540651958402));
#666=CARTESIAN_POINT('Ctrl Pts',(8.10873321138334,24.0387332113833,7.63540651958402));
#667=CARTESIAN_POINT('Ctrl Pts',(0.,24.0387332113833,7.63540651958402));
#668=CARTESIAN_POINT('Ctrl Pts',(-8.10873321138334,24.0387332113833,7.63540651958402));
#669=CARTESIAN_POINT('Ctrl Pts',(-8.10873321138335,15.93,7.63540651958402));
#670=CARTESIAN_POINT('Ctrl Pts',(-8.10873321138334,7.82126678861666,7.63540651958402));
#671=CARTESIAN_POINT('Ctrl Pts',(0.,7.82126678861665,7.63540651958402));
#672=CARTESIAN_POINT('Ctrl Pts',(0.,7.65606058094737,7.6206128150513));
#673=CARTESIAN_POINT('Ctrl Pts',(8.27393941905263,7.65606058094737,7.6206128150513));
#674=CARTESIAN_POINT('Ctrl Pts',(8.27393941905263,15.93,7.6206128150513));
#675=CARTESIAN_POINT('Ctrl Pts',(8.27393941905263,24.2039394190526,7.6206128150513));
#676=CARTESIAN_POINT('Ctrl Pts',(0.,24.2039394190526,7.6206128150513));
#677=CARTESIAN_POINT('Ctrl Pts',(-8.27393941905263,24.2039394190526,7.6206128150513));
#678=CARTESIAN_POINT('Ctrl Pts',(-8.27393941905263,15.93,7.6206128150513));
#679=CARTESIAN_POINT('Ctrl Pts',(-8.27393941905263,7.65606058094737,7.6206128150513));
#680=CARTESIAN_POINT('Ctrl Pts',(0.,7.65606058094737,7.6206128150513));
#681=CARTESIAN_POINT('Ctrl Pts',(0.,7.49140882738093,7.60561288988686));
#682=CARTESIAN_POINT('Ctrl Pts',(8.43859117261907,7.49140882738093,7.60561288988686));
#683=CARTESIAN_POINT('Ctrl Pts',(8.43859117261907,15.93,7.60561288988686));
#684=CARTESIAN_POINT('Ctrl Pts',(8.43859117261907,24.3685911726191,7.60561288988686));
#685=CARTESIAN_POINT('Ctrl Pts',(0.,24.3685911726191,7.60561288988686));
#686=CARTESIAN_POINT('Ctrl Pts',(-8.43859117261907,24.3685911726191,7.60561288988686));
#687=CARTESIAN_POINT('Ctrl Pts',(-8.43859117261907,15.93,7.60561288988686));
#688=CARTESIAN_POINT('Ctrl Pts',(-8.43859117261907,7.49140882738093,7.60561288988686));
#689=CARTESIAN_POINT('Ctrl Pts',(0.,7.49140882738093,7.60561288988686));
#690=CARTESIAN_POINT('Ctrl Pts',(0.,7.32720144957078,7.59031901503757));
#691=CARTESIAN_POINT('Ctrl Pts',(8.60279855042922,7.32720144957078,7.59031901503757));
#692=CARTESIAN_POINT('Ctrl Pts',(8.60279855042922,15.93,7.59031901503757));
#693=CARTESIAN_POINT('Ctrl Pts',(8.60279855042922,24.5327985504292,7.59031901503757));
#694=CARTESIAN_POINT('Ctrl Pts',(0.,24.5327985504292,7.59031901503757));
#695=CARTESIAN_POINT('Ctrl Pts',(-8.60279855042922,24.5327985504292,7.59031901503757));
#696=CARTESIAN_POINT('Ctrl Pts',(-8.60279855042922,15.93,7.59031901503757));
#697=CARTESIAN_POINT('Ctrl Pts',(-8.60279855042922,7.32720144957078,7.59031901503757));
#698=CARTESIAN_POINT('Ctrl Pts',(0.,7.32720144957078,7.59031901503757));
#699=CARTESIAN_POINT('Ctrl Pts',(0.,7.16319159992912,7.57454837760846));
#700=CARTESIAN_POINT('Ctrl Pts',(8.76680840007088,7.16319159992912,7.57454837760846));
#701=CARTESIAN_POINT('Ctrl Pts',(8.76680840007088,15.93,7.57454837760846));
#702=CARTESIAN_POINT('Ctrl Pts',(8.76680840007088,24.6968084000709,7.57454837760846));
#703=CARTESIAN_POINT('Ctrl Pts',(0.,24.6968084000709,7.57454837760846));
#704=CARTESIAN_POINT('Ctrl Pts',(-8.76680840007088,24.6968084000709,7.57454837760846));
#705=CARTESIAN_POINT('Ctrl Pts',(-8.76680840007088,15.93,7.57454837760846));
#706=CARTESIAN_POINT('Ctrl Pts',(-8.76680840007088,7.16319159992912,7.57454837760846));
#707=CARTESIAN_POINT('Ctrl Pts',(0.,7.16319159992912,7.57454837760846));
#708=CARTESIAN_POINT('Ctrl Pts',(0.,6.99908366920098,7.55808402542177));
#709=CARTESIAN_POINT('Ctrl Pts',(8.93091633079902,6.99908366920098,7.55808402542177));
#710=CARTESIAN_POINT('Ctrl Pts',(8.93091633079902,15.93,7.55808402542177));
#711=CARTESIAN_POINT('Ctrl Pts',(8.93091633079902,24.860916330799,7.55808402542177));
#712=CARTESIAN_POINT('Ctrl Pts',(0.,24.860916330799,7.55808402542177));
#713=CARTESIAN_POINT('Ctrl Pts',(-8.93091633079902,24.860916330799,7.55808402542177));
#714=CARTESIAN_POINT('Ctrl Pts',(-8.93091633079902,15.93,7.55808402542177));
#715=CARTESIAN_POINT('Ctrl Pts',(-8.93091633079902,6.99908366920098,7.55808402542177));
#716=CARTESIAN_POINT('Ctrl Pts',(0.,6.99908366920098,7.55808402542177));
#717=CARTESIAN_POINT('Ctrl Pts',(0.,6.83461970229771,7.54073452724428));
#718=CARTESIAN_POINT('Ctrl Pts',(9.09538029770229,6.83461970229771,7.54073452724428));
#719=CARTESIAN_POINT('Ctrl Pts',(9.09538029770229,15.93,7.54073452724428));
#720=CARTESIAN_POINT('Ctrl Pts',(9.09538029770229,25.0253802977023,7.54073452724428));
#721=CARTESIAN_POINT('Ctrl Pts',(0.,25.0253802977023,7.54073452724428));
#722=CARTESIAN_POINT('Ctrl Pts',(-9.09538029770229,25.0253802977023,7.54073452724428));
#723=CARTESIAN_POINT('Ctrl Pts',(-9.09538029770229,15.93,7.54073452724428));
#724=CARTESIAN_POINT('Ctrl Pts',(-9.09538029770229,6.83461970229771,7.54073452724428));
#725=CARTESIAN_POINT('Ctrl Pts',(0.,6.83461970229771,7.54073452724428));
#726=CARTESIAN_POINT('Ctrl Pts',(0.,6.66966526396182,7.52239338091692));
#727=CARTESIAN_POINT('Ctrl Pts',(9.26033473603817,6.66966526396183,7.52239338091692));
#728=CARTESIAN_POINT('Ctrl Pts',(9.26033473603818,15.93,7.52239338091692));
#729=CARTESIAN_POINT('Ctrl Pts',(9.26033473603817,25.1903347360382,7.52239338091692));
#730=CARTESIAN_POINT('Ctrl Pts',(0.,25.1903347360382,7.52239338091692));
#731=CARTESIAN_POINT('Ctrl Pts',(-9.26033473603817,25.1903347360382,7.52239338091692));
#732=CARTESIAN_POINT('Ctrl Pts',(-9.26033473603818,15.93,7.52239338091692));
#733=CARTESIAN_POINT('Ctrl Pts',(-9.26033473603817,6.66966526396183,7.52239338091692));
#734=CARTESIAN_POINT('Ctrl Pts',(0.,6.66966526396182,7.52239338091692));
#735=CARTESIAN_POINT('Ctrl Pts',(0.,6.5042989413184,7.50310074705946));
#736=CARTESIAN_POINT('Ctrl Pts',(9.4257010586816,6.5042989413184,7.50310074705946));
#737=CARTESIAN_POINT('Ctrl Pts',(9.42570105868161,15.93,7.50310074705946));
#738=CARTESIAN_POINT('Ctrl Pts',(9.4257010586816,25.3557010586816,7.50310074705946));
#739=CARTESIAN_POINT('Ctrl Pts',(0.,25.3557010586816,7.50310074705946));
#740=CARTESIAN_POINT('Ctrl Pts',(-9.4257010586816,25.3557010586816,7.50310074705946));
#741=CARTESIAN_POINT('Ctrl Pts',(-9.42570105868161,15.93,7.50310074705946));
#742=CARTESIAN_POINT('Ctrl Pts',(-9.4257010586816,6.5042989413184,7.50310074705946));
#743=CARTESIAN_POINT('Ctrl Pts',(0.,6.5042989413184,7.50310074705946));
#744=CARTESIAN_POINT('Ctrl Pts',(0.,6.33873724502764,7.48299727798383));
#745=CARTESIAN_POINT('Ctrl Pts',(9.59126275497236,6.33873724502764,7.48299727798383));
#746=CARTESIAN_POINT('Ctrl Pts',(9.59126275497236,15.93,7.48299727798383));
#747=CARTESIAN_POINT('Ctrl Pts',(9.59126275497236,25.5212627549724,7.48299727798383));
#748=CARTESIAN_POINT('Ctrl Pts',(0.,25.5212627549724,7.48299727798383));
#749=CARTESIAN_POINT('Ctrl Pts',(-9.59126275497236,25.5212627549724,7.48299727798383));
#750=CARTESIAN_POINT('Ctrl Pts',(-9.59126275497236,15.93,7.48299727798383));
#751=CARTESIAN_POINT('Ctrl Pts',(-9.59126275497236,6.33873724502764,7.48299727798383));
#752=CARTESIAN_POINT('Ctrl Pts',(0.,6.33873724502764,7.48299727798383));
#753=CARTESIAN_POINT('Ctrl Pts',(0.,6.17325570994271,7.46227534846567));
#754=CARTESIAN_POINT('Ctrl Pts',(9.75674429005729,6.17325570994271,7.46227534846567));
#755=CARTESIAN_POINT('Ctrl Pts',(9.75674429005729,15.93,7.46227534846567));
#756=CARTESIAN_POINT('Ctrl Pts',(9.75674429005729,25.6867442900573,7.46227534846567));
#757=CARTESIAN_POINT('Ctrl Pts',(0.,25.6867442900573,7.46227534846567));
#758=CARTESIAN_POINT('Ctrl Pts',(-9.75674429005729,25.6867442900573,7.46227534846567));
#759=CARTESIAN_POINT('Ctrl Pts',(-9.75674429005729,15.93,7.46227534846567));
#760=CARTESIAN_POINT('Ctrl Pts',(-9.75674429005729,6.17325570994271,7.46227534846567));
#761=CARTESIAN_POINT('Ctrl Pts',(0.,6.17325570994271,7.46227534846567));
#762=CARTESIAN_POINT('Ctrl Pts',(0.,6.00811062038622,7.44113093952319));
#763=CARTESIAN_POINT('Ctrl Pts',(9.92188937961378,6.00811062038622,7.44113093952319));
#764=CARTESIAN_POINT('Ctrl Pts',(9.92188937961378,15.93,7.44113093952319));
#765=CARTESIAN_POINT('Ctrl Pts',(9.92188937961378,25.8518893796138,7.44113093952319));
#766=CARTESIAN_POINT('Ctrl Pts',(0.,25.8518893796138,7.44113093952319));
#767=CARTESIAN_POINT('Ctrl Pts',(-9.92188937961378,25.8518893796138,7.44113093952319));
#768=CARTESIAN_POINT('Ctrl Pts',(-9.92188937961378,15.93,7.44113093952319));
#769=CARTESIAN_POINT('Ctrl Pts',(-9.92188937961378,6.00811062038622,7.44113093952319));
#770=CARTESIAN_POINT('Ctrl Pts',(0.,6.00811062038622,7.44113093952319));
#771=CARTESIAN_POINT('Ctrl Pts',(0.,5.84346234073541,7.41971602605029));
#772=CARTESIAN_POINT('Ctrl Pts',(10.0865376592646,5.84346234073542,7.41971602605029));
#773=CARTESIAN_POINT('Ctrl Pts',(10.0865376592646,15.93,7.41971602605029));
#774=CARTESIAN_POINT('Ctrl Pts',(10.0865376592646,26.0165376592646,7.41971602605029));
#775=CARTESIAN_POINT('Ctrl Pts',(0.,26.0165376592646,7.41971602605029));
#776=CARTESIAN_POINT('Ctrl Pts',(-10.0865376592646,26.0165376592646,7.41971602605029));
#777=CARTESIAN_POINT('Ctrl Pts',(-10.0865376592646,15.93,7.41971602605029));
#778=CARTESIAN_POINT('Ctrl Pts',(-10.0865376592646,5.84346234073542,7.41971602605029));
#779=CARTESIAN_POINT('Ctrl Pts',(0.,5.84346234073541,7.41971602605029));
#780=CARTESIAN_POINT('Ctrl Pts',(0.,5.6792928553842,7.39808863796958));
#781=CARTESIAN_POINT('Ctrl Pts',(10.2507071446158,5.6792928553842,7.39808863796958));
#782=CARTESIAN_POINT('Ctrl Pts',(10.2507071446158,15.93,7.39808863796958));
#783=CARTESIAN_POINT('Ctrl Pts',(10.2507071446158,26.1807071446158,7.39808863796958));
#784=CARTESIAN_POINT('Ctrl Pts',(0.,26.1807071446158,7.39808863796958));
#785=CARTESIAN_POINT('Ctrl Pts',(-10.2507071446158,26.1807071446158,7.39808863796958));
#786=CARTESIAN_POINT('Ctrl Pts',(-10.2507071446158,15.93,7.39808863796958));
#787=CARTESIAN_POINT('Ctrl Pts',(-10.2507071446158,5.6792928553842,7.39808863796958));
#788=CARTESIAN_POINT('Ctrl Pts',(0.,5.6792928553842,7.39808863796958));
#789=CARTESIAN_POINT('Ctrl Pts',(0.,5.51546452015571,7.37622203286158));
#790=CARTESIAN_POINT('Ctrl Pts',(10.4145354798443,5.51546452015571,7.37622203286158));
#791=CARTESIAN_POINT('Ctrl Pts',(10.4145354798443,15.93,7.37622203286158));
#792=CARTESIAN_POINT('Ctrl Pts',(10.4145354798443,26.3445354798443,7.37622203286158));
#793=CARTESIAN_POINT('Ctrl Pts',(0.,26.3445354798443,7.37622203286158));
#794=CARTESIAN_POINT('Ctrl Pts',(-10.4145354798443,26.3445354798443,7.37622203286158));
#795=CARTESIAN_POINT('Ctrl Pts',(-10.4145354798443,15.93,7.37622203286158));
#796=CARTESIAN_POINT('Ctrl Pts',(-10.4145354798443,5.51546452015571,7.37622203286158));
#797=CARTESIAN_POINT('Ctrl Pts',(0.,5.51546452015571,7.37622203286158));
#798=CARTESIAN_POINT('Ctrl Pts',(0.,5.35178526781594,7.35401676551658));
#799=CARTESIAN_POINT('Ctrl Pts',(10.5782147321841,5.35178526781594,7.35401676551658));
#800=CARTESIAN_POINT('Ctrl Pts',(10.5782147321841,15.93,7.35401676551658));
#801=CARTESIAN_POINT('Ctrl Pts',(10.5782147321841,26.5082147321841,7.35401676551658));
#802=CARTESIAN_POINT('Ctrl Pts',(0.,26.5082147321841,7.35401676551658));
#803=CARTESIAN_POINT('Ctrl Pts',(-10.5782147321841,26.5082147321841,7.35401676551658));
#804=CARTESIAN_POINT('Ctrl Pts',(-10.5782147321841,15.93,7.35401676551658));
#805=CARTESIAN_POINT('Ctrl Pts',(-10.5782147321841,5.35178526781594,7.35401676551658));
#806=CARTESIAN_POINT('Ctrl Pts',(0.,5.35178526781594,7.35401676551658));
#807=CARTESIAN_POINT('Ctrl Pts',(0.,5.18807204716047,7.33131155557059));
#808=CARTESIAN_POINT('Ctrl Pts',(10.7419279528395,5.18807204716047,7.33131155557059));
#809=CARTESIAN_POINT('Ctrl Pts',(10.7419279528395,15.93,7.33131155557059));
#810=CARTESIAN_POINT('Ctrl Pts',(10.7419279528395,26.6719279528395,7.33131155557059));
#811=CARTESIAN_POINT('Ctrl Pts',(0.,26.6719279528395,7.33131155557059));
#812=CARTESIAN_POINT('Ctrl Pts',(-10.7419279528395,26.6719279528395,7.33131155557059));
#813=CARTESIAN_POINT('Ctrl Pts',(-10.7419279528395,15.93,7.33131155557059));
#814=CARTESIAN_POINT('Ctrl Pts',(-10.7419279528395,5.18807204716047,7.33131155557059));
#815=CARTESIAN_POINT('Ctrl Pts',(0.,5.18807204716047,7.33131155557059));
#816=CARTESIAN_POINT('Ctrl Pts',(0.,5.02421357511951,7.30789488128051));
#817=CARTESIAN_POINT('Ctrl Pts',(10.9057864248805,5.02421357511951,7.30789488128051));
#818=CARTESIAN_POINT('Ctrl Pts',(10.9057864248805,15.93,7.30789488128051));
#819=CARTESIAN_POINT('Ctrl Pts',(10.9057864248805,26.8357864248805,7.30789488128051));
#820=CARTESIAN_POINT('Ctrl Pts',(0.,26.8357864248805,7.30789488128051));
#821=CARTESIAN_POINT('Ctrl Pts',(-10.9057864248805,26.8357864248805,7.30789488128051));
#822=CARTESIAN_POINT('Ctrl Pts',(-10.9057864248805,15.93,7.30789488128051));
#823=CARTESIAN_POINT('Ctrl Pts',(-10.9057864248805,5.02421357511951,7.30789488128051));
#824=CARTESIAN_POINT('Ctrl Pts',(0.,5.02421357511951,7.30789488128051));
#825=CARTESIAN_POINT('Ctrl Pts',(0.,4.86023728493271,7.28351556499839));
#826=CARTESIAN_POINT('Ctrl Pts',(11.0697627150673,4.86023728493271,7.28351556499839));
#827=CARTESIAN_POINT('Ctrl Pts',(11.0697627150673,15.93,7.28351556499839));
#828=CARTESIAN_POINT('Ctrl Pts',(11.0697627150673,26.9997627150673,7.28351556499839));
#829=CARTESIAN_POINT('Ctrl Pts',(0.,26.9997627150673,7.28351556499839));
#830=CARTESIAN_POINT('Ctrl Pts',(-11.0697627150673,26.9997627150673,7.28351556499839));
#831=CARTESIAN_POINT('Ctrl Pts',(-11.0697627150673,15.93,7.28351556499839));
#832=CARTESIAN_POINT('Ctrl Pts',(-11.0697627150673,4.86023728493271,7.28351556499839));
#833=CARTESIAN_POINT('Ctrl Pts',(0.,4.86023728493271,7.28351556499839));
#834=CARTESIAN_POINT('Ctrl Pts',(0.,4.69626656823508,7.25791175830247));
#835=CARTESIAN_POINT('Ctrl Pts',(11.2337334317649,4.69626656823508,7.25791175830247));
#836=CARTESIAN_POINT('Ctrl Pts',(11.2337334317649,15.93,7.25791175830247));
#837=CARTESIAN_POINT('Ctrl Pts',(11.2337334317649,27.1637334317649,7.25791175830247));
#838=CARTESIAN_POINT('Ctrl Pts',(0.,27.1637334317649,7.25791175830247));
#839=CARTESIAN_POINT('Ctrl Pts',(-11.2337334317649,27.1637334317649,7.25791175830247));
#840=CARTESIAN_POINT('Ctrl Pts',(-11.2337334317649,15.93,7.25791175830247));
#841=CARTESIAN_POINT('Ctrl Pts',(-11.2337334317649,4.69626656823508,7.25791175830247));
#842=CARTESIAN_POINT('Ctrl Pts',(0.,4.69626656823508,7.25791175830247));
#843=CARTESIAN_POINT('Ctrl Pts',(0.,4.53247305597198,7.23084052373181));
#844=CARTESIAN_POINT('Ctrl Pts',(11.397526944028,4.53247305597198,7.23084052373181));
#845=CARTESIAN_POINT('Ctrl Pts',(11.397526944028,15.93,7.23084052373181));
#846=CARTESIAN_POINT('Ctrl Pts',(11.397526944028,27.327526944028,7.23084052373181));
#847=CARTESIAN_POINT('Ctrl Pts',(0.,27.327526944028,7.23084052373181));
#848=CARTESIAN_POINT('Ctrl Pts',(-11.397526944028,27.327526944028,7.23084052373181));
#849=CARTESIAN_POINT('Ctrl Pts',(-11.397526944028,15.93,7.23084052373181));
#850=CARTESIAN_POINT('Ctrl Pts',(-11.397526944028,4.53247305597198,7.23084052373181));
#851=CARTESIAN_POINT('Ctrl Pts',(0.,4.53247305597198,7.23084052373181));
#852=CARTESIAN_POINT('Ctrl Pts',(0.,4.36903025336516,7.2021076418308));
#853=CARTESIAN_POINT('Ctrl Pts',(11.5609697466348,4.36903025336516,7.2021076418308));
#854=CARTESIAN_POINT('Ctrl Pts',(11.5609697466348,15.93,7.2021076418308));
#855=CARTESIAN_POINT('Ctrl Pts',(11.5609697466348,27.4909697466348,7.2021076418308));
#856=CARTESIAN_POINT('Ctrl Pts',(0.,27.4909697466348,7.2021076418308));
#857=CARTESIAN_POINT('Ctrl Pts',(-11.5609697466348,27.4909697466348,7.2021076418308));
#858=CARTESIAN_POINT('Ctrl Pts',(-11.5609697466348,15.93,7.2021076418308));
#859=CARTESIAN_POINT('Ctrl Pts',(-11.5609697466348,4.36903025336516,7.2021076418308));
#860=CARTESIAN_POINT('Ctrl Pts',(0.,4.36903025336516,7.2021076418308));
#861=CARTESIAN_POINT('Ctrl Pts',(0.,4.20606772992238,7.17159634724992));
#862=CARTESIAN_POINT('Ctrl Pts',(11.7239322700776,4.20606772992238,7.17159634724992));
#863=CARTESIAN_POINT('Ctrl Pts',(11.7239322700776,15.93,7.17159634724992));
#864=CARTESIAN_POINT('Ctrl Pts',(11.7239322700776,27.6539322700776,7.17159634724992));
#865=CARTESIAN_POINT('Ctrl Pts',(0.,27.6539322700776,7.17159634724992));
#866=CARTESIAN_POINT('Ctrl Pts',(-11.7239322700776,27.6539322700776,7.17159634724992));
#867=CARTESIAN_POINT('Ctrl Pts',(-11.7239322700776,15.93,7.17159634724992));
#868=CARTESIAN_POINT('Ctrl Pts',(-11.7239322700776,4.20606772992238,7.17159634724992));
#869=CARTESIAN_POINT('Ctrl Pts',(0.,4.20606772992238,7.17159634724992));
#870=CARTESIAN_POINT('Ctrl Pts',(0.,4.04362202297079,7.13929925549185));
#871=CARTESIAN_POINT('Ctrl Pts',(11.8863779770292,4.04362202297079,7.13929925549185));
#872=CARTESIAN_POINT('Ctrl Pts',(11.8863779770292,15.93,7.13929925549185));
#873=CARTESIAN_POINT('Ctrl Pts',(11.8863779770292,27.8163779770292,7.13929925549185));
#874=CARTESIAN_POINT('Ctrl Pts',(0.,27.8163779770292,7.13929925549185));
#875=CARTESIAN_POINT('Ctrl Pts',(-11.8863779770292,27.8163779770292,7.13929925549185));
#876=CARTESIAN_POINT('Ctrl Pts',(-11.8863779770292,15.93,7.13929925549185));
#877=CARTESIAN_POINT('Ctrl Pts',(-11.8863779770292,4.04362202297079,7.13929925549185));
#878=CARTESIAN_POINT('Ctrl Pts',(0.,4.04362202297079,7.13929925549185));
#879=CARTESIAN_POINT('Ctrl Pts',(0.,3.88166355521408,7.10528272939038));
#880=CARTESIAN_POINT('Ctrl Pts',(12.0483364447859,3.88166355521408,7.10528272939038));
#881=CARTESIAN_POINT('Ctrl Pts',(12.0483364447859,15.93,7.10528272939038));
#882=CARTESIAN_POINT('Ctrl Pts',(12.0483364447859,27.9783364447859,7.10528272939038));
#883=CARTESIAN_POINT('Ctrl Pts',(0.,27.9783364447859,7.10528272939038));
#884=CARTESIAN_POINT('Ctrl Pts',(-12.0483364447859,27.9783364447859,7.10528272939038));
#885=CARTESIAN_POINT('Ctrl Pts',(-12.0483364447859,15.93,7.10528272939038));
#886=CARTESIAN_POINT('Ctrl Pts',(-12.0483364447859,3.88166355521408,7.10528272939038));
#887=CARTESIAN_POINT('Ctrl Pts',(0.,3.88166355521408,7.10528272939038));
#888=CARTESIAN_POINT('Ctrl Pts',(0.,3.72012759010405,7.06964774497805));
#889=CARTESIAN_POINT('Ctrl Pts',(12.2098724098959,3.72012759010405,7.06964774497805));
#890=CARTESIAN_POINT('Ctrl Pts',(12.209872409896,15.93,7.06964774497805));
#891=CARTESIAN_POINT('Ctrl Pts',(12.2098724098959,28.1398724098959,7.06964774497805));
#892=CARTESIAN_POINT('Ctrl Pts',(0.,28.139872409896,7.06964774497805));
#893=CARTESIAN_POINT('Ctrl Pts',(-12.2098724098959,28.1398724098959,7.06964774497805));
#894=CARTESIAN_POINT('Ctrl Pts',(-12.209872409896,15.93,7.06964774497805));
#895=CARTESIAN_POINT('Ctrl Pts',(-12.2098724098959,3.72012759010405,7.06964774497805));
#896=CARTESIAN_POINT('Ctrl Pts',(0.,3.72012759010405,7.06964774497805));
#897=CARTESIAN_POINT('Ctrl Pts',(0.,3.55894394381492,7.03249177488822));
#898=CARTESIAN_POINT('Ctrl Pts',(12.3710560561851,3.55894394381492,7.03249177488822));
#899=CARTESIAN_POINT('Ctrl Pts',(12.3710560561851,15.93,7.03249177488822));
#900=CARTESIAN_POINT('Ctrl Pts',(12.3710560561851,28.3010560561851,7.03249177488822));
#901=CARTESIAN_POINT('Ctrl Pts',(0.,28.3010560561851,7.03249177488822));
#902=CARTESIAN_POINT('Ctrl Pts',(-12.3710560561851,28.3010560561851,7.03249177488822));
#903=CARTESIAN_POINT('Ctrl Pts',(-12.3710560561851,15.93,7.03249177488822));
#904=CARTESIAN_POINT('Ctrl Pts',(-12.3710560561851,3.55894394381492,7.03249177488822));
#905=CARTESIAN_POINT('Ctrl Pts',(0.,3.55894394381492,7.03249177488822));
#906=CARTESIAN_POINT('Ctrl Pts',(0.,3.39806664266477,6.99387088552145));
#907=CARTESIAN_POINT('Ctrl Pts',(12.5319333573352,3.39806664266478,6.99387088552145));
#908=CARTESIAN_POINT('Ctrl Pts',(12.5319333573352,15.93,6.99387088552145));
#909=CARTESIAN_POINT('Ctrl Pts',(12.5319333573352,28.4619333573352,6.99387088552145));
#910=CARTESIAN_POINT('Ctrl Pts',(0.,28.4619333573352,6.99387088552145));
#911=CARTESIAN_POINT('Ctrl Pts',(-12.5319333573352,28.4619333573352,6.99387088552145));
#912=CARTESIAN_POINT('Ctrl Pts',(-12.5319333573352,15.93,6.99387088552145));
#913=CARTESIAN_POINT('Ctrl Pts',(-12.5319333573352,3.39806664266478,6.99387088552145));
#914=CARTESIAN_POINT('Ctrl Pts',(0.,3.39806664266477,6.99387088552145));
#915=CARTESIAN_POINT('Ctrl Pts',(0.,3.23750516337216,6.9537599965922));
#916=CARTESIAN_POINT('Ctrl Pts',(12.6924948366278,3.23750516337216,6.9537599965922));
#917=CARTESIAN_POINT('Ctrl Pts',(12.6924948366278,15.93,6.9537599965922));
#918=CARTESIAN_POINT('Ctrl Pts',(12.6924948366278,28.6224948366278,6.9537599965922));
#919=CARTESIAN_POINT('Ctrl Pts',(0.,28.6224948366278,6.9537599965922));
#920=CARTESIAN_POINT('Ctrl Pts',(-12.6924948366278,28.6224948366278,6.9537599965922));
#921=CARTESIAN_POINT('Ctrl Pts',(-12.6924948366278,15.93,6.9537599965922));
#922=CARTESIAN_POINT('Ctrl Pts',(-12.6924948366278,3.23750516337216,6.9537599965922));
#923=CARTESIAN_POINT('Ctrl Pts',(0.,3.23750516337216,6.9537599965922));
#924=CARTESIAN_POINT('Ctrl Pts',(0.,3.07731665095939,6.91205703421859));
#925=CARTESIAN_POINT('Ctrl Pts',(12.8526833490406,3.07731665095939,6.91205703421859));
#926=CARTESIAN_POINT('Ctrl Pts',(12.8526833490406,15.93,6.91205703421859));
#927=CARTESIAN_POINT('Ctrl Pts',(12.8526833490406,28.7826833490406,6.91205703421859));
#928=CARTESIAN_POINT('Ctrl Pts',(0.,28.7826833490406,6.91205703421859));
#929=CARTESIAN_POINT('Ctrl Pts',(-12.8526833490406,28.7826833490406,6.91205703421859));
#930=CARTESIAN_POINT('Ctrl Pts',(-12.8526833490406,15.93,6.91205703421859));
#931=CARTESIAN_POINT('Ctrl Pts',(-12.8526833490406,3.07731665095939,6.91205703421859));
#932=CARTESIAN_POINT('Ctrl Pts',(0.,3.07731665095939,6.91205703421859));
#933=CARTESIAN_POINT('Ctrl Pts',(0.,2.91759600865057,6.86858955222387));
#934=CARTESIAN_POINT('Ctrl Pts',(13.0124039913494,2.91759600865057,6.86858955222387));
#935=CARTESIAN_POINT('Ctrl Pts',(13.0124039913494,15.93,6.86858955222387));
#936=CARTESIAN_POINT('Ctrl Pts',(13.0124039913494,28.9424039913494,6.86858955222387));
#937=CARTESIAN_POINT('Ctrl Pts',(0.,28.9424039913494,6.86858955222387));
#938=CARTESIAN_POINT('Ctrl Pts',(-13.0124039913494,28.9424039913494,6.86858955222387));
#939=CARTESIAN_POINT('Ctrl Pts',(-13.0124039913494,15.93,6.86858955222387));
#940=CARTESIAN_POINT('Ctrl Pts',(-13.0124039913494,2.91759600865057,6.86858955222387));
#941=CARTESIAN_POINT('Ctrl Pts',(0.,2.91759600865057,6.86858955222387));
#942=CARTESIAN_POINT('Ctrl Pts',(0.,2.75846673315457,6.82312029321048));
#943=CARTESIAN_POINT('Ctrl Pts',(13.1715332668454,2.75846673315457,6.82312029321048));
#944=CARTESIAN_POINT('Ctrl Pts',(13.1715332668454,15.93,6.82312029321048));
#945=CARTESIAN_POINT('Ctrl Pts',(13.1715332668454,29.1015332668454,6.82312029321048));
#946=CARTESIAN_POINT('Ctrl Pts',(0.,29.1015332668454,6.82312029321048));
#947=CARTESIAN_POINT('Ctrl Pts',(-13.1715332668454,29.1015332668454,6.82312029321048));
#948=CARTESIAN_POINT('Ctrl Pts',(-13.1715332668454,15.93,6.82312029321048));
#949=CARTESIAN_POINT('Ctrl Pts',(-13.1715332668454,2.75846673315457,6.82312029321048));
#950=CARTESIAN_POINT('Ctrl Pts',(0.,2.75846673315457,6.82312029321048));
#951=CARTESIAN_POINT('Ctrl Pts',(0.,2.60007156521517,6.77535345907204));
#952=CARTESIAN_POINT('Ctrl Pts',(13.3299284347848,2.60007156521517,6.77535345907204));
#953=CARTESIAN_POINT('Ctrl Pts',(13.3299284347848,15.93,6.77535345907204));
#954=CARTESIAN_POINT('Ctrl Pts',(13.3299284347848,29.2599284347848,6.77535345907204));
#955=CARTESIAN_POINT('Ctrl Pts',(0.,29.2599284347848,6.77535345907204));
#956=CARTESIAN_POINT('Ctrl Pts',(-13.3299284347848,29.2599284347848,6.77535345907204));
#957=CARTESIAN_POINT('Ctrl Pts',(-13.3299284347848,15.93,6.77535345907204));
#958=CARTESIAN_POINT('Ctrl Pts',(-13.3299284347848,2.60007156521517,6.77535345907204));
#959=CARTESIAN_POINT('Ctrl Pts',(0.,2.60007156521517,6.77535345907204));
#960=CARTESIAN_POINT('Ctrl Pts',(0.,2.44256291332228,6.72493986329472));
#961=CARTESIAN_POINT('Ctrl Pts',(13.4874370866777,2.44256291332228,6.72493986329472));
#962=CARTESIAN_POINT('Ctrl Pts',(13.4874370866777,15.93,6.72493986329472));
#963=CARTESIAN_POINT('Ctrl Pts',(13.4874370866777,29.4174370866777,6.72493986329472));
#964=CARTESIAN_POINT('Ctrl Pts',(0.,29.4174370866777,6.72493986329472));
#965=CARTESIAN_POINT('Ctrl Pts',(-13.4874370866777,29.4174370866777,6.72493986329472));
#966=CARTESIAN_POINT('Ctrl Pts',(-13.4874370866777,15.93,6.72493986329472));
#967=CARTESIAN_POINT('Ctrl Pts',(-13.4874370866777,2.44256291332228,6.72493986329472));
#968=CARTESIAN_POINT('Ctrl Pts',(0.,2.44256291332228,6.72493986329472));
#969=CARTESIAN_POINT('Ctrl Pts',(0.,2.28610177445776,6.67150179639853));
#970=CARTESIAN_POINT('Ctrl Pts',(13.6438982255422,2.28610177445776,6.67150179639853));
#971=CARTESIAN_POINT('Ctrl Pts',(13.6438982255422,15.93,6.67150179639853));
#972=CARTESIAN_POINT('Ctrl Pts',(13.6438982255422,29.5738982255422,6.67150179639853));
#973=CARTESIAN_POINT('Ctrl Pts',(0.,29.5738982255422,6.67150179639853));
#974=CARTESIAN_POINT('Ctrl Pts',(-13.6438982255422,29.5738982255422,6.67150179639853));
#975=CARTESIAN_POINT('Ctrl Pts',(-13.6438982255422,15.93,6.67150179639853));
#976=CARTESIAN_POINT('Ctrl Pts',(-13.6438982255422,2.28610177445776,6.67150179639853));
#977=CARTESIAN_POINT('Ctrl Pts',(0.,2.28610177445776,6.67150179639853));
#978=CARTESIAN_POINT('Ctrl Pts',(0.,2.1308572349782,6.61465867448144));
#979=CARTESIAN_POINT('Ctrl Pts',(13.7991427650218,2.13085723497821,6.61465867448144));
#980=CARTESIAN_POINT('Ctrl Pts',(13.7991427650218,15.93,6.61465867448144));
#981=CARTESIAN_POINT('Ctrl Pts',(13.7991427650218,29.7291427650218,6.61465867448144));
#982=CARTESIAN_POINT('Ctrl Pts',(0.,29.7291427650218,6.61465867448144));
#983=CARTESIAN_POINT('Ctrl Pts',(-13.7991427650218,29.7291427650218,6.61465867448144));
#984=CARTESIAN_POINT('Ctrl Pts',(-13.7991427650218,15.93,6.61465867448144));
#985=CARTESIAN_POINT('Ctrl Pts',(-13.7991427650218,2.13085723497821,6.61465867448144));
#986=CARTESIAN_POINT('Ctrl Pts',(0.,2.1308572349782,6.61465867448144));
#987=CARTESIAN_POINT('Ctrl Pts',(0.,1.97700556665519,6.55405280888675));
#988=CARTESIAN_POINT('Ctrl Pts',(13.9529944333448,1.97700556665519,6.55405280888675));
#989=CARTESIAN_POINT('Ctrl Pts',(13.9529944333448,15.93,6.55405280888675));
#990=CARTESIAN_POINT('Ctrl Pts',(13.9529944333448,29.8829944333448,6.55405280888675));
#991=CARTESIAN_POINT('Ctrl Pts',(0.,29.8829944333448,6.55405280888675));
#992=CARTESIAN_POINT('Ctrl Pts',(-13.9529944333448,29.8829944333448,6.55405280888675));
#993=CARTESIAN_POINT('Ctrl Pts',(-13.9529944333448,15.93,6.55405280888675));
#994=CARTESIAN_POINT('Ctrl Pts',(-13.9529944333448,1.97700556665519,6.55405280888675));
#995=CARTESIAN_POINT('Ctrl Pts',(0.,1.97700556665519,6.55405280888675));
#996=CARTESIAN_POINT('Ctrl Pts',(0.,1.82472994318228,6.48937420385617));
#997=CARTESIAN_POINT('Ctrl Pts',(14.1052700568177,1.82472994318228,6.48937420385617));
#998=CARTESIAN_POINT('Ctrl Pts',(14.1052700568177,15.93,6.48937420385617));
#999=CARTESIAN_POINT('Ctrl Pts',(14.1052700568177,30.0352700568177,6.48937420385617));
#1000=CARTESIAN_POINT('Ctrl Pts',(0.,30.0352700568177,6.48937420385617));
#1001=CARTESIAN_POINT('Ctrl Pts',(-14.1052700568177,30.0352700568177,6.48937420385617));
#1002=CARTESIAN_POINT('Ctrl Pts',(-14.1052700568177,15.93,6.48937420385617));
#1003=CARTESIAN_POINT('Ctrl Pts',(-14.1052700568177,1.82472994318228,6.48937420385617));
#1004=CARTESIAN_POINT('Ctrl Pts',(0.,1.82472994318228,6.48937420385617));
#1005=CARTESIAN_POINT('Ctrl Pts',(0.,1.6742186836169,6.42038831335732));
#1006=CARTESIAN_POINT('Ctrl Pts',(14.2557813163831,1.6742186836169,6.42038831335732));
#1007=CARTESIAN_POINT('Ctrl Pts',(14.2557813163831,15.93,6.42038831335732));
#1008=CARTESIAN_POINT('Ctrl Pts',(14.2557813163831,30.1857813163831,6.42038831335732));
#1009=CARTESIAN_POINT('Ctrl Pts',(0.,30.1857813163831,6.42038831335732));
#1010=CARTESIAN_POINT('Ctrl Pts',(-14.2557813163831,30.1857813163831,6.42038831335732));
#1011=CARTESIAN_POINT('Ctrl Pts',(-14.2557813163831,15.93,6.42038831335732));
#1012=CARTESIAN_POINT('Ctrl Pts',(-14.2557813163831,1.6742186836169,6.42038831335732));
#1013=CARTESIAN_POINT('Ctrl Pts',(0.,1.6742186836169,6.42038831335732));
#1014=CARTESIAN_POINT('Ctrl Pts',(0.,1.52569784565246,6.34689232321698));
#1015=CARTESIAN_POINT('Ctrl Pts',(14.4043021543475,1.52569784565246,6.34689232321698));
#1016=CARTESIAN_POINT('Ctrl Pts',(14.4043021543475,15.93,6.34689232321698));
#1017=CARTESIAN_POINT('Ctrl Pts',(14.4043021543475,30.3343021543475,6.34689232321698));
#1018=CARTESIAN_POINT('Ctrl Pts',(0.,30.3343021543475,6.34689232321698));
#1019=CARTESIAN_POINT('Ctrl Pts',(-14.4043021543475,30.3343021543475,6.34689232321698));
#1020=CARTESIAN_POINT('Ctrl Pts',(-14.4043021543475,15.93,6.34689232321698));
#1021=CARTESIAN_POINT('Ctrl Pts',(-14.4043021543475,1.52569784565246,6.34689232321698));
#1022=CARTESIAN_POINT('Ctrl Pts',(0.,1.52569784565246,6.34689232321698));
#1023=CARTESIAN_POINT('Ctrl Pts',(0.,1.3794652233359,6.26866852674391));
#1024=CARTESIAN_POINT('Ctrl Pts',(14.5505347766641,1.3794652233359,6.26866852674391));
#1025=CARTESIAN_POINT('Ctrl Pts',(14.5505347766641,15.93,6.26866852674391));
#1026=CARTESIAN_POINT('Ctrl Pts',(14.5505347766641,30.4805347766641,6.26866852674391));
#1027=CARTESIAN_POINT('Ctrl Pts',(0.,30.4805347766641,6.26866852674391));
#1028=CARTESIAN_POINT('Ctrl Pts',(-14.5505347766641,30.4805347766641,6.26866852674391));
#1029=CARTESIAN_POINT('Ctrl Pts',(-14.5505347766641,15.93,6.26866852674391));
#1030=CARTESIAN_POINT('Ctrl Pts',(-14.5505347766641,1.3794652233359,6.26866852674391));
#1031=CARTESIAN_POINT('Ctrl Pts',(0.,1.3794652233359,6.26866852674391));
#1032=CARTESIAN_POINT('Ctrl Pts',(0.,1.23592422453465,6.18543799330507));
#1033=CARTESIAN_POINT('Ctrl Pts',(14.6940757754653,1.23592422453465,6.18543799330507));
#1034=CARTESIAN_POINT('Ctrl Pts',(14.6940757754654,15.93,6.18543799330507));
#1035=CARTESIAN_POINT('Ctrl Pts',(14.6940757754653,30.6240757754653,6.18543799330507));
#1036=CARTESIAN_POINT('Ctrl Pts',(0.,30.6240757754654,6.18543799330507));
#1037=CARTESIAN_POINT('Ctrl Pts',(-14.6940757754653,30.6240757754653,6.18543799330507));
#1038=CARTESIAN_POINT('Ctrl Pts',(-14.6940757754654,15.93,6.18543799330507));
#1039=CARTESIAN_POINT('Ctrl Pts',(-14.6940757754653,1.23592422453465,6.18543799330507));
#1040=CARTESIAN_POINT('Ctrl Pts',(0.,1.23592422453465,6.18543799330507));
#1041=CARTESIAN_POINT('Ctrl Pts',(0.,1.09561700813104,6.09681586083058));
#1042=CARTESIAN_POINT('Ctrl Pts',(14.834382991869,1.09561700813105,6.09681586083058));
#1043=CARTESIAN_POINT('Ctrl Pts',(14.834382991869,15.93,6.09681586083058));
#1044=CARTESIAN_POINT('Ctrl Pts',(14.834382991869,30.764382991869,6.09681586083058));
#1045=CARTESIAN_POINT('Ctrl Pts',(0.,30.764382991869,6.09681586083058));
#1046=CARTESIAN_POINT('Ctrl Pts',(-14.834382991869,30.764382991869,6.09681586083058));
#1047=CARTESIAN_POINT('Ctrl Pts',(-14.834382991869,15.93,6.09681586083058));
#1048=CARTESIAN_POINT('Ctrl Pts',(-14.834382991869,1.09561700813105,6.09681586083058));
#1049=CARTESIAN_POINT('Ctrl Pts',(0.,1.09561700813104,6.09681586083058));
#1050=CARTESIAN_POINT('Ctrl Pts',(0.,0.959260268996847,6.00226109763047));
#1051=CARTESIAN_POINT('Ctrl Pts',(14.9707397310032,0.959260268996849,6.00226109763047));
#1052=CARTESIAN_POINT('Ctrl Pts',(14.9707397310032,15.93,6.00226109763047));
#1053=CARTESIAN_POINT('Ctrl Pts',(14.9707397310032,30.9007397310032,6.00226109763047));
#1054=CARTESIAN_POINT('Ctrl Pts',(0.,30.9007397310032,6.00226109763047));
#1055=CARTESIAN_POINT('Ctrl Pts',(-14.9707397310032,30.9007397310032,6.00226109763047));
#1056=CARTESIAN_POINT('Ctrl Pts',(-14.9707397310032,15.93,6.00226109763047));
#1057=CARTESIAN_POINT('Ctrl Pts',(-14.9707397310032,0.959260268996849,6.00226109763047));
#1058=CARTESIAN_POINT('Ctrl Pts',(0.,0.959260268996847,6.00226109763047));
#1059=CARTESIAN_POINT('Ctrl Pts',(0.,0.827714257083754,5.90116612007574));
#1060=CARTESIAN_POINT('Ctrl Pts',(15.1022857429162,0.827714257083758,5.90116612007574));
#1061=CARTESIAN_POINT('Ctrl Pts',(15.1022857429162,15.93,5.90116612007574));
#1062=CARTESIAN_POINT('Ctrl Pts',(15.1022857429162,31.0322857429162,5.90116612007574));
#1063=CARTESIAN_POINT('Ctrl Pts',(0.,31.0322857429162,5.90116612007574));
#1064=CARTESIAN_POINT('Ctrl Pts',(-15.1022857429162,31.0322857429162,5.90116612007574));
#1065=CARTESIAN_POINT('Ctrl Pts',(-15.1022857429162,15.93,5.90116612007574));
#1066=CARTESIAN_POINT('Ctrl Pts',(-15.1022857429162,0.827714257083758,5.90116612007574));
#1067=CARTESIAN_POINT('Ctrl Pts',(0.,0.827714257083754,5.90116612007574));
#1068=CARTESIAN_POINT('Ctrl Pts',(0.,0.70194881811414,5.79295241977772));
#1069=CARTESIAN_POINT('Ctrl Pts',(15.2280511818859,0.701948818114144,5.79295241977772));
#1070=CARTESIAN_POINT('Ctrl Pts',(15.2280511818859,15.93,5.79295241977772));
#1071=CARTESIAN_POINT('Ctrl Pts',(15.2280511818859,31.1580511818859,5.79295241977772));
#1072=CARTESIAN_POINT('Ctrl Pts',(0.,31.1580511818859,5.79295241977772));
#1073=CARTESIAN_POINT('Ctrl Pts',(-15.2280511818859,31.1580511818859,5.79295241977772));
#1074=CARTESIAN_POINT('Ctrl Pts',(-15.2280511818859,15.93,5.79295241977772));
#1075=CARTESIAN_POINT('Ctrl Pts',(-15.2280511818859,0.701948818114144,5.79295241977772));
#1076=CARTESIAN_POINT('Ctrl Pts',(0.,0.70194881811414,5.79295241977772));
#1077=CARTESIAN_POINT('Ctrl Pts',(0.,0.58301051837278,5.67716470298657));
#1078=CARTESIAN_POINT('Ctrl Pts',(15.3469894816272,0.583010518372784,5.67716470298657));
#1079=CARTESIAN_POINT('Ctrl Pts',(15.3469894816272,15.93,5.67716470298657));
#1080=CARTESIAN_POINT('Ctrl Pts',(15.3469894816272,31.2769894816272,5.67716470298657));
#1081=CARTESIAN_POINT('Ctrl Pts',(0.,31.2769894816272,5.67716470298657));
#1082=CARTESIAN_POINT('Ctrl Pts',(-15.3469894816272,31.2769894816272,5.67716470298657));
#1083=CARTESIAN_POINT('Ctrl Pts',(-15.3469894816272,15.93,5.67716470298657));
#1084=CARTESIAN_POINT('Ctrl Pts',(-15.3469894816272,0.583010518372784,5.67716470298657));
#1085=CARTESIAN_POINT('Ctrl Pts',(0.,0.58301051837278,5.67716470298657));
#1086=CARTESIAN_POINT('Ctrl Pts',(0.,0.471989474066876,5.55356410418206));
#1087=CARTESIAN_POINT('Ctrl Pts',(15.4580105259331,0.471989474066881,5.55356410418206));
#1088=CARTESIAN_POINT('Ctrl Pts',(15.4580105259331,15.93,5.55356410418206));
#1089=CARTESIAN_POINT('Ctrl Pts',(15.4580105259331,31.3880105259331,5.55356410418206));
#1090=CARTESIAN_POINT('Ctrl Pts',(0.,31.3880105259331,5.55356410418206));
#1091=CARTESIAN_POINT('Ctrl Pts',(-15.4580105259331,31.3880105259331,5.55356410418206));
#1092=CARTESIAN_POINT('Ctrl Pts',(-15.4580105259331,15.93,5.55356410418206));
#1093=CARTESIAN_POINT('Ctrl Pts',(-15.4580105259331,0.471989474066881,5.55356410418206));
#1094=CARTESIAN_POINT('Ctrl Pts',(0.,0.471989474066876,5.55356410418206));
#1095=CARTESIAN_POINT('Ctrl Pts',(0.,0.369985985775367,5.42222626565824));
#1096=CARTESIAN_POINT('Ctrl Pts',(15.5600140142246,0.369985985775372,5.42222626565824));
#1097=CARTESIAN_POINT('Ctrl Pts',(15.5600140142246,15.93,5.42222626565824));
#1098=CARTESIAN_POINT('Ctrl Pts',(15.5600140142246,31.4900140142246,5.42222626565824));
#1099=CARTESIAN_POINT('Ctrl Pts',(0.,31.4900140142246,5.42222626565824));
#1100=CARTESIAN_POINT('Ctrl Pts',(-15.5600140142246,31.4900140142246,5.42222626565824));
#1101=CARTESIAN_POINT('Ctrl Pts',(-15.5600140142246,15.93,5.42222626565824));
#1102=CARTESIAN_POINT('Ctrl Pts',(-15.5600140142246,0.369985985775372,5.42222626565824));
#1103=CARTESIAN_POINT('Ctrl Pts',(0.,0.369985985775367,5.42222626565824));
#1104=CARTESIAN_POINT('Ctrl Pts',(0.,0.278087944399008,5.28350000791712));
#1105=CARTESIAN_POINT('Ctrl Pts',(15.651912055601,0.278087944399013,5.28350000791712));
#1106=CARTESIAN_POINT('Ctrl Pts',(15.651912055601,15.93,5.28350000791712));
#1107=CARTESIAN_POINT('Ctrl Pts',(15.651912055601,31.581912055601,5.28350000791712));
#1108=CARTESIAN_POINT('Ctrl Pts',(0.,31.581912055601,5.28350000791712));
#1109=CARTESIAN_POINT('Ctrl Pts',(-15.651912055601,31.581912055601,5.28350000791712));
#1110=CARTESIAN_POINT('Ctrl Pts',(-15.651912055601,15.93,5.28350000791712));
#1111=CARTESIAN_POINT('Ctrl Pts',(-15.651912055601,0.278087944399013,5.28350000791712));
#1112=CARTESIAN_POINT('Ctrl Pts',(0.,0.278087944399008,5.28350000791712));
#1113=CARTESIAN_POINT('Ctrl Pts',(0.,0.197348687850754,5.137960344139));
#1114=CARTESIAN_POINT('Ctrl Pts',(15.7326513121492,0.197348687850758,5.137960344139));
#1115=CARTESIAN_POINT('Ctrl Pts',(15.7326513121492,15.93,5.137960344139));
#1116=CARTESIAN_POINT('Ctrl Pts',(15.7326513121492,31.6626513121492,5.137960344139));
#1117=CARTESIAN_POINT('Ctrl Pts',(0.,31.6626513121492,5.137960344139));
#1118=CARTESIAN_POINT('Ctrl Pts',(-15.7326513121492,31.6626513121492,5.137960344139));
#1119=CARTESIAN_POINT('Ctrl Pts',(-15.7326513121492,15.93,5.137960344139));
#1120=CARTESIAN_POINT('Ctrl Pts',(-15.7326513121492,0.197348687850758,5.137960344139));
#1121=CARTESIAN_POINT('Ctrl Pts',(0.,0.197348687850754,5.137960344139));
#1122=CARTESIAN_POINT('Ctrl Pts',(0.,0.128764719735208,4.98636348754067));
#1123=CARTESIAN_POINT('Ctrl Pts',(15.8012352802648,0.128764719735213,4.98636348754067));
#1124=CARTESIAN_POINT('Ctrl Pts',(15.8012352802648,15.93,4.98636348754067));
#1125=CARTESIAN_POINT('Ctrl Pts',(15.8012352802648,31.7312352802648,4.98636348754067));
#1126=CARTESIAN_POINT('Ctrl Pts',(0.,31.7312352802648,4.98636348754067));
#1127=CARTESIAN_POINT('Ctrl Pts',(-15.8012352802648,31.7312352802648,4.98636348754067));
#1128=CARTESIAN_POINT('Ctrl Pts',(-15.8012352802648,15.93,4.98636348754067));
#1129=CARTESIAN_POINT('Ctrl Pts',(-15.8012352802648,0.128764719735213,4.98636348754067));
#1130=CARTESIAN_POINT('Ctrl Pts',(0.,0.128764719735208,4.98636348754067));
#1131=CARTESIAN_POINT('Ctrl Pts',(0.,0.0732533372471722,4.82960156372189));
#1132=CARTESIAN_POINT('Ctrl Pts',(15.8567466627528,0.0732533372471766,4.82960156372189));
#1133=CARTESIAN_POINT('Ctrl Pts',(15.8567466627528,15.93,4.82960156372189));
#1134=CARTESIAN_POINT('Ctrl Pts',(15.8567466627528,31.7867466627528,4.82960156372189));
#1135=CARTESIAN_POINT('Ctrl Pts',(0.,31.7867466627528,4.82960156372189));
#1136=CARTESIAN_POINT('Ctrl Pts',(-15.8567466627528,31.7867466627528,4.82960156372189));
#1137=CARTESIAN_POINT('Ctrl Pts',(-15.8567466627528,15.93,4.82960156372189));
#1138=CARTESIAN_POINT('Ctrl Pts',(-15.8567466627528,0.0732533372471766,
4.82960156372189));
#1139=CARTESIAN_POINT('Ctrl Pts',(0.,0.0732533372471722,4.82960156372189));
#1140=CARTESIAN_POINT('Ctrl Pts',(0.,0.031630567655978,4.66865630623826));
#1141=CARTESIAN_POINT('Ctrl Pts',(15.898369432344,0.0316305676559825,4.66865630623826));
#1142=CARTESIAN_POINT('Ctrl Pts',(15.898369432344,15.93,4.66865630623826));
#1143=CARTESIAN_POINT('Ctrl Pts',(15.898369432344,31.828369432344,4.66865630623826));
#1144=CARTESIAN_POINT('Ctrl Pts',(0.,31.828369432344,4.66865630623826));
#1145=CARTESIAN_POINT('Ctrl Pts',(-15.898369432344,31.828369432344,4.66865630623826));
#1146=CARTESIAN_POINT('Ctrl Pts',(-15.898369432344,15.93,4.66865630623826));
#1147=CARTESIAN_POINT('Ctrl Pts',(-15.898369432344,0.0316305676559825,4.66865630623826));
#1148=CARTESIAN_POINT('Ctrl Pts',(0.,0.031630567655978,4.66865630623826));
#1149=CARTESIAN_POINT('Ctrl Pts',(0.,0.00457616039362119,4.50460316628576));
#1150=CARTESIAN_POINT('Ctrl Pts',(15.9254238396064,0.00457616039362563,
4.50460316628576));
#1151=CARTESIAN_POINT('Ctrl Pts',(15.9254238396064,15.93,4.50460316628576));
#1152=CARTESIAN_POINT('Ctrl Pts',(15.9254238396064,31.8554238396064,4.50460316628576));
#1153=CARTESIAN_POINT('Ctrl Pts',(0.,31.8554238396064,4.50460316628576));
#1154=CARTESIAN_POINT('Ctrl Pts',(-15.9254238396064,31.8554238396064,4.50460316628576));
#1155=CARTESIAN_POINT('Ctrl Pts',(-15.9254238396064,15.93,4.50460316628576));
#1156=CARTESIAN_POINT('Ctrl Pts',(-15.9254238396064,0.00457616039362563,
4.50460316628576));
#1157=CARTESIAN_POINT('Ctrl Pts',(0.,0.00457616039362119,4.50460316628576));
#1158=CARTESIAN_POINT('Ctrl Pts',(0.,-0.00740183532516481,4.33861699274856));
#1159=CARTESIAN_POINT('Ctrl Pts',(15.9374018353252,-0.00740183532516037,
4.33861699274856));
#1160=CARTESIAN_POINT('Ctrl Pts',(15.9374018353252,15.93,4.33861699274856));
#1161=CARTESIAN_POINT('Ctrl Pts',(15.9374018353252,31.8674018353252,4.33861699274856));
#1162=CARTESIAN_POINT('Ctrl Pts',(0.,31.8674018353252,4.33861699274856));
#1163=CARTESIAN_POINT('Ctrl Pts',(-15.9374018353252,31.8674018353252,4.33861699274856));
#1164=CARTESIAN_POINT('Ctrl Pts',(-15.9374018353252,15.93,4.33861699274856));
#1165=CARTESIAN_POINT('Ctrl Pts',(-15.9374018353252,-0.00740183532516037,
4.33861699274856));
#1166=CARTESIAN_POINT('Ctrl Pts',(0.,-0.00740183532516481,4.33861699274856));
#1167=CARTESIAN_POINT('Ctrl Pts',(0.,-0.00400251402690843,4.17197736545953));
#1168=CARTESIAN_POINT('Ctrl Pts',(15.9340025140269,-0.00400251402690399,
4.17197736545953));
#1169=CARTESIAN_POINT('Ctrl Pts',(15.9340025140269,15.93,4.17197736545953));
#1170=CARTESIAN_POINT('Ctrl Pts',(15.9340025140269,31.8640025140269,4.17197736545953));
#1171=CARTESIAN_POINT('Ctrl Pts',(0.,31.8640025140269,4.17197736545953));
#1172=CARTESIAN_POINT('Ctrl Pts',(-15.9340025140269,31.8640025140269,4.17197736545953));
#1173=CARTESIAN_POINT('Ctrl Pts',(-15.9340025140269,15.93,4.17197736545953));
#1174=CARTESIAN_POINT('Ctrl Pts',(-15.9340025140269,-0.00400251402690399,
4.17197736545953));
#1175=CARTESIAN_POINT('Ctrl Pts',(0.,-0.00400251402690843,4.17197736545953));
#1176=CARTESIAN_POINT('Ctrl Pts',(0.,0.0148325426979246,4.00607370079438));
#1177=CARTESIAN_POINT('Ctrl Pts',(15.9151674573021,0.014832542697929,4.00607370079438));
#1178=CARTESIAN_POINT('Ctrl Pts',(15.9151674573021,15.93,4.00607370079438));
#1179=CARTESIAN_POINT('Ctrl Pts',(15.9151674573021,31.8451674573021,4.00607370079438));
#1180=CARTESIAN_POINT('Ctrl Pts',(0.,31.8451674573021,4.00607370079438));
#1181=CARTESIAN_POINT('Ctrl Pts',(-15.9151674573021,31.8451674573021,4.00607370079438));
#1182=CARTESIAN_POINT('Ctrl Pts',(-15.9151674573021,15.93,4.00607370079438));
#1183=CARTESIAN_POINT('Ctrl Pts',(-15.9151674573021,0.014832542697929,4.00607370079438));
#1184=CARTESIAN_POINT('Ctrl Pts',(0.,0.0148325426979246,4.00607370079438));
#1185=CARTESIAN_POINT('Ctrl Pts',(0.,0.048883206103516,3.84241167819189));
#1186=CARTESIAN_POINT('Ctrl Pts',(15.8811167938965,0.0488832061035205,3.84241167819189));
#1187=CARTESIAN_POINT('Ctrl Pts',(15.8811167938965,15.93,3.84241167819189));
#1188=CARTESIAN_POINT('Ctrl Pts',(15.8811167938965,31.8111167938965,3.84241167819189));
#1189=CARTESIAN_POINT('Ctrl Pts',(0.,31.8111167938965,3.84241167819189));
#1190=CARTESIAN_POINT('Ctrl Pts',(-15.8811167938965,31.8111167938965,3.84241167819189));
#1191=CARTESIAN_POINT('Ctrl Pts',(-15.8811167938965,15.93,3.84241167819189));
#1192=CARTESIAN_POINT('Ctrl Pts',(-15.8811167938965,0.0488832061035205,
3.84241167819189));
#1193=CARTESIAN_POINT('Ctrl Pts',(0.,0.048883206103516,3.84241167819189));
#1194=CARTESIAN_POINT('Ctrl Pts',(0.,0.0976716984525372,3.68250065628565));
#1195=CARTESIAN_POINT('Ctrl Pts',(15.8323283015475,0.0976716984525416,3.68250065628565));
#1196=CARTESIAN_POINT('Ctrl Pts',(15.8323283015475,15.93,3.68250065628565));
#1197=CARTESIAN_POINT('Ctrl Pts',(15.8323283015475,31.7623283015475,3.68250065628565));
#1198=CARTESIAN_POINT('Ctrl Pts',(0.,31.7623283015475,3.68250065628565));
#1199=CARTESIAN_POINT('Ctrl Pts',(-15.8323283015475,31.7623283015475,3.68250065628565));
#1200=CARTESIAN_POINT('Ctrl Pts',(-15.8323283015475,15.93,3.68250065628565));
#1201=CARTESIAN_POINT('Ctrl Pts',(-15.8323283015475,0.0976716984525416,
3.68250065628565));
#1202=CARTESIAN_POINT('Ctrl Pts',(0.,0.0976716984525372,3.68250065628565));
#1203=CARTESIAN_POINT('Ctrl Pts',(0.,0.160484114760509,3.52773975348215));
#1204=CARTESIAN_POINT('Ctrl Pts',(15.7695158852395,0.160484114760513,3.52773975348215));
#1205=CARTESIAN_POINT('Ctrl Pts',(15.7695158852395,15.93,3.52773975348215));
#1206=CARTESIAN_POINT('Ctrl Pts',(15.7695158852395,31.6995158852395,3.52773975348215));
#1207=CARTESIAN_POINT('Ctrl Pts',(0.,31.6995158852395,3.52773975348215));
#1208=CARTESIAN_POINT('Ctrl Pts',(-15.7695158852395,31.6995158852395,3.52773975348215));
#1209=CARTESIAN_POINT('Ctrl Pts',(-15.7695158852395,15.93,3.52773975348215));
#1210=CARTESIAN_POINT('Ctrl Pts',(-15.7695158852395,0.160484114760513,3.52773975348215));
#1211=CARTESIAN_POINT('Ctrl Pts',(0.,0.160484114760509,3.52773975348215));
#1212=CARTESIAN_POINT('Ctrl Pts',(0.,0.236391520100057,3.37930418314608));
#1213=CARTESIAN_POINT('Ctrl Pts',(15.6936084798999,0.236391520100061,3.37930418314608));
#1214=CARTESIAN_POINT('Ctrl Pts',(15.6936084798999,15.93,3.37930418314608));
#1215=CARTESIAN_POINT('Ctrl Pts',(15.6936084798999,31.6236084798999,3.37930418314608));
#1216=CARTESIAN_POINT('Ctrl Pts',(0.,31.6236084798999,3.37930418314608));
#1217=CARTESIAN_POINT('Ctrl Pts',(-15.6936084798999,31.6236084798999,3.37930418314608));
#1218=CARTESIAN_POINT('Ctrl Pts',(-15.6936084798999,15.93,3.37930418314608));
#1219=CARTESIAN_POINT('Ctrl Pts',(-15.6936084798999,0.236391520100061,3.37930418314608));
#1220=CARTESIAN_POINT('Ctrl Pts',(0.,0.236391520100057,3.37930418314608));
#1221=CARTESIAN_POINT('Ctrl Pts',(0.,0.324271267444205,3.23803184542093));
#1222=CARTESIAN_POINT('Ctrl Pts',(15.6057287325558,0.324271267444209,3.23803184542093));
#1223=CARTESIAN_POINT('Ctrl Pts',(15.6057287325558,15.93,3.23803184542093));
#1224=CARTESIAN_POINT('Ctrl Pts',(15.6057287325558,31.5357287325558,3.23803184542093));
#1225=CARTESIAN_POINT('Ctrl Pts',(0.,31.5357287325558,3.23803184542093));
#1226=CARTESIAN_POINT('Ctrl Pts',(-15.6057287325558,31.5357287325558,3.23803184542093));
#1227=CARTESIAN_POINT('Ctrl Pts',(-15.6057287325558,15.93,3.23803184542093));
#1228=CARTESIAN_POINT('Ctrl Pts',(-15.6057287325558,0.324271267444209,3.23803184542093));
#1229=CARTESIAN_POINT('Ctrl Pts',(0.,0.324271267444205,3.23803184542093));
#1230=CARTESIAN_POINT('Ctrl Pts',(0.,0.422827670407853,3.10430838692162));
#1231=CARTESIAN_POINT('Ctrl Pts',(15.5071723295921,0.422827670407857,3.10430838692162));
#1232=CARTESIAN_POINT('Ctrl Pts',(15.5071723295921,15.93,3.10430838692162));
#1233=CARTESIAN_POINT('Ctrl Pts',(15.5071723295921,31.4371723295921,3.10430838692162));
#1234=CARTESIAN_POINT('Ctrl Pts',(0.,31.4371723295921,3.10430838692162));
#1235=CARTESIAN_POINT('Ctrl Pts',(-15.5071723295921,31.4371723295921,3.10430838692162));
#1236=CARTESIAN_POINT('Ctrl Pts',(-15.5071723295921,15.93,3.10430838692162));
#1237=CARTESIAN_POINT('Ctrl Pts',(-15.5071723295921,0.422827670407857,3.10430838692162));
#1238=CARTESIAN_POINT('Ctrl Pts',(0.,0.422827670407853,3.10430838692162));
#1239=CARTESIAN_POINT('Ctrl Pts',(0.,0.530691904514031,2.97817748027523));
#1240=CARTESIAN_POINT('Ctrl Pts',(15.399308095486,0.530691904514036,2.97817748027523));
#1241=CARTESIAN_POINT('Ctrl Pts',(15.399308095486,15.93,2.97817748027523));
#1242=CARTESIAN_POINT('Ctrl Pts',(15.399308095486,31.329308095486,2.97817748027523));
#1243=CARTESIAN_POINT('Ctrl Pts',(0.,31.329308095486,2.97817748027523));
#1244=CARTESIAN_POINT('Ctrl Pts',(-15.399308095486,31.329308095486,2.97817748027523));
#1245=CARTESIAN_POINT('Ctrl Pts',(-15.399308095486,15.93,2.97817748027523));
#1246=CARTESIAN_POINT('Ctrl Pts',(-15.399308095486,0.530691904514036,2.97817748027523));
#1247=CARTESIAN_POINT('Ctrl Pts',(0.,0.530691904514031,2.97817748027523));
#1248=CARTESIAN_POINT('Ctrl Pts',(0.,0.646522455829233,2.85945257957058));
#1249=CARTESIAN_POINT('Ctrl Pts',(15.2834775441708,0.646522455829237,2.85945257957058));
#1250=CARTESIAN_POINT('Ctrl Pts',(15.2834775441708,15.93,2.85945257957058));
#1251=CARTESIAN_POINT('Ctrl Pts',(15.2834775441708,31.2134775441708,2.85945257957058));
#1252=CARTESIAN_POINT('Ctrl Pts',(0.,31.2134775441708,2.85945257957058));
#1253=CARTESIAN_POINT('Ctrl Pts',(-15.2834775441708,31.2134775441708,2.85945257957058));
#1254=CARTESIAN_POINT('Ctrl Pts',(-15.2834775441708,15.93,2.85945257957058));
#1255=CARTESIAN_POINT('Ctrl Pts',(-15.2834775441708,0.646522455829237,2.85945257957058));
#1256=CARTESIAN_POINT('Ctrl Pts',(0.,0.646522455829233,2.85945257957058));
#1257=CARTESIAN_POINT('Ctrl Pts',(0.,0.769105273185102,2.74782793317657));
#1258=CARTESIAN_POINT('Ctrl Pts',(15.1608947268149,0.769105273185107,2.74782793317657));
#1259=CARTESIAN_POINT('Ctrl Pts',(15.1608947268149,15.93,2.74782793317657));
#1260=CARTESIAN_POINT('Ctrl Pts',(15.1608947268149,31.0908947268149,2.74782793317657));
#1261=CARTESIAN_POINT('Ctrl Pts',(0.,31.0908947268149,2.74782793317657));
#1262=CARTESIAN_POINT('Ctrl Pts',(-15.1608947268149,31.0908947268149,2.74782793317657));
#1263=CARTESIAN_POINT('Ctrl Pts',(-15.1608947268149,15.93,2.74782793317657));
#1264=CARTESIAN_POINT('Ctrl Pts',(-15.1608947268149,0.769105273185107,2.74782793317657));
#1265=CARTESIAN_POINT('Ctrl Pts',(0.,0.769105273185102,2.74782793317657));
#1266=CARTESIAN_POINT('Ctrl Pts',(0.,0.897454285432111,2.642989989348));
#1267=CARTESIAN_POINT('Ctrl Pts',(15.0325457145679,0.897454285432115,2.642989989348));
#1268=CARTESIAN_POINT('Ctrl Pts',(15.0325457145679,15.93,2.642989989348));
#1269=CARTESIAN_POINT('Ctrl Pts',(15.0325457145679,30.9625457145679,2.642989989348));
#1270=CARTESIAN_POINT('Ctrl Pts',(0.,30.9625457145679,2.642989989348));
#1271=CARTESIAN_POINT('Ctrl Pts',(-15.0325457145679,30.9625457145679,2.642989989348));
#1272=CARTESIAN_POINT('Ctrl Pts',(-15.0325457145679,15.93,2.642989989348));
#1273=CARTESIAN_POINT('Ctrl Pts',(-15.0325457145679,0.897454285432115,2.642989989348));
#1274=CARTESIAN_POINT('Ctrl Pts',(0.,0.897454285432111,2.642989989348));
#1275=CARTESIAN_POINT('Ctrl Pts',(0.,1.03091129896904,2.54472816907666));
#1276=CARTESIAN_POINT('Ctrl Pts',(14.899088701031,1.03091129896904,2.54472816907666));
#1277=CARTESIAN_POINT('Ctrl Pts',(14.899088701031,15.93,2.54472816907666));
#1278=CARTESIAN_POINT('Ctrl Pts',(14.899088701031,30.829088701031,2.54472816907666));
#1279=CARTESIAN_POINT('Ctrl Pts',(0.,30.829088701031,2.54472816907666));
#1280=CARTESIAN_POINT('Ctrl Pts',(-14.899088701031,30.829088701031,2.54472816907666));
#1281=CARTESIAN_POINT('Ctrl Pts',(-14.899088701031,15.93,2.54472816907666));
#1282=CARTESIAN_POINT('Ctrl Pts',(-14.899088701031,1.03091129896904,2.54472816907666));
#1283=CARTESIAN_POINT('Ctrl Pts',(0.,1.03091129896904,2.54472816907666));
#1284=CARTESIAN_POINT('Ctrl Pts',(0.,1.16908019034858,2.4529143555616));
#1285=CARTESIAN_POINT('Ctrl Pts',(14.7609198096514,1.16908019034858,2.4529143555616));
#1286=CARTESIAN_POINT('Ctrl Pts',(14.7609198096514,15.93,2.4529143555616));
#1287=CARTESIAN_POINT('Ctrl Pts',(14.7609198096514,30.6909198096514,2.4529143555616));
#1288=CARTESIAN_POINT('Ctrl Pts',(0.,30.6909198096514,2.4529143555616));
#1289=CARTESIAN_POINT('Ctrl Pts',(-14.7609198096514,30.6909198096514,2.4529143555616));
#1290=CARTESIAN_POINT('Ctrl Pts',(-14.7609198096514,15.93,2.4529143555616));
#1291=CARTESIAN_POINT('Ctrl Pts',(-14.7609198096514,1.16908019034858,2.4529143555616));
#1292=CARTESIAN_POINT('Ctrl Pts',(0.,1.16908019034858,2.4529143555616));
#1293=CARTESIAN_POINT('Ctrl Pts',(0.,1.28322550286593,2.38456919540335));
#1294=CARTESIAN_POINT('Ctrl Pts',(14.6467744971341,1.28322550286593,2.38456919540335));
#1295=CARTESIAN_POINT('Ctrl Pts',(14.6467744971341,15.93,2.38456919540335));
#1296=CARTESIAN_POINT('Ctrl Pts',(14.6467744971341,30.5767744971341,2.38456919540335));
#1297=CARTESIAN_POINT('Ctrl Pts',(0.,30.5767744971341,2.38456919540335));
#1298=CARTESIAN_POINT('Ctrl Pts',(-14.6467744971341,30.5767744971341,2.38456919540335));
#1299=CARTESIAN_POINT('Ctrl Pts',(-14.6467744971341,15.93,2.38456919540335));
#1300=CARTESIAN_POINT('Ctrl Pts',(-14.6467744971341,1.28322550286593,2.38456919540335));
#1301=CARTESIAN_POINT('Ctrl Pts',(0.,1.28322550286593,2.38456919540335));
#1302=CARTESIAN_POINT('Ctrl Pts',(0.,1.3708349003535,2.33617189167425));
#1303=CARTESIAN_POINT('Ctrl Pts',(14.5591650996465,1.3708349003535,2.33617189167425));
#1304=CARTESIAN_POINT('Ctrl Pts',(14.5591650996465,15.93,2.33617189167425));
#1305=CARTESIAN_POINT('Ctrl Pts',(14.5591650996465,30.4891650996465,2.33617189167425));
#1306=CARTESIAN_POINT('Ctrl Pts',(0.,30.4891650996465,2.33617189167425));
#1307=CARTESIAN_POINT('Ctrl Pts',(-14.5591650996465,30.4891650996465,2.33617189167425));
#1308=CARTESIAN_POINT('Ctrl Pts',(-14.5591650996465,15.93,2.33617189167425));
#1309=CARTESIAN_POINT('Ctrl Pts',(-14.5591650996465,1.3708349003535,2.33617189167425));
#1310=CARTESIAN_POINT('Ctrl Pts',(0.,1.3708349003535,2.33617189167425));
#1311=CARTESIAN_POINT('Ctrl Pts',(0.,1.43013013802912,2.30517868656935));
#1312=CARTESIAN_POINT('Ctrl Pts',(14.4998698619709,1.43013013802912,2.30517868656935));
#1313=CARTESIAN_POINT('Ctrl Pts',(14.4998698619709,15.93,2.30517868656935));
#1314=CARTESIAN_POINT('Ctrl Pts',(14.4998698619709,30.4298698619709,2.30517868656935));
#1315=CARTESIAN_POINT('Ctrl Pts',(0.,30.4298698619709,2.30517868656935));
#1316=CARTESIAN_POINT('Ctrl Pts',(-14.4998698619709,30.4298698619709,2.30517868656935));
#1317=CARTESIAN_POINT('Ctrl Pts',(-14.4998698619709,15.93,2.30517868656935));
#1318=CARTESIAN_POINT('Ctrl Pts',(-14.4998698619709,1.43013013802912,2.30517868656935));
#1319=CARTESIAN_POINT('Ctrl Pts',(0.,1.43013013802912,2.30517868656935));
#1320=CARTESIAN_POINT('Ctrl Pts',(0.,1.46,2.29));
#1321=CARTESIAN_POINT('Ctrl Pts',(14.47,1.46,2.29));
#1322=CARTESIAN_POINT('Ctrl Pts',(14.47,15.93,2.29));
#1323=CARTESIAN_POINT('Ctrl Pts',(14.47,30.4,2.29));
#1324=CARTESIAN_POINT('Ctrl Pts',(0.,30.4,2.29));
#1325=CARTESIAN_POINT('Ctrl Pts',(-14.47,30.4,2.29));
#1326=CARTESIAN_POINT('Ctrl Pts',(-14.47,15.93,2.29));
#1327=CARTESIAN_POINT('Ctrl Pts',(-14.47,1.46,2.29));
#1328=CARTESIAN_POINT('Ctrl Pts',(0.,1.46,2.29));
#1329=CARTESIAN_POINT('',(0.,15.93,7.98));
#1330=CARTESIAN_POINT('Ctrl Pts',(0.,15.93,7.98));
#1331=CARTESIAN_POINT('Ctrl Pts',(0.,15.8968341868454,7.97972778131158));
#1332=CARTESIAN_POINT('Ctrl Pts',(0.,15.8305045171224,7.97915566051054));
#1333=CARTESIAN_POINT('Ctrl Pts',(0.,15.7310158822865,7.97821442917478));
#1334=CARTESIAN_POINT('Ctrl Pts',(0.,15.5983761100848,7.97679333380474));
#1335=CARTESIAN_POINT('Ctrl Pts',(0.,15.4325951973714,7.97475087917841));
#1336=CARTESIAN_POINT('Ctrl Pts',(0.,15.2668307783539,7.97247485343828));
#1337=CARTESIAN_POINT('Ctrl Pts',(0.,15.101078221694,7.97003047669289));
#1338=CARTESIAN_POINT('Ctrl Pts',(0.,14.9353298041409,7.96752651414551));
#1339=CARTESIAN_POINT('Ctrl Pts',(0.,14.7695739118943,7.96512651370051));
#1340=CARTESIAN_POINT('Ctrl Pts',(0.,14.6037987193448,7.96299824368863));
#1341=CARTESIAN_POINT('Ctrl Pts',(0.,14.4379958830089,7.96126289232503));
#1342=CARTESIAN_POINT('Ctrl Pts',(0.,14.2721642528265,7.959944095291));
#1343=CARTESIAN_POINT('Ctrl Pts',(0.,14.1063135288925,7.9589175586773));
#1344=CARTESIAN_POINT('Ctrl Pts',(0.,13.9404680833287,7.95785882140142));
#1345=CARTESIAN_POINT('Ctrl Pts',(0.,13.7746572525101,7.95634546626775));
#1346=CARTESIAN_POINT('Ctrl Pts',(0.,13.6089055079391,7.95396086349608));
#1347=CARTESIAN_POINT('Ctrl Pts',(0.,13.4432225958734,7.9503978826306));
#1348=CARTESIAN_POINT('Ctrl Pts',(0.,13.2775938568954,7.94556140465443));
#1349=CARTESIAN_POINT('Ctrl Pts',(0.,13.1119699871526,7.93967486221235));
#1350=CARTESIAN_POINT('Ctrl Pts',(0.,12.9462883931522,7.93315397165699));
#1351=CARTESIAN_POINT('Ctrl Pts',(0.,12.7804950135384,7.9264767411422));
#1352=CARTESIAN_POINT('Ctrl Pts',(0.,12.6145661641822,7.92005406212005));
#1353=CARTESIAN_POINT('Ctrl Pts',(0.,12.4485299387878,7.91410196027542));
#1354=CARTESIAN_POINT('Ctrl Pts',(0.,12.2824890393695,7.90850781726257));
#1355=CARTESIAN_POINT('Ctrl Pts',(0.,12.1165840183041,7.90295436755846));
#1356=CARTESIAN_POINT('Ctrl Pts',(0.,11.950955174885,7.89704969914682));
#1357=CARTESIAN_POINT('Ctrl Pts',(0.,11.7857046260631,7.89045606306812));
#1358=CARTESIAN_POINT('Ctrl Pts',(0.,11.6208590371007,7.88301674012233));
#1359=CARTESIAN_POINT('Ctrl Pts',(0.,11.4563300003063,7.87489050536455));
#1360=CARTESIAN_POINT('Ctrl Pts',(0.,11.2919539493826,7.86642524973696));
#1361=CARTESIAN_POINT('Ctrl Pts',(0.,11.1275346403074,7.85802323340681));
#1362=CARTESIAN_POINT('Ctrl Pts',(0.,10.9628847870193,7.85000889631507));
#1363=CARTESIAN_POINT('Ctrl Pts',(0.,10.7978677842138,7.84249684647896));
#1364=CARTESIAN_POINT('Ctrl Pts',(0.,10.6324401501744,7.83525619015104));
#1365=CARTESIAN_POINT('Ctrl Pts',(0.,10.4666350651506,7.82784811198602));
#1366=CARTESIAN_POINT('Ctrl Pts',(0.,10.3005449667645,7.81976732756867));
#1367=CARTESIAN_POINT('Ctrl Pts',(0.,10.1343045581421,7.81058288483621));
#1368=CARTESIAN_POINT('Ctrl Pts',(0.,9.96807358848234,7.80007734598243));
#1369=CARTESIAN_POINT('Ctrl Pts',(0.,9.80201994826299,7.78839196998977));
#1370=CARTESIAN_POINT('Ctrl Pts',(0.,9.6362936425089,7.7759010765666));
#1371=CARTESIAN_POINT('Ctrl Pts',(0.,9.47100075765135,7.76308042504309));
#1372=CARTESIAN_POINT('Ctrl Pts',(0.,9.30617701146935,7.75037685401271));
#1373=CARTESIAN_POINT('Ctrl Pts',(0.,9.14176237036482,7.7380797047478));
#1374=CARTESIAN_POINT('Ctrl Pts',(0.,8.97757265802286,7.72618512142113));
#1375=CARTESIAN_POINT('Ctrl Pts',(0.,8.81336113715387,7.71448772956945));
#1376=CARTESIAN_POINT('Ctrl Pts',(0.,8.64888310183146,7.70268028643402));
#1377=CARTESIAN_POINT('Ctrl Pts',(0.,8.48395976924533,7.69045080819649));
#1378=CARTESIAN_POINT('Ctrl Pts',(0.,8.3185415523326,7.67757969254671));
#1379=CARTESIAN_POINT('Ctrl Pts',(0.,8.15277421301203,7.6640397599786));
#1380=CARTESIAN_POINT('Ctrl Pts',(0.,7.98691846329704,7.64993009274208));
#1381=CARTESIAN_POINT('Ctrl Pts',(0.,7.82126678861665,7.63540651958402));
#1382=CARTESIAN_POINT('Ctrl Pts',(0.,7.65606058094737,7.6206128150513));
#1383=CARTESIAN_POINT('Ctrl Pts',(0.,7.49140882738093,7.60561288988686));
#1384=CARTESIAN_POINT('Ctrl Pts',(0.,7.32720144957078,7.59031901503757));
#1385=CARTESIAN_POINT('Ctrl Pts',(0.,7.16319159992912,7.57454837760846));
#1386=CARTESIAN_POINT('Ctrl Pts',(0.,6.99908366920098,7.55808402542177));
#1387=CARTESIAN_POINT('Ctrl Pts',(0.,6.83461970229771,7.54073452724428));
#1388=CARTESIAN_POINT('Ctrl Pts',(0.,6.66966526396182,7.52239338091692));
#1389=CARTESIAN_POINT('Ctrl Pts',(0.,6.5042989413184,7.50310074705946));
#1390=CARTESIAN_POINT('Ctrl Pts',(0.,6.33873724502764,7.48299727798383));
#1391=CARTESIAN_POINT('Ctrl Pts',(0.,6.17325570994271,7.46227534846567));
#1392=CARTESIAN_POINT('Ctrl Pts',(0.,6.00811062038622,7.44113093952319));
#1393=CARTESIAN_POINT('Ctrl Pts',(0.,5.84346234073541,7.41971602605029));
#1394=CARTESIAN_POINT('Ctrl Pts',(0.,5.6792928553842,7.39808863796958));
#1395=CARTESIAN_POINT('Ctrl Pts',(0.,5.51546452015571,7.37622203286158));
#1396=CARTESIAN_POINT('Ctrl Pts',(0.,5.35178526781594,7.35401676551658));
#1397=CARTESIAN_POINT('Ctrl Pts',(0.,5.18807204716047,7.33131155557059));
#1398=CARTESIAN_POINT('Ctrl Pts',(0.,5.02421357511951,7.30789488128051));
#1399=CARTESIAN_POINT('Ctrl Pts',(0.,4.86023728493271,7.28351556499839));
#1400=CARTESIAN_POINT('Ctrl Pts',(0.,4.69626656823508,7.25791175830247));
#1401=CARTESIAN_POINT('Ctrl Pts',(0.,4.53247305597198,7.23084052373181));
#1402=CARTESIAN_POINT('Ctrl Pts',(0.,4.36903025336516,7.2021076418308));
#1403=CARTESIAN_POINT('Ctrl Pts',(0.,4.20606772992238,7.17159634724992));
#1404=CARTESIAN_POINT('Ctrl Pts',(0.,4.04362202297079,7.13929925549185));
#1405=CARTESIAN_POINT('Ctrl Pts',(0.,3.88166355521408,7.10528272939038));
#1406=CARTESIAN_POINT('Ctrl Pts',(0.,3.72012759010405,7.06964774497805));
#1407=CARTESIAN_POINT('Ctrl Pts',(0.,3.55894394381492,7.03249177488822));
#1408=CARTESIAN_POINT('Ctrl Pts',(0.,3.39806664266477,6.99387088552145));
#1409=CARTESIAN_POINT('Ctrl Pts',(0.,3.23750516337216,6.9537599965922));
#1410=CARTESIAN_POINT('Ctrl Pts',(0.,3.07731665095939,6.91205703421859));
#1411=CARTESIAN_POINT('Ctrl Pts',(0.,2.91759600865057,6.86858955222387));
#1412=CARTESIAN_POINT('Ctrl Pts',(0.,2.75846673315457,6.82312029321048));
#1413=CARTESIAN_POINT('Ctrl Pts',(0.,2.60007156521517,6.77535345907204));
#1414=CARTESIAN_POINT('Ctrl Pts',(0.,2.44256291332228,6.72493986329472));
#1415=CARTESIAN_POINT('Ctrl Pts',(0.,2.28610177445776,6.67150179639853));
#1416=CARTESIAN_POINT('Ctrl Pts',(0.,2.1308572349782,6.61465867448144));
#1417=CARTESIAN_POINT('Ctrl Pts',(0.,1.97700556665519,6.55405280888675));
#1418=CARTESIAN_POINT('Ctrl Pts',(0.,1.82472994318228,6.48937420385617));
#1419=CARTESIAN_POINT('Ctrl Pts',(0.,1.6742186836169,6.42038831335732));
#1420=CARTESIAN_POINT('Ctrl Pts',(0.,1.52569784565246,6.34689232321698));
#1421=CARTESIAN_POINT('Ctrl Pts',(0.,1.3794652233359,6.26866852674391));
#1422=CARTESIAN_POINT('Ctrl Pts',(0.,1.23592422453465,6.18543799330507));
#1423=CARTESIAN_POINT('Ctrl Pts',(0.,1.09561700813105,6.09681586083058));
#1424=CARTESIAN_POINT('Ctrl Pts',(0.,0.959260268996846,6.00226109763047));
#1425=CARTESIAN_POINT('Ctrl Pts',(0.,0.827714257083754,5.90116612007574));
#1426=CARTESIAN_POINT('Ctrl Pts',(0.,0.701948818114139,5.79295241977772));
#1427=CARTESIAN_POINT('Ctrl Pts',(0.,0.583010518372779,5.67716470298657));
#1428=CARTESIAN_POINT('Ctrl Pts',(0.,0.471989474066876,5.55356410418206));
#1429=CARTESIAN_POINT('Ctrl Pts',(0.,0.369985985775368,5.42222626565824));
#1430=CARTESIAN_POINT('Ctrl Pts',(0.,0.278087944399008,5.28350000791712));
#1431=CARTESIAN_POINT('Ctrl Pts',(0.,0.197348687850753,5.137960344139));
#1432=CARTESIAN_POINT('Ctrl Pts',(0.,0.128764719735208,4.98636348754067));
#1433=CARTESIAN_POINT('Ctrl Pts',(0.,0.0732533372471718,4.82960156372189));
#1434=CARTESIAN_POINT('Ctrl Pts',(0.,0.0316305676559772,4.66865630623826));
#1435=CARTESIAN_POINT('Ctrl Pts',(0.,0.00457616039362106,4.50460316628576));
#1436=CARTESIAN_POINT('Ctrl Pts',(0.,-0.00740183532516433,4.33861699274856));
#1437=CARTESIAN_POINT('Ctrl Pts',(0.,-0.00400251402690846,4.17197736545953));
#1438=CARTESIAN_POINT('Ctrl Pts',(0.,0.0148325426979246,4.00607370079438));
#1439=CARTESIAN_POINT('Ctrl Pts',(0.,0.048883206103516,3.84241167819189));
#1440=CARTESIAN_POINT('Ctrl Pts',(0.,0.0976716984525369,3.68250065628565));
#1441=CARTESIAN_POINT('Ctrl Pts',(0.,0.160484114760508,3.52773975348215));
#1442=CARTESIAN_POINT('Ctrl Pts',(0.,0.236391520100056,3.37930418314608));
#1443=CARTESIAN_POINT('Ctrl Pts',(0.,0.324271267444205,3.23803184542093));
#1444=CARTESIAN_POINT('Ctrl Pts',(0.,0.422827670407853,3.10430838692162));
#1445=CARTESIAN_POINT('Ctrl Pts',(0.,0.530691904514031,2.97817748027523));
#1446=CARTESIAN_POINT('Ctrl Pts',(0.,0.646522455829233,2.85945257957058));
#1447=CARTESIAN_POINT('Ctrl Pts',(0.,0.769105273185102,2.74782793317657));
#1448=CARTESIAN_POINT('Ctrl Pts',(0.,0.897454285432112,2.642989989348));
#1449=CARTESIAN_POINT('Ctrl Pts',(0.,1.03091129896904,2.54472816907666));
#1450=CARTESIAN_POINT('Ctrl Pts',(0.,1.16908019034858,2.4529143555616));
#1451=CARTESIAN_POINT('Ctrl Pts',(0.,1.28322550286593,2.38456919540335));
#1452=CARTESIAN_POINT('Ctrl Pts',(0.,1.3708349003535,2.33617189167425));
#1453=CARTESIAN_POINT('Ctrl Pts',(0.,1.43013013802911,2.30517868656935));
#1454=CARTESIAN_POINT('Ctrl Pts',(0.,1.46,2.29));
#1455=CARTESIAN_POINT('Origin',(0.,3.205,0.88));
#1456=CARTESIAN_POINT('',(-1.55836305191501E-15,28.655,0.879999999999997));
#1457=CARTESIAN_POINT('Origin',(0.,15.93,0.88));
#1458=CARTESIAN_POINT('',(0.,3.21,0.88));
#1459=CARTESIAN_POINT('Origin',(0.,15.93,0.88));
#1460=CARTESIAN_POINT('Origin',(0.,15.93,0.905));
#1461=CARTESIAN_POINT('',(-1.56448628591074E-15,28.705,0.93));
#1462=CARTESIAN_POINT('Origin',(0.,15.93,0.93));
#1463=CARTESIAN_POINT('',(-1.56142466891288E-15,28.68,0.905));
#1464=CARTESIAN_POINT('Origin',(0.,15.93,1.385));
#1465=CARTESIAN_POINT('',(-1.56448628591074E-15,28.705,1.84));
#1466=CARTESIAN_POINT('Origin',(0.,15.93,1.84));
#1467=CARTESIAN_POINT('',(-1.56448628591074E-15,28.705,1.385));
#1468=CARTESIAN_POINT('Origin',(0.,15.93,1.865));
#1469=CARTESIAN_POINT('',(-1.55836305191501E-15,28.655,1.89));
#1470=CARTESIAN_POINT('Origin',(0.,15.93,1.89));
#1471=CARTESIAN_POINT('',(-1.56142466891288E-15,28.68,1.865));
#1472=CARTESIAN_POINT('Origin',(0.,4.375,1.89));
#1473=CARTESIAN_POINT('',(-1.41507937641477E-15,27.485,1.89));
#1474=CARTESIAN_POINT('Origin',(0.,15.93,1.89));
#1475=CARTESIAN_POINT('Origin',(0.,15.93,2.09));
#1476=CARTESIAN_POINT('',(-1.41507937641477E-15,27.485,2.29));
#1477=CARTESIAN_POINT('Origin',(0.,15.93,2.29));
#1478=CARTESIAN_POINT('',(-1.41507937641477E-15,27.485,2.09));
#1479=CARTESIAN_POINT('Origin',(0.,15.93,2.29));
#1480=CARTESIAN_POINT('Ctrl Pts',(0.,3.21,0.88));
#1481=CARTESIAN_POINT('Ctrl Pts',(12.72,3.21,0.88));
#1482=CARTESIAN_POINT('Ctrl Pts',(12.72,15.93,0.88));
#1483=CARTESIAN_POINT('Ctrl Pts',(12.72,28.65,0.88));
#1484=CARTESIAN_POINT('Ctrl Pts',(0.,28.65,0.88));
#1485=CARTESIAN_POINT('Ctrl Pts',(-12.72,28.65,0.88));
#1486=CARTESIAN_POINT('Ctrl Pts',(-12.72,15.93,0.88));
#1487=CARTESIAN_POINT('Ctrl Pts',(-12.72,3.21,0.88));
#1488=CARTESIAN_POINT('Ctrl Pts',(0.,3.21,0.88));
#1489=CARTESIAN_POINT('Ctrl Pts',(0.,3.24855857092349,0.874555939938253));
#1490=CARTESIAN_POINT('Ctrl Pts',(12.6814414290765,3.24855857092349,0.874555939938253));
#1491=CARTESIAN_POINT('Ctrl Pts',(12.6814414290765,15.93,0.874555939938253));
#1492=CARTESIAN_POINT('Ctrl Pts',(12.6814414290765,28.6114414290765,0.874555939938253));
#1493=CARTESIAN_POINT('Ctrl Pts',(0.,28.6114414290765,0.874555939938253));
#1494=CARTESIAN_POINT('Ctrl Pts',(-12.6814414290765,28.6114414290765,0.874555939938253));
#1495=CARTESIAN_POINT('Ctrl Pts',(-12.6814414290765,15.93,0.874555939938253));
#1496=CARTESIAN_POINT('Ctrl Pts',(-12.6814414290765,3.24855857092349,0.874555939938253));
#1497=CARTESIAN_POINT('Ctrl Pts',(0.,3.24855857092349,0.874555939938253));
#1498=CARTESIAN_POINT('Ctrl Pts',(0.,3.32573656358976,0.863715813123496));
#1499=CARTESIAN_POINT('Ctrl Pts',(12.6042634364102,3.32573656358976,0.863715813123496));
#1500=CARTESIAN_POINT('Ctrl Pts',(12.6042634364102,15.93,0.863715813123496));
#1501=CARTESIAN_POINT('Ctrl Pts',(12.6042634364102,28.5342634364102,0.863715813123496));
#1502=CARTESIAN_POINT('Ctrl Pts',(0.,28.5342634364102,0.863715813123496));
#1503=CARTESIAN_POINT('Ctrl Pts',(-12.6042634364102,28.5342634364102,0.863715813123496));
#1504=CARTESIAN_POINT('Ctrl Pts',(-12.6042634364102,15.93,0.863715813123496));
#1505=CARTESIAN_POINT('Ctrl Pts',(-12.6042634364102,3.32573656358976,0.863715813123496));
#1506=CARTESIAN_POINT('Ctrl Pts',(0.,3.32573656358976,0.863715813123496));
#1507=CARTESIAN_POINT('Ctrl Pts',(0.,3.44168610515939,0.847599602850494));
#1508=CARTESIAN_POINT('Ctrl Pts',(12.4883138948406,3.44168610515939,0.847599602850494));
#1509=CARTESIAN_POINT('Ctrl Pts',(12.4883138948406,15.93,0.847599602850494));
#1510=CARTESIAN_POINT('Ctrl Pts',(12.4883138948406,28.4183138948406,0.847599602850494));
#1511=CARTESIAN_POINT('Ctrl Pts',(0.,28.4183138948406,0.847599602850494));
#1512=CARTESIAN_POINT('Ctrl Pts',(-12.4883138948406,28.4183138948406,0.847599602850494));
#1513=CARTESIAN_POINT('Ctrl Pts',(-12.4883138948406,15.93,0.847599602850494));
#1514=CARTESIAN_POINT('Ctrl Pts',(-12.4883138948406,3.44168610515939,0.847599602850494));
#1515=CARTESIAN_POINT('Ctrl Pts',(0.,3.44168610515939,0.847599602850494));
#1516=CARTESIAN_POINT('Ctrl Pts',(0.,3.59665073882314,0.82639939315542));
#1517=CARTESIAN_POINT('Ctrl Pts',(12.3333492611769,3.59665073882315,0.82639939315542));
#1518=CARTESIAN_POINT('Ctrl Pts',(12.3333492611769,15.93,0.82639939315542));
#1519=CARTESIAN_POINT('Ctrl Pts',(12.3333492611769,28.2633492611769,0.82639939315542));
#1520=CARTESIAN_POINT('Ctrl Pts',(0.,28.2633492611769,0.82639939315542));
#1521=CARTESIAN_POINT('Ctrl Pts',(-12.3333492611769,28.2633492611769,0.82639939315542));
#1522=CARTESIAN_POINT('Ctrl Pts',(-12.3333492611769,15.93,0.82639939315542));
#1523=CARTESIAN_POINT('Ctrl Pts',(-12.3333492611769,3.59665073882315,0.82639939315542));
#1524=CARTESIAN_POINT('Ctrl Pts',(0.,3.59665073882314,0.82639939315542));
#1525=CARTESIAN_POINT('Ctrl Pts',(0.,3.79095273342827,0.800377426132491));
#1526=CARTESIAN_POINT('Ctrl Pts',(12.1390472665717,3.79095273342828,0.800377426132491));
#1527=CARTESIAN_POINT('Ctrl Pts',(12.1390472665717,15.93,0.800377426132491));
#1528=CARTESIAN_POINT('Ctrl Pts',(12.1390472665717,28.0690472665717,0.800377426132491));
#1529=CARTESIAN_POINT('Ctrl Pts',(0.,28.0690472665717,0.800377426132491));
#1530=CARTESIAN_POINT('Ctrl Pts',(-12.1390472665717,28.0690472665717,0.800377426132491));
#1531=CARTESIAN_POINT('Ctrl Pts',(-12.1390472665717,15.93,0.800377426132491));
#1532=CARTESIAN_POINT('Ctrl Pts',(-12.1390472665717,3.79095273342828,0.800377426132491));
#1533=CARTESIAN_POINT('Ctrl Pts',(0.,3.79095273342827,0.800377426132491));
#1534=CARTESIAN_POINT('Ctrl Pts',(0.,3.9858118687912,0.774827166505727));
#1535=CARTESIAN_POINT('Ctrl Pts',(11.9441881312088,3.9858118687912,0.774827166505727));
#1536=CARTESIAN_POINT('Ctrl Pts',(11.9441881312088,15.93,0.774827166505727));
#1537=CARTESIAN_POINT('Ctrl Pts',(11.9441881312088,27.8741881312088,0.774827166505727));
#1538=CARTESIAN_POINT('Ctrl Pts',(0.,27.8741881312088,0.774827166505727));
#1539=CARTESIAN_POINT('Ctrl Pts',(-11.9441881312088,27.8741881312088,0.774827166505727));
#1540=CARTESIAN_POINT('Ctrl Pts',(-11.9441881312088,15.93,0.774827166505727));
#1541=CARTESIAN_POINT('Ctrl Pts',(-11.9441881312088,3.9858118687912,0.774827166505727));
#1542=CARTESIAN_POINT('Ctrl Pts',(0.,3.9858118687912,0.774827166505727));
#1543=CARTESIAN_POINT('Ctrl Pts',(0.,4.18114894469459,0.749734599093323));
#1544=CARTESIAN_POINT('Ctrl Pts',(11.7488510553054,4.1811489446946,0.749734599093323));
#1545=CARTESIAN_POINT('Ctrl Pts',(11.7488510553054,15.93,0.749734599093323));
#1546=CARTESIAN_POINT('Ctrl Pts',(11.7488510553054,27.6788510553054,0.749734599093323));
#1547=CARTESIAN_POINT('Ctrl Pts',(0.,27.6788510553054,0.749734599093323));
#1548=CARTESIAN_POINT('Ctrl Pts',(-11.7488510553054,27.6788510553054,0.749734599093323));
#1549=CARTESIAN_POINT('Ctrl Pts',(-11.7488510553054,15.93,0.749734599093323));
#1550=CARTESIAN_POINT('Ctrl Pts',(-11.7488510553054,4.1811489446946,0.749734599093323));
#1551=CARTESIAN_POINT('Ctrl Pts',(0.,4.18114894469459,0.749734599093323));
#1552=CARTESIAN_POINT('Ctrl Pts',(0.,4.37683083581373,0.725075580262003));
#1553=CARTESIAN_POINT('Ctrl Pts',(11.5531691641863,4.37683083581373,0.725075580262003));
#1554=CARTESIAN_POINT('Ctrl Pts',(11.5531691641863,15.93,0.725075580262003));
#1555=CARTESIAN_POINT('Ctrl Pts',(11.5531691641863,27.4831691641863,0.725075580262003));
#1556=CARTESIAN_POINT('Ctrl Pts',(0.,27.4831691641863,0.725075580262003));
#1557=CARTESIAN_POINT('Ctrl Pts',(-11.5531691641863,27.4831691641863,0.725075580262003));
#1558=CARTESIAN_POINT('Ctrl Pts',(-11.5531691641863,15.93,0.725075580262003));
#1559=CARTESIAN_POINT('Ctrl Pts',(-11.5531691641863,4.37683083581373,0.725075580262003));
#1560=CARTESIAN_POINT('Ctrl Pts',(0.,4.37683083581373,0.725075580262003));
#1561=CARTESIAN_POINT('Ctrl Pts',(0.,4.57265696424126,0.700813193786784));
#1562=CARTESIAN_POINT('Ctrl Pts',(11.3573430357587,4.57265696424126,0.700813193786784));
#1563=CARTESIAN_POINT('Ctrl Pts',(11.3573430357587,15.93,0.700813193786784));
#1564=CARTESIAN_POINT('Ctrl Pts',(11.3573430357587,27.2873430357587,0.700813193786784));
#1565=CARTESIAN_POINT('Ctrl Pts',(0.,27.2873430357587,0.700813193786784));
#1566=CARTESIAN_POINT('Ctrl Pts',(-11.3573430357587,27.2873430357587,0.700813193786784));
#1567=CARTESIAN_POINT('Ctrl Pts',(-11.3573430357587,15.93,0.700813193786784));
#1568=CARTESIAN_POINT('Ctrl Pts',(-11.3573430357587,4.57265696424126,0.700813193786784));
#1569=CARTESIAN_POINT('Ctrl Pts',(0.,4.57265696424126,0.700813193786784));
#1570=CARTESIAN_POINT('Ctrl Pts',(0.,4.76840371598662,0.676908014783769));
#1571=CARTESIAN_POINT('Ctrl Pts',(11.1615962840134,4.76840371598662,0.676908014783769));
#1572=CARTESIAN_POINT('Ctrl Pts',(11.1615962840134,15.93,0.676908014783769));
#1573=CARTESIAN_POINT('Ctrl Pts',(11.1615962840134,27.0915962840134,0.676908014783769));
#1574=CARTESIAN_POINT('Ctrl Pts',(0.,27.0915962840134,0.676908014783769));
#1575=CARTESIAN_POINT('Ctrl Pts',(-11.1615962840134,27.0915962840134,0.676908014783769));
#1576=CARTESIAN_POINT('Ctrl Pts',(-11.1615962840134,15.93,0.676908014783769));
#1577=CARTESIAN_POINT('Ctrl Pts',(-11.1615962840134,4.76840371598662,0.676908014783769));
#1578=CARTESIAN_POINT('Ctrl Pts',(0.,4.76840371598662,0.676908014783769));
#1579=CARTESIAN_POINT('Ctrl Pts',(0.,4.96386846239552,0.653328282817148));
#1580=CARTESIAN_POINT('Ctrl Pts',(10.9661315376045,4.96386846239552,0.653328282817148));
#1581=CARTESIAN_POINT('Ctrl Pts',(10.9661315376045,15.93,0.653328282817148));
#1582=CARTESIAN_POINT('Ctrl Pts',(10.9661315376045,26.8961315376045,0.653328282817148));
#1583=CARTESIAN_POINT('Ctrl Pts',(0.,26.8961315376045,0.653328282817148));
#1584=CARTESIAN_POINT('Ctrl Pts',(-10.9661315376045,26.8961315376045,0.653328282817148));
#1585=CARTESIAN_POINT('Ctrl Pts',(-10.9661315376045,15.93,0.653328282817148));
#1586=CARTESIAN_POINT('Ctrl Pts',(-10.9661315376045,4.96386846239552,0.653328282817148));
#1587=CARTESIAN_POINT('Ctrl Pts',(0.,4.96386846239552,0.653328282817148));
#1588=CARTESIAN_POINT('Ctrl Pts',(0.,5.15891381958335,0.630060136525038));
#1589=CARTESIAN_POINT('Ctrl Pts',(10.7710861804166,5.15891381958335,0.630060136525038));
#1590=CARTESIAN_POINT('Ctrl Pts',(10.7710861804166,15.93,0.630060136525038));
#1591=CARTESIAN_POINT('Ctrl Pts',(10.7710861804166,26.7010861804166,0.630060136525038));
#1592=CARTESIAN_POINT('Ctrl Pts',(0.,26.7010861804166,0.630060136525038));
#1593=CARTESIAN_POINT('Ctrl Pts',(-10.7710861804166,26.7010861804166,0.630060136525038));
#1594=CARTESIAN_POINT('Ctrl Pts',(-10.7710861804166,15.93,0.630060136525038));
#1595=CARTESIAN_POINT('Ctrl Pts',(-10.7710861804166,5.15891381958335,0.630060136525038));
#1596=CARTESIAN_POINT('Ctrl Pts',(0.,5.15891381958335,0.630060136525038));
#1597=CARTESIAN_POINT('Ctrl Pts',(0.,5.35351171790194,0.607117788965862));
#1598=CARTESIAN_POINT('Ctrl Pts',(10.5764882820981,5.35351171790195,0.607117788965862));
#1599=CARTESIAN_POINT('Ctrl Pts',(10.5764882820981,15.93,0.607117788965862));
#1600=CARTESIAN_POINT('Ctrl Pts',(10.5764882820981,26.5064882820981,0.607117788965862));
#1601=CARTESIAN_POINT('Ctrl Pts',(0.,26.5064882820981,0.607117788965862));
#1602=CARTESIAN_POINT('Ctrl Pts',(-10.5764882820981,26.5064882820981,0.607117788965862));
#1603=CARTESIAN_POINT('Ctrl Pts',(-10.5764882820981,15.93,0.607117788965862));
#1604=CARTESIAN_POINT('Ctrl Pts',(-10.5764882820981,5.35351171790195,0.607117788965862));
#1605=CARTESIAN_POINT('Ctrl Pts',(0.,5.35351171790194,0.607117788965862));
#1606=CARTESIAN_POINT('Ctrl Pts',(0.,5.54778820459188,0.584553916988753));
#1607=CARTESIAN_POINT('Ctrl Pts',(10.3822117954081,5.54778820459188,0.584553916988753));
#1608=CARTESIAN_POINT('Ctrl Pts',(10.3822117954081,15.93,0.584553916988753));
#1609=CARTESIAN_POINT('Ctrl Pts',(10.3822117954081,26.3122117954081,0.584553916988753));
#1610=CARTESIAN_POINT('Ctrl Pts',(0.,26.3122117954081,0.584553916988753));
#1611=CARTESIAN_POINT('Ctrl Pts',(-10.3822117954081,26.3122117954081,0.584553916988753));
#1612=CARTESIAN_POINT('Ctrl Pts',(-10.3822117954081,15.93,0.584553916988753));
#1613=CARTESIAN_POINT('Ctrl Pts',(-10.3822117954081,5.54778820459188,0.584553916988753));
#1614=CARTESIAN_POINT('Ctrl Pts',(0.,5.54778820459188,0.584553916988753));
#1615=CARTESIAN_POINT('Ctrl Pts',(0.,5.74196144077772,0.562436850260634));
#1616=CARTESIAN_POINT('Ctrl Pts',(10.1880385592223,5.74196144077772,0.562436850260634));
#1617=CARTESIAN_POINT('Ctrl Pts',(10.1880385592223,15.93,0.562436850260634));
#1618=CARTESIAN_POINT('Ctrl Pts',(10.1880385592223,26.1180385592223,0.562436850260634));
#1619=CARTESIAN_POINT('Ctrl Pts',(0.,26.1180385592223,0.562436850260634));
#1620=CARTESIAN_POINT('Ctrl Pts',(-10.1880385592223,26.1180385592223,0.562436850260634));
#1621=CARTESIAN_POINT('Ctrl Pts',(-10.1880385592223,15.93,0.562436850260634));
#1622=CARTESIAN_POINT('Ctrl Pts',(-10.1880385592223,5.74196144077772,0.562436850260634));
#1623=CARTESIAN_POINT('Ctrl Pts',(0.,5.74196144077772,0.562436850260634));
#1624=CARTESIAN_POINT('Ctrl Pts',(0.,5.93627917684618,0.540827568885724));
#1625=CARTESIAN_POINT('Ctrl Pts',(9.99372082315382,5.93627917684618,0.540827568885724));
#1626=CARTESIAN_POINT('Ctrl Pts',(9.99372082315382,15.93,0.540827568885724));
#1627=CARTESIAN_POINT('Ctrl Pts',(9.99372082315382,25.9237208231538,0.540827568885724));
#1628=CARTESIAN_POINT('Ctrl Pts',(0.,25.9237208231538,0.540827568885724));
#1629=CARTESIAN_POINT('Ctrl Pts',(-9.99372082315382,25.9237208231538,0.540827568885724));
#1630=CARTESIAN_POINT('Ctrl Pts',(-9.99372082315382,15.93,0.540827568885724));
#1631=CARTESIAN_POINT('Ctrl Pts',(-9.99372082315382,5.93627917684618,0.540827568885724));
#1632=CARTESIAN_POINT('Ctrl Pts',(0.,5.93627917684618,0.540827568885724));
#1633=CARTESIAN_POINT('Ctrl Pts',(0.,6.13095657325261,0.51975681076558));
#1634=CARTESIAN_POINT('Ctrl Pts',(9.79904342674738,6.13095657325262,0.51975681076558));
#1635=CARTESIAN_POINT('Ctrl Pts',(9.79904342674739,15.93,0.51975681076558));
#1636=CARTESIAN_POINT('Ctrl Pts',(9.79904342674738,25.7290434267474,0.51975681076558));
#1637=CARTESIAN_POINT('Ctrl Pts',(0.,25.7290434267474,0.51975681076558));
#1638=CARTESIAN_POINT('Ctrl Pts',(-9.79904342674738,25.7290434267474,0.51975681076558));
#1639=CARTESIAN_POINT('Ctrl Pts',(-9.79904342674739,15.93,0.51975681076558));
#1640=CARTESIAN_POINT('Ctrl Pts',(-9.79904342674738,6.13095657325262,0.51975681076558));
#1641=CARTESIAN_POINT('Ctrl Pts',(0.,6.13095657325261,0.51975681076558));
#1642=CARTESIAN_POINT('Ctrl Pts',(0.,6.32611367228976,0.499201985633627));
#1643=CARTESIAN_POINT('Ctrl Pts',(9.60388632771024,6.32611367228976,0.499201985633627));
#1644=CARTESIAN_POINT('Ctrl Pts',(9.60388632771024,15.93,0.499201985633627));
#1645=CARTESIAN_POINT('Ctrl Pts',(9.60388632771024,25.5338863277102,0.499201985633627));
#1646=CARTESIAN_POINT('Ctrl Pts',(0.,25.5338863277102,0.499201985633627));
#1647=CARTESIAN_POINT('Ctrl Pts',(-9.60388632771024,25.5338863277102,0.499201985633627));
#1648=CARTESIAN_POINT('Ctrl Pts',(-9.60388632771024,15.93,0.499201985633627));
#1649=CARTESIAN_POINT('Ctrl Pts',(-9.60388632771024,6.32611367228976,0.499201985633627));
#1650=CARTESIAN_POINT('Ctrl Pts',(0.,6.32611367228976,0.499201985633627));
#1651=CARTESIAN_POINT('Ctrl Pts',(0.,6.52171338677271,0.479064377342818));
#1652=CARTESIAN_POINT('Ctrl Pts',(9.40828661322729,6.52171338677271,0.479064377342818));
#1653=CARTESIAN_POINT('Ctrl Pts',(9.40828661322729,15.93,0.479064377342818));
#1654=CARTESIAN_POINT('Ctrl Pts',(9.40828661322729,25.3382866132273,0.479064377342818));
#1655=CARTESIAN_POINT('Ctrl Pts',(0.,25.3382866132273,0.479064377342818));
#1656=CARTESIAN_POINT('Ctrl Pts',(-9.40828661322729,25.3382866132273,0.479064377342818));
#1657=CARTESIAN_POINT('Ctrl Pts',(-9.40828661322729,15.93,0.479064377342818));
#1658=CARTESIAN_POINT('Ctrl Pts',(-9.40828661322729,6.52171338677271,0.479064377342818));
#1659=CARTESIAN_POINT('Ctrl Pts',(0.,6.52171338677271,0.479064377342818));
#1660=CARTESIAN_POINT('Ctrl Pts',(0.,6.71761807977888,0.459215358887201));
#1661=CARTESIAN_POINT('Ctrl Pts',(9.21238192022112,6.71761807977888,0.459215358887201));
#1662=CARTESIAN_POINT('Ctrl Pts',(9.21238192022112,15.93,0.459215358887201));
#1663=CARTESIAN_POINT('Ctrl Pts',(9.21238192022112,25.1423819202211,0.459215358887201));
#1664=CARTESIAN_POINT('Ctrl Pts',(0.,25.1423819202211,0.459215358887201));
#1665=CARTESIAN_POINT('Ctrl Pts',(-9.21238192022112,25.1423819202211,0.459215358887201));
#1666=CARTESIAN_POINT('Ctrl Pts',(-9.21238192022112,15.93,0.459215358887201));
#1667=CARTESIAN_POINT('Ctrl Pts',(-9.21238192022112,6.71761807977888,0.459215358887201));
#1668=CARTESIAN_POINT('Ctrl Pts',(0.,6.71761807977888,0.459215358887201));
#1669=CARTESIAN_POINT('Ctrl Pts',(0.,6.9136454301973,0.439542212532176));
#1670=CARTESIAN_POINT('Ctrl Pts',(9.0163545698027,6.9136454301973,0.439542212532176));
#1671=CARTESIAN_POINT('Ctrl Pts',(9.0163545698027,15.93,0.439542212532176));
#1672=CARTESIAN_POINT('Ctrl Pts',(9.0163545698027,24.9463545698027,0.439542212532176));
#1673=CARTESIAN_POINT('Ctrl Pts',(0.,24.9463545698027,0.439542212532176));
#1674=CARTESIAN_POINT('Ctrl Pts',(-9.0163545698027,24.9463545698027,0.439542212532176));
#1675=CARTESIAN_POINT('Ctrl Pts',(-9.0163545698027,15.93,0.439542212532176));
#1676=CARTESIAN_POINT('Ctrl Pts',(-9.0163545698027,6.9136454301973,0.439542212532176));
#1677=CARTESIAN_POINT('Ctrl Pts',(0.,6.9136454301973,0.439542212532176));
#1678=CARTESIAN_POINT('Ctrl Pts',(0.,7.10962449303252,0.419994133372937));
#1679=CARTESIAN_POINT('Ctrl Pts',(8.82037550696748,7.10962449303252,0.419994133372937));
#1680=CARTESIAN_POINT('Ctrl Pts',(8.82037550696748,15.93,0.419994133372937));
#1681=CARTESIAN_POINT('Ctrl Pts',(8.82037550696748,24.7503755069675,0.419994133372937));
#1682=CARTESIAN_POINT('Ctrl Pts',(0.,24.7503755069675,0.419994133372937));
#1683=CARTESIAN_POINT('Ctrl Pts',(-8.82037550696748,24.7503755069675,0.419994133372937));
#1684=CARTESIAN_POINT('Ctrl Pts',(-8.82037550696748,15.93,0.419994133372937));
#1685=CARTESIAN_POINT('Ctrl Pts',(-8.82037550696748,7.10962449303252,0.419994133372937));
#1686=CARTESIAN_POINT('Ctrl Pts',(0.,7.10962449303252,0.419994133372937));
#1687=CARTESIAN_POINT('Ctrl Pts',(0.,7.30545160223682,0.400628152953279));
#1688=CARTESIAN_POINT('Ctrl Pts',(8.62454839776318,7.30545160223682,0.400628152953279));
#1689=CARTESIAN_POINT('Ctrl Pts',(8.62454839776318,15.93,0.400628152953279));
#1690=CARTESIAN_POINT('Ctrl Pts',(8.62454839776318,24.5545483977632,0.400628152953279));
#1691=CARTESIAN_POINT('Ctrl Pts',(0.,24.5545483977632,0.400628152953279));
#1692=CARTESIAN_POINT('Ctrl Pts',(-8.62454839776318,24.5545483977632,0.400628152953279));
#1693=CARTESIAN_POINT('Ctrl Pts',(-8.62454839776318,15.93,0.400628152953279));
#1694=CARTESIAN_POINT('Ctrl Pts',(-8.62454839776318,7.30545160223682,0.400628152953279));
#1695=CARTESIAN_POINT('Ctrl Pts',(0.,7.30545160223682,0.400628152953279));
#1696=CARTESIAN_POINT('Ctrl Pts',(0.,7.5011466012306,0.381655467895241));
#1697=CARTESIAN_POINT('Ctrl Pts',(8.4288533987694,7.5011466012306,0.381655467895241));
#1698=CARTESIAN_POINT('Ctrl Pts',(8.4288533987694,15.93,0.381655467895241));
#1699=CARTESIAN_POINT('Ctrl Pts',(8.4288533987694,24.3588533987694,0.381655467895241));
#1700=CARTESIAN_POINT('Ctrl Pts',(0.,24.3588533987694,0.381655467895241));
#1701=CARTESIAN_POINT('Ctrl Pts',(-8.4288533987694,24.3588533987694,0.381655467895241));
#1702=CARTESIAN_POINT('Ctrl Pts',(-8.4288533987694,15.93,0.381655467895241));
#1703=CARTESIAN_POINT('Ctrl Pts',(-8.4288533987694,7.5011466012306,0.381655467895241));
#1704=CARTESIAN_POINT('Ctrl Pts',(0.,7.5011466012306,0.381655467895241));
#1705=CARTESIAN_POINT('Ctrl Pts',(0.,7.69680359601237,0.363360880090195));
#1706=CARTESIAN_POINT('Ctrl Pts',(8.23319640398762,7.69680359601238,0.363360880090195));
#1707=CARTESIAN_POINT('Ctrl Pts',(8.23319640398763,15.93,0.363360880090195));
#1708=CARTESIAN_POINT('Ctrl Pts',(8.23319640398762,24.1631964039876,0.363360880090195));
#1709=CARTESIAN_POINT('Ctrl Pts',(0.,24.1631964039876,0.363360880090195));
#1710=CARTESIAN_POINT('Ctrl Pts',(-8.23319640398762,24.1631964039876,0.363360880090195));
#1711=CARTESIAN_POINT('Ctrl Pts',(-8.23319640398763,15.93,0.363360880090195));
#1712=CARTESIAN_POINT('Ctrl Pts',(-8.23319640398762,7.69680359601238,0.363360880090195));
#1713=CARTESIAN_POINT('Ctrl Pts',(0.,7.69680359601237,0.363360880090195));
#1714=CARTESIAN_POINT('Ctrl Pts',(0.,7.89254165235975,0.346022171189143));
#1715=CARTESIAN_POINT('Ctrl Pts',(8.03745834764025,7.89254165235975,0.346022171189143));
#1716=CARTESIAN_POINT('Ctrl Pts',(8.03745834764025,15.93,0.346022171189143));
#1717=CARTESIAN_POINT('Ctrl Pts',(8.03745834764025,23.9674583476402,0.346022171189143));
#1718=CARTESIAN_POINT('Ctrl Pts',(0.,23.9674583476403,0.346022171189143));
#1719=CARTESIAN_POINT('Ctrl Pts',(-8.03745834764025,23.9674583476402,0.346022171189143));
#1720=CARTESIAN_POINT('Ctrl Pts',(-8.03745834764025,15.93,0.346022171189143));
#1721=CARTESIAN_POINT('Ctrl Pts',(-8.03745834764025,7.89254165235975,0.346022171189143));
#1722=CARTESIAN_POINT('Ctrl Pts',(0.,7.89254165235975,0.346022171189143));
#1723=CARTESIAN_POINT('Ctrl Pts',(0.,8.0884554782932,0.329829348143297));
#1724=CARTESIAN_POINT('Ctrl Pts',(7.84154452170679,8.08845547829321,0.329829348143297));
#1725=CARTESIAN_POINT('Ctrl Pts',(7.8415445217068,15.93,0.329829348143297));
#1726=CARTESIAN_POINT('Ctrl Pts',(7.84154452170679,23.7715445217068,0.329829348143297));
#1727=CARTESIAN_POINT('Ctrl Pts',(0.,23.7715445217068,0.329829348143297));
#1728=CARTESIAN_POINT('Ctrl Pts',(-7.84154452170679,23.7715445217068,0.329829348143297));
#1729=CARTESIAN_POINT('Ctrl Pts',(-7.8415445217068,15.93,0.329829348143297));
#1730=CARTESIAN_POINT('Ctrl Pts',(-7.84154452170679,8.08845547829321,0.329829348143297));
#1731=CARTESIAN_POINT('Ctrl Pts',(0.,8.0884554782932,0.329829348143297));
#1732=CARTESIAN_POINT('Ctrl Pts',(0.,8.28456631792724,0.314804222758187));
#1733=CARTESIAN_POINT('Ctrl Pts',(7.64543368207276,8.28456631792724,0.314804222758187));
#1734=CARTESIAN_POINT('Ctrl Pts',(7.64543368207276,15.93,0.314804222758187));
#1735=CARTESIAN_POINT('Ctrl Pts',(7.64543368207276,23.5754336820728,0.314804222758187));
#1736=CARTESIAN_POINT('Ctrl Pts',(0.,23.5754336820728,0.314804222758187));
#1737=CARTESIAN_POINT('Ctrl Pts',(-7.64543368207276,23.5754336820728,0.314804222758187));
#1738=CARTESIAN_POINT('Ctrl Pts',(-7.64543368207276,15.93,0.314804222758187));
#1739=CARTESIAN_POINT('Ctrl Pts',(-7.64543368207276,8.28456631792724,0.314804222758187));
#1740=CARTESIAN_POINT('Ctrl Pts',(0.,8.28456631792724,0.314804222758187));
#1741=CARTESIAN_POINT('Ctrl Pts',(0.,8.48077204737913,0.300718519425528));
#1742=CARTESIAN_POINT('Ctrl Pts',(7.44922795262087,8.48077204737913,0.300718519425528));
#1743=CARTESIAN_POINT('Ctrl Pts',(7.44922795262087,15.93,0.300718519425528));
#1744=CARTESIAN_POINT('Ctrl Pts',(7.44922795262087,23.3792279526209,0.300718519425528));
#1745=CARTESIAN_POINT('Ctrl Pts',(0.,23.3792279526209,0.300718519425528));
#1746=CARTESIAN_POINT('Ctrl Pts',(-7.44922795262087,23.3792279526209,0.300718519425528));
#1747=CARTESIAN_POINT('Ctrl Pts',(-7.44922795262087,15.93,0.300718519425528));
#1748=CARTESIAN_POINT('Ctrl Pts',(-7.44922795262087,8.48077204737913,0.300718519425528));
#1749=CARTESIAN_POINT('Ctrl Pts',(0.,8.48077204737913,0.300718519425528));
#1750=CARTESIAN_POINT('Ctrl Pts',(0.,8.6769015603006,0.287196858771274));
#1751=CARTESIAN_POINT('Ctrl Pts',(7.2530984396994,8.6769015603006,0.287196858771274));
#1752=CARTESIAN_POINT('Ctrl Pts',(7.2530984396994,15.93,0.287196858771274));
#1753=CARTESIAN_POINT('Ctrl Pts',(7.2530984396994,23.1830984396994,0.287196858771274));
#1754=CARTESIAN_POINT('Ctrl Pts',(0.,23.1830984396994,0.287196858771274));
#1755=CARTESIAN_POINT('Ctrl Pts',(-7.2530984396994,23.1830984396994,0.287196858771274));
#1756=CARTESIAN_POINT('Ctrl Pts',(-7.2530984396994,15.93,0.287196858771274));
#1757=CARTESIAN_POINT('Ctrl Pts',(-7.2530984396994,8.6769015603006,0.287196858771274));
#1758=CARTESIAN_POINT('Ctrl Pts',(0.,8.6769015603006,0.287196858771274));
#1759=CARTESIAN_POINT('Ctrl Pts',(0.,8.87276973414465,0.273820733553908));
#1760=CARTESIAN_POINT('Ctrl Pts',(7.05723026585535,8.87276973414465,0.273820733553908));
#1761=CARTESIAN_POINT('Ctrl Pts',(7.05723026585535,15.93,0.273820733553908));
#1762=CARTESIAN_POINT('Ctrl Pts',(7.05723026585535,22.9872302658553,0.273820733553908));
#1763=CARTESIAN_POINT('Ctrl Pts',(0.,22.9872302658553,0.273820733553908));
#1764=CARTESIAN_POINT('Ctrl Pts',(-7.05723026585535,22.9872302658553,0.273820733553908));
#1765=CARTESIAN_POINT('Ctrl Pts',(-7.05723026585535,15.93,0.273820733553908));
#1766=CARTESIAN_POINT('Ctrl Pts',(-7.05723026585535,8.87276973414465,0.273820733553908));
#1767=CARTESIAN_POINT('Ctrl Pts',(0.,8.87276973414465,0.273820733553908));
#1768=CARTESIAN_POINT('Ctrl Pts',(0.,9.06823226183639,0.260232225407734));
#1769=CARTESIAN_POINT('Ctrl Pts',(6.86176773816361,9.06823226183639,0.260232225407734));
#1770=CARTESIAN_POINT('Ctrl Pts',(6.86176773816361,15.93,0.260232225407734));
#1771=CARTESIAN_POINT('Ctrl Pts',(6.86176773816361,22.7917677381636,0.260232225407734));
#1772=CARTESIAN_POINT('Ctrl Pts',(0.,22.7917677381636,0.260232225407734));
#1773=CARTESIAN_POINT('Ctrl Pts',(-6.86176773816361,22.7917677381636,0.260232225407734));
#1774=CARTESIAN_POINT('Ctrl Pts',(-6.86176773816361,15.93,0.260232225407734));
#1775=CARTESIAN_POINT('Ctrl Pts',(-6.86176773816361,9.06823226183639,0.260232225407734));
#1776=CARTESIAN_POINT('Ctrl Pts',(0.,9.06823226183639,0.260232225407734));
#1777=CARTESIAN_POINT('Ctrl Pts',(0.,9.26324029345807,0.246237354951396));
#1778=CARTESIAN_POINT('Ctrl Pts',(6.66675970654193,9.26324029345807,0.246237354951396));
#1779=CARTESIAN_POINT('Ctrl Pts',(6.66675970654193,15.93,0.246237354951396));
#1780=CARTESIAN_POINT('Ctrl Pts',(6.66675970654193,22.5967597065419,0.246237354951396));
#1781=CARTESIAN_POINT('Ctrl Pts',(0.,22.5967597065419,0.246237354951396));
#1782=CARTESIAN_POINT('Ctrl Pts',(-6.66675970654193,22.5967597065419,0.246237354951396));
#1783=CARTESIAN_POINT('Ctrl Pts',(-6.66675970654193,15.93,0.246237354951396));
#1784=CARTESIAN_POINT('Ctrl Pts',(-6.66675970654193,9.26324029345807,0.246237354951396));
#1785=CARTESIAN_POINT('Ctrl Pts',(0.,9.26324029345807,0.246237354951396));
#1786=CARTESIAN_POINT('Ctrl Pts',(0.,9.45789609227102,0.231911252612815));
#1787=CARTESIAN_POINT('Ctrl Pts',(6.47210390772898,9.45789609227102,0.231911252612815));
#1788=CARTESIAN_POINT('Ctrl Pts',(6.47210390772898,15.93,0.231911252612815));
#1789=CARTESIAN_POINT('Ctrl Pts',(6.47210390772898,22.402103907729,0.231911252612815));
#1790=CARTESIAN_POINT('Ctrl Pts',(0.,22.402103907729,0.231911252612815));
#1791=CARTESIAN_POINT('Ctrl Pts',(-6.47210390772898,22.402103907729,0.231911252612815));
#1792=CARTESIAN_POINT('Ctrl Pts',(-6.47210390772898,15.93,0.231911252612815));
#1793=CARTESIAN_POINT('Ctrl Pts',(-6.47210390772898,9.45789609227102,0.231911252612815));
#1794=CARTESIAN_POINT('Ctrl Pts',(0.,9.45789609227102,0.231911252612815));
#1795=CARTESIAN_POINT('Ctrl Pts',(0.,9.65239701164571,0.217501313777179));
#1796=CARTESIAN_POINT('Ctrl Pts',(6.27760298835429,9.65239701164571,0.217501313777179));
#1797=CARTESIAN_POINT('Ctrl Pts',(6.27760298835429,15.93,0.217501313777179));
#1798=CARTESIAN_POINT('Ctrl Pts',(6.27760298835429,22.2076029883543,0.217501313777179));
#1799=CARTESIAN_POINT('Ctrl Pts',(0.,22.2076029883543,0.217501313777179));
#1800=CARTESIAN_POINT('Ctrl Pts',(-6.27760298835429,22.2076029883543,0.217501313777179));
#1801=CARTESIAN_POINT('Ctrl Pts',(-6.27760298835429,15.93,0.217501313777179));
#1802=CARTESIAN_POINT('Ctrl Pts',(-6.27760298835429,9.65239701164571,0.217501313777179));
#1803=CARTESIAN_POINT('Ctrl Pts',(0.,9.65239701164571,0.217501313777179));
#1804=CARTESIAN_POINT('Ctrl Pts',(0.,9.84697853658095,0.20332864853756));
#1805=CARTESIAN_POINT('Ctrl Pts',(6.08302146341905,9.84697853658095,0.20332864853756));
#1806=CARTESIAN_POINT('Ctrl Pts',(6.08302146341905,15.93,0.20332864853756));
#1807=CARTESIAN_POINT('Ctrl Pts',(6.08302146341905,22.0130214634191,0.20332864853756));
#1808=CARTESIAN_POINT('Ctrl Pts',(0.,22.0130214634191,0.20332864853756));
#1809=CARTESIAN_POINT('Ctrl Pts',(-6.08302146341905,22.0130214634191,0.20332864853756));
#1810=CARTESIAN_POINT('Ctrl Pts',(-6.08302146341905,15.93,0.20332864853756));
#1811=CARTESIAN_POINT('Ctrl Pts',(-6.08302146341905,9.84697853658095,0.20332864853756));
#1812=CARTESIAN_POINT('Ctrl Pts',(0.,9.84697853658095,0.20332864853756));
#1813=CARTESIAN_POINT('Ctrl Pts',(0.,10.0418578723193,0.189690552622054));
#1814=CARTESIAN_POINT('Ctrl Pts',(5.8881421276807,10.0418578723193,0.189690552622054));
#1815=CARTESIAN_POINT('Ctrl Pts',(5.8881421276807,15.93,0.189690552622054));
#1816=CARTESIAN_POINT('Ctrl Pts',(5.8881421276807,21.8181421276807,0.189690552622054));
#1817=CARTESIAN_POINT('Ctrl Pts',(0.,21.8181421276807,0.189690552622054));
#1818=CARTESIAN_POINT('Ctrl Pts',(-5.8881421276807,21.8181421276807,0.189690552622054));
#1819=CARTESIAN_POINT('Ctrl Pts',(-5.8881421276807,15.93,0.189690552622054));
#1820=CARTESIAN_POINT('Ctrl Pts',(-5.8881421276807,10.0418578723193,0.189690552622054));
#1821=CARTESIAN_POINT('Ctrl Pts',(0.,10.0418578723193,0.189690552622054));
#1822=CARTESIAN_POINT('Ctrl Pts',(0.,10.2371770354212,0.176762023354109));
#1823=CARTESIAN_POINT('Ctrl Pts',(5.69282296457879,10.2371770354212,0.176762023354109));
#1824=CARTESIAN_POINT('Ctrl Pts',(5.69282296457879,15.93,0.176762023354109));
#1825=CARTESIAN_POINT('Ctrl Pts',(5.69282296457879,21.6228229645788,0.176762023354109));
#1826=CARTESIAN_POINT('Ctrl Pts',(0.,21.6228229645788,0.176762023354109));
#1827=CARTESIAN_POINT('Ctrl Pts',(-5.69282296457879,21.6228229645788,0.176762023354109));
#1828=CARTESIAN_POINT('Ctrl Pts',(-5.69282296457879,15.93,0.176762023354109));
#1829=CARTESIAN_POINT('Ctrl Pts',(-5.69282296457879,10.2371770354212,0.176762023354109));
#1830=CARTESIAN_POINT('Ctrl Pts',(0.,10.2371770354212,0.176762023354109));
#1831=CARTESIAN_POINT('Ctrl Pts',(0.,10.4329467901205,0.164498994339071));
#1832=CARTESIAN_POINT('Ctrl Pts',(5.49705320987948,10.4329467901205,0.164498994339071));
#1833=CARTESIAN_POINT('Ctrl Pts',(5.49705320987948,15.93,0.164498994339071));
#1834=CARTESIAN_POINT('Ctrl Pts',(5.49705320987948,21.4270532098795,0.164498994339071));
#1835=CARTESIAN_POINT('Ctrl Pts',(0.,21.4270532098795,0.164498994339071));
#1836=CARTESIAN_POINT('Ctrl Pts',(-5.49705320987948,21.4270532098795,0.164498994339071));
#1837=CARTESIAN_POINT('Ctrl Pts',(-5.49705320987948,15.93,0.164498994339071));
#1838=CARTESIAN_POINT('Ctrl Pts',(-5.49705320987948,10.4329467901205,0.164498994339071));
#1839=CARTESIAN_POINT('Ctrl Pts',(0.,10.4329467901205,0.164498994339071));
#1840=CARTESIAN_POINT('Ctrl Pts',(0.,10.6290844650436,0.152728841022911));
#1841=CARTESIAN_POINT('Ctrl Pts',(5.30091553495637,10.6290844650436,0.152728841022911));
#1842=CARTESIAN_POINT('Ctrl Pts',(5.30091553495637,15.93,0.152728841022911));
#1843=CARTESIAN_POINT('Ctrl Pts',(5.30091553495637,21.2309155349564,0.152728841022911));
#1844=CARTESIAN_POINT('Ctrl Pts',(0.,21.2309155349564,0.152728841022911));
#1845=CARTESIAN_POINT('Ctrl Pts',(-5.30091553495637,21.2309155349564,0.152728841022911));
#1846=CARTESIAN_POINT('Ctrl Pts',(-5.30091553495637,15.93,0.152728841022911));
#1847=CARTESIAN_POINT('Ctrl Pts',(-5.30091553495637,10.6290844650436,0.152728841022911));
#1848=CARTESIAN_POINT('Ctrl Pts',(0.,10.6290844650436,0.152728841022911));
#1849=CARTESIAN_POINT('Ctrl Pts',(0.,10.8254508497522,0.141239186347441));
#1850=CARTESIAN_POINT('Ctrl Pts',(5.10454915024784,10.8254508497522,0.141239186347441));
#1851=CARTESIAN_POINT('Ctrl Pts',(5.10454915024784,15.93,0.141239186347441));
#1852=CARTESIAN_POINT('Ctrl Pts',(5.10454915024784,21.0345491502478,0.141239186347441));
#1853=CARTESIAN_POINT('Ctrl Pts',(0.,21.0345491502478,0.141239186347441));
#1854=CARTESIAN_POINT('Ctrl Pts',(-5.10454915024784,21.0345491502478,0.141239186347441));
#1855=CARTESIAN_POINT('Ctrl Pts',(-5.10454915024784,15.93,0.141239186347441));
#1856=CARTESIAN_POINT('Ctrl Pts',(-5.10454915024784,10.8254508497522,0.141239186347441));
#1857=CARTESIAN_POINT('Ctrl Pts',(0.,10.8254508497522,0.141239186347441));
#1858=CARTESIAN_POINT('Ctrl Pts',(0.,11.0218872773792,0.129867003300428));
#1859=CARTESIAN_POINT('Ctrl Pts',(4.9081127226208,11.0218872773792,0.129867003300428));
#1860=CARTESIAN_POINT('Ctrl Pts',(4.9081127226208,15.93,0.129867003300428));
#1861=CARTESIAN_POINT('Ctrl Pts',(4.9081127226208,20.8381127226208,0.129867003300428));
#1862=CARTESIAN_POINT('Ctrl Pts',(0.,20.8381127226208,0.129867003300428));
#1863=CARTESIAN_POINT('Ctrl Pts',(-4.9081127226208,20.8381127226208,0.129867003300428));
#1864=CARTESIAN_POINT('Ctrl Pts',(-4.9081127226208,15.93,0.129867003300428));
#1865=CARTESIAN_POINT('Ctrl Pts',(-4.9081127226208,11.0218872773792,0.129867003300428));
#1866=CARTESIAN_POINT('Ctrl Pts',(0.,11.0218872773792,0.129867003300428));
#1867=CARTESIAN_POINT('Ctrl Pts',(0.,11.2182526821226,0.118588150455258));
#1868=CARTESIAN_POINT('Ctrl Pts',(4.71174731787738,11.2182526821226,0.118588150455258));
#1869=CARTESIAN_POINT('Ctrl Pts',(4.71174731787738,15.93,0.118588150455258));
#1870=CARTESIAN_POINT('Ctrl Pts',(4.71174731787738,20.6417473178774,0.118588150455258));
#1871=CARTESIAN_POINT('Ctrl Pts',(0.,20.6417473178774,0.118588150455258));
#1872=CARTESIAN_POINT('Ctrl Pts',(-4.71174731787738,20.6417473178774,0.118588150455258));
#1873=CARTESIAN_POINT('Ctrl Pts',(-4.71174731787738,15.93,0.118588150455258));
#1874=CARTESIAN_POINT('Ctrl Pts',(-4.71174731787738,11.2182526821226,0.118588150455258));
#1875=CARTESIAN_POINT('Ctrl Pts',(0.,11.2182526821226,0.118588150455258));
#1876=CARTESIAN_POINT('Ctrl Pts',(0.,11.4144603811162,0.107605453783883));
#1877=CARTESIAN_POINT('Ctrl Pts',(4.51553961888381,11.4144603811162,0.107605453783883));
#1878=CARTESIAN_POINT('Ctrl Pts',(4.51553961888381,15.93,0.107605453783883));
#1879=CARTESIAN_POINT('Ctrl Pts',(4.51553961888381,20.4455396188838,0.107605453783883));
#1880=CARTESIAN_POINT('Ctrl Pts',(0.,20.4455396188838,0.107605453783883));
#1881=CARTESIAN_POINT('Ctrl Pts',(-4.51553961888381,20.4455396188838,0.107605453783883));
#1882=CARTESIAN_POINT('Ctrl Pts',(-4.51553961888381,15.93,0.107605453783883));
#1883=CARTESIAN_POINT('Ctrl Pts',(-4.51553961888381,11.4144603811162,0.107605453783883));
#1884=CARTESIAN_POINT('Ctrl Pts',(0.,11.4144603811162,0.107605453783883));
#1885=CARTESIAN_POINT('Ctrl Pts',(0.,11.6104739331112,0.0972410224498856));
#1886=CARTESIAN_POINT('Ctrl Pts',(4.31952606688876,11.6104739331112,0.0972410224498856));
#1887=CARTESIAN_POINT('Ctrl Pts',(4.31952606688876,15.93,0.0972410224498856));
#1888=CARTESIAN_POINT('Ctrl Pts',(4.31952606688876,20.2495260668888,0.0972410224498856));
#1889=CARTESIAN_POINT('Ctrl Pts',(0.,20.2495260668888,0.0972410224498856));
#1890=CARTESIAN_POINT('Ctrl Pts',(-4.31952606688876,20.2495260668888,0.0972410224498856));
#1891=CARTESIAN_POINT('Ctrl Pts',(-4.31952606688876,15.93,0.0972410224498856));
#1892=CARTESIAN_POINT('Ctrl Pts',(-4.31952606688876,11.6104739331112,0.0972410224498856));
#1893=CARTESIAN_POINT('Ctrl Pts',(0.,11.6104739331112,0.0972410224498856));
#1894=CARTESIAN_POINT('Ctrl Pts',(0.,11.806303430401,0.0878302349926314));
#1895=CARTESIAN_POINT('Ctrl Pts',(4.123696569599,11.806303430401,0.0878302349926314));
#1896=CARTESIAN_POINT('Ctrl Pts',(4.123696569599,15.93,0.0878302349926314));
#1897=CARTESIAN_POINT('Ctrl Pts',(4.123696569599,20.053696569599,0.0878302349926314));
#1898=CARTESIAN_POINT('Ctrl Pts',(0.,20.053696569599,0.0878302349926314));
#1899=CARTESIAN_POINT('Ctrl Pts',(-4.123696569599,20.053696569599,0.0878302349926314));
#1900=CARTESIAN_POINT('Ctrl Pts',(-4.123696569599,15.93,0.0878302349926314));
#1901=CARTESIAN_POINT('Ctrl Pts',(-4.123696569599,11.806303430401,0.0878302349926314));
#1902=CARTESIAN_POINT('Ctrl Pts',(0.,11.806303430401,0.0878302349926314));
#1903=CARTESIAN_POINT('Ctrl Pts',(0.,12.0020016750658,0.079615459735167));
#1904=CARTESIAN_POINT('Ctrl Pts',(3.92799832493424,12.0020016750658,0.079615459735167));
#1905=CARTESIAN_POINT('Ctrl Pts',(3.92799832493424,15.93,0.079615459735167));
#1906=CARTESIAN_POINT('Ctrl Pts',(3.92799832493424,19.8579983249342,0.079615459735167));
#1907=CARTESIAN_POINT('Ctrl Pts',(0.,19.8579983249342,0.079615459735167));
#1908=CARTESIAN_POINT('Ctrl Pts',(-3.92799832493424,19.8579983249342,0.079615459735167));
#1909=CARTESIAN_POINT('Ctrl Pts',(-3.92799832493424,15.93,0.079615459735167));
#1910=CARTESIAN_POINT('Ctrl Pts',(-3.92799832493424,12.0020016750658,0.079615459735167));
#1911=CARTESIAN_POINT('Ctrl Pts',(0.,12.0020016750658,0.079615459735167));
#1912=CARTESIAN_POINT('Ctrl Pts',(0.,12.1976605498077,0.0726390983749106));
#1913=CARTESIAN_POINT('Ctrl Pts',(3.73233945019235,12.1976605498077,0.0726390983749106));
#1914=CARTESIAN_POINT('Ctrl Pts',(3.73233945019235,15.93,0.0726390983749106));
#1915=CARTESIAN_POINT('Ctrl Pts',(3.73233945019235,19.6623394501923,0.0726390983749106));
#1916=CARTESIAN_POINT('Ctrl Pts',(0.,19.6623394501923,0.0726390983749106));
#1917=CARTESIAN_POINT('Ctrl Pts',(-3.73233945019235,19.6623394501923,0.0726390983749106));
#1918=CARTESIAN_POINT('Ctrl Pts',(-3.73233945019235,15.93,0.0726390983749106));
#1919=CARTESIAN_POINT('Ctrl Pts',(-3.73233945019235,12.1976605498077,0.0726390983749106));
#1920=CARTESIAN_POINT('Ctrl Pts',(0.,12.1976605498077,0.0726390983749106));
#1921=CARTESIAN_POINT('Ctrl Pts',(0.,12.3934071759079,0.0666385132268031));
#1922=CARTESIAN_POINT('Ctrl Pts',(3.53659282409214,12.3934071759079,0.0666385132268031));
#1923=CARTESIAN_POINT('Ctrl Pts',(3.53659282409214,15.93,0.0666385132268031));
#1924=CARTESIAN_POINT('Ctrl Pts',(3.53659282409214,19.4665928240921,0.0666385132268031));
#1925=CARTESIAN_POINT('Ctrl Pts',(0.,19.4665928240921,0.0666385132268031));
#1926=CARTESIAN_POINT('Ctrl Pts',(-3.53659282409214,19.4665928240921,0.0666385132268031));
#1927=CARTESIAN_POINT('Ctrl Pts',(-3.53659282409214,15.93,0.0666385132268031));
#1928=CARTESIAN_POINT('Ctrl Pts',(-3.53659282409214,12.3934071759079,0.0666385132268031));
#1929=CARTESIAN_POINT('Ctrl Pts',(0.,12.3934071759079,0.0666385132268031));
#1930=CARTESIAN_POINT('Ctrl Pts',(0.,12.5893759119651,0.0611780000562346));
#1931=CARTESIAN_POINT('Ctrl Pts',(3.34062408803492,12.5893759119651,0.0611780000562346));
#1932=CARTESIAN_POINT('Ctrl Pts',(3.34062408803492,15.93,0.0611780000562346));
#1933=CARTESIAN_POINT('Ctrl Pts',(3.34062408803492,19.2706240880349,0.0611780000562346));
#1934=CARTESIAN_POINT('Ctrl Pts',(0.,19.2706240880349,0.0611780000562346));
#1935=CARTESIAN_POINT('Ctrl Pts',(-3.34062408803492,19.2706240880349,0.0611780000562346));
#1936=CARTESIAN_POINT('Ctrl Pts',(-3.34062408803492,15.93,0.0611780000562346));
#1937=CARTESIAN_POINT('Ctrl Pts',(-3.34062408803492,12.5893759119651,0.0611780000562346));
#1938=CARTESIAN_POINT('Ctrl Pts',(0.,12.5893759119651,0.0611780000562346));
#1939=CARTESIAN_POINT('Ctrl Pts',(0.,12.7856805219787,0.0557785782693764));
#1940=CARTESIAN_POINT('Ctrl Pts',(3.14431947802126,12.7856805219787,0.0557785782693764));
#1941=CARTESIAN_POINT('Ctrl Pts',(3.14431947802126,15.93,0.0557785782693764));
#1942=CARTESIAN_POINT('Ctrl Pts',(3.14431947802126,19.0743194780213,0.0557785782693764));
#1943=CARTESIAN_POINT('Ctrl Pts',(0.,19.0743194780213,0.0557785782693764));
#1944=CARTESIAN_POINT('Ctrl Pts',(-3.14431947802126,19.0743194780213,0.0557785782693764));
#1945=CARTESIAN_POINT('Ctrl Pts',(-3.14431947802126,15.93,0.0557785782693764));
#1946=CARTESIAN_POINT('Ctrl Pts',(-3.14431947802126,12.7856805219787,0.0557785782693764));
#1947=CARTESIAN_POINT('Ctrl Pts',(0.,12.7856805219787,0.0557785782693764));
#1948=CARTESIAN_POINT('Ctrl Pts',(0.,12.9823863632407,0.0500480741798012));
#1949=CARTESIAN_POINT('Ctrl Pts',(2.94761363675931,12.9823863632407,0.0500480741798012));
#1950=CARTESIAN_POINT('Ctrl Pts',(2.94761363675931,15.93,0.0500480741798012));
#1951=CARTESIAN_POINT('Ctrl Pts',(2.94761363675931,18.8776136367593,0.0500480741798011));
#1952=CARTESIAN_POINT('Ctrl Pts',(0.,18.8776136367593,0.0500480741798011));
#1953=CARTESIAN_POINT('Ctrl Pts',(-2.94761363675931,18.8776136367593,0.0500480741798011));
#1954=CARTESIAN_POINT('Ctrl Pts',(-2.94761363675931,15.93,0.0500480741798012));
#1955=CARTESIAN_POINT('Ctrl Pts',(-2.94761363675931,12.9823863632407,0.0500480741798012));
#1956=CARTESIAN_POINT('Ctrl Pts',(0.,12.9823863632407,0.0500480741798012));
#1957=CARTESIAN_POINT('Ctrl Pts',(0.,13.1794822546827,0.0438120547623459));
#1958=CARTESIAN_POINT('Ctrl Pts',(2.75051774531728,13.1794822546827,0.0438120547623459));
#1959=CARTESIAN_POINT('Ctrl Pts',(2.75051774531728,15.93,0.0438120547623459));
#1960=CARTESIAN_POINT('Ctrl Pts',(2.75051774531728,18.6805177453173,0.0438120547623459));
#1961=CARTESIAN_POINT('Ctrl Pts',(0.,18.6805177453173,0.0438120547623459));
#1962=CARTESIAN_POINT('Ctrl Pts',(-2.75051774531728,18.6805177453173,0.0438120547623459));
#1963=CARTESIAN_POINT('Ctrl Pts',(-2.75051774531728,15.93,0.0438120547623459));
#1964=CARTESIAN_POINT('Ctrl Pts',(-2.75051774531728,13.1794822546827,0.0438120547623459));
#1965=CARTESIAN_POINT('Ctrl Pts',(0.,13.1794822546827,0.0438120547623459));
#1966=CARTESIAN_POINT('Ctrl Pts',(0.,13.3768530397437,0.0372421967254029));
#1967=CARTESIAN_POINT('Ctrl Pts',(2.55314696025628,13.3768530397437,0.0372421967254029));
#1968=CARTESIAN_POINT('Ctrl Pts',(2.55314696025628,15.93,0.0372421967254029));
#1969=CARTESIAN_POINT('Ctrl Pts',(2.55314696025628,18.4831469602563,0.0372421967254029));
#1970=CARTESIAN_POINT('Ctrl Pts',(0.,18.4831469602563,0.0372421967254029));
#1971=CARTESIAN_POINT('Ctrl Pts',(-2.55314696025628,18.4831469602563,0.0372421967254029));
#1972=CARTESIAN_POINT('Ctrl Pts',(-2.55314696025628,15.93,0.0372421967254029));
#1973=CARTESIAN_POINT('Ctrl Pts',(-2.55314696025628,13.3768530397437,0.0372421967254029));
#1974=CARTESIAN_POINT('Ctrl Pts',(0.,13.3768530397437,0.0372421967254029));
#1975=CARTESIAN_POINT('Ctrl Pts',(0.,13.5743219841861,0.0307260737997402));
#1976=CARTESIAN_POINT('Ctrl Pts',(2.35567801581389,13.5743219841861,0.0307260737997402));
#1977=CARTESIAN_POINT('Ctrl Pts',(2.35567801581389,15.93,0.0307260737997402));
#1978=CARTESIAN_POINT('Ctrl Pts',(2.35567801581389,18.2856780158139,0.0307260737997402));
#1979=CARTESIAN_POINT('Ctrl Pts',(0.,18.2856780158139,0.0307260737997402));
#1980=CARTESIAN_POINT('Ctrl Pts',(-2.35567801581389,18.2856780158139,0.0307260737997402));
#1981=CARTESIAN_POINT('Ctrl Pts',(-2.35567801581389,15.93,0.0307260737997402));
#1982=CARTESIAN_POINT('Ctrl Pts',(-2.35567801581389,13.5743219841861,0.0307260737997402));
#1983=CARTESIAN_POINT('Ctrl Pts',(0.,13.5743219841861,0.0307260737997402));
#1984=CARTESIAN_POINT('Ctrl Pts',(0.,13.7716922860186,0.0247402083778181));
#1985=CARTESIAN_POINT('Ctrl Pts',(2.15830771398143,13.7716922860186,0.0247402083778181));
#1986=CARTESIAN_POINT('Ctrl Pts',(2.15830771398143,15.93,0.0247402083778181));
#1987=CARTESIAN_POINT('Ctrl Pts',(2.15830771398143,18.0883077139814,0.0247402083778181));
#1988=CARTESIAN_POINT('Ctrl Pts',(0.,18.0883077139814,0.0247402083778181));
#1989=CARTESIAN_POINT('Ctrl Pts',(-2.15830771398143,18.0883077139814,0.0247402083778181));
#1990=CARTESIAN_POINT('Ctrl Pts',(-2.15830771398143,15.93,0.0247402083778181));
#1991=CARTESIAN_POINT('Ctrl Pts',(-2.15830771398143,13.7716922860186,0.0247402083778181));
#1992=CARTESIAN_POINT('Ctrl Pts',(0.,13.7716922860186,0.0247402083778181));
#1993=CARTESIAN_POINT('Ctrl Pts',(0.,13.9687889212741,0.0197219352314334));
#1994=CARTESIAN_POINT('Ctrl Pts',(1.96121107872594,13.9687889212741,0.0197219352314334));
#1995=CARTESIAN_POINT('Ctrl Pts',(1.96121107872594,15.93,0.0197219352314334));
#1996=CARTESIAN_POINT('Ctrl Pts',(1.96121107872594,17.8912110787259,0.0197219352314334));
#1997=CARTESIAN_POINT('Ctrl Pts',(0.,17.8912110787259,0.0197219352314334));
#1998=CARTESIAN_POINT('Ctrl Pts',(-1.96121107872594,17.8912110787259,0.0197219352314334));
#1999=CARTESIAN_POINT('Ctrl Pts',(-1.96121107872594,15.93,0.0197219352314334));
#2000=CARTESIAN_POINT('Ctrl Pts',(-1.96121107872594,13.9687889212741,0.0197219352314334));
#2001=CARTESIAN_POINT('Ctrl Pts',(0.,13.9687889212741,0.0197219352314334));
#2002=CARTESIAN_POINT('Ctrl Pts',(0.,14.1655002333198,0.0159421494310565));
#2003=CARTESIAN_POINT('Ctrl Pts',(1.76449976668024,14.1655002333198,0.0159421494310565));
#2004=CARTESIAN_POINT('Ctrl Pts',(1.76449976668024,15.93,0.0159421494310565));
#2005=CARTESIAN_POINT('Ctrl Pts',(1.76449976668024,17.6944997666802,0.0159421494310565));
#2006=CARTESIAN_POINT('Ctrl Pts',(0.,17.6944997666802,0.0159421494310565));
#2007=CARTESIAN_POINT('Ctrl Pts',(-1.76449976668024,17.6944997666802,0.0159421494310565));
#2008=CARTESIAN_POINT('Ctrl Pts',(-1.76449976668024,15.93,0.0159421494310565));
#2009=CARTESIAN_POINT('Ctrl Pts',(-1.76449976668024,14.1655002333198,0.0159421494310565));
#2010=CARTESIAN_POINT('Ctrl Pts',(0.,14.1655002333198,0.0159421494310565));
#2011=CARTESIAN_POINT('Ctrl Pts',(0.,14.3618200764686,0.013376389591749));
#2012=CARTESIAN_POINT('Ctrl Pts',(1.56817992353143,14.3618200764686,0.013376389591749));
#2013=CARTESIAN_POINT('Ctrl Pts',(1.56817992353143,15.93,0.013376389591749));
#2014=CARTESIAN_POINT('Ctrl Pts',(1.56817992353143,17.4981799235314,0.013376389591749));
#2015=CARTESIAN_POINT('Ctrl Pts',(0.,17.4981799235314,0.013376389591749));
#2016=CARTESIAN_POINT('Ctrl Pts',(-1.56817992353143,17.4981799235314,0.013376389591749));
#2017=CARTESIAN_POINT('Ctrl Pts',(-1.56817992353143,15.93,0.013376389591749));
#2018=CARTESIAN_POINT('Ctrl Pts',(-1.56817992353143,14.3618200764686,0.013376389591749));
#2019=CARTESIAN_POINT('Ctrl Pts',(0.,14.3618200764686,0.013376389591749));
#2020=CARTESIAN_POINT('Ctrl Pts',(0.,14.557818640214,0.011788139429866));
#2021=CARTESIAN_POINT('Ctrl Pts',(1.37218135978604,14.557818640214,0.011788139429866));
#2022=CARTESIAN_POINT('Ctrl Pts',(1.37218135978604,15.93,0.011788139429866));
#2023=CARTESIAN_POINT('Ctrl Pts',(1.37218135978604,17.302181359786,0.011788139429866));
#2024=CARTESIAN_POINT('Ctrl Pts',(0.,17.302181359786,0.011788139429866));
#2025=CARTESIAN_POINT('Ctrl Pts',(-1.37218135978604,17.302181359786,0.011788139429866));
#2026=CARTESIAN_POINT('Ctrl Pts',(-1.37218135978604,15.93,0.011788139429866));
#2027=CARTESIAN_POINT('Ctrl Pts',(-1.37218135978604,14.557818640214,0.011788139429866));
#2028=CARTESIAN_POINT('Ctrl Pts',(0.,14.557818640214,0.011788139429866));
#2029=CARTESIAN_POINT('Ctrl Pts',(0.,14.7536129527328,0.0108130937643221));
#2030=CARTESIAN_POINT('Ctrl Pts',(1.17638704726724,14.7536129527328,0.0108130937643221));
#2031=CARTESIAN_POINT('Ctrl Pts',(1.17638704726724,15.93,0.0108130937643221));
#2032=CARTESIAN_POINT('Ctrl Pts',(1.17638704726724,17.1063870472672,0.0108130937643221));
#2033=CARTESIAN_POINT('Ctrl Pts',(0.,17.1063870472672,0.0108130937643221));
#2034=CARTESIAN_POINT('Ctrl Pts',(-1.17638704726724,17.1063870472672,0.0108130937643221));
#2035=CARTESIAN_POINT('Ctrl Pts',(-1.17638704726724,15.93,0.0108130937643221));
#2036=CARTESIAN_POINT('Ctrl Pts',(-1.17638704726724,14.7536129527328,0.0108130937643221));
#2037=CARTESIAN_POINT('Ctrl Pts',(0.,14.7536129527328,0.0108130937643221));
#2038=CARTESIAN_POINT('Ctrl Pts',(0.,14.9493375774554,0.0100428650109227));
#2039=CARTESIAN_POINT('Ctrl Pts',(0.980662422544585,14.9493375774554,0.0100428650109227));
#2040=CARTESIAN_POINT('Ctrl Pts',(0.980662422544585,15.93,0.0100428650109227));
#2041=CARTESIAN_POINT('Ctrl Pts',(0.980662422544585,16.9106624225446,0.0100428650109227));
#2042=CARTESIAN_POINT('Ctrl Pts',(0.,16.9106624225446,0.0100428650109227));
#2043=CARTESIAN_POINT('Ctrl Pts',(-0.980662422544585,16.9106624225446,0.0100428650109227));
#2044=CARTESIAN_POINT('Ctrl Pts',(-0.980662422544585,15.93,0.0100428650109227));
#2045=CARTESIAN_POINT('Ctrl Pts',(-0.980662422544585,14.9493375774554,0.0100428650109227));
#2046=CARTESIAN_POINT('Ctrl Pts',(0.,14.9493375774554,0.0100428650109227));
#2047=CARTESIAN_POINT('Ctrl Pts',(0.,15.14511530779,0.00910870666364924));
#2048=CARTESIAN_POINT('Ctrl Pts',(0.784884692210033,15.14511530779,0.00910870666364924));
#2049=CARTESIAN_POINT('Ctrl Pts',(0.784884692210033,15.93,0.00910870666364923));
#2050=CARTESIAN_POINT('Ctrl Pts',(0.784884692210033,16.71488469221,0.00910870666364921));
#2051=CARTESIAN_POINT('Ctrl Pts',(0.,16.71488469221,0.00910870666364921));
#2052=CARTESIAN_POINT('Ctrl Pts',(-0.784884692210033,16.71488469221,0.00910870666364921));
#2053=CARTESIAN_POINT('Ctrl Pts',(-0.784884692210033,15.93,0.00910870666364923));
#2054=CARTESIAN_POINT('Ctrl Pts',(-0.784884692210033,15.14511530779,0.00910870666364924));
#2055=CARTESIAN_POINT('Ctrl Pts',(0.,15.14511530779,0.00910870666364924));
#2056=CARTESIAN_POINT('Ctrl Pts',(0.,15.3410277639997,0.00776552418903032));
#2057=CARTESIAN_POINT('Ctrl Pts',(0.588972236000307,15.3410277639997,0.00776552418903032));
#2058=CARTESIAN_POINT('Ctrl Pts',(0.588972236000307,15.93,0.00776552418903034));
#2059=CARTESIAN_POINT('Ctrl Pts',(0.588972236000307,16.5189722360003,0.00776552418903035));
#2060=CARTESIAN_POINT('Ctrl Pts',(0.,16.5189722360003,0.00776552418903035));
#2061=CARTESIAN_POINT('Ctrl Pts',(-0.588972236000307,16.5189722360003,0.00776552418903035));
#2062=CARTESIAN_POINT('Ctrl Pts',(-0.588972236000307,15.93,0.00776552418903034));
#2063=CARTESIAN_POINT('Ctrl Pts',(-0.588972236000307,15.3410277639997,0.00776552418903032));
#2064=CARTESIAN_POINT('Ctrl Pts',(0.,15.3410277639997,0.00776552418903032));
#2065=CARTESIAN_POINT('Ctrl Pts',(0.,15.5371236628903,0.00586703009794757));
#2066=CARTESIAN_POINT('Ctrl Pts',(0.392876337109742,15.5371236628903,0.00586703009794757));
#2067=CARTESIAN_POINT('Ctrl Pts',(0.392876337109742,15.93,0.00586703009794756));
#2068=CARTESIAN_POINT('Ctrl Pts',(0.392876337109742,16.3228763371097,0.00586703009794755));
#2069=CARTESIAN_POINT('Ctrl Pts',(0.,16.3228763371097,0.00586703009794755));
#2070=CARTESIAN_POINT('Ctrl Pts',(-0.392876337109742,16.3228763371097,0.00586703009794755));
#2071=CARTESIAN_POINT('Ctrl Pts',(-0.392876337109742,15.93,0.00586703009794756));
#2072=CARTESIAN_POINT('Ctrl Pts',(-0.392876337109742,15.5371236628903,0.00586703009794757));
#2073=CARTESIAN_POINT('Ctrl Pts',(0.,15.5371236628903,0.00586703009794757));
#2074=CARTESIAN_POINT('Ctrl Pts',(0.,15.6941664658264,0.00384594574424689));
#2075=CARTESIAN_POINT('Ctrl Pts',(0.235833534173602,15.6941664658264,0.00384594574424689));
#2076=CARTESIAN_POINT('Ctrl Pts',(0.235833534173602,15.93,0.0038459457442469));
#2077=CARTESIAN_POINT('Ctrl Pts',(0.235833534173602,16.1658335341736,0.00384594574424691));
#2078=CARTESIAN_POINT('Ctrl Pts',(0.,16.1658335341736,0.00384594574424691));
#2079=CARTESIAN_POINT('Ctrl Pts',(-0.235833534173602,16.1658335341736,0.00384594574424691));
#2080=CARTESIAN_POINT('Ctrl Pts',(-0.235833534173602,15.93,0.0038459457442469));
#2081=CARTESIAN_POINT('Ctrl Pts',(-0.235833534173602,15.6941664658264,0.00384594574424689));
#2082=CARTESIAN_POINT('Ctrl Pts',(0.,15.6941664658264,0.00384594574424689));
#2083=CARTESIAN_POINT('Ctrl Pts',(0.,15.8120455371374,0.00203694613295104));
#2084=CARTESIAN_POINT('Ctrl Pts',(0.117954462862595,15.8120455371374,0.00203694613295104));
#2085=CARTESIAN_POINT('Ctrl Pts',(0.117954462862595,15.93,0.00203694613295103));
#2086=CARTESIAN_POINT('Ctrl Pts',(0.117954462862595,16.0479544628626,0.00203694613295102));
#2087=CARTESIAN_POINT('Ctrl Pts',(0.,16.0479544628626,0.00203694613295102));
#2088=CARTESIAN_POINT('Ctrl Pts',(-0.117954462862595,16.0479544628626,0.00203694613295102));
#2089=CARTESIAN_POINT('Ctrl Pts',(-0.117954462862595,15.93,0.00203694613295103));
#2090=CARTESIAN_POINT('Ctrl Pts',(-0.117954462862595,15.8120455371374,0.00203694613295104));
#2091=CARTESIAN_POINT('Ctrl Pts',(0.,15.8120455371374,0.00203694613295104));
#2092=CARTESIAN_POINT('Ctrl Pts',(0.,15.8906746655686,0.000700691225434468));
#2093=CARTESIAN_POINT('Ctrl Pts',(0.0393253344313549,15.8906746655686,0.000700691225434468));
#2094=CARTESIAN_POINT('Ctrl Pts',(0.0393253344313549,15.93,0.000700691225434466));
#2095=CARTESIAN_POINT('Ctrl Pts',(0.0393253344313549,15.9693253344314,0.000700691225434464));
#2096=CARTESIAN_POINT('Ctrl Pts',(0.,15.9693253344314,0.000700691225434464));
#2097=CARTESIAN_POINT('Ctrl Pts',(-0.0393253344313549,15.9693253344314,
0.000700691225434464));
#2098=CARTESIAN_POINT('Ctrl Pts',(-0.0393253344313549,15.93,0.000700691225434466));
#2099=CARTESIAN_POINT('Ctrl Pts',(-0.0393253344313549,15.8906746655686,
0.000700691225434468));
#2100=CARTESIAN_POINT('Ctrl Pts',(0.,15.8906746655686,0.000700691225434468));
#2101=CARTESIAN_POINT('Ctrl Pts',(0.,15.93,0.));
#2102=CARTESIAN_POINT('Ctrl Pts',(0.,15.93,0.));
#2103=CARTESIAN_POINT('Ctrl Pts',(0.,15.93,0.));
#2104=CARTESIAN_POINT('Ctrl Pts',(0.,15.93,0.));
#2105=CARTESIAN_POINT('Ctrl Pts',(0.,15.93,0.));
#2106=CARTESIAN_POINT('Ctrl Pts',(0.,15.93,0.));
#2107=CARTESIAN_POINT('Ctrl Pts',(0.,15.93,0.));
#2108=CARTESIAN_POINT('Ctrl Pts',(0.,15.93,0.));
#2109=CARTESIAN_POINT('Ctrl Pts',(0.,15.93,0.));
#2110=CARTESIAN_POINT('',(0.,15.93,0.));
#2111=CARTESIAN_POINT('Ctrl Pts',(0.,3.21,0.88));
#2112=CARTESIAN_POINT('Ctrl Pts',(0.,3.24855857092348,0.874555939938253));
#2113=CARTESIAN_POINT('Ctrl Pts',(0.,3.32573656358976,0.863715813123496));
#2114=CARTESIAN_POINT('Ctrl Pts',(0.,3.44168610515938,0.847599602850494));
#2115=CARTESIAN_POINT('Ctrl Pts',(0.,3.59665073882314,0.82639939315542));
#2116=CARTESIAN_POINT('Ctrl Pts',(0.,3.79095273342827,0.800377426132491));
#2117=CARTESIAN_POINT('Ctrl Pts',(0.,3.9858118687912,0.774827166505727));
#2118=CARTESIAN_POINT('Ctrl Pts',(0.,4.18114894469459,0.749734599093323));
#2119=CARTESIAN_POINT('Ctrl Pts',(0.,4.37683083581373,0.725075580262003));
#2120=CARTESIAN_POINT('Ctrl Pts',(0.,4.57265696424126,0.700813193786784));
#2121=CARTESIAN_POINT('Ctrl Pts',(0.,4.76840371598662,0.676908014783769));
#2122=CARTESIAN_POINT('Ctrl Pts',(0.,4.96386846239552,0.653328282817148));
#2123=CARTESIAN_POINT('Ctrl Pts',(0.,5.15891381958335,0.630060136525038));
#2124=CARTESIAN_POINT('Ctrl Pts',(0.,5.35351171790194,0.607117788965862));
#2125=CARTESIAN_POINT('Ctrl Pts',(0.,5.54778820459188,0.584553916988753));
#2126=CARTESIAN_POINT('Ctrl Pts',(0.,5.74196144077772,0.562436850260634));
#2127=CARTESIAN_POINT('Ctrl Pts',(0.,5.93627917684618,0.540827568885724));
#2128=CARTESIAN_POINT('Ctrl Pts',(0.,6.13095657325261,0.51975681076558));
#2129=CARTESIAN_POINT('Ctrl Pts',(0.,6.32611367228976,0.499201985633627));
#2130=CARTESIAN_POINT('Ctrl Pts',(0.,6.52171338677271,0.479064377342818));
#2131=CARTESIAN_POINT('Ctrl Pts',(0.,6.71761807977888,0.459215358887201));
#2132=CARTESIAN_POINT('Ctrl Pts',(0.,6.9136454301973,0.439542212532176));
#2133=CARTESIAN_POINT('Ctrl Pts',(0.,7.10962449303252,0.419994133372937));
#2134=CARTESIAN_POINT('Ctrl Pts',(0.,7.30545160223682,0.400628152953279));
#2135=CARTESIAN_POINT('Ctrl Pts',(0.,7.5011466012306,0.381655467895241));
#2136=CARTESIAN_POINT('Ctrl Pts',(0.,7.69680359601237,0.363360880090195));
#2137=CARTESIAN_POINT('Ctrl Pts',(0.,7.89254165235975,0.346022171189143));
#2138=CARTESIAN_POINT('Ctrl Pts',(0.,8.0884554782932,0.329829348143297));
#2139=CARTESIAN_POINT('Ctrl Pts',(0.,8.28456631792724,0.314804222758187));
#2140=CARTESIAN_POINT('Ctrl Pts',(0.,8.48077204737913,0.300718519425528));
#2141=CARTESIAN_POINT('Ctrl Pts',(0.,8.6769015603006,0.287196858771274));
#2142=CARTESIAN_POINT('Ctrl Pts',(0.,8.87276973414465,0.273820733553908));
#2143=CARTESIAN_POINT('Ctrl Pts',(0.,9.06823226183639,0.260232225407734));
#2144=CARTESIAN_POINT('Ctrl Pts',(0.,9.26324029345807,0.246237354951396));
#2145=CARTESIAN_POINT('Ctrl Pts',(0.,9.45789609227102,0.231911252612815));
#2146=CARTESIAN_POINT('Ctrl Pts',(0.,9.65239701164571,0.217501313777179));
#2147=CARTESIAN_POINT('Ctrl Pts',(0.,9.84697853658095,0.20332864853756));
#2148=CARTESIAN_POINT('Ctrl Pts',(0.,10.0418578723193,0.189690552622054));
#2149=CARTESIAN_POINT('Ctrl Pts',(0.,10.2371770354212,0.176762023354109));
#2150=CARTESIAN_POINT('Ctrl Pts',(0.,10.4329467901205,0.164498994339071));
#2151=CARTESIAN_POINT('Ctrl Pts',(0.,10.6290844650436,0.152728841022911));
#2152=CARTESIAN_POINT('Ctrl Pts',(0.,10.8254508497522,0.141239186347441));
#2153=CARTESIAN_POINT('Ctrl Pts',(0.,11.0218872773792,0.129867003300428));
#2154=CARTESIAN_POINT('Ctrl Pts',(0.,11.2182526821226,0.118588150455258));
#2155=CARTESIAN_POINT('Ctrl Pts',(0.,11.4144603811162,0.107605453783883));
#2156=CARTESIAN_POINT('Ctrl Pts',(0.,11.6104739331112,0.0972410224498856));
#2157=CARTESIAN_POINT('Ctrl Pts',(0.,11.806303430401,0.0878302349926314));
#2158=CARTESIAN_POINT('Ctrl Pts',(0.,12.0020016750658,0.079615459735167));
#2159=CARTESIAN_POINT('Ctrl Pts',(0.,12.1976605498077,0.0726390983749106));
#2160=CARTESIAN_POINT('Ctrl Pts',(0.,12.3934071759079,0.0666385132268031));
#2161=CARTESIAN_POINT('Ctrl Pts',(0.,12.5893759119651,0.0611780000562346));
#2162=CARTESIAN_POINT('Ctrl Pts',(0.,12.7856805219787,0.0557785782693764));
#2163=CARTESIAN_POINT('Ctrl Pts',(0.,12.9823863632407,0.0500480741798012));
#2164=CARTESIAN_POINT('Ctrl Pts',(0.,13.1794822546827,0.0438120547623459));
#2165=CARTESIAN_POINT('Ctrl Pts',(0.,13.3768530397437,0.0372421967254029));
#2166=CARTESIAN_POINT('Ctrl Pts',(0.,13.5743219841861,0.0307260737997402));
#2167=CARTESIAN_POINT('Ctrl Pts',(0.,13.7716922860186,0.0247402083778181));
#2168=CARTESIAN_POINT('Ctrl Pts',(0.,13.9687889212741,0.0197219352314334));
#2169=CARTESIAN_POINT('Ctrl Pts',(0.,14.1655002333198,0.0159421494310565));
#2170=CARTESIAN_POINT('Ctrl Pts',(0.,14.3618200764686,0.013376389591749));
#2171=CARTESIAN_POINT('Ctrl Pts',(0.,14.557818640214,0.011788139429866));
#2172=CARTESIAN_POINT('Ctrl Pts',(0.,14.7536129527328,0.0108130937643221));
#2173=CARTESIAN_POINT('Ctrl Pts',(0.,14.9493375774554,0.0100428650109227));
#2174=CARTESIAN_POINT('Ctrl Pts',(0.,15.14511530779,0.00910870666364924));
#2175=CARTESIAN_POINT('Ctrl Pts',(0.,15.3410277639997,0.00776552418903032));
#2176=CARTESIAN_POINT('Ctrl Pts',(0.,15.5371236628903,0.00586703009794757));
#2177=CARTESIAN_POINT('Ctrl Pts',(0.,15.6941664658264,0.00384594574424689));
#2178=CARTESIAN_POINT('Ctrl Pts',(0.,15.8120455371374,0.00203694613295104));
#2179=CARTESIAN_POINT('Ctrl Pts',(0.,15.8906746655686,0.000700691225434468));
#2180=CARTESIAN_POINT('Ctrl Pts',(0.,15.93,0.));
#2181=UNCERTAINTY_MEASURE_WITH_UNIT(LENGTH_MEASURE(0.01),#2185,
'DISTANCE_ACCURACY_VALUE',
'Maximum model space distance between geometric entities at asserted c
onnectivities');
#2182=UNCERTAINTY_MEASURE_WITH_UNIT(LENGTH_MEASURE(0.01),#2185,
'DISTANCE_ACCURACY_VALUE',
'Maximum model space distance between geometric entities at asserted c
onnectivities');
#2183=(
GEOMETRIC_REPRESENTATION_CONTEXT(3)
GLOBAL_UNCERTAINTY_ASSIGNED_CONTEXT((#2181))
GLOBAL_UNIT_ASSIGNED_CONTEXT((#2185,#2187,#2188))
REPRESENTATION_CONTEXT('','3D')
);
#2184=(
GEOMETRIC_REPRESENTATION_CONTEXT(3)
GLOBAL_UNCERTAINTY_ASSIGNED_CONTEXT((#2182))
GLOBAL_UNIT_ASSIGNED_CONTEXT((#2185,#2187,#2188))
REPRESENTATION_CONTEXT('','3D')
);
#2185=(
LENGTH_UNIT()
NAMED_UNIT(*)
SI_UNIT(.MILLI.,.METRE.)
);
#2186=(
LENGTH_UNIT()
NAMED_UNIT(*)
SI_UNIT($,.METRE.)
);
#2187=(
NAMED_UNIT(*)
PLANE_ANGLE_UNIT()
SI_UNIT($,.RADIAN.)
);
#2188=(
NAMED_UNIT(*)
SI_UNIT($,.STERADIAN.)
SOLID_ANGLE_UNIT()
);
#2189=SHAPE_DEFINITION_REPRESENTATION(#2190,#2191);
#2190=PRODUCT_DEFINITION_SHAPE('',$,#2193);
#2191=SHAPE_REPRESENTATION('',(#145),#2183);
#2192=PRODUCT_DEFINITION_CONTEXT('part definition',#2197,'design');
#2193=PRODUCT_DEFINITION('airtag','airtag',#2194,#2192);
#2194=PRODUCT_DEFINITION_FORMATION('',$,#2199);
#2195=PRODUCT_RELATED_PRODUCT_CATEGORY('airtag','airtag',(#2199));
#2196=APPLICATION_PROTOCOL_DEFINITION('international standard',
'automotive_design',2009,#2197);
#2197=APPLICATION_CONTEXT(
'Core Data for Automotive Mechanical Design Process');
#2198=PRODUCT_CONTEXT('part definition',#2197,'mechanical');
#2199=PRODUCT('airtag','airtag',$,(#2198));
#2200=PRESENTATION_STYLE_ASSIGNMENT((#2203));
#2201=PRESENTATION_STYLE_ASSIGNMENT((#2204));
#2202=PRESENTATION_STYLE_ASSIGNMENT((#2205));
#2203=SURFACE_STYLE_USAGE(.BOTH.,#2206);
#2204=SURFACE_STYLE_USAGE(.BOTH.,#2207);
#2205=SURFACE_STYLE_USAGE(.BOTH.,#2208);
#2206=SURFACE_SIDE_STYLE('',(#2209));
#2207=SURFACE_SIDE_STYLE('',(#2210));
#2208=SURFACE_SIDE_STYLE('',(#2211));
#2209=SURFACE_STYLE_FILL_AREA(#2212);
#2210=SURFACE_STYLE_FILL_AREA(#2213);
#2211=SURFACE_STYLE_FILL_AREA(#2214);
#2212=FILL_AREA_STYLE('Steel - Satin',(#2215));
#2213=FILL_AREA_STYLE('ABS (White)',(#2216));
#2214=FILL_AREA_STYLE('Stainless Steel - Polished',(#2217));
#2215=FILL_AREA_STYLE_COLOUR('Steel - Satin',#2218);
#2216=FILL_AREA_STYLE_COLOUR('ABS (White)',#2219);
#2217=FILL_AREA_STYLE_COLOUR('Stainless Steel - Polished',#2220);
#2218=COLOUR_RGB('Steel - Satin',0.627450980392157,0.627450980392157,0.627450980392157);
#2219=COLOUR_RGB('ABS (White)',1.,1.,1.);
#2220=COLOUR_RGB('Stainless Steel - Polished',0.796078431372549,0.796078431372549,
0.796078431372549);
ENDSEC;
END-ISO-10303-21;
