ISO-10303-21;
HEADER;
FILE_DESCRIPTION(('FreeCAD Model'),'2;1');
FILE_NAME('Open CASCADE Shape Model','2026-09-04T17:05:05',('FreeCAD'),(
    'FreeCAD'),'Open CASCADE STEP processor 7.8','FreeCAD','Unknown');
FILE_SCHEMA(('AUTOMOTIVE_DESIGN { 1 0 10303 214 1 1 1 1 }'));
ENDSEC;
DATA;
#1 = APPLICATION_PROTOCOL_DEFINITION('international standard',
  'automotive_design',2000,#2);
#2 = APPLICATION_CONTEXT(
  'core data for automotive mechanical design processes');
#3 = SHAPE_DEFINITION_REPRESENTATION(#4,#10);
#4 = PRODUCT_DEFINITION_SHAPE('','',#5);
#5 = PRODUCT_DEFINITION('design','',#6,#9);
#6 = PRODUCT_DEFINITION_FORMATION('','',#7);
#7 = PRODUCT('Open CASCADE STEP translator 7.8 9',
  'Open CASCADE STEP translator 7.8 9','',(#8));
#8 = PRODUCT_CONTEXT('',#2,'mechanical');
#9 = PRODUCT_DEFINITION_CONTEXT('part definition',#2,'design');
#10 = ADVANCED_BREP_SHAPE_REPRESENTATION('',(#11,#15),#3635);
#11 = AXIS2_PLACEMENT_3D('',#12,#13,#14);
#12 = CARTESIAN_POINT('',(0.,0.,0.));
#13 = DIRECTION('',(0.,0.,1.));
#14 = DIRECTION('',(1.,0.,-0.));
#15 = MANIFOLD_SOLID_BREP('',#16);
#16 = CLOSED_SHELL('',(#17,#57,#88,#119,#150,#181,#212,#243,#274,#305,
    #336,#367,#398,#429,#460,#491,#522,#553,#584,#615,#646,#677,#708,
    #748,#779,#810,#841,#872,#903,#934,#965,#996,#1027,#1058,#1089,#1111
    ,#1142,#1173,#1204,#1235,#1266,#1297,#1328,#1359,#1390,#1421,#1452,
    #1483,#1514,#1545,#1576,#1607,#1638,#1669,#1700,#1731,#1762,#1793,
    #1824,#1855,#1886,#1917,#1948,#1979,#2010,#2041,#2072,#2103,#2134,
    #2165,#2196,#2227,#2258,#2289,#2320,#2351,#2382,#2413,#2444,#2475,
    #2506,#2537,#2568,#2599,#2630,#2661,#2692,#2723,#2754,#2785,#2816,
    #2847,#2878,#2909,#2940,#2971,#3002,#3033,#3064,#3095,#3126,#3157,
    #3188,#3219,#3250,#3281,#3312,#3334,#3483,#3511,#3520));
#17 = ADVANCED_FACE('',(#18),#52,.F.);
#18 = FACE_BOUND('',#19,.F.);
#19 = EDGE_LOOP('',(#20,#30,#38,#46));
#20 = ORIENTED_EDGE('',*,*,#21,.T.);
#21 = EDGE_CURVE('',#22,#24,#26,.T.);
#22 = VERTEX_POINT('',#23);
#23 = CARTESIAN_POINT('',(6.7,11.604740410711,4.1416));
#24 = VERTEX_POINT('',#25);
#25 = CARTESIAN_POINT('',(6.7,11.604740410711,4.2916));
#26 = LINE('',#27,#28);
#27 = CARTESIAN_POINT('',(6.7,11.604740410711,4.1416));
#28 = VECTOR('',#29,1.);
#29 = DIRECTION('',(0.,0.,1.));
#30 = ORIENTED_EDGE('',*,*,#31,.T.);
#31 = EDGE_CURVE('',#24,#32,#34,.T.);
#32 = VERTEX_POINT('',#33);
#33 = CARTESIAN_POINT('',(6.44524950352,11.748138526481,4.2916));
#34 = LINE('',#35,#36);
#35 = CARTESIAN_POINT('',(6.7,11.604740410711,4.2916));
#36 = VECTOR('',#37,1.);
#37 = DIRECTION('',(-0.87142792535,0.490523568159,0.));
#38 = ORIENTED_EDGE('',*,*,#39,.F.);
#39 = EDGE_CURVE('',#40,#32,#42,.T.);
#40 = VERTEX_POINT('',#41);
#41 = CARTESIAN_POINT('',(6.44524950352,11.748138526481,4.1416));
#42 = LINE('',#43,#44);
#43 = CARTESIAN_POINT('',(6.44524950352,11.748138526481,4.1416));
#44 = VECTOR('',#45,1.);
#45 = DIRECTION('',(0.,0.,1.));
#46 = ORIENTED_EDGE('',*,*,#47,.F.);
#47 = EDGE_CURVE('',#22,#40,#48,.T.);
#48 = LINE('',#49,#50);
#49 = CARTESIAN_POINT('',(6.7,11.604740410711,4.1416));
#50 = VECTOR('',#51,1.);
#51 = DIRECTION('',(-0.87142792535,0.490523568159,0.));
#52 = PLANE('',#53);
#53 = AXIS2_PLACEMENT_3D('',#54,#55,#56);
#54 = CARTESIAN_POINT('',(6.7,11.604740410711,4.1416));
#55 = DIRECTION('',(-0.490523568159,-0.87142792535,0.));
#56 = DIRECTION('',(-0.87142792535,0.490523568159,0.));
#57 = ADVANCED_FACE('',(#58),#83,.F.);
#58 = FACE_BOUND('',#59,.F.);
#59 = EDGE_LOOP('',(#60,#70,#76,#77));
#60 = ORIENTED_EDGE('',*,*,#61,.T.);
#61 = EDGE_CURVE('',#62,#64,#66,.T.);
#62 = VERTEX_POINT('',#63);
#63 = CARTESIAN_POINT('',(4.9,8.487048957087,4.1416));
#64 = VERTEX_POINT('',#65);
#65 = CARTESIAN_POINT('',(4.9,8.487048957087,4.2916));
#66 = LINE('',#67,#68);
#67 = CARTESIAN_POINT('',(4.9,8.487048957087,4.1416));
#68 = VECTOR('',#69,1.);
#69 = DIRECTION('',(0.,0.,1.));
#70 = ORIENTED_EDGE('',*,*,#71,.T.);
#71 = EDGE_CURVE('',#64,#24,#72,.T.);
#72 = LINE('',#73,#74);
#73 = CARTESIAN_POINT('',(4.9,8.487048957087,4.2916));
#74 = VECTOR('',#75,1.);
#75 = DIRECTION('',(0.5,0.866025403784,0.));
#76 = ORIENTED_EDGE('',*,*,#21,.F.);
#77 = ORIENTED_EDGE('',*,*,#78,.F.);
#78 = EDGE_CURVE('',#62,#22,#79,.T.);
#79 = LINE('',#80,#81);
#80 = CARTESIAN_POINT('',(4.9,8.487048957087,4.1416));
#81 = VECTOR('',#82,1.);
#82 = DIRECTION('',(0.5,0.866025403784,0.));
#83 = PLANE('',#84);
#84 = AXIS2_PLACEMENT_3D('',#85,#86,#87);
#85 = CARTESIAN_POINT('',(4.9,8.487048957087,4.1416));
#86 = DIRECTION('',(-0.866025403784,0.5,0.));
#87 = DIRECTION('',(0.5,0.866025403784,0.));
#88 = ADVANCED_FACE('',(#89),#114,.F.);
#89 = FACE_BOUND('',#90,.F.);
#90 = EDGE_LOOP('',(#91,#92,#100,#108));
#91 = ORIENTED_EDGE('',*,*,#39,.T.);
#92 = ORIENTED_EDGE('',*,*,#93,.T.);
#93 = EDGE_CURVE('',#32,#94,#96,.T.);
#94 = VERTEX_POINT('',#95);
#95 = CARTESIAN_POINT('',(6.187431417349,11.885945164588,4.2916));
#96 = LINE('',#97,#98);
#97 = CARTESIAN_POINT('',(6.44524950352,11.748138526481,4.2916));
#98 = VECTOR('',#99,1.);
#99 = DIRECTION('',(-0.881921264348,0.471396736826,0.));
#100 = ORIENTED_EDGE('',*,*,#101,.F.);
#101 = EDGE_CURVE('',#102,#94,#104,.T.);
#102 = VERTEX_POINT('',#103);
#103 = CARTESIAN_POINT('',(6.187431417349,11.885945164588,4.1416));
#104 = LINE('',#105,#106);
#105 = CARTESIAN_POINT('',(6.187431417349,11.885945164588,4.1416));
#106 = VECTOR('',#107,1.);
#107 = DIRECTION('',(0.,0.,1.));
#108 = ORIENTED_EDGE('',*,*,#109,.F.);
#109 = EDGE_CURVE('',#40,#102,#110,.T.);
#110 = LINE('',#111,#112);
#111 = CARTESIAN_POINT('',(6.44524950352,11.748138526481,4.1416));
#112 = VECTOR('',#113,1.);
#113 = DIRECTION('',(-0.881921264348,0.471396736826,0.));
#114 = PLANE('',#115);
#115 = AXIS2_PLACEMENT_3D('',#116,#117,#118);
#116 = CARTESIAN_POINT('',(6.44524950352,11.748138526481,4.1416));
#117 = DIRECTION('',(-0.471396736826,-0.881921264348,0.));
#118 = DIRECTION('',(-0.881921264348,0.471396736826,0.));
#119 = ADVANCED_FACE('',(#120),#145,.F.);
#120 = FACE_BOUND('',#121,.F.);
#121 = EDGE_LOOP('',(#122,#132,#138,#139));
#122 = ORIENTED_EDGE('',*,*,#123,.T.);
#123 = EDGE_CURVE('',#124,#126,#128,.T.);
#124 = VERTEX_POINT('',#125);
#125 = CARTESIAN_POINT('',(4.71368993541,8.591922205934,4.1416));
#126 = VERTEX_POINT('',#127);
#127 = CARTESIAN_POINT('',(4.71368993541,8.591922205934,4.2916));
#128 = LINE('',#129,#130);
#129 = CARTESIAN_POINT('',(4.71368993541,8.591922205934,4.1416));
#130 = VECTOR('',#131,1.);
#131 = DIRECTION('',(0.,0.,1.));
#132 = ORIENTED_EDGE('',*,*,#133,.T.);
#133 = EDGE_CURVE('',#126,#64,#134,.T.);
#134 = LINE('',#135,#136);
#135 = CARTESIAN_POINT('',(4.71368993541,8.591922205934,4.2916));
#136 = VECTOR('',#137,1.);
#137 = DIRECTION('',(0.87142792535,-0.490523568159,0.));
#138 = ORIENTED_EDGE('',*,*,#61,.F.);
#139 = ORIENTED_EDGE('',*,*,#140,.F.);
#140 = EDGE_CURVE('',#124,#62,#141,.T.);
#141 = LINE('',#142,#143);
#142 = CARTESIAN_POINT('',(4.71368993541,8.591922205934,4.1416));
#143 = VECTOR('',#144,1.);
#144 = DIRECTION('',(0.87142792535,-0.490523568159,0.));
#145 = PLANE('',#146);
#146 = AXIS2_PLACEMENT_3D('',#147,#148,#149);
#147 = CARTESIAN_POINT('',(4.71368993541,8.591922205934,4.1416));
#148 = DIRECTION('',(0.490523568159,0.87142792535,-0.));
#149 = DIRECTION('',(0.87142792535,-0.490523568159,0.));
#150 = ADVANCED_FACE('',(#151),#176,.F.);
#151 = FACE_BOUND('',#152,.F.);
#152 = EDGE_LOOP('',(#153,#154,#162,#170));
#153 = ORIENTED_EDGE('',*,*,#101,.T.);
#154 = ORIENTED_EDGE('',*,*,#155,.T.);
#155 = EDGE_CURVE('',#94,#156,#158,.T.);
#156 = VERTEX_POINT('',#157);
#157 = CARTESIAN_POINT('',(5.926668448935,12.018094736538,4.2916));
#158 = LINE('',#159,#160);
#159 = CARTESIAN_POINT('',(6.187431417349,11.885945164588,4.2916));
#160 = VECTOR('',#161,1.);
#161 = DIRECTION('',(-0.891994856589,0.452045546177,0.));
#162 = ORIENTED_EDGE('',*,*,#163,.F.);
#163 = EDGE_CURVE('',#164,#156,#166,.T.);
#164 = VERTEX_POINT('',#165);
#165 = CARTESIAN_POINT('',(5.926668448935,12.018094736538,4.1416));
#166 = LINE('',#167,#168);
#167 = CARTESIAN_POINT('',(5.926668448935,12.018094736538,4.1416));
#168 = VECTOR('',#169,1.);
#169 = DIRECTION('',(0.,0.,1.));
#170 = ORIENTED_EDGE('',*,*,#171,.F.);
#171 = EDGE_CURVE('',#102,#164,#172,.T.);
#172 = LINE('',#173,#174);
#173 = CARTESIAN_POINT('',(6.187431417349,11.885945164588,4.1416));
#174 = VECTOR('',#175,1.);
#175 = DIRECTION('',(-0.891994856589,0.452045546177,0.));
#176 = PLANE('',#177);
#177 = AXIS2_PLACEMENT_3D('',#178,#179,#180);
#178 = CARTESIAN_POINT('',(6.187431417349,11.885945164588,4.1416));
#179 = DIRECTION('',(-0.452045546177,-0.891994856589,0.));
#180 = DIRECTION('',(-0.891994856589,0.452045546177,0.));
#181 = ADVANCED_FACE('',(#182),#207,.F.);
#182 = FACE_BOUND('',#183,.F.);
#183 = EDGE_LOOP('',(#184,#194,#200,#201));
#184 = ORIENTED_EDGE('',*,*,#185,.T.);
#185 = EDGE_CURVE('',#186,#188,#190,.T.);
#186 = VERTEX_POINT('',#187);
#187 = CARTESIAN_POINT('',(4.525136409703,8.692706165147,4.1416));
#188 = VERTEX_POINT('',#189);
#189 = CARTESIAN_POINT('',(4.525136409703,8.692706165147,4.2916));
#190 = LINE('',#191,#192);
#191 = CARTESIAN_POINT('',(4.525136409703,8.692706165147,4.1416));
#192 = VECTOR('',#193,1.);
#193 = DIRECTION('',(0.,0.,1.));
#194 = ORIENTED_EDGE('',*,*,#195,.T.);
#195 = EDGE_CURVE('',#188,#126,#196,.T.);
#196 = LINE('',#197,#198);
#197 = CARTESIAN_POINT('',(4.525136409703,8.692706165147,4.2916));
#198 = VECTOR('',#199,1.);
#199 = DIRECTION('',(0.881921264348,-0.471396736826,0.));
#200 = ORIENTED_EDGE('',*,*,#123,.F.);
#201 = ORIENTED_EDGE('',*,*,#202,.F.);
#202 = EDGE_CURVE('',#186,#124,#203,.T.);
#203 = LINE('',#204,#205);
#204 = CARTESIAN_POINT('',(4.525136409703,8.692706165147,4.1416));
#205 = VECTOR('',#206,1.);
#206 = DIRECTION('',(0.881921264348,-0.471396736826,0.));
#207 = PLANE('',#208);
#208 = AXIS2_PLACEMENT_3D('',#209,#210,#211);
#209 = CARTESIAN_POINT('',(4.525136409703,8.692706165147,4.1416));
#210 = DIRECTION('',(0.471396736826,0.881921264348,-0.));
#211 = DIRECTION('',(0.881921264348,-0.471396736826,0.));
#212 = ADVANCED_FACE('',(#213),#238,.F.);
#213 = FACE_BOUND('',#214,.F.);
#214 = EDGE_LOOP('',(#215,#225,#231,#232));
#215 = ORIENTED_EDGE('',*,*,#216,.T.);
#216 = EDGE_CURVE('',#217,#219,#221,.T.);
#217 = VERTEX_POINT('',#218);
#218 = CARTESIAN_POINT('',(4.334429164146,8.78935286702,4.1416));
#219 = VERTEX_POINT('',#220);
#220 = CARTESIAN_POINT('',(4.334429164146,8.78935286702,4.2916));
#221 = LINE('',#222,#223);
#222 = CARTESIAN_POINT('',(4.334429164146,8.78935286702,4.1416));
#223 = VECTOR('',#224,1.);
#224 = DIRECTION('',(0.,0.,1.));
#225 = ORIENTED_EDGE('',*,*,#226,.T.);
#226 = EDGE_CURVE('',#219,#188,#227,.T.);
#227 = LINE('',#228,#229);
#228 = CARTESIAN_POINT('',(4.334429164146,8.78935286702,4.2916));
#229 = VECTOR('',#230,1.);
#230 = DIRECTION('',(0.891994856589,-0.452045546177,0.));
#231 = ORIENTED_EDGE('',*,*,#185,.F.);
#232 = ORIENTED_EDGE('',*,*,#233,.F.);
#233 = EDGE_CURVE('',#217,#186,#234,.T.);
#234 = LINE('',#235,#236);
#235 = CARTESIAN_POINT('',(4.334429164146,8.78935286702,4.1416));
#236 = VECTOR('',#237,1.);
#237 = DIRECTION('',(0.891994856589,-0.452045546177,0.));
#238 = PLANE('',#239);
#239 = AXIS2_PLACEMENT_3D('',#240,#241,#242);
#240 = CARTESIAN_POINT('',(4.334429164146,8.78935286702,4.1416));
#241 = DIRECTION('',(0.452045546177,0.891994856589,-0.));
#242 = DIRECTION('',(0.891994856589,-0.452045546177,0.));
#243 = ADVANCED_FACE('',(#244),#269,.F.);
#244 = FACE_BOUND('',#245,.F.);
#245 = EDGE_LOOP('',(#246,#256,#262,#263));
#246 = ORIENTED_EDGE('',*,*,#247,.T.);
#247 = EDGE_CURVE('',#248,#250,#252,.T.);
#248 = VERTEX_POINT('',#249);
#249 = CARTESIAN_POINT('',(4.141658965059,8.881816312959,4.1416));
#250 = VERTEX_POINT('',#251);
#251 = CARTESIAN_POINT('',(4.141658965059,8.881816312959,4.2916));
#252 = LINE('',#253,#254);
#253 = CARTESIAN_POINT('',(4.141658965059,8.881816312959,4.1416));
#254 = VECTOR('',#255,1.);
#255 = DIRECTION('',(0.,0.,1.));
#256 = ORIENTED_EDGE('',*,*,#257,.T.);
#257 = EDGE_CURVE('',#250,#219,#258,.T.);
#258 = LINE('',#259,#260);
#259 = CARTESIAN_POINT('',(4.141658965059,8.881816312959,4.2916));
#260 = VECTOR('',#261,1.);
#261 = DIRECTION('',(0.901643907589,-0.43247920633,0.));
#262 = ORIENTED_EDGE('',*,*,#216,.F.);
#263 = ORIENTED_EDGE('',*,*,#264,.F.);
#264 = EDGE_CURVE('',#248,#217,#265,.T.);
#265 = LINE('',#266,#267);
#266 = CARTESIAN_POINT('',(4.141658965059,8.881816312959,4.1416));
#267 = VECTOR('',#268,1.);
#268 = DIRECTION('',(0.901643907589,-0.43247920633,0.));
#269 = PLANE('',#270);
#270 = AXIS2_PLACEMENT_3D('',#271,#272,#273);
#271 = CARTESIAN_POINT('',(4.141658965059,8.881816312959,4.1416));
#272 = DIRECTION('',(0.43247920633,0.901643907589,-0.));
#273 = DIRECTION('',(0.901643907589,-0.43247920633,0.));
#274 = ADVANCED_FACE('',(#275),#300,.F.);
#275 = FACE_BOUND('',#276,.F.);
#276 = EDGE_LOOP('',(#277,#287,#293,#294));
#277 = ORIENTED_EDGE('',*,*,#278,.T.);
#278 = EDGE_CURVE('',#279,#281,#283,.T.);
#279 = VERTEX_POINT('',#280);
#280 = CARTESIAN_POINT('',(3.946917560616,8.970052495371,4.1416));
#281 = VERTEX_POINT('',#282);
#282 = CARTESIAN_POINT('',(3.946917560616,8.970052495371,4.2916));
#283 = LINE('',#284,#285);
#284 = CARTESIAN_POINT('',(3.946917560616,8.970052495371,4.1416));
#285 = VECTOR('',#286,1.);
#286 = DIRECTION('',(0.,0.,1.));
#287 = ORIENTED_EDGE('',*,*,#288,.T.);
#288 = EDGE_CURVE('',#281,#250,#289,.T.);
#289 = LINE('',#290,#291);
#290 = CARTESIAN_POINT('',(3.946917560616,8.970052495371,4.2916));
#291 = VECTOR('',#292,1.);
#292 = DIRECTION('',(0.910863824921,-0.412707029804,0.));
#293 = ORIENTED_EDGE('',*,*,#247,.F.);
#294 = ORIENTED_EDGE('',*,*,#295,.F.);
#295 = EDGE_CURVE('',#279,#248,#296,.T.);
#296 = LINE('',#297,#298);
#297 = CARTESIAN_POINT('',(3.946917560616,8.970052495371,4.1416));
#298 = VECTOR('',#299,1.);
#299 = DIRECTION('',(0.910863824921,-0.412707029804,0.));
#300 = PLANE('',#301);
#301 = AXIS2_PLACEMENT_3D('',#302,#303,#304);
#302 = CARTESIAN_POINT('',(3.946917560616,8.970052495371,4.1416));
#303 = DIRECTION('',(0.412707029804,0.910863824921,-0.));
#304 = DIRECTION('',(0.910863824921,-0.412707029804,0.));
#305 = ADVANCED_FACE('',(#306),#331,.F.);
#306 = FACE_BOUND('',#307,.F.);
#307 = EDGE_LOOP('',(#308,#318,#324,#325));
#308 = ORIENTED_EDGE('',*,*,#309,.T.);
#309 = EDGE_CURVE('',#310,#312,#314,.T.);
#310 = VERTEX_POINT('',#311);
#311 = CARTESIAN_POINT('',(3.750297637178,9.054019418611,4.1416));
#312 = VERTEX_POINT('',#313);
#313 = CARTESIAN_POINT('',(3.750297637178,9.054019418611,4.2916));
#314 = LINE('',#315,#316);
#315 = CARTESIAN_POINT('',(3.750297637178,9.054019418611,4.1416));
#316 = VECTOR('',#317,1.);
#317 = DIRECTION('',(0.,0.,1.));
#318 = ORIENTED_EDGE('',*,*,#319,.T.);
#319 = EDGE_CURVE('',#312,#281,#320,.T.);
#320 = LINE('',#321,#322);
#321 = CARTESIAN_POINT('',(3.750297637178,9.054019418611,4.2916));
#322 = VECTOR('',#323,1.);
#323 = DIRECTION('',(0.919650220405,-0.392738427085,0.));
#324 = ORIENTED_EDGE('',*,*,#278,.F.);
#325 = ORIENTED_EDGE('',*,*,#326,.F.);
#326 = EDGE_CURVE('',#310,#279,#327,.T.);
#327 = LINE('',#328,#329);
#328 = CARTESIAN_POINT('',(3.750297637178,9.054019418611,4.1416));
#329 = VECTOR('',#330,1.);
#330 = DIRECTION('',(0.919650220405,-0.392738427085,0.));
#331 = PLANE('',#332);
#332 = AXIS2_PLACEMENT_3D('',#333,#334,#335);
#333 = CARTESIAN_POINT('',(3.750297637178,9.054019418611,4.1416));
#334 = DIRECTION('',(0.392738427085,0.919650220405,-0.));
#335 = DIRECTION('',(0.919650220405,-0.392738427085,0.));
#336 = ADVANCED_FACE('',(#337),#362,.F.);
#337 = FACE_BOUND('',#338,.F.);
#338 = EDGE_LOOP('',(#339,#349,#355,#356));
#339 = ORIENTED_EDGE('',*,*,#340,.T.);
#340 = EDGE_CURVE('',#341,#343,#345,.T.);
#341 = VERTEX_POINT('',#342);
#342 = CARTESIAN_POINT('',(3.55189277518,9.133677118971,4.1416));
#343 = VERTEX_POINT('',#344);
#344 = CARTESIAN_POINT('',(3.55189277518,9.133677118971,4.2916));
#345 = LINE('',#346,#347);
#346 = CARTESIAN_POINT('',(3.55189277518,9.133677118971,4.1416));
#347 = VECTOR('',#348,1.);
#348 = DIRECTION('',(0.,0.,1.));
#349 = ORIENTED_EDGE('',*,*,#350,.T.);
#350 = EDGE_CURVE('',#343,#312,#351,.T.);
#351 = LINE('',#352,#353);
#352 = CARTESIAN_POINT('',(3.55189277518,9.133677118971,4.2916));
#353 = VECTOR('',#354,1.);
#354 = DIRECTION('',(0.927998912192,-0.372582902144,0.));
#355 = ORIENTED_EDGE('',*,*,#309,.F.);
#356 = ORIENTED_EDGE('',*,*,#357,.F.);
#357 = EDGE_CURVE('',#341,#310,#358,.T.);
#358 = LINE('',#359,#360);
#359 = CARTESIAN_POINT('',(3.55189277518,9.133677118971,4.1416));
#360 = VECTOR('',#361,1.);
#361 = DIRECTION('',(0.927998912192,-0.372582902144,0.));
#362 = PLANE('',#363);
#363 = AXIS2_PLACEMENT_3D('',#364,#365,#366);
#364 = CARTESIAN_POINT('',(3.55189277518,9.133677118971,4.1416));
#365 = DIRECTION('',(0.372582902144,0.927998912192,-0.));
#366 = DIRECTION('',(0.927998912192,-0.372582902144,0.));
#367 = ADVANCED_FACE('',(#368),#393,.F.);
#368 = FACE_BOUND('',#369,.F.);
#369 = EDGE_LOOP('',(#370,#380,#386,#387));
#370 = ORIENTED_EDGE('',*,*,#371,.T.);
#371 = EDGE_CURVE('',#372,#374,#376,.T.);
#372 = VERTEX_POINT('',#373);
#373 = CARTESIAN_POINT('',(3.351797404592,9.208987683702,4.1416));
#374 = VERTEX_POINT('',#375);
#375 = CARTESIAN_POINT('',(3.351797404592,9.208987683702,4.2916));
#376 = LINE('',#377,#378);
#377 = CARTESIAN_POINT('',(3.351797404592,9.208987683702,4.1416));
#378 = VECTOR('',#379,1.);
#379 = DIRECTION('',(0.,0.,1.));
#380 = ORIENTED_EDGE('',*,*,#381,.T.);
#381 = EDGE_CURVE('',#374,#343,#382,.T.);
#382 = LINE('',#383,#384);
#383 = CARTESIAN_POINT('',(3.351797404592,9.208987683702,4.2916));
#384 = VECTOR('',#385,1.);
#385 = DIRECTION('',(0.935905926757,-0.352250047921,0.));
#386 = ORIENTED_EDGE('',*,*,#340,.F.);
#387 = ORIENTED_EDGE('',*,*,#388,.F.);
#388 = EDGE_CURVE('',#372,#341,#389,.T.);
#389 = LINE('',#390,#391);
#390 = CARTESIAN_POINT('',(3.351797404592,9.208987683702,4.1416));
#391 = VECTOR('',#392,1.);
#392 = DIRECTION('',(0.935905926757,-0.352250047921,0.));
#393 = PLANE('',#394);
#394 = AXIS2_PLACEMENT_3D('',#395,#396,#397);
#395 = CARTESIAN_POINT('',(3.351797404592,9.208987683702,4.1416));
#396 = DIRECTION('',(0.352250047921,0.935905926757,-0.));
#397 = DIRECTION('',(0.935905926757,-0.352250047921,0.));
#398 = ADVANCED_FACE('',(#399),#424,.F.);
#399 = FACE_BOUND('',#400,.F.);
#400 = EDGE_LOOP('',(#401,#411,#417,#418));
#401 = ORIENTED_EDGE('',*,*,#402,.T.);
#402 = EDGE_CURVE('',#403,#405,#407,.T.);
#403 = VERTEX_POINT('',#404);
#404 = CARTESIAN_POINT('',(3.150106759971,9.279915269052,4.1416));
#405 = VERTEX_POINT('',#406);
#406 = CARTESIAN_POINT('',(3.150106759971,9.279915269052,4.2916));
#407 = LINE('',#408,#409);
#408 = CARTESIAN_POINT('',(3.150106759971,9.279915269052,4.1416));
#409 = VECTOR('',#410,1.);
#410 = DIRECTION('',(0.,0.,1.));
#411 = ORIENTED_EDGE('',*,*,#412,.T.);
#412 = EDGE_CURVE('',#405,#374,#413,.T.);
#413 = LINE('',#414,#415);
#414 = CARTESIAN_POINT('',(3.150106759971,9.279915269052,4.2916));
#415 = VECTOR('',#416,1.);
#416 = DIRECTION('',(0.94336750079,-0.331749541753,0.));
#417 = ORIENTED_EDGE('',*,*,#371,.F.);
#418 = ORIENTED_EDGE('',*,*,#419,.F.);
#419 = EDGE_CURVE('',#403,#372,#420,.T.);
#420 = LINE('',#421,#422);
#421 = CARTESIAN_POINT('',(3.150106759971,9.279915269052,4.1416));
#422 = VECTOR('',#423,1.);
#423 = DIRECTION('',(0.94336750079,-0.331749541753,0.));
#424 = PLANE('',#425);
#425 = AXIS2_PLACEMENT_3D('',#426,#427,#428);
#426 = CARTESIAN_POINT('',(3.150106759971,9.279915269052,4.1416));
#427 = DIRECTION('',(0.331749541753,0.94336750079,-0.));
#428 = DIRECTION('',(0.94336750079,-0.331749541753,0.));
#429 = ADVANCED_FACE('',(#430),#455,.F.);
#430 = FACE_BOUND('',#431,.F.);
#431 = EDGE_LOOP('',(#432,#442,#448,#449));
#432 = ORIENTED_EDGE('',*,*,#433,.T.);
#433 = EDGE_CURVE('',#434,#436,#438,.T.);
#434 = VERTEX_POINT('',#435);
#435 = CARTESIAN_POINT('',(2.946916835142,9.346426117333,4.1416));
#436 = VERTEX_POINT('',#437);
#437 = CARTESIAN_POINT('',(2.946916835142,9.346426117333,4.2916));
#438 = LINE('',#439,#440);
#439 = CARTESIAN_POINT('',(2.946916835142,9.346426117333,4.1416));
#440 = VECTOR('',#441,1.);
#441 = DIRECTION('',(0.,0.,1.));
#442 = ORIENTED_EDGE('',*,*,#443,.T.);
#443 = EDGE_CURVE('',#436,#405,#444,.T.);
#444 = LINE('',#445,#446);
#445 = CARTESIAN_POINT('',(2.946916835142,9.346426117333,4.2916));
#446 = VECTOR('',#447,1.);
#447 = DIRECTION('',(0.950380082985,-0.311091140771,0.));
#448 = ORIENTED_EDGE('',*,*,#402,.F.);
#449 = ORIENTED_EDGE('',*,*,#450,.F.);
#450 = EDGE_CURVE('',#434,#403,#451,.T.);
#451 = LINE('',#452,#453);
#452 = CARTESIAN_POINT('',(2.946916835142,9.346426117333,4.1416));
#453 = VECTOR('',#454,1.);
#454 = DIRECTION('',(0.950380082985,-0.311091140771,0.));
#455 = PLANE('',#456);
#456 = AXIS2_PLACEMENT_3D('',#457,#458,#459);
#457 = CARTESIAN_POINT('',(2.946916835142,9.346426117333,4.1416));
#458 = DIRECTION('',(0.311091140771,0.950380082985,-0.));
#459 = DIRECTION('',(0.950380082985,-0.311091140771,0.));
#460 = ADVANCED_FACE('',(#461),#486,.F.);
#461 = FACE_BOUND('',#462,.F.);
#462 = EDGE_LOOP('',(#463,#473,#479,#480));
#463 = ORIENTED_EDGE('',*,*,#464,.T.);
#464 = EDGE_CURVE('',#465,#467,#469,.T.);
#465 = VERTEX_POINT('',#466);
#466 = CARTESIAN_POINT('',(2.742324337504,9.408488572982,4.1416));
#467 = VERTEX_POINT('',#468);
#468 = CARTESIAN_POINT('',(2.742324337504,9.408488572982,4.2916));
#469 = LINE('',#470,#471);
#470 = CARTESIAN_POINT('',(2.742324337504,9.408488572982,4.1416));
#471 = VECTOR('',#472,1.);
#472 = DIRECTION('',(0.,0.,1.));
#473 = ORIENTED_EDGE('',*,*,#474,.T.);
#474 = EDGE_CURVE('',#467,#436,#475,.T.);
#475 = LINE('',#476,#477);
#476 = CARTESIAN_POINT('',(2.742324337504,9.408488572982,4.2916));
#477 = VECTOR('',#478,1.);
#478 = DIRECTION('',(0.956940335732,-0.290284677254,0.));
#479 = ORIENTED_EDGE('',*,*,#433,.F.);
#480 = ORIENTED_EDGE('',*,*,#481,.F.);
#481 = EDGE_CURVE('',#465,#434,#482,.T.);
#482 = LINE('',#483,#484);
#483 = CARTESIAN_POINT('',(2.742324337504,9.408488572982,4.1416));
#484 = VECTOR('',#485,1.);
#485 = DIRECTION('',(0.956940335732,-0.290284677254,0.));
#486 = PLANE('',#487);
#487 = AXIS2_PLACEMENT_3D('',#488,#489,#490);
#488 = CARTESIAN_POINT('',(2.742324337504,9.408488572982,4.1416));
#489 = DIRECTION('',(0.290284677254,0.956940335732,-0.));
#490 = DIRECTION('',(0.956940335732,-0.290284677254,0.));
#491 = ADVANCED_FACE('',(#492),#517,.F.);
#492 = FACE_BOUND('',#493,.F.);
#493 = EDGE_LOOP('',(#494,#504,#510,#511));
#494 = ORIENTED_EDGE('',*,*,#495,.T.);
#495 = EDGE_CURVE('',#496,#498,#500,.T.);
#496 = VERTEX_POINT('',#497);
#497 = CARTESIAN_POINT('',(2.536426642005,9.466073097633,4.1416));
#498 = VERTEX_POINT('',#499);
#499 = CARTESIAN_POINT('',(2.536426642005,9.466073097633,4.2916));
#500 = LINE('',#501,#502);
#501 = CARTESIAN_POINT('',(2.536426642005,9.466073097633,4.1416));
#502 = VECTOR('',#503,1.);
#503 = DIRECTION('',(0.,0.,1.));
#504 = ORIENTED_EDGE('',*,*,#505,.T.);
#505 = EDGE_CURVE('',#498,#467,#506,.T.);
#506 = LINE('',#507,#508);
#507 = CARTESIAN_POINT('',(2.536426642005,9.466073097633,4.2916));
#508 = VECTOR('',#509,1.);
#509 = DIRECTION('',(0.963045136708,-0.269340053953,0.));
#510 = ORIENTED_EDGE('',*,*,#464,.F.);
#511 = ORIENTED_EDGE('',*,*,#512,.F.);
#512 = EDGE_CURVE('',#496,#465,#513,.T.);
#513 = LINE('',#514,#515);
#514 = CARTESIAN_POINT('',(2.536426642005,9.466073097633,4.1416));
#515 = VECTOR('',#516,1.);
#516 = DIRECTION('',(0.963045136708,-0.269340053953,0.));
#517 = PLANE('',#518);
#518 = AXIS2_PLACEMENT_3D('',#519,#520,#521);
#519 = CARTESIAN_POINT('',(2.536426642005,9.466073097633,4.1416));
#520 = DIRECTION('',(0.269340053953,0.963045136708,-0.));
#521 = DIRECTION('',(0.963045136708,-0.269340053953,0.));
#522 = ADVANCED_FACE('',(#523),#548,.F.);
#523 = FACE_BOUND('',#524,.F.);
#524 = EDGE_LOOP('',(#525,#535,#541,#542));
#525 = ORIENTED_EDGE('',*,*,#526,.T.);
#526 = EDGE_CURVE('',#527,#529,#531,.T.);
#527 = VERTEX_POINT('',#528);
#528 = CARTESIAN_POINT('',(2.329321744796,9.51915228417,4.1416));
#529 = VERTEX_POINT('',#530);
#530 = CARTESIAN_POINT('',(2.329321744796,9.51915228417,4.2916));
#531 = LINE('',#532,#533);
#532 = CARTESIAN_POINT('',(2.329321744796,9.51915228417,4.1416));
#533 = VECTOR('',#534,1.);
#534 = DIRECTION('',(0.,0.,1.));
#535 = ORIENTED_EDGE('',*,*,#536,.T.);
#536 = EDGE_CURVE('',#529,#498,#537,.T.);
#537 = LINE('',#538,#539);
#538 = CARTESIAN_POINT('',(2.329321744796,9.51915228417,4.2916));
#539 = VECTOR('',#540,1.);
#540 = DIRECTION('',(0.968691580357,-0.248267239374,0.));
#541 = ORIENTED_EDGE('',*,*,#495,.F.);
#542 = ORIENTED_EDGE('',*,*,#543,.F.);
#543 = EDGE_CURVE('',#527,#496,#544,.T.);
#544 = LINE('',#545,#546);
#545 = CARTESIAN_POINT('',(2.329321744796,9.51915228417,4.1416));
#546 = VECTOR('',#547,1.);
#547 = DIRECTION('',(0.968691580357,-0.248267239374,0.));
#548 = PLANE('',#549);
#549 = AXIS2_PLACEMENT_3D('',#550,#551,#552);
#550 = CARTESIAN_POINT('',(2.329321744796,9.51915228417,4.1416));
#551 = DIRECTION('',(0.248267239374,0.968691580357,-0.));
#552 = DIRECTION('',(0.968691580357,-0.248267239374,0.));
#553 = ADVANCED_FACE('',(#554),#579,.F.);
#554 = FACE_BOUND('',#555,.F.);
#555 = EDGE_LOOP('',(#556,#566,#572,#573));
#556 = ORIENTED_EDGE('',*,*,#557,.T.);
#557 = EDGE_CURVE('',#558,#560,#562,.T.);
#558 = VERTEX_POINT('',#559);
#559 = CARTESIAN_POINT('',(2.121108216593,9.567700869775,4.1416));
#560 = VERTEX_POINT('',#561);
#561 = CARTESIAN_POINT('',(2.121108216593,9.567700869775,4.2916));
#562 = LINE('',#563,#564);
#563 = CARTESIAN_POINT('',(2.121108216593,9.567700869775,4.1416));
#564 = VECTOR('',#565,1.);
#565 = DIRECTION('',(0.,0.,1.));
#566 = ORIENTED_EDGE('',*,*,#567,.T.);
#567 = EDGE_CURVE('',#560,#529,#568,.T.);
#568 = LINE('',#569,#570);
#569 = CARTESIAN_POINT('',(2.121108216593,9.567700869775,4.2916));
#570 = VECTOR('',#571,1.);
#571 = DIRECTION('',(0.973876979277,-0.227076263034,0.));
#572 = ORIENTED_EDGE('',*,*,#526,.F.);
#573 = ORIENTED_EDGE('',*,*,#574,.F.);
#574 = EDGE_CURVE('',#558,#527,#575,.T.);
#575 = LINE('',#576,#577);
#576 = CARTESIAN_POINT('',(2.121108216593,9.567700869775,4.1416));
#577 = VECTOR('',#578,1.);
#578 = DIRECTION('',(0.973876979277,-0.227076263034,0.));
#579 = PLANE('',#580);
#580 = AXIS2_PLACEMENT_3D('',#581,#582,#583);
#581 = CARTESIAN_POINT('',(2.121108216593,9.567700869775,4.1416));
#582 = DIRECTION('',(0.227076263034,0.973876979277,-0.));
#583 = DIRECTION('',(0.973876979277,-0.227076263034,0.));
#584 = ADVANCED_FACE('',(#585),#610,.F.);
#585 = FACE_BOUND('',#586,.F.);
#586 = EDGE_LOOP('',(#587,#597,#603,#604));
#587 = ORIENTED_EDGE('',*,*,#588,.T.);
#588 = EDGE_CURVE('',#589,#591,#593,.T.);
#589 = VERTEX_POINT('',#590);
#590 = CARTESIAN_POINT('',(1.911885155758,9.611695747952,4.1416));
#591 = VERTEX_POINT('',#592);
#592 = CARTESIAN_POINT('',(1.911885155758,9.611695747952,4.2916));
#593 = LINE('',#594,#595);
#594 = CARTESIAN_POINT('',(1.911885155758,9.611695747952,4.1416));
#595 = VECTOR('',#596,1.);
#596 = DIRECTION('',(0.,0.,1.));
#597 = ORIENTED_EDGE('',*,*,#598,.T.);
#598 = EDGE_CURVE('',#591,#560,#599,.T.);
#599 = LINE('',#600,#601);
#600 = CARTESIAN_POINT('',(1.911885155758,9.611695747952,4.2916));
#601 = VECTOR('',#602,1.);
#602 = DIRECTION('',(0.978598865501,-0.205777210692,0.));
#603 = ORIENTED_EDGE('',*,*,#557,.F.);
#604 = ORIENTED_EDGE('',*,*,#605,.F.);
#605 = EDGE_CURVE('',#589,#558,#606,.T.);
#606 = LINE('',#607,#608);
#607 = CARTESIAN_POINT('',(1.911885155758,9.611695747952,4.1416));
#608 = VECTOR('',#609,1.);
#609 = DIRECTION('',(0.978598865501,-0.205777210692,0.));
#610 = PLANE('',#611);
#611 = AXIS2_PLACEMENT_3D('',#612,#613,#614);
#612 = CARTESIAN_POINT('',(1.911885155758,9.611695747952,4.1416));
#613 = DIRECTION('',(0.205777210692,0.978598865501,-0.));
#614 = DIRECTION('',(0.978598865501,-0.205777210692,0.));
#615 = ADVANCED_FACE('',(#616),#641,.F.);
#616 = FACE_BOUND('',#617,.F.);
#617 = EDGE_LOOP('',(#618,#628,#634,#635));
#618 = ORIENTED_EDGE('',*,*,#619,.T.);
#619 = EDGE_CURVE('',#620,#622,#624,.T.);
#620 = VERTEX_POINT('',#621);
#621 = CARTESIAN_POINT('',(1.701752141136,9.65111597952,4.1416));
#622 = VERTEX_POINT('',#623);
#623 = CARTESIAN_POINT('',(1.701752141136,9.65111597952,4.2916));
#624 = LINE('',#625,#626);
#625 = CARTESIAN_POINT('',(1.701752141136,9.65111597952,4.1416));
#626 = VECTOR('',#627,1.);
#627 = DIRECTION('',(0.,0.,1.));
#628 = ORIENTED_EDGE('',*,*,#629,.T.);
#629 = EDGE_CURVE('',#622,#591,#630,.T.);
#630 = LINE('',#631,#632);
#631 = CARTESIAN_POINT('',(1.701752141136,9.65111597952,4.2916));
#632 = VECTOR('',#633,1.);
#633 = DIRECTION('',(0.982854991665,-0.184380219543,0.));
#634 = ORIENTED_EDGE('',*,*,#588,.F.);
#635 = ORIENTED_EDGE('',*,*,#636,.F.);
#636 = EDGE_CURVE('',#620,#589,#637,.T.);
#637 = LINE('',#638,#639);
#638 = CARTESIAN_POINT('',(1.701752141136,9.65111597952,4.1416));
#639 = VECTOR('',#640,1.);
#640 = DIRECTION('',(0.982854991665,-0.184380219543,0.));
#641 = PLANE('',#642);
#642 = AXIS2_PLACEMENT_3D('',#643,#644,#645);
#643 = CARTESIAN_POINT('',(1.701752141136,9.65111597952,4.1416));
#644 = DIRECTION('',(0.184380219543,0.982854991665,-0.));
#645 = DIRECTION('',(0.982854991665,-0.184380219543,0.));
#646 = ADVANCED_FACE('',(#647),#672,.F.);
#647 = FACE_BOUND('',#648,.F.);
#648 = EDGE_LOOP('',(#649,#657,#665,#671));
#649 = ORIENTED_EDGE('',*,*,#650,.F.);
#650 = EDGE_CURVE('',#651,#620,#653,.T.);
#651 = VERTEX_POINT('',#652);
#652 = CARTESIAN_POINT('',(1.51455833807,9.682021801487,4.1416));
#653 = LINE('',#654,#655);
#654 = CARTESIAN_POINT('',(1.490809184661,9.685942802584,4.1416));
#655 = VECTOR('',#656,1.);
#656 = DIRECTION('',(0.986643332085,-0.162895473395,0.));
#657 = ORIENTED_EDGE('',*,*,#658,.T.);
#658 = EDGE_CURVE('',#651,#659,#661,.T.);
#659 = VERTEX_POINT('',#660);
#660 = CARTESIAN_POINT('',(1.51455833807,9.682021801487,4.2916));
#661 = LINE('',#662,#663);
#662 = CARTESIAN_POINT('',(1.51455833807,9.682021801487,4.1416));
#663 = VECTOR('',#664,1.);
#664 = DIRECTION('',(0.,0.,1.));
#665 = ORIENTED_EDGE('',*,*,#666,.T.);
#666 = EDGE_CURVE('',#659,#622,#667,.T.);
#667 = LINE('',#668,#669);
#668 = CARTESIAN_POINT('',(1.490809184661,9.685942802584,4.2916));
#669 = VECTOR('',#670,1.);
#670 = DIRECTION('',(0.986643332085,-0.162895473395,0.));
#671 = ORIENTED_EDGE('',*,*,#619,.F.);
#672 = PLANE('',#673);
#673 = AXIS2_PLACEMENT_3D('',#674,#675,#676);
#674 = CARTESIAN_POINT('',(1.490809184661,9.685942802584,4.1416));
#675 = DIRECTION('',(0.162895473395,0.986643332085,-0.));
#676 = DIRECTION('',(0.986643332085,-0.162895473395,0.));
#677 = ADVANCED_FACE('',(#678),#703,.F.);
#678 = FACE_BOUND('',#679,.F.);
#679 = EDGE_LOOP('',(#680,#681,#689,#697));
#680 = ORIENTED_EDGE('',*,*,#163,.T.);
#681 = ORIENTED_EDGE('',*,*,#682,.T.);
#682 = EDGE_CURVE('',#156,#683,#685,.T.);
#683 = VERTEX_POINT('',#684);
#684 = CARTESIAN_POINT('',(5.663084707325,12.144524346291,4.2916));
#685 = LINE('',#686,#687);
#686 = CARTESIAN_POINT('',(5.926668448935,12.018094736538,4.2916));
#687 = VECTOR('',#688,1.);
#688 = DIRECTION('',(-0.901643907589,0.43247920633,0.));
#689 = ORIENTED_EDGE('',*,*,#690,.F.);
#690 = EDGE_CURVE('',#691,#683,#693,.T.);
#691 = VERTEX_POINT('',#692);
#692 = CARTESIAN_POINT('',(5.663084707325,12.144524346291,4.1416));
#693 = LINE('',#694,#695);
#694 = CARTESIAN_POINT('',(5.663084707325,12.144524346291,4.1416));
#695 = VECTOR('',#696,1.);
#696 = DIRECTION('',(0.,0.,1.));
#697 = ORIENTED_EDGE('',*,*,#698,.F.);
#698 = EDGE_CURVE('',#164,#691,#699,.T.);
#699 = LINE('',#700,#701);
#700 = CARTESIAN_POINT('',(5.926668448935,12.018094736538,4.1416));
#701 = VECTOR('',#702,1.);
#702 = DIRECTION('',(-0.901643907589,0.43247920633,0.));
#703 = PLANE('',#704);
#704 = AXIS2_PLACEMENT_3D('',#705,#706,#707);
#705 = CARTESIAN_POINT('',(5.926668448935,12.018094736538,4.1416));
#706 = DIRECTION('',(-0.43247920633,-0.901643907589,0.));
#707 = DIRECTION('',(-0.901643907589,0.43247920633,0.));
#708 = ADVANCED_FACE('',(#709),#743,.F.);
#709 = FACE_BOUND('',#710,.F.);
#710 = EDGE_LOOP('',(#711,#721,#729,#737));
#711 = ORIENTED_EDGE('',*,*,#712,.F.);
#712 = EDGE_CURVE('',#713,#715,#717,.T.);
#713 = VERTEX_POINT('',#714);
#714 = CARTESIAN_POINT('',(2.326885580737,13.196423890364,4.1416));
#715 = VERTEX_POINT('',#716);
#716 = CARTESIAN_POINT('',(2.070926707156,13.238682871421,4.1416));
#717 = LINE('',#718,#719);
#718 = CARTESIAN_POINT('',(2.326885580737,13.196423890364,4.1416));
#719 = VECTOR('',#720,1.);
#720 = DIRECTION('',(-0.986643332085,0.162895473395,0.));
#721 = ORIENTED_EDGE('',*,*,#722,.T.);
#722 = EDGE_CURVE('',#713,#723,#725,.T.);
#723 = VERTEX_POINT('',#724);
#724 = CARTESIAN_POINT('',(2.326885580737,13.196423890364,4.2916));
#725 = LINE('',#726,#727);
#726 = CARTESIAN_POINT('',(2.326885580737,13.196423890364,4.1416));
#727 = VECTOR('',#728,1.);
#728 = DIRECTION('',(0.,0.,1.));
#729 = ORIENTED_EDGE('',*,*,#730,.T.);
#730 = EDGE_CURVE('',#723,#731,#733,.T.);
#731 = VERTEX_POINT('',#732);
#732 = CARTESIAN_POINT('',(2.070926707156,13.238682871421,4.2916));
#733 = LINE('',#734,#735);
#734 = CARTESIAN_POINT('',(2.326885580737,13.196423890364,4.2916));
#735 = VECTOR('',#736,1.);
#736 = DIRECTION('',(-0.986643332085,0.162895473395,0.));
#737 = ORIENTED_EDGE('',*,*,#738,.T.);
#738 = EDGE_CURVE('',#731,#715,#739,.T.);
#739 = LINE('',#740,#741);
#740 = CARTESIAN_POINT('',(2.070926707156,13.238682871421,4.1416));
#741 = VECTOR('',#742,1.);
#742 = DIRECTION('',(-0.,0.,-1.));
#743 = PLANE('',#744);
#744 = AXIS2_PLACEMENT_3D('',#745,#746,#747);
#745 = CARTESIAN_POINT('',(2.326885580737,13.196423890364,4.1416));
#746 = DIRECTION('',(-0.162895473395,-0.986643332085,0.));
#747 = DIRECTION('',(-0.986643332085,0.162895473395,0.));
#748 = ADVANCED_FACE('',(#749),#774,.F.);
#749 = FACE_BOUND('',#750,.F.);
#750 = EDGE_LOOP('',(#751,#761,#767,#768));
#751 = ORIENTED_EDGE('',*,*,#752,.T.);
#752 = EDGE_CURVE('',#753,#755,#757,.T.);
#753 = VERTEX_POINT('',#754);
#754 = CARTESIAN_POINT('',(2.614210315016,13.142522757403,4.1416));
#755 = VERTEX_POINT('',#756);
#756 = CARTESIAN_POINT('',(2.614210315016,13.142522757403,4.2916));
#757 = LINE('',#758,#759);
#758 = CARTESIAN_POINT('',(2.614210315016,13.142522757403,4.1416));
#759 = VECTOR('',#760,1.);
#760 = DIRECTION('',(0.,0.,1.));
#761 = ORIENTED_EDGE('',*,*,#762,.T.);
#762 = EDGE_CURVE('',#755,#723,#763,.T.);
#763 = LINE('',#764,#765);
#764 = CARTESIAN_POINT('',(2.614210315016,13.142522757403,4.2916));
#765 = VECTOR('',#766,1.);
#766 = DIRECTION('',(-0.982854991665,0.184380219543,0.));
#767 = ORIENTED_EDGE('',*,*,#722,.F.);
#768 = ORIENTED_EDGE('',*,*,#769,.F.);
#769 = EDGE_CURVE('',#753,#713,#770,.T.);
#770 = LINE('',#771,#772);
#771 = CARTESIAN_POINT('',(2.614210315016,13.142522757403,4.1416));
#772 = VECTOR('',#773,1.);
#773 = DIRECTION('',(-0.982854991665,0.184380219543,0.));
#774 = PLANE('',#775);
#775 = AXIS2_PLACEMENT_3D('',#776,#777,#778);
#776 = CARTESIAN_POINT('',(2.614210315016,13.142522757403,4.1416));
#777 = DIRECTION('',(-0.184380219543,-0.982854991665,0.));
#778 = DIRECTION('',(-0.982854991665,0.184380219543,0.));
#779 = ADVANCED_FACE('',(#780),#805,.F.);
#780 = FACE_BOUND('',#781,.F.);
#781 = EDGE_LOOP('',(#782,#792,#798,#799));
#782 = ORIENTED_EDGE('',*,*,#783,.T.);
#783 = EDGE_CURVE('',#784,#786,#788,.T.);
#784 = VERTEX_POINT('',#785);
#785 = CARTESIAN_POINT('',(2.900290826771,13.082366495407,4.1416));
#786 = VERTEX_POINT('',#787);
#787 = CARTESIAN_POINT('',(2.900290826771,13.082366495407,4.2916));
#788 = LINE('',#789,#790);
#789 = CARTESIAN_POINT('',(2.900290826771,13.082366495407,4.1416));
#790 = VECTOR('',#791,1.);
#791 = DIRECTION('',(0.,0.,1.));
#792 = ORIENTED_EDGE('',*,*,#793,.T.);
#793 = EDGE_CURVE('',#786,#755,#794,.T.);
#794 = LINE('',#795,#796);
#795 = CARTESIAN_POINT('',(2.900290826771,13.082366495407,4.2916));
#796 = VECTOR('',#797,1.);
#797 = DIRECTION('',(-0.978598865501,0.205777210692,0.));
#798 = ORIENTED_EDGE('',*,*,#752,.F.);
#799 = ORIENTED_EDGE('',*,*,#800,.F.);
#800 = EDGE_CURVE('',#784,#753,#801,.T.);
#801 = LINE('',#802,#803);
#802 = CARTESIAN_POINT('',(2.900290826771,13.082366495407,4.1416));
#803 = VECTOR('',#804,1.);
#804 = DIRECTION('',(-0.978598865501,0.205777210692,0.));
#805 = PLANE('',#806);
#806 = AXIS2_PLACEMENT_3D('',#807,#808,#809);
#807 = CARTESIAN_POINT('',(2.900290826771,13.082366495407,4.1416));
#808 = DIRECTION('',(-0.205777210692,-0.978598865501,0.));
#809 = DIRECTION('',(-0.978598865501,0.205777210692,0.));
#810 = ADVANCED_FACE('',(#811),#836,.F.);
#811 = FACE_BOUND('',#812,.F.);
#812 = EDGE_LOOP('',(#813,#823,#829,#830));
#813 = ORIENTED_EDGE('',*,*,#814,.T.);
#814 = EDGE_CURVE('',#815,#817,#819,.T.);
#815 = VERTEX_POINT('',#816);
#816 = CARTESIAN_POINT('',(3.184990957171,13.015983735498,4.1416));
#817 = VERTEX_POINT('',#818);
#818 = CARTESIAN_POINT('',(3.184990957171,13.015983735498,4.2916));
#819 = LINE('',#820,#821);
#820 = CARTESIAN_POINT('',(3.184990957171,13.015983735498,4.1416));
#821 = VECTOR('',#822,1.);
#822 = DIRECTION('',(0.,0.,1.));
#823 = ORIENTED_EDGE('',*,*,#824,.T.);
#824 = EDGE_CURVE('',#817,#786,#825,.T.);
#825 = LINE('',#826,#827);
#826 = CARTESIAN_POINT('',(3.184990957171,13.015983735498,4.2916));
#827 = VECTOR('',#828,1.);
#828 = DIRECTION('',(-0.973876979277,0.227076263034,0.));
#829 = ORIENTED_EDGE('',*,*,#783,.F.);
#830 = ORIENTED_EDGE('',*,*,#831,.F.);
#831 = EDGE_CURVE('',#815,#784,#832,.T.);
#832 = LINE('',#833,#834);
#833 = CARTESIAN_POINT('',(3.184990957171,13.015983735498,4.1416));
#834 = VECTOR('',#835,1.);
#835 = DIRECTION('',(-0.973876979277,0.227076263034,0.));
#836 = PLANE('',#837);
#837 = AXIS2_PLACEMENT_3D('',#838,#839,#840);
#838 = CARTESIAN_POINT('',(3.184990957171,13.015983735498,4.1416));
#839 = DIRECTION('',(-0.227076263034,-0.973876979277,0.));
#840 = DIRECTION('',(-0.973876979277,0.227076263034,0.));
#841 = ADVANCED_FACE('',(#842),#867,.F.);
#842 = FACE_BOUND('',#843,.F.);
#843 = EDGE_LOOP('',(#844,#854,#860,#861));
#844 = ORIENTED_EDGE('',*,*,#845,.T.);
#845 = EDGE_CURVE('',#846,#848,#850,.T.);
#846 = VERTEX_POINT('',#847);
#847 = CARTESIAN_POINT('',(3.468175204374,12.943406072274,4.1416));
#848 = VERTEX_POINT('',#849);
#849 = CARTESIAN_POINT('',(3.468175204374,12.943406072274,4.2916));
#850 = LINE('',#851,#852);
#851 = CARTESIAN_POINT('',(3.468175204374,12.943406072274,4.1416));
#852 = VECTOR('',#853,1.);
#853 = DIRECTION('',(0.,0.,1.));
#854 = ORIENTED_EDGE('',*,*,#855,.T.);
#855 = EDGE_CURVE('',#848,#817,#856,.T.);
#856 = LINE('',#857,#858);
#857 = CARTESIAN_POINT('',(3.468175204374,12.943406072274,4.2916));
#858 = VECTOR('',#859,1.);
#859 = DIRECTION('',(-0.968691580357,0.248267239374,0.));
#860 = ORIENTED_EDGE('',*,*,#814,.F.);
#861 = ORIENTED_EDGE('',*,*,#862,.F.);
#862 = EDGE_CURVE('',#846,#815,#863,.T.);
#863 = LINE('',#864,#865);
#864 = CARTESIAN_POINT('',(3.468175204374,12.943406072274,4.1416));
#865 = VECTOR('',#866,1.);
#866 = DIRECTION('',(-0.968691580357,0.248267239374,0.));
#867 = PLANE('',#868);
#868 = AXIS2_PLACEMENT_3D('',#869,#870,#871);
#869 = CARTESIAN_POINT('',(3.468175204374,12.943406072274,4.1416));
#870 = DIRECTION('',(-0.248267239374,-0.968691580357,0.));
#871 = DIRECTION('',(-0.968691580357,0.248267239374,0.));
#872 = ADVANCED_FACE('',(#873),#898,.F.);
#873 = FACE_BOUND('',#874,.F.);
#874 = EDGE_LOOP('',(#875,#885,#891,#892));
#875 = ORIENTED_EDGE('',*,*,#876,.T.);
#876 = EDGE_CURVE('',#877,#879,#881,.T.);
#877 = VERTEX_POINT('',#878);
#878 = CARTESIAN_POINT('',(3.749708788015,12.864668048771,4.1416));
#879 = VERTEX_POINT('',#880);
#880 = CARTESIAN_POINT('',(3.749708788015,12.864668048771,4.2916));
#881 = LINE('',#882,#883);
#882 = CARTESIAN_POINT('',(3.749708788015,12.864668048771,4.1416));
#883 = VECTOR('',#884,1.);
#884 = DIRECTION('',(0.,0.,1.));
#885 = ORIENTED_EDGE('',*,*,#886,.T.);
#886 = EDGE_CURVE('',#879,#848,#887,.T.);
#887 = LINE('',#888,#889);
#888 = CARTESIAN_POINT('',(3.749708788015,12.864668048771,4.2916));
#889 = VECTOR('',#890,1.);
#890 = DIRECTION('',(-0.963045136708,0.269340053953,0.));
#891 = ORIENTED_EDGE('',*,*,#845,.F.);
#892 = ORIENTED_EDGE('',*,*,#893,.F.);
#893 = EDGE_CURVE('',#877,#846,#894,.T.);
#894 = LINE('',#895,#896);
#895 = CARTESIAN_POINT('',(3.749708788015,12.864668048771,4.1416));
#896 = VECTOR('',#897,1.);
#897 = DIRECTION('',(-0.963045136708,0.269340053953,0.));
#898 = PLANE('',#899);
#899 = AXIS2_PLACEMENT_3D('',#900,#901,#902);
#900 = CARTESIAN_POINT('',(3.749708788015,12.864668048771,4.1416));
#901 = DIRECTION('',(-0.269340053953,-0.963045136708,0.));
#902 = DIRECTION('',(-0.963045136708,0.269340053953,0.));
#903 = ADVANCED_FACE('',(#904),#929,.F.);
#904 = FACE_BOUND('',#905,.F.);
#905 = EDGE_LOOP('',(#906,#916,#922,#923));
#906 = ORIENTED_EDGE('',*,*,#907,.T.);
#907 = EDGE_CURVE('',#908,#910,#912,.T.);
#908 = VERTEX_POINT('',#909);
#909 = CARTESIAN_POINT('',(4.029457713357,12.779807140026,4.1416));
#910 = VERTEX_POINT('',#911);
#911 = CARTESIAN_POINT('',(4.029457713357,12.779807140026,4.2916));
#912 = LINE('',#913,#914);
#913 = CARTESIAN_POINT('',(4.029457713357,12.779807140026,4.1416));
#914 = VECTOR('',#915,1.);
#915 = DIRECTION('',(0.,0.,1.));
#916 = ORIENTED_EDGE('',*,*,#917,.T.);
#917 = EDGE_CURVE('',#910,#879,#918,.T.);
#918 = LINE('',#919,#920);
#919 = CARTESIAN_POINT('',(4.029457713357,12.779807140026,4.2916));
#920 = VECTOR('',#921,1.);
#921 = DIRECTION('',(-0.956940335732,0.290284677254,0.));
#922 = ORIENTED_EDGE('',*,*,#876,.F.);
#923 = ORIENTED_EDGE('',*,*,#924,.F.);
#924 = EDGE_CURVE('',#908,#877,#925,.T.);
#925 = LINE('',#926,#927);
#926 = CARTESIAN_POINT('',(4.029457713357,12.779807140026,4.1416));
#927 = VECTOR('',#928,1.);
#928 = DIRECTION('',(-0.956940335732,0.290284677254,0.));
#929 = PLANE('',#930);
#930 = AXIS2_PLACEMENT_3D('',#931,#932,#933);
#931 = CARTESIAN_POINT('',(4.029457713357,12.779807140026,4.1416));
#932 = DIRECTION('',(-0.290284677254,-0.956940335732,0.));
#933 = DIRECTION('',(-0.956940335732,0.290284677254,0.));
#934 = ADVANCED_FACE('',(#935),#960,.F.);
#935 = FACE_BOUND('',#936,.F.);
#936 = EDGE_LOOP('',(#937,#947,#953,#954));
#937 = ORIENTED_EDGE('',*,*,#938,.T.);
#938 = EDGE_CURVE('',#939,#941,#943,.T.);
#939 = VERTEX_POINT('',#940);
#940 = CARTESIAN_POINT('',(4.307288835062,12.688863735234,4.1416));
#941 = VERTEX_POINT('',#942);
#942 = CARTESIAN_POINT('',(4.307288835062,12.688863735234,4.2916));
#943 = LINE('',#944,#945);
#944 = CARTESIAN_POINT('',(4.307288835062,12.688863735234,4.1416));
#945 = VECTOR('',#946,1.);
#946 = DIRECTION('',(0.,0.,1.));
#947 = ORIENTED_EDGE('',*,*,#948,.T.);
#948 = EDGE_CURVE('',#941,#910,#949,.T.);
#949 = LINE('',#950,#951);
#950 = CARTESIAN_POINT('',(4.307288835062,12.688863735234,4.2916));
#951 = VECTOR('',#952,1.);
#952 = DIRECTION('',(-0.950380082985,0.311091140771,0.));
#953 = ORIENTED_EDGE('',*,*,#907,.F.);
#954 = ORIENTED_EDGE('',*,*,#955,.F.);
#955 = EDGE_CURVE('',#939,#908,#956,.T.);
#956 = LINE('',#957,#958);
#957 = CARTESIAN_POINT('',(4.307288835062,12.688863735234,4.1416));
#958 = VECTOR('',#959,1.);
#959 = DIRECTION('',(-0.950380082985,0.311091140771,0.));
#960 = PLANE('',#961);
#961 = AXIS2_PLACEMENT_3D('',#962,#963,#964);
#962 = CARTESIAN_POINT('',(4.307288835062,12.688863735234,4.1416));
#963 = DIRECTION('',(-0.311091140771,-0.950380082985,0.));
#964 = DIRECTION('',(-0.950380082985,0.311091140771,0.));
#965 = ADVANCED_FACE('',(#966),#991,.F.);
#966 = FACE_BOUND('',#967,.F.);
#967 = EDGE_LOOP('',(#968,#978,#984,#985));
#968 = ORIENTED_EDGE('',*,*,#969,.T.);
#969 = EDGE_CURVE('',#970,#972,#974,.T.);
#970 = VERTEX_POINT('',#971);
#971 = CARTESIAN_POINT('',(4.583069920564,12.591881118531,4.1416));
#972 = VERTEX_POINT('',#973);
#973 = CARTESIAN_POINT('',(4.583069920564,12.591881118531,4.2916));
#974 = LINE('',#975,#976);
#975 = CARTESIAN_POINT('',(4.583069920564,12.591881118531,4.1416));
#976 = VECTOR('',#977,1.);
#977 = DIRECTION('',(0.,0.,1.));
#978 = ORIENTED_EDGE('',*,*,#979,.T.);
#979 = EDGE_CURVE('',#972,#941,#980,.T.);
#980 = LINE('',#981,#982);
#981 = CARTESIAN_POINT('',(4.583069920564,12.591881118531,4.2916));
#982 = VECTOR('',#983,1.);
#983 = DIRECTION('',(-0.94336750079,0.331749541753,0.));
#984 = ORIENTED_EDGE('',*,*,#938,.F.);
#985 = ORIENTED_EDGE('',*,*,#986,.F.);
#986 = EDGE_CURVE('',#970,#939,#987,.T.);
#987 = LINE('',#988,#989);
#988 = CARTESIAN_POINT('',(4.583069920564,12.591881118531,4.1416));
#989 = VECTOR('',#990,1.);
#990 = DIRECTION('',(-0.94336750079,0.331749541753,0.));
#991 = PLANE('',#992);
#992 = AXIS2_PLACEMENT_3D('',#993,#994,#995);
#993 = CARTESIAN_POINT('',(4.583069920564,12.591881118531,4.1416));
#994 = DIRECTION('',(-0.331749541753,-0.94336750079,0.));
#995 = DIRECTION('',(-0.94336750079,0.331749541753,0.));
#996 = ADVANCED_FACE('',(#997),#1022,.F.);
#997 = FACE_BOUND('',#998,.F.);
#998 = EDGE_LOOP('',(#999,#1009,#1015,#1016));
#999 = ORIENTED_EDGE('',*,*,#1000,.T.);
#1000 = EDGE_CURVE('',#1001,#1003,#1005,.T.);
#1001 = VERTEX_POINT('',#1002);
#1002 = CARTESIAN_POINT('',(4.856669713002,12.488905448389,4.1416));
#1003 = VERTEX_POINT('',#1004);
#1004 = CARTESIAN_POINT('',(4.856669713002,12.488905448389,4.2916));
#1005 = LINE('',#1006,#1007);
#1006 = CARTESIAN_POINT('',(4.856669713002,12.488905448389,4.1416));
#1007 = VECTOR('',#1008,1.);
#1008 = DIRECTION('',(0.,0.,1.));
#1009 = ORIENTED_EDGE('',*,*,#1010,.T.);
#1010 = EDGE_CURVE('',#1003,#972,#1011,.T.);
#1011 = LINE('',#1012,#1013);
#1012 = CARTESIAN_POINT('',(4.856669713002,12.488905448389,4.2916));
#1013 = VECTOR('',#1014,1.);
#1014 = DIRECTION('',(-0.935905926757,0.352250047921,0.));
#1015 = ORIENTED_EDGE('',*,*,#969,.F.);
#1016 = ORIENTED_EDGE('',*,*,#1017,.F.);
#1017 = EDGE_CURVE('',#1001,#970,#1018,.T.);
#1018 = LINE('',#1019,#1020);
#1019 = CARTESIAN_POINT('',(4.856669713002,12.488905448389,4.1416));
#1020 = VECTOR('',#1021,1.);
#1021 = DIRECTION('',(-0.935905926757,0.352250047921,0.));
#1022 = PLANE('',#1023);
#1023 = AXIS2_PLACEMENT_3D('',#1024,#1025,#1026);
#1024 = CARTESIAN_POINT('',(4.856669713002,12.488905448389,4.1416));
#1025 = DIRECTION('',(-0.352250047921,-0.935905926757,0.));
#1026 = DIRECTION('',(-0.935905926757,0.352250047921,0.));
#1027 = ADVANCED_FACE('',(#1028),#1053,.F.);
#1028 = FACE_BOUND('',#1029,.F.);
#1029 = EDGE_LOOP('',(#1030,#1040,#1046,#1047));
#1030 = ORIENTED_EDGE('',*,*,#1031,.T.);
#1031 = EDGE_CURVE('',#1032,#1034,#1036,.T.);
#1032 = VERTEX_POINT('',#1033);
#1033 = CARTESIAN_POINT('',(5.127957993692,12.379985735651,4.1416));
#1034 = VERTEX_POINT('',#1035);
#1035 = CARTESIAN_POINT('',(5.127957993692,12.379985735651,4.2916));
#1036 = LINE('',#1037,#1038);
#1037 = CARTESIAN_POINT('',(5.127957993692,12.379985735651,4.1416));
#1038 = VECTOR('',#1039,1.);
#1039 = DIRECTION('',(0.,0.,1.));
#1040 = ORIENTED_EDGE('',*,*,#1041,.T.);
#1041 = EDGE_CURVE('',#1034,#1003,#1042,.T.);
#1042 = LINE('',#1043,#1044);
#1043 = CARTESIAN_POINT('',(5.127957993692,12.379985735651,4.2916));
#1044 = VECTOR('',#1045,1.);
#1045 = DIRECTION('',(-0.927998912192,0.372582902144,0.));
#1046 = ORIENTED_EDGE('',*,*,#1000,.F.);
#1047 = ORIENTED_EDGE('',*,*,#1048,.F.);
#1048 = EDGE_CURVE('',#1032,#1001,#1049,.T.);
#1049 = LINE('',#1050,#1051);
#1050 = CARTESIAN_POINT('',(5.127957993692,12.379985735651,4.1416));
#1051 = VECTOR('',#1052,1.);
#1052 = DIRECTION('',(-0.927998912192,0.372582902144,0.));
#1053 = PLANE('',#1054);
#1054 = AXIS2_PLACEMENT_3D('',#1055,#1056,#1057);
#1055 = CARTESIAN_POINT('',(5.127957993692,12.379985735651,4.1416));
#1056 = DIRECTION('',(-0.372582902144,-0.927998912192,0.));
#1057 = DIRECTION('',(-0.927998912192,0.372582902144,0.));
#1058 = ADVANCED_FACE('',(#1059),#1084,.F.);
#1059 = FACE_BOUND('',#1060,.F.);
#1060 = EDGE_LOOP('',(#1061,#1071,#1077,#1078));
#1061 = ORIENTED_EDGE('',*,*,#1062,.T.);
#1062 = EDGE_CURVE('',#1063,#1065,#1067,.T.);
#1063 = VERTEX_POINT('',#1064);
#1064 = CARTESIAN_POINT('',(5.396805644107,12.265173820201,4.1416));
#1065 = VERTEX_POINT('',#1066);
#1066 = CARTESIAN_POINT('',(5.396805644107,12.265173820201,4.2916));
#1067 = LINE('',#1068,#1069);
#1068 = CARTESIAN_POINT('',(5.396805644107,12.265173820201,4.1416));
#1069 = VECTOR('',#1070,1.);
#1070 = DIRECTION('',(0.,0.,1.));
#1071 = ORIENTED_EDGE('',*,*,#1072,.T.);
#1072 = EDGE_CURVE('',#1065,#1034,#1073,.T.);
#1073 = LINE('',#1074,#1075);
#1074 = CARTESIAN_POINT('',(5.396805644107,12.265173820201,4.2916));
#1075 = VECTOR('',#1076,1.);
#1076 = DIRECTION('',(-0.919650220405,0.392738427085,0.));
#1077 = ORIENTED_EDGE('',*,*,#1031,.F.);
#1078 = ORIENTED_EDGE('',*,*,#1079,.F.);
#1079 = EDGE_CURVE('',#1063,#1032,#1080,.T.);
#1080 = LINE('',#1081,#1082);
#1081 = CARTESIAN_POINT('',(5.396805644107,12.265173820201,4.1416));
#1082 = VECTOR('',#1083,1.);
#1083 = DIRECTION('',(-0.919650220405,0.392738427085,0.));
#1084 = PLANE('',#1085);
#1085 = AXIS2_PLACEMENT_3D('',#1086,#1087,#1088);
#1086 = CARTESIAN_POINT('',(5.396805644107,12.265173820201,4.1416));
#1087 = DIRECTION('',(-0.392738427085,-0.919650220405,0.));
#1088 = DIRECTION('',(-0.919650220405,0.392738427085,0.));
#1089 = ADVANCED_FACE('',(#1090),#1106,.F.);
#1090 = FACE_BOUND('',#1091,.F.);
#1091 = EDGE_LOOP('',(#1092,#1093,#1099,#1100));
#1092 = ORIENTED_EDGE('',*,*,#690,.T.);
#1093 = ORIENTED_EDGE('',*,*,#1094,.T.);
#1094 = EDGE_CURVE('',#683,#1065,#1095,.T.);
#1095 = LINE('',#1096,#1097);
#1096 = CARTESIAN_POINT('',(5.663084707325,12.144524346291,4.2916));
#1097 = VECTOR('',#1098,1.);
#1098 = DIRECTION('',(-0.910863824921,0.412707029804,0.));
#1099 = ORIENTED_EDGE('',*,*,#1062,.F.);
#1100 = ORIENTED_EDGE('',*,*,#1101,.F.);
#1101 = EDGE_CURVE('',#691,#1063,#1102,.T.);
#1102 = LINE('',#1103,#1104);
#1103 = CARTESIAN_POINT('',(5.663084707325,12.144524346291,4.1416));
#1104 = VECTOR('',#1105,1.);
#1105 = DIRECTION('',(-0.910863824921,0.412707029804,0.));
#1106 = PLANE('',#1107);
#1107 = AXIS2_PLACEMENT_3D('',#1108,#1109,#1110);
#1108 = CARTESIAN_POINT('',(5.663084707325,12.144524346291,4.1416));
#1109 = DIRECTION('',(-0.412707029804,-0.910863824921,0.));
#1110 = DIRECTION('',(-0.910863824921,0.412707029804,0.));
#1111 = ADVANCED_FACE('',(#1112),#1137,.F.);
#1112 = FACE_BOUND('',#1113,.F.);
#1113 = EDGE_LOOP('',(#1114,#1122,#1130,#1136));
#1114 = ORIENTED_EDGE('',*,*,#1115,.F.);
#1115 = EDGE_CURVE('',#1116,#651,#1118,.T.);
#1116 = VERTEX_POINT('',#1117);
#1117 = CARTESIAN_POINT('',(1.398681516493,8.941263334419,4.1416));
#1118 = LINE('',#1119,#1120);
#1119 = CARTESIAN_POINT('',(1.398681516493,8.941263334419,4.1416));
#1120 = VECTOR('',#1121,1.);
#1121 = DIRECTION('',(0.154550443811,0.987984898831,0.));
#1122 = ORIENTED_EDGE('',*,*,#1123,.T.);
#1123 = EDGE_CURVE('',#1116,#1124,#1126,.T.);
#1124 = VERTEX_POINT('',#1125);
#1125 = CARTESIAN_POINT('',(1.398681516493,8.941263334419,4.2916));
#1126 = LINE('',#1127,#1128);
#1127 = CARTESIAN_POINT('',(1.398681516493,8.941263334419,4.1416));
#1128 = VECTOR('',#1129,1.);
#1129 = DIRECTION('',(0.,0.,1.));
#1130 = ORIENTED_EDGE('',*,*,#1131,.T.);
#1131 = EDGE_CURVE('',#1124,#659,#1132,.T.);
#1132 = LINE('',#1133,#1134);
#1133 = CARTESIAN_POINT('',(1.398681516493,8.941263334419,4.2916));
#1134 = VECTOR('',#1135,1.);
#1135 = DIRECTION('',(0.154550443811,0.987984898831,0.));
#1136 = ORIENTED_EDGE('',*,*,#658,.F.);
#1137 = PLANE('',#1138);
#1138 = AXIS2_PLACEMENT_3D('',#1139,#1140,#1141);
#1139 = CARTESIAN_POINT('',(1.398681516493,8.941263334419,4.1416));
#1140 = DIRECTION('',(-0.987984898831,0.154550443811,0.));
#1141 = DIRECTION('',(0.154550443811,0.987984898831,0.));
#1142 = ADVANCED_FACE('',(#1143),#1168,.F.);
#1143 = FACE_BOUND('',#1144,.F.);
#1144 = EDGE_LOOP('',(#1145,#1153,#1154,#1162));
#1145 = ORIENTED_EDGE('',*,*,#1146,.F.);
#1146 = EDGE_CURVE('',#715,#1147,#1149,.T.);
#1147 = VERTEX_POINT('',#1148);
#1148 = CARTESIAN_POINT('',(2.070975947072,13.238997644333,4.1416));
#1149 = LINE('',#1150,#1151);
#1150 = CARTESIAN_POINT('',(1.398681516493,8.941263334419,4.1416));
#1151 = VECTOR('',#1152,1.);
#1152 = DIRECTION('',(0.154550443811,0.987984898831,0.));
#1153 = ORIENTED_EDGE('',*,*,#738,.F.);
#1154 = ORIENTED_EDGE('',*,*,#1155,.T.);
#1155 = EDGE_CURVE('',#731,#1156,#1158,.T.);
#1156 = VERTEX_POINT('',#1157);
#1157 = CARTESIAN_POINT('',(2.070975947072,13.238997644333,4.2916));
#1158 = LINE('',#1159,#1160);
#1159 = CARTESIAN_POINT('',(1.398681516493,8.941263334419,4.2916));
#1160 = VECTOR('',#1161,1.);
#1161 = DIRECTION('',(0.154550443811,0.987984898831,0.));
#1162 = ORIENTED_EDGE('',*,*,#1163,.F.);
#1163 = EDGE_CURVE('',#1147,#1156,#1164,.T.);
#1164 = LINE('',#1165,#1166);
#1165 = CARTESIAN_POINT('',(2.070975947072,13.238997644333,4.1416));
#1166 = VECTOR('',#1167,1.);
#1167 = DIRECTION('',(0.,0.,1.));
#1168 = PLANE('',#1169);
#1169 = AXIS2_PLACEMENT_3D('',#1170,#1171,#1172);
#1170 = CARTESIAN_POINT('',(1.398681516493,8.941263334419,4.1416));
#1171 = DIRECTION('',(-0.987984898831,0.154550443811,0.));
#1172 = DIRECTION('',(0.154550443811,0.987984898831,0.));
#1173 = ADVANCED_FACE('',(#1174),#1199,.F.);
#1174 = FACE_BOUND('',#1175,.F.);
#1175 = EDGE_LOOP('',(#1176,#1186,#1192,#1193));
#1176 = ORIENTED_EDGE('',*,*,#1177,.T.);
#1177 = EDGE_CURVE('',#1178,#1180,#1182,.T.);
#1178 = VERTEX_POINT('',#1179);
#1179 = CARTESIAN_POINT('',(1.282948017837,8.958601698007,4.1416));
#1180 = VERTEX_POINT('',#1181);
#1181 = CARTESIAN_POINT('',(1.282948017837,8.958601698007,4.2916));
#1182 = LINE('',#1183,#1184);
#1183 = CARTESIAN_POINT('',(1.282948017837,8.958601698007,4.1416));
#1184 = VECTOR('',#1185,1.);
#1185 = DIRECTION('',(0.,0.,1.));
#1186 = ORIENTED_EDGE('',*,*,#1187,.T.);
#1187 = EDGE_CURVE('',#1180,#1124,#1188,.T.);
#1188 = LINE('',#1189,#1190);
#1189 = CARTESIAN_POINT('',(1.282948017837,8.958601698007,4.2916));
#1190 = VECTOR('',#1191,1.);
#1191 = DIRECTION('',(0.988963490176,-0.148159424601,0.));
#1192 = ORIENTED_EDGE('',*,*,#1123,.F.);
#1193 = ORIENTED_EDGE('',*,*,#1194,.F.);
#1194 = EDGE_CURVE('',#1178,#1116,#1195,.T.);
#1195 = LINE('',#1196,#1197);
#1196 = CARTESIAN_POINT('',(1.282948017837,8.958601698007,4.1416));
#1197 = VECTOR('',#1198,1.);
#1198 = DIRECTION('',(0.988963490176,-0.148159424601,0.));
#1199 = PLANE('',#1200);
#1200 = AXIS2_PLACEMENT_3D('',#1201,#1202,#1203);
#1201 = CARTESIAN_POINT('',(1.282948017837,8.958601698007,4.1416));
#1202 = DIRECTION('',(0.148159424601,0.988963490176,-0.));
#1203 = DIRECTION('',(0.988963490176,-0.148159424601,0.));
#1204 = ADVANCED_FACE('',(#1205),#1230,.F.);
#1205 = FACE_BOUND('',#1206,.F.);
#1206 = EDGE_LOOP('',(#1207,#1217,#1223,#1224));
#1207 = ORIENTED_EDGE('',*,*,#1208,.T.);
#1208 = EDGE_CURVE('',#1209,#1211,#1213,.T.);
#1209 = VERTEX_POINT('',#1210);
#1210 = CARTESIAN_POINT('',(1.166999998312,8.974442099871,4.1416));
#1211 = VERTEX_POINT('',#1212);
#1212 = CARTESIAN_POINT('',(1.166999998312,8.974442099871,4.2916));
#1213 = LINE('',#1214,#1215);
#1214 = CARTESIAN_POINT('',(1.166999998312,8.974442099871,4.1416));
#1215 = VECTOR('',#1216,1.);
#1216 = DIRECTION('',(0.,0.,1.));
#1217 = ORIENTED_EDGE('',*,*,#1218,.T.);
#1218 = EDGE_CURVE('',#1211,#1180,#1219,.T.);
#1219 = LINE('',#1220,#1221);
#1220 = CARTESIAN_POINT('',(1.166999998312,8.974442099871,4.2916));
#1221 = VECTOR('',#1222,1.);
#1222 = DIRECTION('',(0.990796609455,-0.135359073178,0.));
#1223 = ORIENTED_EDGE('',*,*,#1177,.F.);
#1224 = ORIENTED_EDGE('',*,*,#1225,.F.);
#1225 = EDGE_CURVE('',#1209,#1178,#1226,.T.);
#1226 = LINE('',#1227,#1228);
#1227 = CARTESIAN_POINT('',(1.166999998312,8.974442099871,4.1416));
#1228 = VECTOR('',#1229,1.);
#1229 = DIRECTION('',(0.990796609455,-0.135359073178,0.));
#1230 = PLANE('',#1231);
#1231 = AXIS2_PLACEMENT_3D('',#1232,#1233,#1234);
#1232 = CARTESIAN_POINT('',(1.166999998312,8.974442099871,4.1416));
#1233 = DIRECTION('',(0.135359073178,0.990796609455,-0.));
#1234 = DIRECTION('',(0.990796609455,-0.135359073178,0.));
#1235 = ADVANCED_FACE('',(#1236),#1261,.F.);
#1236 = FACE_BOUND('',#1237,.F.);
#1237 = EDGE_LOOP('',(#1238,#1248,#1254,#1255));
#1238 = ORIENTED_EDGE('',*,*,#1239,.T.);
#1239 = EDGE_CURVE('',#1240,#1242,#1244,.T.);
#1240 = VERTEX_POINT('',#1241);
#1241 = CARTESIAN_POINT('',(1.050856845507,8.988781891349,4.1416));
#1242 = VERTEX_POINT('',#1243);
#1243 = CARTESIAN_POINT('',(1.050856845507,8.988781891349,4.2916));
#1244 = LINE('',#1245,#1246);
#1245 = CARTESIAN_POINT('',(1.050856845507,8.988781891349,4.1416));
#1246 = VECTOR('',#1247,1.);
#1247 = DIRECTION('',(0.,0.,1.));
#1248 = ORIENTED_EDGE('',*,*,#1249,.T.);
#1249 = EDGE_CURVE('',#1242,#1211,#1250,.T.);
#1250 = LINE('',#1251,#1252);
#1251 = CARTESIAN_POINT('',(1.050856845507,8.988781891349,4.2916));
#1252 = VECTOR('',#1253,1.);
#1253 = DIRECTION('',(0.992464058304,-0.122536088457,0.));
#1254 = ORIENTED_EDGE('',*,*,#1208,.F.);
#1255 = ORIENTED_EDGE('',*,*,#1256,.F.);
#1256 = EDGE_CURVE('',#1240,#1209,#1257,.T.);
#1257 = LINE('',#1258,#1259);
#1258 = CARTESIAN_POINT('',(1.050856845507,8.988781891349,4.1416));
#1259 = VECTOR('',#1260,1.);
#1260 = DIRECTION('',(0.992464058304,-0.122536088457,0.));
#1261 = PLANE('',#1262);
#1262 = AXIS2_PLACEMENT_3D('',#1263,#1264,#1265);
#1263 = CARTESIAN_POINT('',(1.050856845507,8.988781891349,4.1416));
#1264 = DIRECTION('',(0.122536088457,0.992464058304,-0.));
#1265 = DIRECTION('',(0.992464058304,-0.122536088457,0.));
#1266 = ADVANCED_FACE('',(#1267),#1292,.F.);
#1267 = FACE_BOUND('',#1268,.F.);
#1268 = EDGE_LOOP('',(#1269,#1279,#1285,#1286));
#1269 = ORIENTED_EDGE('',*,*,#1270,.T.);
#1270 = EDGE_CURVE('',#1271,#1273,#1275,.T.);
#1271 = VERTEX_POINT('',#1272);
#1272 = CARTESIAN_POINT('',(0.934537979641,9.001618674694,4.1416));
#1273 = VERTEX_POINT('',#1274);
#1274 = CARTESIAN_POINT('',(0.934537979641,9.001618674694,4.2916));
#1275 = LINE('',#1276,#1277);
#1276 = CARTESIAN_POINT('',(0.934537979641,9.001618674694,4.1416));
#1277 = VECTOR('',#1278,1.);
#1278 = DIRECTION('',(0.,0.,1.));
#1279 = ORIENTED_EDGE('',*,*,#1280,.T.);
#1280 = EDGE_CURVE('',#1273,#1242,#1281,.T.);
#1281 = LINE('',#1282,#1283);
#1282 = CARTESIAN_POINT('',(0.934537979641,9.001618674694,4.2916));
#1283 = VECTOR('',#1284,1.);
#1284 = DIRECTION('',(0.99396555791,-0.109692614559,0.));
#1285 = ORIENTED_EDGE('',*,*,#1239,.F.);
#1286 = ORIENTED_EDGE('',*,*,#1287,.F.);
#1287 = EDGE_CURVE('',#1271,#1240,#1288,.T.);
#1288 = LINE('',#1289,#1290);
#1289 = CARTESIAN_POINT('',(0.934537979641,9.001618674694,4.1416));
#1290 = VECTOR('',#1291,1.);
#1291 = DIRECTION('',(0.99396555791,-0.109692614559,0.));
#1292 = PLANE('',#1293);
#1293 = AXIS2_PLACEMENT_3D('',#1294,#1295,#1296);
#1294 = CARTESIAN_POINT('',(0.934537979641,9.001618674694,4.1416));
#1295 = DIRECTION('',(0.109692614559,0.99396555791,-0.));
#1296 = DIRECTION('',(0.99396555791,-0.109692614559,0.));
#1297 = ADVANCED_FACE('',(#1298),#1323,.F.);
#1298 = FACE_BOUND('',#1299,.F.);
#1299 = EDGE_LOOP('',(#1300,#1310,#1316,#1317));
#1300 = ORIENTED_EDGE('',*,*,#1301,.T.);
#1301 = EDGE_CURVE('',#1302,#1304,#1306,.T.);
#1302 = VERTEX_POINT('',#1303);
#1303 = CARTESIAN_POINT('',(0.818062850312,9.012950303477,4.1416));
#1304 = VERTEX_POINT('',#1305);
#1305 = CARTESIAN_POINT('',(0.818062850312,9.012950303477,4.2916));
#1306 = LINE('',#1307,#1308);
#1307 = CARTESIAN_POINT('',(0.818062850312,9.012950303477,4.1416));
#1308 = VECTOR('',#1309,1.);
#1309 = DIRECTION('',(0.,0.,1.));
#1310 = ORIENTED_EDGE('',*,*,#1311,.T.);
#1311 = EDGE_CURVE('',#1304,#1273,#1312,.T.);
#1312 = LINE('',#1313,#1314);
#1313 = CARTESIAN_POINT('',(0.818062850312,9.012950303477,4.2916));
#1314 = VECTOR('',#1315,1.);
#1315 = DIRECTION('',(0.995300857208,-9.683079903326E-02,0.));
#1316 = ORIENTED_EDGE('',*,*,#1270,.F.);
#1317 = ORIENTED_EDGE('',*,*,#1318,.F.);
#1318 = EDGE_CURVE('',#1302,#1271,#1319,.T.);
#1319 = LINE('',#1320,#1321);
#1320 = CARTESIAN_POINT('',(0.818062850312,9.012950303477,4.1416));
#1321 = VECTOR('',#1322,1.);
#1322 = DIRECTION('',(0.995300857208,-9.683079903326E-02,0.));
#1323 = PLANE('',#1324);
#1324 = AXIS2_PLACEMENT_3D('',#1325,#1326,#1327);
#1325 = CARTESIAN_POINT('',(0.818062850312,9.012950303477,4.1416));
#1326 = DIRECTION('',(9.683079903326E-02,0.995300857208,-0.));
#1327 = DIRECTION('',(0.995300857208,-9.683079903326E-02,0.));
#1328 = ADVANCED_FACE('',(#1329),#1354,.F.);
#1329 = FACE_BOUND('',#1330,.F.);
#1330 = EDGE_LOOP('',(#1331,#1341,#1347,#1348));
#1331 = ORIENTED_EDGE('',*,*,#1332,.T.);
#1332 = EDGE_CURVE('',#1333,#1335,#1337,.T.);
#1333 = VERTEX_POINT('',#1334);
#1334 = CARTESIAN_POINT('',(0.701450933248,9.022774882942,4.1416));
#1335 = VERTEX_POINT('',#1336);
#1336 = CARTESIAN_POINT('',(0.701450933248,9.022774882942,4.2916));
#1337 = LINE('',#1338,#1339);
#1338 = CARTESIAN_POINT('',(0.701450933248,9.022774882942,4.1416));
#1339 = VECTOR('',#1340,1.);
#1340 = DIRECTION('',(0.,0.,1.));
#1341 = ORIENTED_EDGE('',*,*,#1342,.T.);
#1342 = EDGE_CURVE('',#1335,#1304,#1343,.T.);
#1343 = LINE('',#1344,#1345);
#1344 = CARTESIAN_POINT('',(0.701450933248,9.022774882942,4.2916));
#1345 = VECTOR('',#1346,1.);
#1346 = DIRECTION('',(0.996469732923,-8.395279249533E-02,0.));
#1347 = ORIENTED_EDGE('',*,*,#1301,.F.);
#1348 = ORIENTED_EDGE('',*,*,#1349,.F.);
#1349 = EDGE_CURVE('',#1333,#1302,#1350,.T.);
#1350 = LINE('',#1351,#1352);
#1351 = CARTESIAN_POINT('',(0.701450933248,9.022774882942,4.1416));
#1352 = VECTOR('',#1353,1.);
#1353 = DIRECTION('',(0.996469732923,-8.395279249533E-02,0.));
#1354 = PLANE('',#1355);
#1355 = AXIS2_PLACEMENT_3D('',#1356,#1357,#1358);
#1356 = CARTESIAN_POINT('',(0.701450933248,9.022774882942,4.1416));
#1357 = DIRECTION('',(8.395279249533E-02,0.996469732923,-0.));
#1358 = DIRECTION('',(0.996469732923,-8.395279249533E-02,0.));
#1359 = ADVANCED_FACE('',(#1360),#1385,.F.);
#1360 = FACE_BOUND('',#1361,.F.);
#1361 = EDGE_LOOP('',(#1362,#1372,#1378,#1379));
#1362 = ORIENTED_EDGE('',*,*,#1363,.T.);
#1363 = EDGE_CURVE('',#1364,#1366,#1368,.T.);
#1364 = VERTEX_POINT('',#1365);
#1365 = CARTESIAN_POINT('',(0.584721727049,9.031090770329,4.1416));
#1366 = VERTEX_POINT('',#1367);
#1367 = CARTESIAN_POINT('',(0.584721727049,9.031090770329,4.2916));
#1368 = LINE('',#1369,#1370);
#1369 = CARTESIAN_POINT('',(0.584721727049,9.031090770329,4.1416));
#1370 = VECTOR('',#1371,1.);
#1371 = DIRECTION('',(0.,0.,1.));
#1372 = ORIENTED_EDGE('',*,*,#1373,.T.);
#1373 = EDGE_CURVE('',#1366,#1335,#1374,.T.);
#1374 = LINE('',#1375,#1376);
#1375 = CARTESIAN_POINT('',(0.584721727049,9.031090770329,4.2916));
#1376 = VECTOR('',#1377,1.);
#1377 = DIRECTION('',(0.99747198961,-7.106074826783E-02,0.));
#1378 = ORIENTED_EDGE('',*,*,#1332,.F.);
#1379 = ORIENTED_EDGE('',*,*,#1380,.F.);
#1380 = EDGE_CURVE('',#1364,#1333,#1381,.T.);
#1381 = LINE('',#1382,#1383);
#1382 = CARTESIAN_POINT('',(0.584721727049,9.031090770329,4.1416));
#1383 = VECTOR('',#1384,1.);
#1384 = DIRECTION('',(0.99747198961,-7.106074826783E-02,0.));
#1385 = PLANE('',#1386);
#1386 = AXIS2_PLACEMENT_3D('',#1387,#1388,#1389);
#1387 = CARTESIAN_POINT('',(0.584721727049,9.031090770329,4.1416));
#1388 = DIRECTION('',(7.106074826783E-02,0.99747198961,-0.));
#1389 = DIRECTION('',(0.99747198961,-7.106074826783E-02,0.));
#1390 = ADVANCED_FACE('',(#1391),#1416,.F.);
#1391 = FACE_BOUND('',#1392,.F.);
#1392 = EDGE_LOOP('',(#1393,#1403,#1409,#1410));
#1393 = ORIENTED_EDGE('',*,*,#1394,.T.);
#1394 = EDGE_CURVE('',#1395,#1397,#1399,.T.);
#1395 = VERTEX_POINT('',#1396);
#1396 = CARTESIAN_POINT('',(0.467894749925,9.037896575144,4.1416));
#1397 = VERTEX_POINT('',#1398);
#1398 = CARTESIAN_POINT('',(0.467894749925,9.037896575144,4.2916));
#1399 = LINE('',#1400,#1401);
#1400 = CARTESIAN_POINT('',(0.467894749925,9.037896575144,4.1416));
#1401 = VECTOR('',#1402,1.);
#1402 = DIRECTION('',(0.,0.,1.));
#1403 = ORIENTED_EDGE('',*,*,#1404,.T.);
#1404 = EDGE_CURVE('',#1397,#1366,#1405,.T.);
#1405 = LINE('',#1406,#1407);
#1406 = CARTESIAN_POINT('',(0.467894749925,9.037896575144,4.2916));
#1407 = VECTOR('',#1408,1.);
#1408 = DIRECTION('',(0.99830745968,-5.81568220207E-02,0.));
#1409 = ORIENTED_EDGE('',*,*,#1363,.F.);
#1410 = ORIENTED_EDGE('',*,*,#1411,.F.);
#1411 = EDGE_CURVE('',#1395,#1364,#1412,.T.);
#1412 = LINE('',#1413,#1414);
#1413 = CARTESIAN_POINT('',(0.467894749925,9.037896575144,4.1416));
#1414 = VECTOR('',#1415,1.);
#1415 = DIRECTION('',(0.99830745968,-5.81568220207E-02,0.));
#1416 = PLANE('',#1417);
#1417 = AXIS2_PLACEMENT_3D('',#1418,#1419,#1420);
#1418 = CARTESIAN_POINT('',(0.467894749925,9.037896575144,4.1416));
#1419 = DIRECTION('',(5.81568220207E-02,0.99830745968,-0.));
#1420 = DIRECTION('',(0.99830745968,-5.81568220207E-02,0.));
#1421 = ADVANCED_FACE('',(#1422),#1447,.F.);
#1422 = FACE_BOUND('',#1423,.F.);
#1423 = EDGE_LOOP('',(#1424,#1434,#1440,#1441));
#1424 = ORIENTED_EDGE('',*,*,#1425,.T.);
#1425 = EDGE_CURVE('',#1426,#1428,#1430,.T.);
#1426 = VERTEX_POINT('',#1427);
#1427 = CARTESIAN_POINT('',(0.350989536437,9.043191159392,4.1416));
#1428 = VERTEX_POINT('',#1429);
#1429 = CARTESIAN_POINT('',(0.350989536437,9.043191159392,4.2916));
#1430 = LINE('',#1431,#1432);
#1431 = CARTESIAN_POINT('',(0.350989536437,9.043191159392,4.1416));
#1432 = VECTOR('',#1433,1.);
#1433 = DIRECTION('',(0.,0.,1.));
#1434 = ORIENTED_EDGE('',*,*,#1435,.T.);
#1435 = EDGE_CURVE('',#1428,#1397,#1436,.T.);
#1436 = LINE('',#1437,#1438);
#1437 = CARTESIAN_POINT('',(0.350989536437,9.043191159392,4.2916));
#1438 = VECTOR('',#1439,1.);
#1439 = DIRECTION('',(0.998976003436,-4.524317141078E-02,0.));
#1440 = ORIENTED_EDGE('',*,*,#1394,.F.);
#1441 = ORIENTED_EDGE('',*,*,#1442,.F.);
#1442 = EDGE_CURVE('',#1426,#1395,#1443,.T.);
#1443 = LINE('',#1444,#1445);
#1444 = CARTESIAN_POINT('',(0.350989536437,9.043191159392,4.1416));
#1445 = VECTOR('',#1446,1.);
#1446 = DIRECTION('',(0.998976003436,-4.524317141078E-02,0.));
#1447 = PLANE('',#1448);
#1448 = AXIS2_PLACEMENT_3D('',#1449,#1450,#1451);
#1449 = CARTESIAN_POINT('',(0.350989536437,9.043191159392,4.1416));
#1450 = DIRECTION('',(4.524317141078E-02,0.998976003436,-0.));
#1451 = DIRECTION('',(0.998976003436,-4.524317141078E-02,0.));
#1452 = ADVANCED_FACE('',(#1453),#1478,.F.);
#1453 = FACE_BOUND('',#1454,.F.);
#1454 = EDGE_LOOP('',(#1455,#1465,#1471,#1472));
#1455 = ORIENTED_EDGE('',*,*,#1456,.T.);
#1456 = EDGE_CURVE('',#1457,#1459,#1461,.T.);
#1457 = VERTEX_POINT('',#1458);
#1458 = CARTESIAN_POINT('',(0.234025634227,9.046973637771,4.1416));
#1459 = VERTEX_POINT('',#1460);
#1460 = CARTESIAN_POINT('',(0.234025634227,9.046973637771,4.2916));
#1461 = LINE('',#1462,#1463);
#1462 = CARTESIAN_POINT('',(0.234025634227,9.046973637771,4.1416));
#1463 = VECTOR('',#1464,1.);
#1464 = DIRECTION('',(0.,0.,1.));
#1465 = ORIENTED_EDGE('',*,*,#1466,.T.);
#1466 = EDGE_CURVE('',#1459,#1428,#1467,.T.);
#1467 = LINE('',#1468,#1469);
#1468 = CARTESIAN_POINT('',(0.234025634227,9.046973637771,4.2916));
#1469 = VECTOR('',#1470,1.);
#1470 = DIRECTION('',(0.999477509091,-3.232195572077E-02,0.));
#1471 = ORIENTED_EDGE('',*,*,#1425,.F.);
#1472 = ORIENTED_EDGE('',*,*,#1473,.F.);
#1473 = EDGE_CURVE('',#1457,#1426,#1474,.T.);
#1474 = LINE('',#1475,#1476);
#1475 = CARTESIAN_POINT('',(0.234025634227,9.046973637771,4.1416));
#1476 = VECTOR('',#1477,1.);
#1477 = DIRECTION('',(0.999477509091,-3.232195572077E-02,0.));
#1478 = PLANE('',#1479);
#1479 = AXIS2_PLACEMENT_3D('',#1480,#1481,#1482);
#1480 = CARTESIAN_POINT('',(0.234025634227,9.046973637771,4.1416));
#1481 = DIRECTION('',(3.232195572077E-02,0.999477509091,-0.));
#1482 = DIRECTION('',(0.999477509091,-3.232195572077E-02,0.));
#1483 = ADVANCED_FACE('',(#1484),#1509,.F.);
#1484 = FACE_BOUND('',#1485,.F.);
#1485 = EDGE_LOOP('',(#1486,#1496,#1502,#1503));
#1486 = ORIENTED_EDGE('',*,*,#1487,.T.);
#1487 = EDGE_CURVE('',#1488,#1490,#1492,.T.);
#1488 = VERTEX_POINT('',#1489);
#1489 = CARTESIAN_POINT('',(0.117022600748,9.049243377814,4.1416));
#1490 = VERTEX_POINT('',#1491);
#1491 = CARTESIAN_POINT('',(0.117022600748,9.049243377814,4.2916));
#1492 = LINE('',#1493,#1494);
#1493 = CARTESIAN_POINT('',(0.117022600748,9.049243377814,4.1416));
#1494 = VECTOR('',#1495,1.);
#1495 = DIRECTION('',(0.,0.,1.));
#1496 = ORIENTED_EDGE('',*,*,#1497,.T.);
#1497 = EDGE_CURVE('',#1490,#1459,#1498,.T.);
#1498 = LINE('',#1499,#1500);
#1499 = CARTESIAN_POINT('',(0.117022600748,9.049243377814,4.2916));
#1500 = VECTOR('',#1501,1.);
#1501 = DIRECTION('',(0.999811892788,-1.939533549847E-02,0.));
#1502 = ORIENTED_EDGE('',*,*,#1456,.F.);
#1503 = ORIENTED_EDGE('',*,*,#1504,.F.);
#1504 = EDGE_CURVE('',#1488,#1457,#1505,.T.);
#1505 = LINE('',#1506,#1507);
#1506 = CARTESIAN_POINT('',(0.117022600748,9.049243377814,4.1416));
#1507 = VECTOR('',#1508,1.);
#1508 = DIRECTION('',(0.999811892788,-1.939533549847E-02,0.));
#1509 = PLANE('',#1510);
#1510 = AXIS2_PLACEMENT_3D('',#1511,#1512,#1513);
#1511 = CARTESIAN_POINT('',(0.117022600748,9.049243377814,4.1416));
#1512 = DIRECTION('',(1.939533549847E-02,0.999811892788,-0.));
#1513 = DIRECTION('',(0.999811892788,-1.939533549847E-02,0.));
#1514 = ADVANCED_FACE('',(#1515),#1540,.F.);
#1515 = FACE_BOUND('',#1516,.F.);
#1516 = EDGE_LOOP('',(#1517,#1527,#1533,#1534));
#1517 = ORIENTED_EDGE('',*,*,#1518,.T.);
#1518 = EDGE_CURVE('',#1519,#1521,#1523,.T.);
#1519 = VERTEX_POINT('',#1520);
#1520 = CARTESIAN_POINT('',(5.541526766142E-16,9.05,4.1416));
#1521 = VERTEX_POINT('',#1522);
#1522 = CARTESIAN_POINT('',(5.541526766142E-16,9.05,4.2916));
#1523 = LINE('',#1524,#1525);
#1524 = CARTESIAN_POINT('',(5.541526766142E-16,9.05,4.1416));
#1525 = VECTOR('',#1526,1.);
#1526 = DIRECTION('',(0.,0.,1.));
#1527 = ORIENTED_EDGE('',*,*,#1528,.T.);
#1528 = EDGE_CURVE('',#1521,#1490,#1529,.T.);
#1529 = LINE('',#1530,#1531);
#1530 = CARTESIAN_POINT('',(5.541526766142E-16,9.05,4.2916));
#1531 = VECTOR('',#1532,1.);
#1532 = DIRECTION('',(0.999979098616,-6.465472195233E-03,0.));
#1533 = ORIENTED_EDGE('',*,*,#1487,.F.);
#1534 = ORIENTED_EDGE('',*,*,#1535,.F.);
#1535 = EDGE_CURVE('',#1519,#1488,#1536,.T.);
#1536 = LINE('',#1537,#1538);
#1537 = CARTESIAN_POINT('',(5.541526766142E-16,9.05,4.1416));
#1538 = VECTOR('',#1539,1.);
#1539 = DIRECTION('',(0.999979098616,-6.465472195233E-03,0.));
#1540 = PLANE('',#1541);
#1541 = AXIS2_PLACEMENT_3D('',#1542,#1543,#1544);
#1542 = CARTESIAN_POINT('',(5.541526766142E-16,9.05,4.1416));
#1543 = DIRECTION('',(6.465472195233E-03,0.999979098616,-0.));
#1544 = DIRECTION('',(0.999979098616,-6.465472195233E-03,0.));
#1545 = ADVANCED_FACE('',(#1546),#1571,.F.);
#1546 = FACE_BOUND('',#1547,.F.);
#1547 = EDGE_LOOP('',(#1548,#1558,#1564,#1565));
#1548 = ORIENTED_EDGE('',*,*,#1549,.T.);
#1549 = EDGE_CURVE('',#1550,#1552,#1554,.T.);
#1550 = VERTEX_POINT('',#1551);
#1551 = CARTESIAN_POINT('',(-0.117022600748,9.049243377814,4.1416));
#1552 = VERTEX_POINT('',#1553);
#1553 = CARTESIAN_POINT('',(-0.117022600748,9.049243377814,4.2916));
#1554 = LINE('',#1555,#1556);
#1555 = CARTESIAN_POINT('',(-0.117022600748,9.049243377814,4.1416));
#1556 = VECTOR('',#1557,1.);
#1557 = DIRECTION('',(0.,0.,1.));
#1558 = ORIENTED_EDGE('',*,*,#1559,.T.);
#1559 = EDGE_CURVE('',#1552,#1521,#1560,.T.);
#1560 = LINE('',#1561,#1562);
#1561 = CARTESIAN_POINT('',(-0.117022600748,9.049243377814,4.2916));
#1562 = VECTOR('',#1563,1.);
#1563 = DIRECTION('',(0.999979098616,6.465472195233E-03,0.));
#1564 = ORIENTED_EDGE('',*,*,#1518,.F.);
#1565 = ORIENTED_EDGE('',*,*,#1566,.F.);
#1566 = EDGE_CURVE('',#1550,#1519,#1567,.T.);
#1567 = LINE('',#1568,#1569);
#1568 = CARTESIAN_POINT('',(-0.117022600748,9.049243377814,4.1416));
#1569 = VECTOR('',#1570,1.);
#1570 = DIRECTION('',(0.999979098616,6.465472195233E-03,0.));
#1571 = PLANE('',#1572);
#1572 = AXIS2_PLACEMENT_3D('',#1573,#1574,#1575);
#1573 = CARTESIAN_POINT('',(-0.117022600748,9.049243377814,4.1416));
#1574 = DIRECTION('',(-6.465472195233E-03,0.999979098616,0.));
#1575 = DIRECTION('',(0.999979098616,6.465472195233E-03,0.));
#1576 = ADVANCED_FACE('',(#1577),#1602,.F.);
#1577 = FACE_BOUND('',#1578,.F.);
#1578 = EDGE_LOOP('',(#1579,#1589,#1595,#1596));
#1579 = ORIENTED_EDGE('',*,*,#1580,.T.);
#1580 = EDGE_CURVE('',#1581,#1583,#1585,.T.);
#1581 = VERTEX_POINT('',#1582);
#1582 = CARTESIAN_POINT('',(-0.234025634227,9.046973637771,4.1416));
#1583 = VERTEX_POINT('',#1584);
#1584 = CARTESIAN_POINT('',(-0.234025634227,9.046973637771,4.2916));
#1585 = LINE('',#1586,#1587);
#1586 = CARTESIAN_POINT('',(-0.234025634227,9.046973637771,4.1416));
#1587 = VECTOR('',#1588,1.);
#1588 = DIRECTION('',(0.,0.,1.));
#1589 = ORIENTED_EDGE('',*,*,#1590,.T.);
#1590 = EDGE_CURVE('',#1583,#1552,#1591,.T.);
#1591 = LINE('',#1592,#1593);
#1592 = CARTESIAN_POINT('',(-0.234025634227,9.046973637771,4.2916));
#1593 = VECTOR('',#1594,1.);
#1594 = DIRECTION('',(0.999811892788,1.939533549847E-02,0.));
#1595 = ORIENTED_EDGE('',*,*,#1549,.F.);
#1596 = ORIENTED_EDGE('',*,*,#1597,.F.);
#1597 = EDGE_CURVE('',#1581,#1550,#1598,.T.);
#1598 = LINE('',#1599,#1600);
#1599 = CARTESIAN_POINT('',(-0.234025634227,9.046973637771,4.1416));
#1600 = VECTOR('',#1601,1.);
#1601 = DIRECTION('',(0.999811892788,1.939533549847E-02,0.));
#1602 = PLANE('',#1603);
#1603 = AXIS2_PLACEMENT_3D('',#1604,#1605,#1606);
#1604 = CARTESIAN_POINT('',(-0.234025634227,9.046973637771,4.1416));
#1605 = DIRECTION('',(-1.939533549847E-02,0.999811892788,0.));
#1606 = DIRECTION('',(0.999811892788,1.939533549847E-02,0.));
#1607 = ADVANCED_FACE('',(#1608),#1633,.F.);
#1608 = FACE_BOUND('',#1609,.F.);
#1609 = EDGE_LOOP('',(#1610,#1620,#1626,#1627));
#1610 = ORIENTED_EDGE('',*,*,#1611,.T.);
#1611 = EDGE_CURVE('',#1612,#1614,#1616,.T.);
#1612 = VERTEX_POINT('',#1613);
#1613 = CARTESIAN_POINT('',(-0.350989536437,9.043191159392,4.1416));
#1614 = VERTEX_POINT('',#1615);
#1615 = CARTESIAN_POINT('',(-0.350989536437,9.043191159392,4.2916));
#1616 = LINE('',#1617,#1618);
#1617 = CARTESIAN_POINT('',(-0.350989536437,9.043191159392,4.1416));
#1618 = VECTOR('',#1619,1.);
#1619 = DIRECTION('',(0.,0.,1.));
#1620 = ORIENTED_EDGE('',*,*,#1621,.T.);
#1621 = EDGE_CURVE('',#1614,#1583,#1622,.T.);
#1622 = LINE('',#1623,#1624);
#1623 = CARTESIAN_POINT('',(-0.350989536437,9.043191159392,4.2916));
#1624 = VECTOR('',#1625,1.);
#1625 = DIRECTION('',(0.999477509091,3.232195572077E-02,0.));
#1626 = ORIENTED_EDGE('',*,*,#1580,.F.);
#1627 = ORIENTED_EDGE('',*,*,#1628,.F.);
#1628 = EDGE_CURVE('',#1612,#1581,#1629,.T.);
#1629 = LINE('',#1630,#1631);
#1630 = CARTESIAN_POINT('',(-0.350989536437,9.043191159392,4.1416));
#1631 = VECTOR('',#1632,1.);
#1632 = DIRECTION('',(0.999477509091,3.232195572077E-02,0.));
#1633 = PLANE('',#1634);
#1634 = AXIS2_PLACEMENT_3D('',#1635,#1636,#1637);
#1635 = CARTESIAN_POINT('',(-0.350989536437,9.043191159392,4.1416));
#1636 = DIRECTION('',(-3.232195572077E-02,0.999477509091,0.));
#1637 = DIRECTION('',(0.999477509091,3.232195572077E-02,0.));
#1638 = ADVANCED_FACE('',(#1639),#1664,.F.);
#1639 = FACE_BOUND('',#1640,.F.);
#1640 = EDGE_LOOP('',(#1641,#1651,#1657,#1658));
#1641 = ORIENTED_EDGE('',*,*,#1642,.T.);
#1642 = EDGE_CURVE('',#1643,#1645,#1647,.T.);
#1643 = VERTEX_POINT('',#1644);
#1644 = CARTESIAN_POINT('',(-0.467894749925,9.037896575144,4.1416));
#1645 = VERTEX_POINT('',#1646);
#1646 = CARTESIAN_POINT('',(-0.467894749925,9.037896575144,4.2916));
#1647 = LINE('',#1648,#1649);
#1648 = CARTESIAN_POINT('',(-0.467894749925,9.037896575144,4.1416));
#1649 = VECTOR('',#1650,1.);
#1650 = DIRECTION('',(0.,0.,1.));
#1651 = ORIENTED_EDGE('',*,*,#1652,.T.);
#1652 = EDGE_CURVE('',#1645,#1614,#1653,.T.);
#1653 = LINE('',#1654,#1655);
#1654 = CARTESIAN_POINT('',(-0.467894749925,9.037896575144,4.2916));
#1655 = VECTOR('',#1656,1.);
#1656 = DIRECTION('',(0.998976003436,4.524317141078E-02,0.));
#1657 = ORIENTED_EDGE('',*,*,#1611,.F.);
#1658 = ORIENTED_EDGE('',*,*,#1659,.F.);
#1659 = EDGE_CURVE('',#1643,#1612,#1660,.T.);
#1660 = LINE('',#1661,#1662);
#1661 = CARTESIAN_POINT('',(-0.467894749925,9.037896575144,4.1416));
#1662 = VECTOR('',#1663,1.);
#1663 = DIRECTION('',(0.998976003436,4.524317141078E-02,0.));
#1664 = PLANE('',#1665);
#1665 = AXIS2_PLACEMENT_3D('',#1666,#1667,#1668);
#1666 = CARTESIAN_POINT('',(-0.467894749925,9.037896575144,4.1416));
#1667 = DIRECTION('',(-4.524317141078E-02,0.998976003436,0.));
#1668 = DIRECTION('',(0.998976003436,4.524317141078E-02,0.));
#1669 = ADVANCED_FACE('',(#1670),#1695,.F.);
#1670 = FACE_BOUND('',#1671,.F.);
#1671 = EDGE_LOOP('',(#1672,#1682,#1688,#1689));
#1672 = ORIENTED_EDGE('',*,*,#1673,.T.);
#1673 = EDGE_CURVE('',#1674,#1676,#1678,.T.);
#1674 = VERTEX_POINT('',#1675);
#1675 = CARTESIAN_POINT('',(-0.584721727049,9.031090770329,4.1416));
#1676 = VERTEX_POINT('',#1677);
#1677 = CARTESIAN_POINT('',(-0.584721727049,9.031090770329,4.2916));
#1678 = LINE('',#1679,#1680);
#1679 = CARTESIAN_POINT('',(-0.584721727049,9.031090770329,4.1416));
#1680 = VECTOR('',#1681,1.);
#1681 = DIRECTION('',(0.,0.,1.));
#1682 = ORIENTED_EDGE('',*,*,#1683,.T.);
#1683 = EDGE_CURVE('',#1676,#1645,#1684,.T.);
#1684 = LINE('',#1685,#1686);
#1685 = CARTESIAN_POINT('',(-0.584721727049,9.031090770329,4.2916));
#1686 = VECTOR('',#1687,1.);
#1687 = DIRECTION('',(0.99830745968,5.81568220207E-02,0.));
#1688 = ORIENTED_EDGE('',*,*,#1642,.F.);
#1689 = ORIENTED_EDGE('',*,*,#1690,.F.);
#1690 = EDGE_CURVE('',#1674,#1643,#1691,.T.);
#1691 = LINE('',#1692,#1693);
#1692 = CARTESIAN_POINT('',(-0.584721727049,9.031090770329,4.1416));
#1693 = VECTOR('',#1694,1.);
#1694 = DIRECTION('',(0.99830745968,5.81568220207E-02,0.));
#1695 = PLANE('',#1696);
#1696 = AXIS2_PLACEMENT_3D('',#1697,#1698,#1699);
#1697 = CARTESIAN_POINT('',(-0.584721727049,9.031090770329,4.1416));
#1698 = DIRECTION('',(-5.81568220207E-02,0.99830745968,0.));
#1699 = DIRECTION('',(0.99830745968,5.81568220207E-02,0.));
#1700 = ADVANCED_FACE('',(#1701),#1726,.F.);
#1701 = FACE_BOUND('',#1702,.F.);
#1702 = EDGE_LOOP('',(#1703,#1713,#1719,#1720));
#1703 = ORIENTED_EDGE('',*,*,#1704,.T.);
#1704 = EDGE_CURVE('',#1705,#1707,#1709,.T.);
#1705 = VERTEX_POINT('',#1706);
#1706 = CARTESIAN_POINT('',(-0.701450933248,9.022774882942,4.1416));
#1707 = VERTEX_POINT('',#1708);
#1708 = CARTESIAN_POINT('',(-0.701450933248,9.022774882942,4.2916));
#1709 = LINE('',#1710,#1711);
#1710 = CARTESIAN_POINT('',(-0.701450933248,9.022774882942,4.1416));
#1711 = VECTOR('',#1712,1.);
#1712 = DIRECTION('',(0.,0.,1.));
#1713 = ORIENTED_EDGE('',*,*,#1714,.T.);
#1714 = EDGE_CURVE('',#1707,#1676,#1715,.T.);
#1715 = LINE('',#1716,#1717);
#1716 = CARTESIAN_POINT('',(-0.701450933248,9.022774882942,4.2916));
#1717 = VECTOR('',#1718,1.);
#1718 = DIRECTION('',(0.99747198961,7.106074826783E-02,0.));
#1719 = ORIENTED_EDGE('',*,*,#1673,.F.);
#1720 = ORIENTED_EDGE('',*,*,#1721,.F.);
#1721 = EDGE_CURVE('',#1705,#1674,#1722,.T.);
#1722 = LINE('',#1723,#1724);
#1723 = CARTESIAN_POINT('',(-0.701450933248,9.022774882942,4.1416));
#1724 = VECTOR('',#1725,1.);
#1725 = DIRECTION('',(0.99747198961,7.106074826783E-02,0.));
#1726 = PLANE('',#1727);
#1727 = AXIS2_PLACEMENT_3D('',#1728,#1729,#1730);
#1728 = CARTESIAN_POINT('',(-0.701450933248,9.022774882942,4.1416));
#1729 = DIRECTION('',(-7.106074826783E-02,0.99747198961,0.));
#1730 = DIRECTION('',(0.99747198961,7.106074826783E-02,0.));
#1731 = ADVANCED_FACE('',(#1732),#1757,.F.);
#1732 = FACE_BOUND('',#1733,.F.);
#1733 = EDGE_LOOP('',(#1734,#1744,#1750,#1751));
#1734 = ORIENTED_EDGE('',*,*,#1735,.T.);
#1735 = EDGE_CURVE('',#1736,#1738,#1740,.T.);
#1736 = VERTEX_POINT('',#1737);
#1737 = CARTESIAN_POINT('',(-0.818062850312,9.012950303477,4.1416));
#1738 = VERTEX_POINT('',#1739);
#1739 = CARTESIAN_POINT('',(-0.818062850312,9.012950303477,4.2916));
#1740 = LINE('',#1741,#1742);
#1741 = CARTESIAN_POINT('',(-0.818062850312,9.012950303477,4.1416));
#1742 = VECTOR('',#1743,1.);
#1743 = DIRECTION('',(0.,0.,1.));
#1744 = ORIENTED_EDGE('',*,*,#1745,.T.);
#1745 = EDGE_CURVE('',#1738,#1707,#1746,.T.);
#1746 = LINE('',#1747,#1748);
#1747 = CARTESIAN_POINT('',(-0.818062850312,9.012950303477,4.2916));
#1748 = VECTOR('',#1749,1.);
#1749 = DIRECTION('',(0.996469732923,8.395279249533E-02,0.));
#1750 = ORIENTED_EDGE('',*,*,#1704,.F.);
#1751 = ORIENTED_EDGE('',*,*,#1752,.F.);
#1752 = EDGE_CURVE('',#1736,#1705,#1753,.T.);
#1753 = LINE('',#1754,#1755);
#1754 = CARTESIAN_POINT('',(-0.818062850312,9.012950303477,4.1416));
#1755 = VECTOR('',#1756,1.);
#1756 = DIRECTION('',(0.996469732923,8.395279249533E-02,0.));
#1757 = PLANE('',#1758);
#1758 = AXIS2_PLACEMENT_3D('',#1759,#1760,#1761);
#1759 = CARTESIAN_POINT('',(-0.818062850312,9.012950303477,4.1416));
#1760 = DIRECTION('',(-8.395279249533E-02,0.996469732923,0.));
#1761 = DIRECTION('',(0.996469732923,8.395279249533E-02,0.));
#1762 = ADVANCED_FACE('',(#1763),#1788,.F.);
#1763 = FACE_BOUND('',#1764,.F.);
#1764 = EDGE_LOOP('',(#1765,#1775,#1781,#1782));
#1765 = ORIENTED_EDGE('',*,*,#1766,.T.);
#1766 = EDGE_CURVE('',#1767,#1769,#1771,.T.);
#1767 = VERTEX_POINT('',#1768);
#1768 = CARTESIAN_POINT('',(-0.934537979641,9.001618674694,4.1416));
#1769 = VERTEX_POINT('',#1770);
#1770 = CARTESIAN_POINT('',(-0.934537979641,9.001618674694,4.2916));
#1771 = LINE('',#1772,#1773);
#1772 = CARTESIAN_POINT('',(-0.934537979641,9.001618674694,4.1416));
#1773 = VECTOR('',#1774,1.);
#1774 = DIRECTION('',(0.,0.,1.));
#1775 = ORIENTED_EDGE('',*,*,#1776,.T.);
#1776 = EDGE_CURVE('',#1769,#1738,#1777,.T.);
#1777 = LINE('',#1778,#1779);
#1778 = CARTESIAN_POINT('',(-0.934537979641,9.001618674694,4.2916));
#1779 = VECTOR('',#1780,1.);
#1780 = DIRECTION('',(0.995300857208,9.683079903326E-02,0.));
#1781 = ORIENTED_EDGE('',*,*,#1735,.F.);
#1782 = ORIENTED_EDGE('',*,*,#1783,.F.);
#1783 = EDGE_CURVE('',#1767,#1736,#1784,.T.);
#1784 = LINE('',#1785,#1786);
#1785 = CARTESIAN_POINT('',(-0.934537979641,9.001618674694,4.1416));
#1786 = VECTOR('',#1787,1.);
#1787 = DIRECTION('',(0.995300857208,9.683079903326E-02,0.));
#1788 = PLANE('',#1789);
#1789 = AXIS2_PLACEMENT_3D('',#1790,#1791,#1792);
#1790 = CARTESIAN_POINT('',(-0.934537979641,9.001618674694,4.1416));
#1791 = DIRECTION('',(-9.683079903326E-02,0.995300857208,0.));
#1792 = DIRECTION('',(0.995300857208,9.683079903326E-02,0.));
#1793 = ADVANCED_FACE('',(#1794),#1819,.F.);
#1794 = FACE_BOUND('',#1795,.F.);
#1795 = EDGE_LOOP('',(#1796,#1806,#1812,#1813));
#1796 = ORIENTED_EDGE('',*,*,#1797,.T.);
#1797 = EDGE_CURVE('',#1798,#1800,#1802,.T.);
#1798 = VERTEX_POINT('',#1799);
#1799 = CARTESIAN_POINT('',(-1.050856845507,8.988781891349,4.1416));
#1800 = VERTEX_POINT('',#1801);
#1801 = CARTESIAN_POINT('',(-1.050856845507,8.988781891349,4.2916));
#1802 = LINE('',#1803,#1804);
#1803 = CARTESIAN_POINT('',(-1.050856845507,8.988781891349,4.1416));
#1804 = VECTOR('',#1805,1.);
#1805 = DIRECTION('',(0.,0.,1.));
#1806 = ORIENTED_EDGE('',*,*,#1807,.T.);
#1807 = EDGE_CURVE('',#1800,#1769,#1808,.T.);
#1808 = LINE('',#1809,#1810);
#1809 = CARTESIAN_POINT('',(-1.050856845507,8.988781891349,4.2916));
#1810 = VECTOR('',#1811,1.);
#1811 = DIRECTION('',(0.99396555791,0.109692614559,0.));
#1812 = ORIENTED_EDGE('',*,*,#1766,.F.);
#1813 = ORIENTED_EDGE('',*,*,#1814,.F.);
#1814 = EDGE_CURVE('',#1798,#1767,#1815,.T.);
#1815 = LINE('',#1816,#1817);
#1816 = CARTESIAN_POINT('',(-1.050856845507,8.988781891349,4.1416));
#1817 = VECTOR('',#1818,1.);
#1818 = DIRECTION('',(0.99396555791,0.109692614559,0.));
#1819 = PLANE('',#1820);
#1820 = AXIS2_PLACEMENT_3D('',#1821,#1822,#1823);
#1821 = CARTESIAN_POINT('',(-1.050856845507,8.988781891349,4.1416));
#1822 = DIRECTION('',(-0.109692614559,0.99396555791,0.));
#1823 = DIRECTION('',(0.99396555791,0.109692614559,0.));
#1824 = ADVANCED_FACE('',(#1825),#1850,.F.);
#1825 = FACE_BOUND('',#1826,.F.);
#1826 = EDGE_LOOP('',(#1827,#1837,#1843,#1844));
#1827 = ORIENTED_EDGE('',*,*,#1828,.T.);
#1828 = EDGE_CURVE('',#1829,#1831,#1833,.T.);
#1829 = VERTEX_POINT('',#1830);
#1830 = CARTESIAN_POINT('',(-1.166999998312,8.974442099871,4.1416));
#1831 = VERTEX_POINT('',#1832);
#1832 = CARTESIAN_POINT('',(-1.166999998312,8.974442099871,4.2916));
#1833 = LINE('',#1834,#1835);
#1834 = CARTESIAN_POINT('',(-1.166999998312,8.974442099871,4.1416));
#1835 = VECTOR('',#1836,1.);
#1836 = DIRECTION('',(0.,0.,1.));
#1837 = ORIENTED_EDGE('',*,*,#1838,.T.);
#1838 = EDGE_CURVE('',#1831,#1800,#1839,.T.);
#1839 = LINE('',#1840,#1841);
#1840 = CARTESIAN_POINT('',(-1.166999998312,8.974442099871,4.2916));
#1841 = VECTOR('',#1842,1.);
#1842 = DIRECTION('',(0.992464058304,0.122536088457,0.));
#1843 = ORIENTED_EDGE('',*,*,#1797,.F.);
#1844 = ORIENTED_EDGE('',*,*,#1845,.F.);
#1845 = EDGE_CURVE('',#1829,#1798,#1846,.T.);
#1846 = LINE('',#1847,#1848);
#1847 = CARTESIAN_POINT('',(-1.166999998312,8.974442099871,4.1416));
#1848 = VECTOR('',#1849,1.);
#1849 = DIRECTION('',(0.992464058304,0.122536088457,0.));
#1850 = PLANE('',#1851);
#1851 = AXIS2_PLACEMENT_3D('',#1852,#1853,#1854);
#1852 = CARTESIAN_POINT('',(-1.166999998312,8.974442099871,4.1416));
#1853 = DIRECTION('',(-0.122536088457,0.992464058304,0.));
#1854 = DIRECTION('',(0.992464058304,0.122536088457,0.));
#1855 = ADVANCED_FACE('',(#1856),#1881,.F.);
#1856 = FACE_BOUND('',#1857,.F.);
#1857 = EDGE_LOOP('',(#1858,#1868,#1874,#1875));
#1858 = ORIENTED_EDGE('',*,*,#1859,.T.);
#1859 = EDGE_CURVE('',#1860,#1862,#1864,.T.);
#1860 = VERTEX_POINT('',#1861);
#1861 = CARTESIAN_POINT('',(-1.282948017837,8.958601698007,4.1416));
#1862 = VERTEX_POINT('',#1863);
#1863 = CARTESIAN_POINT('',(-1.282948017837,8.958601698007,4.2916));
#1864 = LINE('',#1865,#1866);
#1865 = CARTESIAN_POINT('',(-1.282948017837,8.958601698007,4.1416));
#1866 = VECTOR('',#1867,1.);
#1867 = DIRECTION('',(0.,0.,1.));
#1868 = ORIENTED_EDGE('',*,*,#1869,.T.);
#1869 = EDGE_CURVE('',#1862,#1831,#1870,.T.);
#1870 = LINE('',#1871,#1872);
#1871 = CARTESIAN_POINT('',(-1.282948017837,8.958601698007,4.2916));
#1872 = VECTOR('',#1873,1.);
#1873 = DIRECTION('',(0.990796609455,0.135359073178,0.));
#1874 = ORIENTED_EDGE('',*,*,#1828,.F.);
#1875 = ORIENTED_EDGE('',*,*,#1876,.F.);
#1876 = EDGE_CURVE('',#1860,#1829,#1877,.T.);
#1877 = LINE('',#1878,#1879);
#1878 = CARTESIAN_POINT('',(-1.282948017837,8.958601698007,4.1416));
#1879 = VECTOR('',#1880,1.);
#1880 = DIRECTION('',(0.990796609455,0.135359073178,0.));
#1881 = PLANE('',#1882);
#1882 = AXIS2_PLACEMENT_3D('',#1883,#1884,#1885);
#1883 = CARTESIAN_POINT('',(-1.282948017837,8.958601698007,4.1416));
#1884 = DIRECTION('',(-0.135359073178,0.990796609455,0.));
#1885 = DIRECTION('',(0.990796609455,0.135359073178,0.));
#1886 = ADVANCED_FACE('',(#1887),#1912,.F.);
#1887 = FACE_BOUND('',#1888,.F.);
#1888 = EDGE_LOOP('',(#1889,#1899,#1905,#1906));
#1889 = ORIENTED_EDGE('',*,*,#1890,.T.);
#1890 = EDGE_CURVE('',#1891,#1893,#1895,.T.);
#1891 = VERTEX_POINT('',#1892);
#1892 = CARTESIAN_POINT('',(-1.398681516493,8.941263334419,4.1416));
#1893 = VERTEX_POINT('',#1894);
#1894 = CARTESIAN_POINT('',(-1.398681516493,8.941263334419,4.2916));
#1895 = LINE('',#1896,#1897);
#1896 = CARTESIAN_POINT('',(-1.398681516493,8.941263334419,4.1416));
#1897 = VECTOR('',#1898,1.);
#1898 = DIRECTION('',(0.,0.,1.));
#1899 = ORIENTED_EDGE('',*,*,#1900,.T.);
#1900 = EDGE_CURVE('',#1893,#1862,#1901,.T.);
#1901 = LINE('',#1902,#1903);
#1902 = CARTESIAN_POINT('',(-1.398681516493,8.941263334419,4.2916));
#1903 = VECTOR('',#1904,1.);
#1904 = DIRECTION('',(0.988963490176,0.148159424601,0.));
#1905 = ORIENTED_EDGE('',*,*,#1859,.F.);
#1906 = ORIENTED_EDGE('',*,*,#1907,.F.);
#1907 = EDGE_CURVE('',#1891,#1860,#1908,.T.);
#1908 = LINE('',#1909,#1910);
#1909 = CARTESIAN_POINT('',(-1.398681516493,8.941263334419,4.1416));
#1910 = VECTOR('',#1911,1.);
#1911 = DIRECTION('',(0.988963490176,0.148159424601,0.));
#1912 = PLANE('',#1913);
#1913 = AXIS2_PLACEMENT_3D('',#1914,#1915,#1916);
#1914 = CARTESIAN_POINT('',(-1.398681516493,8.941263334419,4.1416));
#1915 = DIRECTION('',(-0.148159424601,0.988963490176,0.));
#1916 = DIRECTION('',(0.988963490176,0.148159424601,0.));
#1917 = ADVANCED_FACE('',(#1918),#1943,.F.);
#1918 = FACE_BOUND('',#1919,.F.);
#1919 = EDGE_LOOP('',(#1920,#1930,#1936,#1937));
#1920 = ORIENTED_EDGE('',*,*,#1921,.T.);
#1921 = EDGE_CURVE('',#1922,#1924,#1926,.T.);
#1922 = VERTEX_POINT('',#1923);
#1923 = CARTESIAN_POINT('',(-2.070975947072,13.238997644333,4.1416));
#1924 = VERTEX_POINT('',#1925);
#1925 = CARTESIAN_POINT('',(-2.070975947072,13.238997644333,4.2916));
#1926 = LINE('',#1927,#1928);
#1927 = CARTESIAN_POINT('',(-2.070975947072,13.238997644333,4.1416));
#1928 = VECTOR('',#1929,1.);
#1929 = DIRECTION('',(0.,0.,1.));
#1930 = ORIENTED_EDGE('',*,*,#1931,.T.);
#1931 = EDGE_CURVE('',#1924,#1893,#1932,.T.);
#1932 = LINE('',#1933,#1934);
#1933 = CARTESIAN_POINT('',(-2.070975947072,13.238997644333,4.2916));
#1934 = VECTOR('',#1935,1.);
#1935 = DIRECTION('',(0.154550443811,-0.987984898831,0.));
#1936 = ORIENTED_EDGE('',*,*,#1890,.F.);
#1937 = ORIENTED_EDGE('',*,*,#1938,.F.);
#1938 = EDGE_CURVE('',#1922,#1891,#1939,.T.);
#1939 = LINE('',#1940,#1941);
#1940 = CARTESIAN_POINT('',(-2.070975947072,13.238997644333,4.1416));
#1941 = VECTOR('',#1942,1.);
#1942 = DIRECTION('',(0.154550443811,-0.987984898831,0.));
#1943 = PLANE('',#1944);
#1944 = AXIS2_PLACEMENT_3D('',#1945,#1946,#1947);
#1945 = CARTESIAN_POINT('',(-2.070975947072,13.238997644333,4.1416));
#1946 = DIRECTION('',(0.987984898831,0.154550443811,-0.));
#1947 = DIRECTION('',(0.154550443811,-0.987984898831,0.));
#1948 = ADVANCED_FACE('',(#1949),#1974,.F.);
#1949 = FACE_BOUND('',#1950,.F.);
#1950 = EDGE_LOOP('',(#1951,#1961,#1967,#1968));
#1951 = ORIENTED_EDGE('',*,*,#1952,.T.);
#1952 = EDGE_CURVE('',#1953,#1955,#1957,.T.);
#1953 = VERTEX_POINT('',#1954);
#1954 = CARTESIAN_POINT('',(-1.89961363967,13.264669917491,4.1416));
#1955 = VERTEX_POINT('',#1956);
#1956 = CARTESIAN_POINT('',(-1.89961363967,13.264669917491,4.2916));
#1957 = LINE('',#1958,#1959);
#1958 = CARTESIAN_POINT('',(-1.89961363967,13.264669917491,4.1416));
#1959 = VECTOR('',#1960,1.);
#1960 = DIRECTION('',(0.,0.,1.));
#1961 = ORIENTED_EDGE('',*,*,#1962,.T.);
#1962 = EDGE_CURVE('',#1955,#1924,#1963,.T.);
#1963 = LINE('',#1964,#1965);
#1964 = CARTESIAN_POINT('',(-1.89961363967,13.264669917491,4.2916));
#1965 = VECTOR('',#1966,1.);
#1966 = DIRECTION('',(-0.988963490176,-0.148159424601,0.));
#1967 = ORIENTED_EDGE('',*,*,#1921,.F.);
#1968 = ORIENTED_EDGE('',*,*,#1969,.F.);
#1969 = EDGE_CURVE('',#1953,#1922,#1970,.T.);
#1970 = LINE('',#1971,#1972);
#1971 = CARTESIAN_POINT('',(-1.89961363967,13.264669917491,4.1416));
#1972 = VECTOR('',#1973,1.);
#1973 = DIRECTION('',(-0.988963490176,-0.148159424601,0.));
#1974 = PLANE('',#1975);
#1975 = AXIS2_PLACEMENT_3D('',#1976,#1977,#1978);
#1976 = CARTESIAN_POINT('',(-1.89961363967,13.264669917491,4.1416));
#1977 = DIRECTION('',(0.148159424601,-0.988963490176,0.));
#1978 = DIRECTION('',(-0.988963490176,-0.148159424601,0.));
#1979 = ADVANCED_FACE('',(#1980),#2005,.F.);
#1980 = FACE_BOUND('',#1981,.F.);
#1981 = EDGE_LOOP('',(#1982,#1992,#1998,#1999));
#1982 = ORIENTED_EDGE('',*,*,#1983,.T.);
#1983 = EDGE_CURVE('',#1984,#1986,#1988,.T.);
#1984 = VERTEX_POINT('',#1985);
#1985 = CARTESIAN_POINT('',(-1.727933699158,13.288124214174,4.1416));
#1986 = VERTEX_POINT('',#1987);
#1987 = CARTESIAN_POINT('',(-1.727933699158,13.288124214174,4.2916));
#1988 = LINE('',#1989,#1990);
#1989 = CARTESIAN_POINT('',(-1.727933699158,13.288124214174,4.1416));
#1990 = VECTOR('',#1991,1.);
#1991 = DIRECTION('',(0.,0.,1.));
#1992 = ORIENTED_EDGE('',*,*,#1993,.T.);
#1993 = EDGE_CURVE('',#1986,#1955,#1994,.T.);
#1994 = LINE('',#1995,#1996);
#1995 = CARTESIAN_POINT('',(-1.727933699158,13.288124214174,4.2916));
#1996 = VECTOR('',#1997,1.);
#1997 = DIRECTION('',(-0.990796609455,-0.135359073178,0.));
#1998 = ORIENTED_EDGE('',*,*,#1952,.F.);
#1999 = ORIENTED_EDGE('',*,*,#2000,.F.);
#2000 = EDGE_CURVE('',#1984,#1953,#2001,.T.);
#2001 = LINE('',#2002,#2003);
#2002 = CARTESIAN_POINT('',(-1.727933699158,13.288124214174,4.1416));
#2003 = VECTOR('',#2004,1.);
#2004 = DIRECTION('',(-0.990796609455,-0.135359073178,0.));
#2005 = PLANE('',#2006);
#2006 = AXIS2_PLACEMENT_3D('',#2007,#2008,#2009);
#2007 = CARTESIAN_POINT('',(-1.727933699158,13.288124214174,4.1416));
#2008 = DIRECTION('',(0.135359073178,-0.990796609455,0.));
#2009 = DIRECTION('',(-0.990796609455,-0.135359073178,0.));
#2010 = ADVANCED_FACE('',(#2011),#2036,.F.);
#2011 = FACE_BOUND('',#2012,.F.);
#2012 = EDGE_LOOP('',(#2013,#2023,#2029,#2030));
#2013 = ORIENTED_EDGE('',*,*,#2014,.T.);
#2014 = EDGE_CURVE('',#2015,#2017,#2019,.T.);
#2015 = VERTEX_POINT('',#2016);
#2016 = CARTESIAN_POINT('',(-1.555964832022,13.309356612606,4.1416));
#2017 = VERTEX_POINT('',#2018);
#2018 = CARTESIAN_POINT('',(-1.555964832022,13.309356612606,4.2916));
#2019 = LINE('',#2020,#2021);
#2020 = CARTESIAN_POINT('',(-1.555964832022,13.309356612606,4.1416));
#2021 = VECTOR('',#2022,1.);
#2022 = DIRECTION('',(0.,0.,1.));
#2023 = ORIENTED_EDGE('',*,*,#2024,.T.);
#2024 = EDGE_CURVE('',#2017,#1986,#2025,.T.);
#2025 = LINE('',#2026,#2027);
#2026 = CARTESIAN_POINT('',(-1.555964832022,13.309356612606,4.2916));
#2027 = VECTOR('',#2028,1.);
#2028 = DIRECTION('',(-0.992464058304,-0.122536088457,0.));
#2029 = ORIENTED_EDGE('',*,*,#1983,.F.);
#2030 = ORIENTED_EDGE('',*,*,#2031,.F.);
#2031 = EDGE_CURVE('',#2015,#1984,#2032,.T.);
#2032 = LINE('',#2033,#2034);
#2033 = CARTESIAN_POINT('',(-1.555964832022,13.309356612606,4.1416));
#2034 = VECTOR('',#2035,1.);
#2035 = DIRECTION('',(-0.992464058304,-0.122536088457,0.));
#2036 = PLANE('',#2037);
#2037 = AXIS2_PLACEMENT_3D('',#2038,#2039,#2040);
#2038 = CARTESIAN_POINT('',(-1.555964832022,13.309356612606,4.1416));
#2039 = DIRECTION('',(0.122536088457,-0.992464058304,0.));
#2040 = DIRECTION('',(-0.992464058304,-0.122536088457,0.));
#2041 = ADVANCED_FACE('',(#2042),#2067,.F.);
#2042 = FACE_BOUND('',#2043,.F.);
#2043 = EDGE_LOOP('',(#2044,#2054,#2060,#2061));
#2044 = ORIENTED_EDGE('',*,*,#2045,.T.);
#2045 = EDGE_CURVE('',#2046,#2048,#2050,.T.);
#2046 = VERTEX_POINT('',#2047);
#2047 = CARTESIAN_POINT('',(-1.38373579306,13.328363562531,4.1416));
#2048 = VERTEX_POINT('',#2049);
#2049 = CARTESIAN_POINT('',(-1.38373579306,13.328363562531,4.2916));
#2050 = LINE('',#2051,#2052);
#2051 = CARTESIAN_POINT('',(-1.38373579306,13.328363562531,4.1416));
#2052 = VECTOR('',#2053,1.);
#2053 = DIRECTION('',(0.,0.,1.));
#2054 = ORIENTED_EDGE('',*,*,#2055,.T.);
#2055 = EDGE_CURVE('',#2048,#2017,#2056,.T.);
#2056 = LINE('',#2057,#2058);
#2057 = CARTESIAN_POINT('',(-1.38373579306,13.328363562531,4.2916));
#2058 = VECTOR('',#2059,1.);
#2059 = DIRECTION('',(-0.99396555791,-0.109692614559,0.));
#2060 = ORIENTED_EDGE('',*,*,#2014,.F.);
#2061 = ORIENTED_EDGE('',*,*,#2062,.F.);
#2062 = EDGE_CURVE('',#2046,#2015,#2063,.T.);
#2063 = LINE('',#2064,#2065);
#2064 = CARTESIAN_POINT('',(-1.38373579306,13.328363562531,4.1416));
#2065 = VECTOR('',#2066,1.);
#2066 = DIRECTION('',(-0.99396555791,-0.109692614559,0.));
#2067 = PLANE('',#2068);
#2068 = AXIS2_PLACEMENT_3D('',#2069,#2070,#2071);
#2069 = CARTESIAN_POINT('',(-1.38373579306,13.328363562531,4.1416));
#2070 = DIRECTION('',(0.109692614559,-0.99396555791,0.));
#2071 = DIRECTION('',(-0.99396555791,-0.109692614559,0.));
#2072 = ADVANCED_FACE('',(#2073),#2098,.F.);
#2073 = FACE_BOUND('',#2074,.F.);
#2074 = EDGE_LOOP('',(#2075,#2085,#2091,#2092));
#2075 = ORIENTED_EDGE('',*,*,#2076,.T.);
#2076 = EDGE_CURVE('',#2077,#2079,#2081,.T.);
#2077 = VERTEX_POINT('',#2078);
#2078 = CARTESIAN_POINT('',(-1.211275380573,13.345141885811,4.1416));
#2079 = VERTEX_POINT('',#2080);
#2080 = CARTESIAN_POINT('',(-1.211275380573,13.345141885811,4.2916));
#2081 = LINE('',#2082,#2083);
#2082 = CARTESIAN_POINT('',(-1.211275380573,13.345141885811,4.1416));
#2083 = VECTOR('',#2084,1.);
#2084 = DIRECTION('',(0.,0.,1.));
#2085 = ORIENTED_EDGE('',*,*,#2086,.T.);
#2086 = EDGE_CURVE('',#2079,#2048,#2087,.T.);
#2087 = LINE('',#2088,#2089);
#2088 = CARTESIAN_POINT('',(-1.211275380573,13.345141885811,4.2916));
#2089 = VECTOR('',#2090,1.);
#2090 = DIRECTION('',(-0.995300857208,-9.683079903325E-02,0.));
#2091 = ORIENTED_EDGE('',*,*,#2045,.F.);
#2092 = ORIENTED_EDGE('',*,*,#2093,.F.);
#2093 = EDGE_CURVE('',#2077,#2046,#2094,.T.);
#2094 = LINE('',#2095,#2096);
#2095 = CARTESIAN_POINT('',(-1.211275380573,13.345141885811,4.1416));
#2096 = VECTOR('',#2097,1.);
#2097 = DIRECTION('',(-0.995300857208,-9.683079903325E-02,0.));
#2098 = PLANE('',#2099);
#2099 = AXIS2_PLACEMENT_3D('',#2100,#2101,#2102);
#2100 = CARTESIAN_POINT('',(-1.211275380573,13.345141885811,4.1416));
#2101 = DIRECTION('',(9.683079903325E-02,-0.995300857208,0.));
#2102 = DIRECTION('',(-0.995300857208,-9.683079903325E-02,0.));
#2103 = ADVANCED_FACE('',(#2104),#2129,.F.);
#2104 = FACE_BOUND('',#2105,.F.);
#2105 = EDGE_LOOP('',(#2106,#2116,#2122,#2123));
#2106 = ORIENTED_EDGE('',*,*,#2107,.T.);
#2107 = EDGE_CURVE('',#2108,#2110,#2112,.T.);
#2108 = VERTEX_POINT('',#2109);
#2109 = CARTESIAN_POINT('',(-1.03861243155,13.359688776952,4.1416));
#2110 = VERTEX_POINT('',#2111);
#2111 = CARTESIAN_POINT('',(-1.03861243155,13.359688776952,4.2916));
#2112 = LINE('',#2113,#2114);
#2113 = CARTESIAN_POINT('',(-1.03861243155,13.359688776952,4.1416));
#2114 = VECTOR('',#2115,1.);
#2115 = DIRECTION('',(0.,0.,1.));
#2116 = ORIENTED_EDGE('',*,*,#2117,.T.);
#2117 = EDGE_CURVE('',#2110,#2079,#2118,.T.);
#2118 = LINE('',#2119,#2120);
#2119 = CARTESIAN_POINT('',(-1.03861243155,13.359688776952,4.2916));
#2120 = VECTOR('',#2121,1.);
#2121 = DIRECTION('',(-0.996469732923,-8.395279249534E-02,0.));
#2122 = ORIENTED_EDGE('',*,*,#2076,.F.);
#2123 = ORIENTED_EDGE('',*,*,#2124,.F.);
#2124 = EDGE_CURVE('',#2108,#2077,#2125,.T.);
#2125 = LINE('',#2126,#2127);
#2126 = CARTESIAN_POINT('',(-1.03861243155,13.359688776952,4.1416));
#2127 = VECTOR('',#2128,1.);
#2128 = DIRECTION('',(-0.996469732923,-8.395279249534E-02,0.));
#2129 = PLANE('',#2130);
#2130 = AXIS2_PLACEMENT_3D('',#2131,#2132,#2133);
#2131 = CARTESIAN_POINT('',(-1.03861243155,13.359688776952,4.1416));
#2132 = DIRECTION('',(8.395279249534E-02,-0.996469732923,0.));
#2133 = DIRECTION('',(-0.996469732923,-8.395279249534E-02,0.));
#2134 = ADVANCED_FACE('',(#2135),#2160,.F.);
#2135 = FACE_BOUND('',#2136,.F.);
#2136 = EDGE_LOOP('',(#2137,#2147,#2153,#2154));
#2137 = ORIENTED_EDGE('',*,*,#2138,.T.);
#2138 = EDGE_CURVE('',#2139,#2141,#2143,.T.);
#2139 = VERTEX_POINT('',#2140);
#2140 = CARTESIAN_POINT('',(-0.865775816846,13.372001803581,4.1416));
#2141 = VERTEX_POINT('',#2142);
#2142 = CARTESIAN_POINT('',(-0.865775816846,13.372001803581,4.2916));
#2143 = LINE('',#2144,#2145);
#2144 = CARTESIAN_POINT('',(-0.865775816846,13.372001803581,4.1416));
#2145 = VECTOR('',#2146,1.);
#2146 = DIRECTION('',(0.,0.,1.));
#2147 = ORIENTED_EDGE('',*,*,#2148,.T.);
#2148 = EDGE_CURVE('',#2141,#2110,#2149,.T.);
#2149 = LINE('',#2150,#2151);
#2150 = CARTESIAN_POINT('',(-0.865775816846,13.372001803581,4.2916));
#2151 = VECTOR('',#2152,1.);
#2152 = DIRECTION('',(-0.99747198961,-7.106074826781E-02,0.));
#2153 = ORIENTED_EDGE('',*,*,#2107,.F.);
#2154 = ORIENTED_EDGE('',*,*,#2155,.F.);
#2155 = EDGE_CURVE('',#2139,#2108,#2156,.T.);
#2156 = LINE('',#2157,#2158);
#2157 = CARTESIAN_POINT('',(-0.865775816846,13.372001803581,4.1416));
#2158 = VECTOR('',#2159,1.);
#2159 = DIRECTION('',(-0.99747198961,-7.106074826781E-02,0.));
#2160 = PLANE('',#2161);
#2161 = AXIS2_PLACEMENT_3D('',#2162,#2163,#2164);
#2162 = CARTESIAN_POINT('',(-0.865775816846,13.372001803581,4.1416));
#2163 = DIRECTION('',(7.106074826781E-02,-0.99747198961,0.));
#2164 = DIRECTION('',(-0.99747198961,-7.106074826781E-02,0.));
#2165 = ADVANCED_FACE('',(#2166),#2191,.F.);
#2166 = FACE_BOUND('',#2167,.F.);
#2167 = EDGE_LOOP('',(#2168,#2178,#2184,#2185));
#2168 = ORIENTED_EDGE('',*,*,#2169,.T.);
#2169 = EDGE_CURVE('',#2170,#2172,#2174,.T.);
#2170 = VERTEX_POINT('',#2171);
#2171 = CARTESIAN_POINT('',(-0.692794436353,13.382078906842,4.1416));
#2172 = VERTEX_POINT('',#2173);
#2173 = CARTESIAN_POINT('',(-0.692794436353,13.382078906842,4.2916));
#2174 = LINE('',#2175,#2176);
#2175 = CARTESIAN_POINT('',(-0.692794436353,13.382078906842,4.1416));
#2176 = VECTOR('',#2177,1.);
#2177 = DIRECTION('',(0.,0.,1.));
#2178 = ORIENTED_EDGE('',*,*,#2179,.T.);
#2179 = EDGE_CURVE('',#2172,#2141,#2180,.T.);
#2180 = LINE('',#2181,#2182);
#2181 = CARTESIAN_POINT('',(-0.692794436353,13.382078906842,4.2916));
#2182 = VECTOR('',#2183,1.);
#2183 = DIRECTION('',(-0.99830745968,-5.815682202072E-02,0.));
#2184 = ORIENTED_EDGE('',*,*,#2138,.F.);
#2185 = ORIENTED_EDGE('',*,*,#2186,.F.);
#2186 = EDGE_CURVE('',#2170,#2139,#2187,.T.);
#2187 = LINE('',#2188,#2189);
#2188 = CARTESIAN_POINT('',(-0.692794436353,13.382078906842,4.1416));
#2189 = VECTOR('',#2190,1.);
#2190 = DIRECTION('',(-0.99830745968,-5.815682202072E-02,0.));
#2191 = PLANE('',#2192);
#2192 = AXIS2_PLACEMENT_3D('',#2193,#2194,#2195);
#2193 = CARTESIAN_POINT('',(-0.692794436353,13.382078906842,4.1416));
#2194 = DIRECTION('',(5.815682202072E-02,-0.99830745968,0.));
#2195 = DIRECTION('',(-0.99830745968,-5.815682202072E-02,0.));
#2196 = ADVANCED_FACE('',(#2197),#2222,.F.);
#2197 = FACE_BOUND('',#2198,.F.);
#2198 = EDGE_LOOP('',(#2199,#2209,#2215,#2216));
#2199 = ORIENTED_EDGE('',*,*,#2200,.T.);
#2200 = EDGE_CURVE('',#2201,#2203,#2205,.T.);
#2201 = VERTEX_POINT('',#2202);
#2202 = CARTESIAN_POINT('',(-0.519697214172,13.389918401752,4.1416));
#2203 = VERTEX_POINT('',#2204);
#2204 = CARTESIAN_POINT('',(-0.519697214172,13.389918401752,4.2916));
#2205 = LINE('',#2206,#2207);
#2206 = CARTESIAN_POINT('',(-0.519697214172,13.389918401752,4.1416));
#2207 = VECTOR('',#2208,1.);
#2208 = DIRECTION('',(0.,0.,1.));
#2209 = ORIENTED_EDGE('',*,*,#2210,.T.);
#2210 = EDGE_CURVE('',#2203,#2172,#2211,.T.);
#2211 = LINE('',#2212,#2213);
#2212 = CARTESIAN_POINT('',(-0.519697214172,13.389918401752,4.2916));
#2213 = VECTOR('',#2214,1.);
#2214 = DIRECTION('',(-0.998976003436,-4.524317141077E-02,0.));
#2215 = ORIENTED_EDGE('',*,*,#2169,.F.);
#2216 = ORIENTED_EDGE('',*,*,#2217,.F.);
#2217 = EDGE_CURVE('',#2201,#2170,#2218,.T.);
#2218 = LINE('',#2219,#2220);
#2219 = CARTESIAN_POINT('',(-0.519697214172,13.389918401752,4.1416));
#2220 = VECTOR('',#2221,1.);
#2221 = DIRECTION('',(-0.998976003436,-4.524317141077E-02,0.));
#2222 = PLANE('',#2223);
#2223 = AXIS2_PLACEMENT_3D('',#2224,#2225,#2226);
#2224 = CARTESIAN_POINT('',(-0.519697214172,13.389918401752,4.1416));
#2225 = DIRECTION('',(4.524317141077E-02,-0.998976003436,0.));
#2226 = DIRECTION('',(-0.998976003436,-4.524317141077E-02,0.));
#2227 = ADVANCED_FACE('',(#2228),#2253,.F.);
#2228 = FACE_BOUND('',#2229,.F.);
#2229 = EDGE_LOOP('',(#2230,#2240,#2246,#2247));
#2230 = ORIENTED_EDGE('',*,*,#2231,.T.);
#2231 = EDGE_CURVE('',#2232,#2234,#2236,.T.);
#2232 = VERTEX_POINT('',#2233);
#2233 = CARTESIAN_POINT('',(-0.346513093772,13.395518977473,4.1416));
#2234 = VERTEX_POINT('',#2235);
#2235 = CARTESIAN_POINT('',(-0.346513093772,13.395518977473,4.2916));
#2236 = LINE('',#2237,#2238);
#2237 = CARTESIAN_POINT('',(-0.346513093772,13.395518977473,4.1416));
#2238 = VECTOR('',#2239,1.);
#2239 = DIRECTION('',(0.,0.,1.));
#2240 = ORIENTED_EDGE('',*,*,#2241,.T.);
#2241 = EDGE_CURVE('',#2234,#2203,#2242,.T.);
#2242 = LINE('',#2243,#2244);
#2243 = CARTESIAN_POINT('',(-0.346513093772,13.395518977473,4.2916));
#2244 = VECTOR('',#2245,1.);
#2245 = DIRECTION('',(-0.999477509091,-3.232195572079E-02,0.));
#2246 = ORIENTED_EDGE('',*,*,#2200,.F.);
#2247 = ORIENTED_EDGE('',*,*,#2248,.F.);
#2248 = EDGE_CURVE('',#2232,#2201,#2249,.T.);
#2249 = LINE('',#2250,#2251);
#2250 = CARTESIAN_POINT('',(-0.346513093772,13.395518977473,4.1416));
#2251 = VECTOR('',#2252,1.);
#2252 = DIRECTION('',(-0.999477509091,-3.232195572079E-02,0.));
#2253 = PLANE('',#2254);
#2254 = AXIS2_PLACEMENT_3D('',#2255,#2256,#2257);
#2255 = CARTESIAN_POINT('',(-0.346513093772,13.395518977473,4.1416));
#2256 = DIRECTION('',(3.232195572079E-02,-0.999477509091,0.));
#2257 = DIRECTION('',(-0.999477509091,-3.232195572079E-02,0.));
#2258 = ADVANCED_FACE('',(#2259),#2284,.F.);
#2259 = FACE_BOUND('',#2260,.F.);
#2260 = EDGE_LOOP('',(#2261,#2271,#2277,#2278));
#2261 = ORIENTED_EDGE('',*,*,#2262,.T.);
#2262 = EDGE_CURVE('',#2263,#2265,#2267,.T.);
#2263 = VERTEX_POINT('',#2264);
#2264 = CARTESIAN_POINT('',(-0.173271033152,13.398879697537,4.1416));
#2265 = VERTEX_POINT('',#2266);
#2266 = CARTESIAN_POINT('',(-0.173271033152,13.398879697537,4.2916));
#2267 = LINE('',#2268,#2269);
#2268 = CARTESIAN_POINT('',(-0.173271033152,13.398879697537,4.1416));
#2269 = VECTOR('',#2270,1.);
#2270 = DIRECTION('',(0.,0.,1.));
#2271 = ORIENTED_EDGE('',*,*,#2272,.T.);
#2272 = EDGE_CURVE('',#2265,#2234,#2273,.T.);
#2273 = LINE('',#2274,#2275);
#2274 = CARTESIAN_POINT('',(-0.173271033152,13.398879697537,4.2916));
#2275 = VECTOR('',#2276,1.);
#2276 = DIRECTION('',(-0.999811892788,-1.939533549847E-02,0.));
#2277 = ORIENTED_EDGE('',*,*,#2231,.F.);
#2278 = ORIENTED_EDGE('',*,*,#2279,.F.);
#2279 = EDGE_CURVE('',#2263,#2232,#2280,.T.);
#2280 = LINE('',#2281,#2282);
#2281 = CARTESIAN_POINT('',(-0.173271033152,13.398879697537,4.1416));
#2282 = VECTOR('',#2283,1.);
#2283 = DIRECTION('',(-0.999811892788,-1.939533549847E-02,0.));
#2284 = PLANE('',#2285);
#2285 = AXIS2_PLACEMENT_3D('',#2286,#2287,#2288);
#2286 = CARTESIAN_POINT('',(-0.173271033152,13.398879697537,4.1416));
#2287 = DIRECTION('',(1.939533549847E-02,-0.999811892788,0.));
#2288 = DIRECTION('',(-0.999811892788,-1.939533549847E-02,0.));
#2289 = ADVANCED_FACE('',(#2290),#2315,.F.);
#2290 = FACE_BOUND('',#2291,.F.);
#2291 = EDGE_LOOP('',(#2292,#2302,#2308,#2309));
#2292 = ORIENTED_EDGE('',*,*,#2293,.T.);
#2293 = EDGE_CURVE('',#2294,#2296,#2298,.T.);
#2294 = VERTEX_POINT('',#2295);
#2295 = CARTESIAN_POINT('',(8.205133554287E-16,13.4,4.1416));
#2296 = VERTEX_POINT('',#2297);
#2297 = CARTESIAN_POINT('',(8.205133554287E-16,13.4,4.2916));
#2298 = LINE('',#2299,#2300);
#2299 = CARTESIAN_POINT('',(8.205133554287E-16,13.4,4.1416));
#2300 = VECTOR('',#2301,1.);
#2301 = DIRECTION('',(0.,0.,1.));
#2302 = ORIENTED_EDGE('',*,*,#2303,.T.);
#2303 = EDGE_CURVE('',#2296,#2265,#2304,.T.);
#2304 = LINE('',#2305,#2306);
#2305 = CARTESIAN_POINT('',(8.205133554287E-16,13.4,4.2916));
#2306 = VECTOR('',#2307,1.);
#2307 = DIRECTION('',(-0.999979098616,-6.465472195234E-03,0.));
#2308 = ORIENTED_EDGE('',*,*,#2262,.F.);
#2309 = ORIENTED_EDGE('',*,*,#2310,.F.);
#2310 = EDGE_CURVE('',#2294,#2263,#2311,.T.);
#2311 = LINE('',#2312,#2313);
#2312 = CARTESIAN_POINT('',(8.205133554287E-16,13.4,4.1416));
#2313 = VECTOR('',#2314,1.);
#2314 = DIRECTION('',(-0.999979098616,-6.465472195234E-03,0.));
#2315 = PLANE('',#2316);
#2316 = AXIS2_PLACEMENT_3D('',#2317,#2318,#2319);
#2317 = CARTESIAN_POINT('',(8.205133554287E-16,13.4,4.1416));
#2318 = DIRECTION('',(6.465472195234E-03,-0.999979098616,0.));
#2319 = DIRECTION('',(-0.999979098616,-6.465472195234E-03,0.));
#2320 = ADVANCED_FACE('',(#2321),#2346,.F.);
#2321 = FACE_BOUND('',#2322,.F.);
#2322 = EDGE_LOOP('',(#2323,#2333,#2339,#2340));
#2323 = ORIENTED_EDGE('',*,*,#2324,.T.);
#2324 = EDGE_CURVE('',#2325,#2327,#2329,.T.);
#2325 = VERTEX_POINT('',#2326);
#2326 = CARTESIAN_POINT('',(0.173271033152,13.398879697537,4.1416));
#2327 = VERTEX_POINT('',#2328);
#2328 = CARTESIAN_POINT('',(0.173271033152,13.398879697537,4.2916));
#2329 = LINE('',#2330,#2331);
#2330 = CARTESIAN_POINT('',(0.173271033152,13.398879697537,4.1416));
#2331 = VECTOR('',#2332,1.);
#2332 = DIRECTION('',(0.,0.,1.));
#2333 = ORIENTED_EDGE('',*,*,#2334,.T.);
#2334 = EDGE_CURVE('',#2327,#2296,#2335,.T.);
#2335 = LINE('',#2336,#2337);
#2336 = CARTESIAN_POINT('',(0.173271033152,13.398879697537,4.2916));
#2337 = VECTOR('',#2338,1.);
#2338 = DIRECTION('',(-0.999979098616,6.465472195234E-03,0.));
#2339 = ORIENTED_EDGE('',*,*,#2293,.F.);
#2340 = ORIENTED_EDGE('',*,*,#2341,.F.);
#2341 = EDGE_CURVE('',#2325,#2294,#2342,.T.);
#2342 = LINE('',#2343,#2344);
#2343 = CARTESIAN_POINT('',(0.173271033152,13.398879697537,4.1416));
#2344 = VECTOR('',#2345,1.);
#2345 = DIRECTION('',(-0.999979098616,6.465472195234E-03,0.));
#2346 = PLANE('',#2347);
#2347 = AXIS2_PLACEMENT_3D('',#2348,#2349,#2350);
#2348 = CARTESIAN_POINT('',(0.173271033152,13.398879697537,4.1416));
#2349 = DIRECTION('',(-6.465472195234E-03,-0.999979098616,0.));
#2350 = DIRECTION('',(-0.999979098616,6.465472195234E-03,0.));
#2351 = ADVANCED_FACE('',(#2352),#2377,.F.);
#2352 = FACE_BOUND('',#2353,.F.);
#2353 = EDGE_LOOP('',(#2354,#2362,#2370,#2376));
#2354 = ORIENTED_EDGE('',*,*,#2355,.F.);
#2355 = EDGE_CURVE('',#2356,#2325,#2358,.T.);
#2356 = VERTEX_POINT('',#2357);
#2357 = CARTESIAN_POINT('',(0.263947610704,13.397120664007,4.1416));
#2358 = LINE('',#2359,#2360);
#2359 = CARTESIAN_POINT('',(0.346513093772,13.395518977473,4.1416));
#2360 = VECTOR('',#2361,1.);
#2361 = DIRECTION('',(-0.999811892788,1.939533549847E-02,0.));
#2362 = ORIENTED_EDGE('',*,*,#2363,.F.);
#2363 = EDGE_CURVE('',#2364,#2356,#2366,.T.);
#2364 = VERTEX_POINT('',#2365);
#2365 = CARTESIAN_POINT('',(0.263947610704,13.397120664007,4.2916));
#2366 = LINE('',#2367,#2368);
#2367 = CARTESIAN_POINT('',(0.263947610704,13.397120664007,4.1416));
#2368 = VECTOR('',#2369,1.);
#2369 = DIRECTION('',(0.,0.,-1.));
#2370 = ORIENTED_EDGE('',*,*,#2371,.T.);
#2371 = EDGE_CURVE('',#2364,#2327,#2372,.T.);
#2372 = LINE('',#2373,#2374);
#2373 = CARTESIAN_POINT('',(0.346513093772,13.395518977473,4.2916));
#2374 = VECTOR('',#2375,1.);
#2375 = DIRECTION('',(-0.999811892788,1.939533549847E-02,0.));
#2376 = ORIENTED_EDGE('',*,*,#2324,.F.);
#2377 = PLANE('',#2378);
#2378 = AXIS2_PLACEMENT_3D('',#2379,#2380,#2381);
#2379 = CARTESIAN_POINT('',(0.346513093772,13.395518977473,4.1416));
#2380 = DIRECTION('',(-1.939533549847E-02,-0.999811892788,0.));
#2381 = DIRECTION('',(-0.999811892788,1.939533549847E-02,0.));
#2382 = ADVANCED_FACE('',(#2383),#2408,.F.);
#2383 = FACE_BOUND('',#2384,.F.);
#2384 = EDGE_LOOP('',(#2385,#2393,#2401,#2407));
#2385 = ORIENTED_EDGE('',*,*,#2386,.F.);
#2386 = EDGE_CURVE('',#2387,#2356,#2389,.T.);
#2387 = VERTEX_POINT('',#2388);
#2388 = CARTESIAN_POINT('',(0.292319459463,13.396811162871,4.1416));
#2389 = LINE('',#2390,#2391);
#2390 = CARTESIAN_POINT('',(0.292319459463,13.396811162871,4.1416));
#2391 = VECTOR('',#2392,1.);
#2392 = DIRECTION('',(-0.999940505,1.090809149418E-02,0.));
#2393 = ORIENTED_EDGE('',*,*,#2394,.T.);
#2394 = EDGE_CURVE('',#2387,#2395,#2397,.T.);
#2395 = VERTEX_POINT('',#2396);
#2396 = CARTESIAN_POINT('',(0.292319459463,13.396811162871,4.2916));
#2397 = LINE('',#2398,#2399);
#2398 = CARTESIAN_POINT('',(0.292319459463,13.396811162871,4.1416));
#2399 = VECTOR('',#2400,1.);
#2400 = DIRECTION('',(0.,0.,1.));
#2401 = ORIENTED_EDGE('',*,*,#2402,.T.);
#2402 = EDGE_CURVE('',#2395,#2364,#2403,.T.);
#2403 = LINE('',#2404,#2405);
#2404 = CARTESIAN_POINT('',(0.292319459463,13.396811162871,4.2916));
#2405 = VECTOR('',#2406,1.);
#2406 = DIRECTION('',(-0.999940505,1.090809149418E-02,0.));
#2407 = ORIENTED_EDGE('',*,*,#2363,.T.);
#2408 = PLANE('',#2409);
#2409 = AXIS2_PLACEMENT_3D('',#2410,#2411,#2412);
#2410 = CARTESIAN_POINT('',(0.292319459463,13.396811162871,4.1416));
#2411 = DIRECTION('',(-1.090809149418E-02,-0.999940505,0.));
#2412 = DIRECTION('',(-0.999940505,1.090809149418E-02,0.));
#2413 = ADVANCED_FACE('',(#2414),#2439,.F.);
#2414 = FACE_BOUND('',#2415,.F.);
#2415 = EDGE_LOOP('',(#2416,#2424,#2432,#2438));
#2416 = ORIENTED_EDGE('',*,*,#2417,.F.);
#2417 = EDGE_CURVE('',#2418,#2387,#2420,.T.);
#2418 = VERTEX_POINT('',#2419);
#2419 = CARTESIAN_POINT('',(0.310379939195,13.396219923982,4.1416));
#2420 = LINE('',#2421,#2422);
#2421 = CARTESIAN_POINT('',(0.584499790696,13.387246169197,4.1416));
#2422 = VECTOR('',#2423,1.);
#2423 = DIRECTION('',(-0.999464587476,3.271908282178E-02,0.));
#2424 = ORIENTED_EDGE('',*,*,#2425,.T.);
#2425 = EDGE_CURVE('',#2418,#2426,#2428,.T.);
#2426 = VERTEX_POINT('',#2427);
#2427 = CARTESIAN_POINT('',(0.310379939195,13.396219923982,4.2916));
#2428 = LINE('',#2429,#2430);
#2429 = CARTESIAN_POINT('',(0.310379939195,13.396219923982,4.1416));
#2430 = VECTOR('',#2431,1.);
#2431 = DIRECTION('',(0.,0.,1.));
#2432 = ORIENTED_EDGE('',*,*,#2433,.T.);
#2433 = EDGE_CURVE('',#2426,#2395,#2434,.T.);
#2434 = LINE('',#2435,#2436);
#2435 = CARTESIAN_POINT('',(0.584499790696,13.387246169197,4.2916));
#2436 = VECTOR('',#2437,1.);
#2437 = DIRECTION('',(-0.999464587476,3.271908282178E-02,0.));
#2438 = ORIENTED_EDGE('',*,*,#2394,.F.);
#2439 = PLANE('',#2440);
#2440 = AXIS2_PLACEMENT_3D('',#2441,#2442,#2443);
#2441 = CARTESIAN_POINT('',(0.584499790696,13.387246169197,4.1416));
#2442 = DIRECTION('',(-3.271908282178E-02,-0.999464587476,0.));
#2443 = DIRECTION('',(-0.999464587476,3.271908282178E-02,0.));
#2444 = ADVANCED_FACE('',(#2445),#2470,.F.);
#2445 = FACE_BOUND('',#2446,.F.);
#2446 = EDGE_LOOP('',(#2447,#2455,#2463,#2469));
#2447 = ORIENTED_EDGE('',*,*,#2448,.F.);
#2448 = EDGE_CURVE('',#2449,#2418,#2451,.T.);
#2449 = VERTEX_POINT('',#2450);
#2450 = CARTESIAN_POINT('',(0.346513093772,13.395518977473,4.1416));
#2451 = LINE('',#2452,#2453);
#2452 = CARTESIAN_POINT('',(0.346513093772,13.395518977473,4.1416));
#2453 = VECTOR('',#2454,1.);
#2454 = DIRECTION('',(-0.999811892788,1.939533549847E-02,0.));
#2455 = ORIENTED_EDGE('',*,*,#2456,.T.);
#2456 = EDGE_CURVE('',#2449,#2457,#2459,.T.);
#2457 = VERTEX_POINT('',#2458);
#2458 = CARTESIAN_POINT('',(0.346513093772,13.395518977473,4.2916));
#2459 = LINE('',#2460,#2461);
#2460 = CARTESIAN_POINT('',(0.346513093772,13.395518977473,4.1416));
#2461 = VECTOR('',#2462,1.);
#2462 = DIRECTION('',(0.,0.,1.));
#2463 = ORIENTED_EDGE('',*,*,#2464,.T.);
#2464 = EDGE_CURVE('',#2457,#2426,#2465,.T.);
#2465 = LINE('',#2466,#2467);
#2466 = CARTESIAN_POINT('',(0.346513093772,13.395518977473,4.2916));
#2467 = VECTOR('',#2468,1.);
#2468 = DIRECTION('',(-0.999811892788,1.939533549847E-02,0.));
#2469 = ORIENTED_EDGE('',*,*,#2425,.F.);
#2470 = PLANE('',#2471);
#2471 = AXIS2_PLACEMENT_3D('',#2472,#2473,#2474);
#2472 = CARTESIAN_POINT('',(0.346513093772,13.395518977473,4.1416));
#2473 = DIRECTION('',(-1.939533549847E-02,-0.999811892788,0.));
#2474 = DIRECTION('',(-0.999811892788,1.939533549847E-02,0.));
#2475 = ADVANCED_FACE('',(#2476),#2501,.F.);
#2476 = FACE_BOUND('',#2477,.F.);
#2477 = EDGE_LOOP('',(#2478,#2488,#2494,#2495));
#2478 = ORIENTED_EDGE('',*,*,#2479,.T.);
#2479 = EDGE_CURVE('',#2480,#2482,#2484,.T.);
#2480 = VERTEX_POINT('',#2481);
#2481 = CARTESIAN_POINT('',(0.519697214172,13.389918401752,4.1416));
#2482 = VERTEX_POINT('',#2483);
#2483 = CARTESIAN_POINT('',(0.519697214172,13.389918401752,4.2916));
#2484 = LINE('',#2485,#2486);
#2485 = CARTESIAN_POINT('',(0.519697214172,13.389918401752,4.1416));
#2486 = VECTOR('',#2487,1.);
#2487 = DIRECTION('',(0.,0.,1.));
#2488 = ORIENTED_EDGE('',*,*,#2489,.T.);
#2489 = EDGE_CURVE('',#2482,#2457,#2490,.T.);
#2490 = LINE('',#2491,#2492);
#2491 = CARTESIAN_POINT('',(0.519697214172,13.389918401752,4.2916));
#2492 = VECTOR('',#2493,1.);
#2493 = DIRECTION('',(-0.999477509091,3.232195572079E-02,0.));
#2494 = ORIENTED_EDGE('',*,*,#2456,.F.);
#2495 = ORIENTED_EDGE('',*,*,#2496,.F.);
#2496 = EDGE_CURVE('',#2480,#2449,#2497,.T.);
#2497 = LINE('',#2498,#2499);
#2498 = CARTESIAN_POINT('',(0.519697214172,13.389918401752,4.1416));
#2499 = VECTOR('',#2500,1.);
#2500 = DIRECTION('',(-0.999477509091,3.232195572079E-02,0.));
#2501 = PLANE('',#2502);
#2502 = AXIS2_PLACEMENT_3D('',#2503,#2504,#2505);
#2503 = CARTESIAN_POINT('',(0.519697214172,13.389918401752,4.1416));
#2504 = DIRECTION('',(-3.232195572079E-02,-0.999477509091,0.));
#2505 = DIRECTION('',(-0.999477509091,3.232195572079E-02,0.));
#2506 = ADVANCED_FACE('',(#2507),#2532,.F.);
#2507 = FACE_BOUND('',#2508,.F.);
#2508 = EDGE_LOOP('',(#2509,#2517,#2525,#2531));
#2509 = ORIENTED_EDGE('',*,*,#2510,.F.);
#2510 = EDGE_CURVE('',#2511,#2480,#2513,.T.);
#2511 = VERTEX_POINT('',#2512);
#2512 = CARTESIAN_POINT('',(0.563576653622,13.387931121784,4.1416));
#2513 = LINE('',#2514,#2515);
#2514 = CARTESIAN_POINT('',(0.692794436353,13.382078906842,4.1416));
#2515 = VECTOR('',#2516,1.);
#2516 = DIRECTION('',(-0.998976003436,4.524317141077E-02,0.));
#2517 = ORIENTED_EDGE('',*,*,#2518,.F.);
#2518 = EDGE_CURVE('',#2519,#2511,#2521,.T.);
#2519 = VERTEX_POINT('',#2520);
#2520 = CARTESIAN_POINT('',(0.563576653622,13.387931121784,4.2916));
#2521 = LINE('',#2522,#2523);
#2522 = CARTESIAN_POINT('',(0.563576653622,13.387931121784,4.1416));
#2523 = VECTOR('',#2524,1.);
#2524 = DIRECTION('',(0.,0.,-1.));
#2525 = ORIENTED_EDGE('',*,*,#2526,.T.);
#2526 = EDGE_CURVE('',#2519,#2482,#2527,.T.);
#2527 = LINE('',#2528,#2529);
#2528 = CARTESIAN_POINT('',(0.692794436353,13.382078906842,4.2916));
#2529 = VECTOR('',#2530,1.);
#2530 = DIRECTION('',(-0.998976003436,4.524317141077E-02,0.));
#2531 = ORIENTED_EDGE('',*,*,#2479,.F.);
#2532 = PLANE('',#2533);
#2533 = AXIS2_PLACEMENT_3D('',#2534,#2535,#2536);
#2534 = CARTESIAN_POINT('',(0.692794436353,13.382078906842,4.1416));
#2535 = DIRECTION('',(-4.524317141077E-02,-0.998976003436,0.));
#2536 = DIRECTION('',(-0.998976003436,4.524317141077E-02,0.));
#2537 = ADVANCED_FACE('',(#2538),#2563,.F.);
#2538 = FACE_BOUND('',#2539,.F.);
#2539 = EDGE_LOOP('',(#2540,#2548,#2556,#2562));
#2540 = ORIENTED_EDGE('',*,*,#2541,.F.);
#2541 = EDGE_CURVE('',#2542,#2511,#2544,.T.);
#2542 = VERTEX_POINT('',#2543);
#2543 = CARTESIAN_POINT('',(0.584499790696,13.387246169197,4.1416));
#2544 = LINE('',#2545,#2546);
#2545 = CARTESIAN_POINT('',(0.584499790696,13.387246169197,4.1416));
#2546 = VECTOR('',#2547,1.);
#2547 = DIRECTION('',(-0.999464587476,3.271908282178E-02,0.));
#2548 = ORIENTED_EDGE('',*,*,#2549,.T.);
#2549 = EDGE_CURVE('',#2542,#2550,#2552,.T.);
#2550 = VERTEX_POINT('',#2551);
#2551 = CARTESIAN_POINT('',(0.584499790696,13.387246169197,4.2916));
#2552 = LINE('',#2553,#2554);
#2553 = CARTESIAN_POINT('',(0.584499790696,13.387246169197,4.1416));
#2554 = VECTOR('',#2555,1.);
#2555 = DIRECTION('',(0.,0.,1.));
#2556 = ORIENTED_EDGE('',*,*,#2557,.T.);
#2557 = EDGE_CURVE('',#2550,#2519,#2558,.T.);
#2558 = LINE('',#2559,#2560);
#2559 = CARTESIAN_POINT('',(0.584499790696,13.387246169197,4.2916));
#2560 = VECTOR('',#2561,1.);
#2561 = DIRECTION('',(-0.999464587476,3.271908282178E-02,0.));
#2562 = ORIENTED_EDGE('',*,*,#2518,.T.);
#2563 = PLANE('',#2564);
#2564 = AXIS2_PLACEMENT_3D('',#2565,#2566,#2567);
#2565 = CARTESIAN_POINT('',(0.584499790696,13.387246169197,4.1416));
#2566 = DIRECTION('',(-3.271908282178E-02,-0.999464587476,0.));
#2567 = DIRECTION('',(-0.999464587476,3.271908282178E-02,0.));
#2568 = ADVANCED_FACE('',(#2569),#2594,.F.);
#2569 = FACE_BOUND('',#2570,.F.);
#2570 = EDGE_LOOP('',(#2571,#2579,#2587,#2593));
#2571 = ORIENTED_EDGE('',*,*,#2572,.F.);
#2572 = EDGE_CURVE('',#2573,#2542,#2575,.T.);
#2573 = VERTEX_POINT('',#2574);
#2574 = CARTESIAN_POINT('',(0.612722755521,13.385705317055,4.1416));
#2575 = LINE('',#2576,#2577);
#2576 = CARTESIAN_POINT('',(0.876401931684,13.371309571397,4.1416));
#2577 = VECTOR('',#2578,1.);
#2578 = DIRECTION('',(-0.99851297894,5.451450163801E-02,0.));
#2579 = ORIENTED_EDGE('',*,*,#2580,.T.);
#2580 = EDGE_CURVE('',#2573,#2581,#2583,.T.);
#2581 = VERTEX_POINT('',#2582);
#2582 = CARTESIAN_POINT('',(0.612722755521,13.385705317055,4.2916));
#2583 = LINE('',#2584,#2585);
#2584 = CARTESIAN_POINT('',(0.61272275552,13.385705317055,4.1416));
#2585 = VECTOR('',#2586,1.);
#2586 = DIRECTION('',(0.,0.,1.));
#2587 = ORIENTED_EDGE('',*,*,#2588,.T.);
#2588 = EDGE_CURVE('',#2581,#2550,#2589,.T.);
#2589 = LINE('',#2590,#2591);
#2590 = CARTESIAN_POINT('',(0.876401931684,13.371309571397,4.2916));
#2591 = VECTOR('',#2592,1.);
#2592 = DIRECTION('',(-0.99851297894,5.451450163801E-02,0.));
#2593 = ORIENTED_EDGE('',*,*,#2549,.F.);
#2594 = PLANE('',#2595);
#2595 = AXIS2_PLACEMENT_3D('',#2596,#2597,#2598);
#2596 = CARTESIAN_POINT('',(0.876401931684,13.371309571397,4.1416));
#2597 = DIRECTION('',(-5.451450163801E-02,-0.99851297894,0.));
#2598 = DIRECTION('',(-0.99851297894,5.451450163801E-02,0.));
#2599 = ADVANCED_FACE('',(#2600),#2625,.F.);
#2600 = FACE_BOUND('',#2601,.F.);
#2601 = EDGE_LOOP('',(#2602,#2610,#2618,#2624));
#2602 = ORIENTED_EDGE('',*,*,#2603,.F.);
#2603 = EDGE_CURVE('',#2604,#2573,#2606,.T.);
#2604 = VERTEX_POINT('',#2605);
#2605 = CARTESIAN_POINT('',(0.692794436353,13.382078906842,4.1416));
#2606 = LINE('',#2607,#2608);
#2607 = CARTESIAN_POINT('',(0.692794436353,13.382078906842,4.1416));
#2608 = VECTOR('',#2609,1.);
#2609 = DIRECTION('',(-0.998976003436,4.524317141077E-02,0.));
#2610 = ORIENTED_EDGE('',*,*,#2611,.T.);
#2611 = EDGE_CURVE('',#2604,#2612,#2614,.T.);
#2612 = VERTEX_POINT('',#2613);
#2613 = CARTESIAN_POINT('',(0.692794436353,13.382078906842,4.2916));
#2614 = LINE('',#2615,#2616);
#2615 = CARTESIAN_POINT('',(0.692794436353,13.382078906842,4.1416));
#2616 = VECTOR('',#2617,1.);
#2617 = DIRECTION('',(0.,0.,1.));
#2618 = ORIENTED_EDGE('',*,*,#2619,.T.);
#2619 = EDGE_CURVE('',#2612,#2581,#2620,.T.);
#2620 = LINE('',#2621,#2622);
#2621 = CARTESIAN_POINT('',(0.692794436353,13.382078906842,4.2916));
#2622 = VECTOR('',#2623,1.);
#2623 = DIRECTION('',(-0.998976003436,4.524317141077E-02,0.));
#2624 = ORIENTED_EDGE('',*,*,#2580,.F.);
#2625 = PLANE('',#2626);
#2626 = AXIS2_PLACEMENT_3D('',#2627,#2628,#2629);
#2627 = CARTESIAN_POINT('',(0.692794436353,13.382078906842,4.1416));
#2628 = DIRECTION('',(-4.524317141077E-02,-0.998976003436,0.));
#2629 = DIRECTION('',(-0.998976003436,4.524317141077E-02,0.));
#2630 = ADVANCED_FACE('',(#2631),#2656,.F.);
#2631 = FACE_BOUND('',#2632,.F.);
#2632 = EDGE_LOOP('',(#2633,#2643,#2649,#2650));
#2633 = ORIENTED_EDGE('',*,*,#2634,.T.);
#2634 = EDGE_CURVE('',#2635,#2637,#2639,.T.);
#2635 = VERTEX_POINT('',#2636);
#2636 = CARTESIAN_POINT('',(0.865775816846,13.372001803581,4.1416));
#2637 = VERTEX_POINT('',#2638);
#2638 = CARTESIAN_POINT('',(0.865775816846,13.372001803581,4.2916));
#2639 = LINE('',#2640,#2641);
#2640 = CARTESIAN_POINT('',(0.865775816846,13.372001803581,4.1416));
#2641 = VECTOR('',#2642,1.);
#2642 = DIRECTION('',(0.,0.,1.));
#2643 = ORIENTED_EDGE('',*,*,#2644,.T.);
#2644 = EDGE_CURVE('',#2637,#2612,#2645,.T.);
#2645 = LINE('',#2646,#2647);
#2646 = CARTESIAN_POINT('',(0.865775816846,13.372001803581,4.2916));
#2647 = VECTOR('',#2648,1.);
#2648 = DIRECTION('',(-0.99830745968,5.815682202072E-02,0.));
#2649 = ORIENTED_EDGE('',*,*,#2611,.F.);
#2650 = ORIENTED_EDGE('',*,*,#2651,.F.);
#2651 = EDGE_CURVE('',#2635,#2604,#2652,.T.);
#2652 = LINE('',#2653,#2654);
#2653 = CARTESIAN_POINT('',(0.865775816846,13.372001803581,4.1416));
#2654 = VECTOR('',#2655,1.);
#2655 = DIRECTION('',(-0.99830745968,5.815682202072E-02,0.));
#2656 = PLANE('',#2657);
#2657 = AXIS2_PLACEMENT_3D('',#2658,#2659,#2660);
#2658 = CARTESIAN_POINT('',(0.865775816846,13.372001803581,4.1416));
#2659 = DIRECTION('',(-5.815682202072E-02,-0.99830745968,0.));
#2660 = DIRECTION('',(-0.99830745968,5.815682202072E-02,0.));
#2661 = ADVANCED_FACE('',(#2662),#2687,.F.);
#2662 = FACE_BOUND('',#2663,.F.);
#2663 = EDGE_LOOP('',(#2664,#2672,#2680,#2686));
#2664 = ORIENTED_EDGE('',*,*,#2665,.F.);
#2665 = EDGE_CURVE('',#2666,#2635,#2668,.T.);
#2666 = VERTEX_POINT('',#2667);
#2667 = CARTESIAN_POINT('',(0.872510035859,13.371522052122,4.1416));
#2668 = LINE('',#2669,#2670);
#2669 = CARTESIAN_POINT('',(1.03861243155,13.359688776952,4.1416));
#2670 = VECTOR('',#2671,1.);
#2671 = DIRECTION('',(-0.99747198961,7.106074826781E-02,0.));
#2672 = ORIENTED_EDGE('',*,*,#2673,.F.);
#2673 = EDGE_CURVE('',#2674,#2666,#2676,.T.);
#2674 = VERTEX_POINT('',#2675);
#2675 = CARTESIAN_POINT('',(0.872510035859,13.371522052122,4.2916));
#2676 = LINE('',#2677,#2678);
#2677 = CARTESIAN_POINT('',(0.87251003586,13.371522052122,4.1416));
#2678 = VECTOR('',#2679,1.);
#2679 = DIRECTION('',(0.,0.,-1.));
#2680 = ORIENTED_EDGE('',*,*,#2681,.T.);
#2681 = EDGE_CURVE('',#2674,#2637,#2682,.T.);
#2682 = LINE('',#2683,#2684);
#2683 = CARTESIAN_POINT('',(1.03861243155,13.359688776952,4.2916));
#2684 = VECTOR('',#2685,1.);
#2685 = DIRECTION('',(-0.99747198961,7.106074826781E-02,0.));
#2686 = ORIENTED_EDGE('',*,*,#2634,.F.);
#2687 = PLANE('',#2688);
#2688 = AXIS2_PLACEMENT_3D('',#2689,#2690,#2691);
#2689 = CARTESIAN_POINT('',(1.03861243155,13.359688776952,4.1416));
#2690 = DIRECTION('',(-7.106074826781E-02,-0.99747198961,0.));
#2691 = DIRECTION('',(-0.99747198961,7.106074826781E-02,0.));
#2692 = ADVANCED_FACE('',(#2693),#2718,.F.);
#2693 = FACE_BOUND('',#2694,.F.);
#2694 = EDGE_LOOP('',(#2695,#2703,#2711,#2717));
#2695 = ORIENTED_EDGE('',*,*,#2696,.F.);
#2696 = EDGE_CURVE('',#2697,#2666,#2699,.T.);
#2697 = VERTEX_POINT('',#2698);
#2698 = CARTESIAN_POINT('',(0.876401931684,13.371309571397,4.1416));
#2699 = LINE('',#2700,#2701);
#2700 = CARTESIAN_POINT('',(0.876401931684,13.371309571397,4.1416));
#2701 = VECTOR('',#2702,1.);
#2702 = DIRECTION('',(-0.99851297894,5.451450163801E-02,0.));
#2703 = ORIENTED_EDGE('',*,*,#2704,.T.);
#2704 = EDGE_CURVE('',#2697,#2705,#2707,.T.);
#2705 = VERTEX_POINT('',#2706);
#2706 = CARTESIAN_POINT('',(0.876401931684,13.371309571397,4.2916));
#2707 = LINE('',#2708,#2709);
#2708 = CARTESIAN_POINT('',(0.876401931684,13.371309571397,4.1416));
#2709 = VECTOR('',#2710,1.);
#2710 = DIRECTION('',(0.,0.,1.));
#2711 = ORIENTED_EDGE('',*,*,#2712,.T.);
#2712 = EDGE_CURVE('',#2705,#2674,#2713,.T.);
#2713 = LINE('',#2714,#2715);
#2714 = CARTESIAN_POINT('',(0.876401931684,13.371309571397,4.2916));
#2715 = VECTOR('',#2716,1.);
#2716 = DIRECTION('',(-0.99851297894,5.451450163801E-02,0.));
#2717 = ORIENTED_EDGE('',*,*,#2673,.T.);
#2718 = PLANE('',#2719);
#2719 = AXIS2_PLACEMENT_3D('',#2720,#2721,#2722);
#2720 = CARTESIAN_POINT('',(0.876401931684,13.371309571397,4.1416));
#2721 = DIRECTION('',(-5.451450163801E-02,-0.99851297894,0.));
#2722 = DIRECTION('',(-0.99851297894,5.451450163801E-02,0.));
#2723 = ADVANCED_FACE('',(#2724),#2749,.F.);
#2724 = FACE_BOUND('',#2725,.F.);
#2725 = EDGE_LOOP('',(#2726,#2734,#2742,#2748));
#2726 = ORIENTED_EDGE('',*,*,#2727,.F.);
#2727 = EDGE_CURVE('',#2728,#2697,#2730,.T.);
#2728 = VERTEX_POINT('',#2729);
#2729 = CARTESIAN_POINT('',(0.888703582331,13.370368410174,4.1416));
#2730 = LINE('',#2731,#2732);
#2731 = CARTESIAN_POINT('',(1.167886952819,13.349008954429,4.1416));
#2732 = VECTOR('',#2733,1.);
#2733 = DIRECTION('',(-0.997086132304,7.628397450395E-02,0.));
#2734 = ORIENTED_EDGE('',*,*,#2735,.T.);
#2735 = EDGE_CURVE('',#2728,#2736,#2738,.T.);
#2736 = VERTEX_POINT('',#2737);
#2737 = CARTESIAN_POINT('',(0.888703582331,13.370368410174,4.2916));
#2738 = LINE('',#2739,#2740);
#2739 = CARTESIAN_POINT('',(0.888703582328,13.370368410174,4.1416));
#2740 = VECTOR('',#2741,1.);
#2741 = DIRECTION('',(0.,0.,1.));
#2742 = ORIENTED_EDGE('',*,*,#2743,.T.);
#2743 = EDGE_CURVE('',#2736,#2705,#2744,.T.);
#2744 = LINE('',#2745,#2746);
#2745 = CARTESIAN_POINT('',(1.167886952819,13.349008954429,4.2916));
#2746 = VECTOR('',#2747,1.);
#2747 = DIRECTION('',(-0.997086132304,7.628397450395E-02,0.));
#2748 = ORIENTED_EDGE('',*,*,#2704,.F.);
#2749 = PLANE('',#2750);
#2750 = AXIS2_PLACEMENT_3D('',#2751,#2752,#2753);
#2751 = CARTESIAN_POINT('',(1.167886952819,13.349008954429,4.1416));
#2752 = DIRECTION('',(-7.628397450395E-02,-0.997086132304,0.));
#2753 = DIRECTION('',(-0.997086132304,7.628397450395E-02,0.));
#2754 = ADVANCED_FACE('',(#2755),#2780,.F.);
#2755 = FACE_BOUND('',#2756,.F.);
#2756 = EDGE_LOOP('',(#2757,#2765,#2773,#2779));
#2757 = ORIENTED_EDGE('',*,*,#2758,.F.);
#2758 = EDGE_CURVE('',#2759,#2728,#2761,.T.);
#2759 = VERTEX_POINT('',#2760);
#2760 = CARTESIAN_POINT('',(1.03861243155,13.359688776952,4.1416));
#2761 = LINE('',#2762,#2763);
#2762 = CARTESIAN_POINT('',(1.03861243155,13.359688776952,4.1416));
#2763 = VECTOR('',#2764,1.);
#2764 = DIRECTION('',(-0.99747198961,7.106074826781E-02,0.));
#2765 = ORIENTED_EDGE('',*,*,#2766,.T.);
#2766 = EDGE_CURVE('',#2759,#2767,#2769,.T.);
#2767 = VERTEX_POINT('',#2768);
#2768 = CARTESIAN_POINT('',(1.03861243155,13.359688776952,4.2916));
#2769 = LINE('',#2770,#2771);
#2770 = CARTESIAN_POINT('',(1.03861243155,13.359688776952,4.1416));
#2771 = VECTOR('',#2772,1.);
#2772 = DIRECTION('',(0.,0.,1.));
#2773 = ORIENTED_EDGE('',*,*,#2774,.T.);
#2774 = EDGE_CURVE('',#2767,#2736,#2775,.T.);
#2775 = LINE('',#2776,#2777);
#2776 = CARTESIAN_POINT('',(1.03861243155,13.359688776952,4.2916));
#2777 = VECTOR('',#2778,1.);
#2778 = DIRECTION('',(-0.99747198961,7.106074826781E-02,0.));
#2779 = ORIENTED_EDGE('',*,*,#2735,.F.);
#2780 = PLANE('',#2781);
#2781 = AXIS2_PLACEMENT_3D('',#2782,#2783,#2784);
#2782 = CARTESIAN_POINT('',(1.03861243155,13.359688776952,4.1416));
#2783 = DIRECTION('',(-7.106074826781E-02,-0.99747198961,0.));
#2784 = DIRECTION('',(-0.99747198961,7.106074826781E-02,0.));
#2785 = ADVANCED_FACE('',(#2786),#2811,.F.);
#2786 = FACE_BOUND('',#2787,.F.);
#2787 = EDGE_LOOP('',(#2788,#2796,#2804,#2810));
#2788 = ORIENTED_EDGE('',*,*,#2789,.F.);
#2789 = EDGE_CURVE('',#2790,#2759,#2792,.T.);
#2790 = VERTEX_POINT('',#2791);
#2791 = CARTESIAN_POINT('',(1.140562199621,13.35109948674,4.1416));
#2792 = LINE('',#2793,#2794);
#2793 = CARTESIAN_POINT('',(1.211275380573,13.345141885811,4.1416));
#2794 = VECTOR('',#2795,1.);
#2795 = DIRECTION('',(-0.996469732923,8.395279249534E-02,0.));
#2796 = ORIENTED_EDGE('',*,*,#2797,.F.);
#2797 = EDGE_CURVE('',#2798,#2790,#2800,.T.);
#2798 = VERTEX_POINT('',#2799);
#2799 = CARTESIAN_POINT('',(1.140562199621,13.35109948674,4.2916));
#2800 = LINE('',#2801,#2802);
#2801 = CARTESIAN_POINT('',(1.140562199621,13.35109948674,4.1416));
#2802 = VECTOR('',#2803,1.);
#2803 = DIRECTION('',(0.,0.,-1.));
#2804 = ORIENTED_EDGE('',*,*,#2805,.T.);
#2805 = EDGE_CURVE('',#2798,#2767,#2806,.T.);
#2806 = LINE('',#2807,#2808);
#2807 = CARTESIAN_POINT('',(1.211275380573,13.345141885811,4.2916));
#2808 = VECTOR('',#2809,1.);
#2809 = DIRECTION('',(-0.996469732923,8.395279249534E-02,0.));
#2810 = ORIENTED_EDGE('',*,*,#2766,.F.);
#2811 = PLANE('',#2812);
#2812 = AXIS2_PLACEMENT_3D('',#2813,#2814,#2815);
#2813 = CARTESIAN_POINT('',(1.211275380573,13.345141885811,4.1416));
#2814 = DIRECTION('',(-8.395279249534E-02,-0.996469732923,0.));
#2815 = DIRECTION('',(-0.996469732923,8.395279249534E-02,0.));
#2816 = ADVANCED_FACE('',(#2817),#2842,.F.);
#2817 = FACE_BOUND('',#2818,.F.);
#2818 = EDGE_LOOP('',(#2819,#2827,#2835,#2841));
#2819 = ORIENTED_EDGE('',*,*,#2820,.F.);
#2820 = EDGE_CURVE('',#2821,#2790,#2823,.T.);
#2821 = VERTEX_POINT('',#2822);
#2822 = CARTESIAN_POINT('',(1.167886952819,13.349008954429,4.1416));
#2823 = LINE('',#2824,#2825);
#2824 = CARTESIAN_POINT('',(1.167886952819,13.349008954429,4.1416));
#2825 = VECTOR('',#2826,1.);
#2826 = DIRECTION('',(-0.997086132304,7.628397450395E-02,0.));
#2827 = ORIENTED_EDGE('',*,*,#2828,.T.);
#2828 = EDGE_CURVE('',#2821,#2829,#2831,.T.);
#2829 = VERTEX_POINT('',#2830);
#2830 = CARTESIAN_POINT('',(1.167886952819,13.349008954429,4.2916));
#2831 = LINE('',#2832,#2833);
#2832 = CARTESIAN_POINT('',(1.167886952819,13.349008954429,4.1416));
#2833 = VECTOR('',#2834,1.);
#2834 = DIRECTION('',(0.,0.,1.));
#2835 = ORIENTED_EDGE('',*,*,#2836,.T.);
#2836 = EDGE_CURVE('',#2829,#2798,#2837,.T.);
#2837 = LINE('',#2838,#2839);
#2838 = CARTESIAN_POINT('',(1.167886952819,13.349008954429,4.2916));
#2839 = VECTOR('',#2840,1.);
#2840 = DIRECTION('',(-0.997086132304,7.628397450395E-02,0.));
#2841 = ORIENTED_EDGE('',*,*,#2797,.T.);
#2842 = PLANE('',#2843);
#2843 = AXIS2_PLACEMENT_3D('',#2844,#2845,#2846);
#2844 = CARTESIAN_POINT('',(1.167886952819,13.349008954429,4.1416));
#2845 = DIRECTION('',(-7.628397450395E-02,-0.997086132304,0.));
#2846 = DIRECTION('',(-0.997086132304,7.628397450395E-02,0.));
#2847 = ADVANCED_FACE('',(#2848),#2873,.F.);
#2848 = FACE_BOUND('',#2849,.F.);
#2849 = EDGE_LOOP('',(#2850,#2858,#2866,#2872));
#2850 = ORIENTED_EDGE('',*,*,#2851,.F.);
#2851 = EDGE_CURVE('',#2852,#2821,#2854,.T.);
#2852 = VERTEX_POINT('',#2853);
#2853 = CARTESIAN_POINT('',(1.182744151067,13.347545648124,4.1416));
#2854 = LINE('',#2855,#2856);
#2855 = CARTESIAN_POINT('',(1.458816123016,13.320354932179,4.1416));
#2856 = VECTOR('',#2857,1.);
#2857 = DIRECTION('',(-0.995184726672,9.801714032956E-02,0.));
#2858 = ORIENTED_EDGE('',*,*,#2859,.T.);
#2859 = EDGE_CURVE('',#2852,#2860,#2862,.T.);
#2860 = VERTEX_POINT('',#2861);
#2861 = CARTESIAN_POINT('',(1.182744151067,13.347545648124,4.2916));
#2862 = LINE('',#2863,#2864);
#2863 = CARTESIAN_POINT('',(1.182744151067,13.347545648124,4.1416));
#2864 = VECTOR('',#2865,1.);
#2865 = DIRECTION('',(0.,0.,1.));
#2866 = ORIENTED_EDGE('',*,*,#2867,.T.);
#2867 = EDGE_CURVE('',#2860,#2829,#2868,.T.);
#2868 = LINE('',#2869,#2870);
#2869 = CARTESIAN_POINT('',(1.458816123016,13.320354932179,4.2916));
#2870 = VECTOR('',#2871,1.);
#2871 = DIRECTION('',(-0.995184726672,9.801714032956E-02,0.));
#2872 = ORIENTED_EDGE('',*,*,#2828,.F.);
#2873 = PLANE('',#2874);
#2874 = AXIS2_PLACEMENT_3D('',#2875,#2876,#2877);
#2875 = CARTESIAN_POINT('',(1.458816123016,13.320354932179,4.1416));
#2876 = DIRECTION('',(-9.801714032956E-02,-0.995184726672,0.));
#2877 = DIRECTION('',(-0.995184726672,9.801714032956E-02,0.));
#2878 = ADVANCED_FACE('',(#2879),#2904,.F.);
#2879 = FACE_BOUND('',#2880,.F.);
#2880 = EDGE_LOOP('',(#2881,#2889,#2897,#2903));
#2881 = ORIENTED_EDGE('',*,*,#2882,.F.);
#2882 = EDGE_CURVE('',#2883,#2852,#2885,.T.);
#2883 = VERTEX_POINT('',#2884);
#2884 = CARTESIAN_POINT('',(1.211275380573,13.345141885811,4.1416));
#2885 = LINE('',#2886,#2887);
#2886 = CARTESIAN_POINT('',(1.211275380573,13.345141885811,4.1416));
#2887 = VECTOR('',#2888,1.);
#2888 = DIRECTION('',(-0.996469732923,8.395279249534E-02,0.));
#2889 = ORIENTED_EDGE('',*,*,#2890,.T.);
#2890 = EDGE_CURVE('',#2883,#2891,#2893,.T.);
#2891 = VERTEX_POINT('',#2892);
#2892 = CARTESIAN_POINT('',(1.211275380573,13.345141885811,4.2916));
#2893 = LINE('',#2894,#2895);
#2894 = CARTESIAN_POINT('',(1.211275380573,13.345141885811,4.1416));
#2895 = VECTOR('',#2896,1.);
#2896 = DIRECTION('',(0.,0.,1.));
#2897 = ORIENTED_EDGE('',*,*,#2898,.T.);
#2898 = EDGE_CURVE('',#2891,#2860,#2899,.T.);
#2899 = LINE('',#2900,#2901);
#2900 = CARTESIAN_POINT('',(1.211275380573,13.345141885811,4.2916));
#2901 = VECTOR('',#2902,1.);
#2902 = DIRECTION('',(-0.996469732923,8.395279249534E-02,0.));
#2903 = ORIENTED_EDGE('',*,*,#2859,.F.);
#2904 = PLANE('',#2905);
#2905 = AXIS2_PLACEMENT_3D('',#2906,#2907,#2908);
#2906 = CARTESIAN_POINT('',(1.211275380573,13.345141885811,4.1416));
#2907 = DIRECTION('',(-8.395279249534E-02,-0.996469732923,0.));
#2908 = DIRECTION('',(-0.996469732923,8.395279249534E-02,0.));
#2909 = ADVANCED_FACE('',(#2910),#2935,.F.);
#2910 = FACE_BOUND('',#2911,.F.);
#2911 = EDGE_LOOP('',(#2912,#2922,#2928,#2929));
#2912 = ORIENTED_EDGE('',*,*,#2913,.T.);
#2913 = EDGE_CURVE('',#2914,#2916,#2918,.T.);
#2914 = VERTEX_POINT('',#2915);
#2915 = CARTESIAN_POINT('',(1.38373579306,13.328363562531,4.1416));
#2916 = VERTEX_POINT('',#2917);
#2917 = CARTESIAN_POINT('',(1.38373579306,13.328363562531,4.2916));
#2918 = LINE('',#2919,#2920);
#2919 = CARTESIAN_POINT('',(1.38373579306,13.328363562531,4.1416));
#2920 = VECTOR('',#2921,1.);
#2921 = DIRECTION('',(0.,0.,1.));
#2922 = ORIENTED_EDGE('',*,*,#2923,.T.);
#2923 = EDGE_CURVE('',#2916,#2891,#2924,.T.);
#2924 = LINE('',#2925,#2926);
#2925 = CARTESIAN_POINT('',(1.38373579306,13.328363562531,4.2916));
#2926 = VECTOR('',#2927,1.);
#2927 = DIRECTION('',(-0.995300857208,9.683079903325E-02,0.));
#2928 = ORIENTED_EDGE('',*,*,#2890,.F.);
#2929 = ORIENTED_EDGE('',*,*,#2930,.F.);
#2930 = EDGE_CURVE('',#2914,#2883,#2931,.T.);
#2931 = LINE('',#2932,#2933);
#2932 = CARTESIAN_POINT('',(1.38373579306,13.328363562531,4.1416));
#2933 = VECTOR('',#2934,1.);
#2934 = DIRECTION('',(-0.995300857208,9.683079903325E-02,0.));
#2935 = PLANE('',#2936);
#2936 = AXIS2_PLACEMENT_3D('',#2937,#2938,#2939);
#2937 = CARTESIAN_POINT('',(1.38373579306,13.328363562531,4.1416));
#2938 = DIRECTION('',(-9.683079903325E-02,-0.995300857208,0.));
#2939 = DIRECTION('',(-0.995300857208,9.683079903325E-02,0.));
#2940 = ADVANCED_FACE('',(#2941),#2966,.F.);
#2941 = FACE_BOUND('',#2942,.F.);
#2942 = EDGE_LOOP('',(#2943,#2951,#2959,#2965));
#2943 = ORIENTED_EDGE('',*,*,#2944,.F.);
#2944 = EDGE_CURVE('',#2945,#2914,#2947,.T.);
#2945 = VERTEX_POINT('',#2946);
#2946 = CARTESIAN_POINT('',(1.435463679486,13.322654947114,4.1416));
#2947 = LINE('',#2948,#2949);
#2948 = CARTESIAN_POINT('',(1.555964832022,13.309356612606,4.1416));
#2949 = VECTOR('',#2950,1.);
#2950 = DIRECTION('',(-0.99396555791,0.109692614559,0.));
#2951 = ORIENTED_EDGE('',*,*,#2952,.F.);
#2952 = EDGE_CURVE('',#2953,#2945,#2955,.T.);
#2953 = VERTEX_POINT('',#2954);
#2954 = CARTESIAN_POINT('',(1.435463679486,13.322654947114,4.2916));
#2955 = LINE('',#2956,#2957);
#2956 = CARTESIAN_POINT('',(1.435463679486,13.322654947114,4.1416));
#2957 = VECTOR('',#2958,1.);
#2958 = DIRECTION('',(0.,0.,-1.));
#2959 = ORIENTED_EDGE('',*,*,#2960,.T.);
#2960 = EDGE_CURVE('',#2953,#2916,#2961,.T.);
#2961 = LINE('',#2962,#2963);
#2962 = CARTESIAN_POINT('',(1.555964832022,13.309356612606,4.2916));
#2963 = VECTOR('',#2964,1.);
#2964 = DIRECTION('',(-0.99396555791,0.109692614559,0.));
#2965 = ORIENTED_EDGE('',*,*,#2913,.F.);
#2966 = PLANE('',#2967);
#2967 = AXIS2_PLACEMENT_3D('',#2968,#2969,#2970);
#2968 = CARTESIAN_POINT('',(1.555964832022,13.309356612606,4.1416));
#2969 = DIRECTION('',(-0.109692614559,-0.99396555791,0.));
#2970 = DIRECTION('',(-0.99396555791,0.109692614559,0.));
#2971 = ADVANCED_FACE('',(#2972),#2997,.F.);
#2972 = FACE_BOUND('',#2973,.F.);
#2973 = EDGE_LOOP('',(#2974,#2982,#2990,#2996));
#2974 = ORIENTED_EDGE('',*,*,#2975,.F.);
#2975 = EDGE_CURVE('',#2976,#2945,#2978,.T.);
#2976 = VERTEX_POINT('',#2977);
#2977 = CARTESIAN_POINT('',(1.458816123016,13.320354932179,4.1416));
#2978 = LINE('',#2979,#2980);
#2979 = CARTESIAN_POINT('',(1.458816123016,13.320354932179,4.1416));
#2980 = VECTOR('',#2981,1.);
#2981 = DIRECTION('',(-0.995184726672,9.801714032956E-02,0.));
#2982 = ORIENTED_EDGE('',*,*,#2983,.T.);
#2983 = EDGE_CURVE('',#2976,#2984,#2986,.T.);
#2984 = VERTEX_POINT('',#2985);
#2985 = CARTESIAN_POINT('',(1.458816123016,13.320354932179,4.2916));
#2986 = LINE('',#2987,#2988);
#2987 = CARTESIAN_POINT('',(1.458816123016,13.320354932179,4.1416));
#2988 = VECTOR('',#2989,1.);
#2989 = DIRECTION('',(0.,0.,1.));
#2990 = ORIENTED_EDGE('',*,*,#2991,.T.);
#2991 = EDGE_CURVE('',#2984,#2953,#2992,.T.);
#2992 = LINE('',#2993,#2994);
#2993 = CARTESIAN_POINT('',(1.458816123016,13.320354932179,4.2916));
#2994 = VECTOR('',#2995,1.);
#2995 = DIRECTION('',(-0.995184726672,9.801714032956E-02,0.));
#2996 = ORIENTED_EDGE('',*,*,#2952,.T.);
#2997 = PLANE('',#2998);
#2998 = AXIS2_PLACEMENT_3D('',#2999,#3000,#3001);
#2999 = CARTESIAN_POINT('',(1.458816123016,13.320354932179,4.1416));
#3000 = DIRECTION('',(-9.801714032956E-02,-0.995184726672,0.));
#3001 = DIRECTION('',(-0.995184726672,9.801714032956E-02,0.));
#3002 = ADVANCED_FACE('',(#3003),#3028,.F.);
#3003 = FACE_BOUND('',#3004,.F.);
#3004 = EDGE_LOOP('',(#3005,#3013,#3021,#3027));
#3005 = ORIENTED_EDGE('',*,*,#3006,.F.);
#3006 = EDGE_CURVE('',#3007,#2976,#3009,.T.);
#3007 = VERTEX_POINT('',#3008);
#3008 = CARTESIAN_POINT('',(1.485953453911,13.317082967963,4.1416));
#3009 = LINE('',#3010,#3011);
#3010 = CARTESIAN_POINT('',(1.749050975749,13.285361142409,4.1416));
#3011 = VECTOR('',#3012,1.);
#3012 = DIRECTION('',(-0.992809667009,0.119703655305,0.));
#3013 = ORIENTED_EDGE('',*,*,#3014,.T.);
#3014 = EDGE_CURVE('',#3007,#3015,#3017,.T.);
#3015 = VERTEX_POINT('',#3016);
#3016 = CARTESIAN_POINT('',(1.485953453911,13.317082967963,4.2916));
#3017 = LINE('',#3018,#3019);
#3018 = CARTESIAN_POINT('',(1.485953453911,13.317082967964,4.1416));
#3019 = VECTOR('',#3020,1.);
#3020 = DIRECTION('',(0.,0.,1.));
#3021 = ORIENTED_EDGE('',*,*,#3022,.T.);
#3022 = EDGE_CURVE('',#3015,#2984,#3023,.T.);
#3023 = LINE('',#3024,#3025);
#3024 = CARTESIAN_POINT('',(1.749050975749,13.285361142409,4.2916));
#3025 = VECTOR('',#3026,1.);
#3026 = DIRECTION('',(-0.992809667009,0.119703655305,0.));
#3027 = ORIENTED_EDGE('',*,*,#2983,.F.);
#3028 = PLANE('',#3029);
#3029 = AXIS2_PLACEMENT_3D('',#3030,#3031,#3032);
#3030 = CARTESIAN_POINT('',(1.749050975749,13.285361142409,4.1416));
#3031 = DIRECTION('',(-0.119703655305,-0.992809667009,0.));
#3032 = DIRECTION('',(-0.992809667009,0.119703655305,0.));
#3033 = ADVANCED_FACE('',(#3034),#3059,.F.);
#3034 = FACE_BOUND('',#3035,.F.);
#3035 = EDGE_LOOP('',(#3036,#3044,#3052,#3058));
#3036 = ORIENTED_EDGE('',*,*,#3037,.F.);
#3037 = EDGE_CURVE('',#3038,#3007,#3040,.T.);
#3038 = VERTEX_POINT('',#3039);
#3039 = CARTESIAN_POINT('',(1.555964832022,13.309356612606,4.1416));
#3040 = LINE('',#3041,#3042);
#3041 = CARTESIAN_POINT('',(1.555964832022,13.309356612606,4.1416));
#3042 = VECTOR('',#3043,1.);
#3043 = DIRECTION('',(-0.99396555791,0.109692614559,0.));
#3044 = ORIENTED_EDGE('',*,*,#3045,.T.);
#3045 = EDGE_CURVE('',#3038,#3046,#3048,.T.);
#3046 = VERTEX_POINT('',#3047);
#3047 = CARTESIAN_POINT('',(1.555964832022,13.309356612606,4.2916));
#3048 = LINE('',#3049,#3050);
#3049 = CARTESIAN_POINT('',(1.555964832022,13.309356612606,4.1416));
#3050 = VECTOR('',#3051,1.);
#3051 = DIRECTION('',(0.,0.,1.));
#3052 = ORIENTED_EDGE('',*,*,#3053,.T.);
#3053 = EDGE_CURVE('',#3046,#3015,#3054,.T.);
#3054 = LINE('',#3055,#3056);
#3055 = CARTESIAN_POINT('',(1.555964832022,13.309356612606,4.2916));
#3056 = VECTOR('',#3057,1.);
#3057 = DIRECTION('',(-0.99396555791,0.109692614559,0.));
#3058 = ORIENTED_EDGE('',*,*,#3014,.F.);
#3059 = PLANE('',#3060);
#3060 = AXIS2_PLACEMENT_3D('',#3061,#3062,#3063);
#3061 = CARTESIAN_POINT('',(1.555964832022,13.309356612606,4.1416));
#3062 = DIRECTION('',(-0.109692614559,-0.99396555791,0.));
#3063 = DIRECTION('',(-0.99396555791,0.109692614559,0.));
#3064 = ADVANCED_FACE('',(#3065),#3090,.F.);
#3065 = FACE_BOUND('',#3066,.F.);
#3066 = EDGE_LOOP('',(#3067,#3077,#3083,#3084));
#3067 = ORIENTED_EDGE('',*,*,#3068,.T.);
#3068 = EDGE_CURVE('',#3069,#3071,#3073,.T.);
#3069 = VERTEX_POINT('',#3070);
#3070 = CARTESIAN_POINT('',(1.727933699158,13.288124214174,4.1416));
#3071 = VERTEX_POINT('',#3072);
#3072 = CARTESIAN_POINT('',(1.727933699158,13.288124214174,4.2916));
#3073 = LINE('',#3074,#3075);
#3074 = CARTESIAN_POINT('',(1.727933699158,13.288124214174,4.1416));
#3075 = VECTOR('',#3076,1.);
#3076 = DIRECTION('',(0.,0.,1.));
#3077 = ORIENTED_EDGE('',*,*,#3078,.T.);
#3078 = EDGE_CURVE('',#3071,#3046,#3079,.T.);
#3079 = LINE('',#3080,#3081);
#3080 = CARTESIAN_POINT('',(1.727933699158,13.288124214174,4.2916));
#3081 = VECTOR('',#3082,1.);
#3082 = DIRECTION('',(-0.992464058304,0.122536088457,0.));
#3083 = ORIENTED_EDGE('',*,*,#3045,.F.);
#3084 = ORIENTED_EDGE('',*,*,#3085,.F.);
#3085 = EDGE_CURVE('',#3069,#3038,#3086,.T.);
#3086 = LINE('',#3087,#3088);
#3087 = CARTESIAN_POINT('',(1.727933699158,13.288124214174,4.1416));
#3088 = VECTOR('',#3089,1.);
#3089 = DIRECTION('',(-0.992464058304,0.122536088457,0.));
#3090 = PLANE('',#3091);
#3091 = AXIS2_PLACEMENT_3D('',#3092,#3093,#3094);
#3092 = CARTESIAN_POINT('',(1.727933699158,13.288124214174,4.1416));
#3093 = DIRECTION('',(-0.122536088457,-0.992464058304,0.));
#3094 = DIRECTION('',(-0.992464058304,0.122536088457,0.));
#3095 = ADVANCED_FACE('',(#3096),#3121,.F.);
#3096 = FACE_BOUND('',#3097,.F.);
#3097 = EDGE_LOOP('',(#3098,#3106,#3114,#3120));
#3098 = ORIENTED_EDGE('',*,*,#3099,.F.);
#3099 = EDGE_CURVE('',#3100,#3069,#3102,.T.);
#3100 = VERTEX_POINT('',#3101);
#3101 = CARTESIAN_POINT('',(1.741454307142,13.286277077286,4.1416));
#3102 = LINE('',#3103,#3104);
#3103 = CARTESIAN_POINT('',(1.89961363967,13.264669917491,4.1416));
#3104 = VECTOR('',#3105,1.);
#3105 = DIRECTION('',(-0.990796609455,0.135359073178,0.));
#3106 = ORIENTED_EDGE('',*,*,#3107,.F.);
#3107 = EDGE_CURVE('',#3108,#3100,#3110,.T.);
#3108 = VERTEX_POINT('',#3109);
#3109 = CARTESIAN_POINT('',(1.741454307142,13.286277077286,4.2916));
#3110 = LINE('',#3111,#3112);
#3111 = CARTESIAN_POINT('',(1.741454307143,13.286277077286,4.1416));
#3112 = VECTOR('',#3113,1.);
#3113 = DIRECTION('',(0.,0.,-1.));
#3114 = ORIENTED_EDGE('',*,*,#3115,.T.);
#3115 = EDGE_CURVE('',#3108,#3071,#3116,.T.);
#3116 = LINE('',#3117,#3118);
#3117 = CARTESIAN_POINT('',(1.89961363967,13.264669917491,4.2916));
#3118 = VECTOR('',#3119,1.);
#3119 = DIRECTION('',(-0.990796609455,0.135359073178,0.));
#3120 = ORIENTED_EDGE('',*,*,#3068,.F.);
#3121 = PLANE('',#3122);
#3122 = AXIS2_PLACEMENT_3D('',#3123,#3124,#3125);
#3123 = CARTESIAN_POINT('',(1.89961363967,13.264669917491,4.1416));
#3124 = DIRECTION('',(-0.135359073178,-0.990796609455,0.));
#3125 = DIRECTION('',(-0.990796609455,0.135359073178,0.));
#3126 = ADVANCED_FACE('',(#3127),#3152,.F.);
#3127 = FACE_BOUND('',#3128,.F.);
#3128 = EDGE_LOOP('',(#3129,#3137,#3145,#3151));
#3129 = ORIENTED_EDGE('',*,*,#3130,.F.);
#3130 = EDGE_CURVE('',#3131,#3100,#3133,.T.);
#3131 = VERTEX_POINT('',#3132);
#3132 = CARTESIAN_POINT('',(1.749050975749,13.285361142409,4.1416));
#3133 = LINE('',#3134,#3135);
#3134 = CARTESIAN_POINT('',(1.749050975749,13.285361142409,4.1416));
#3135 = VECTOR('',#3136,1.);
#3136 = DIRECTION('',(-0.992809667009,0.119703655305,0.));
#3137 = ORIENTED_EDGE('',*,*,#3138,.T.);
#3138 = EDGE_CURVE('',#3131,#3139,#3141,.T.);
#3139 = VERTEX_POINT('',#3140);
#3140 = CARTESIAN_POINT('',(1.749050975749,13.285361142409,4.2916));
#3141 = LINE('',#3142,#3143);
#3142 = CARTESIAN_POINT('',(1.749050975749,13.285361142409,4.1416));
#3143 = VECTOR('',#3144,1.);
#3144 = DIRECTION('',(0.,0.,1.));
#3145 = ORIENTED_EDGE('',*,*,#3146,.T.);
#3146 = EDGE_CURVE('',#3139,#3108,#3147,.T.);
#3147 = LINE('',#3148,#3149);
#3148 = CARTESIAN_POINT('',(1.749050975749,13.285361142409,4.2916));
#3149 = VECTOR('',#3150,1.);
#3150 = DIRECTION('',(-0.992809667009,0.119703655305,0.));
#3151 = ORIENTED_EDGE('',*,*,#3107,.T.);
#3152 = PLANE('',#3153);
#3153 = AXIS2_PLACEMENT_3D('',#3154,#3155,#3156);
#3154 = CARTESIAN_POINT('',(1.749050975749,13.285361142409,4.1416));
#3155 = DIRECTION('',(-0.119703655305,-0.992809667009,0.));
#3156 = DIRECTION('',(-0.992809667009,0.119703655305,0.));
#3157 = ADVANCED_FACE('',(#3158),#3183,.F.);
#3158 = FACE_BOUND('',#3159,.F.);
#3159 = EDGE_LOOP('',(#3160,#3168,#3176,#3182));
#3160 = ORIENTED_EDGE('',*,*,#3161,.F.);
#3161 = EDGE_CURVE('',#3162,#3131,#3164,.T.);
#3162 = VERTEX_POINT('',#3163);
#3163 = CARTESIAN_POINT('',(1.768871682036,13.28253141403,4.1416));
#3164 = LINE('',#3165,#3166);
#3165 = CARTESIAN_POINT('',(2.038453374945,13.244044240268,4.1416));
#3166 = VECTOR('',#3167,1.);
#3167 = DIRECTION('',(-0.989962083715,0.141333197824,0.));
#3168 = ORIENTED_EDGE('',*,*,#3169,.T.);
#3169 = EDGE_CURVE('',#3162,#3170,#3172,.T.);
#3170 = VERTEX_POINT('',#3171);
#3171 = CARTESIAN_POINT('',(1.768871682036,13.28253141403,4.2916));
#3172 = LINE('',#3173,#3174);
#3173 = CARTESIAN_POINT('',(1.768871682037,13.28253141403,4.1416));
#3174 = VECTOR('',#3175,1.);
#3175 = DIRECTION('',(0.,0.,1.));
#3176 = ORIENTED_EDGE('',*,*,#3177,.T.);
#3177 = EDGE_CURVE('',#3170,#3139,#3178,.T.);
#3178 = LINE('',#3179,#3180);
#3179 = CARTESIAN_POINT('',(2.038453374945,13.244044240268,4.2916));
#3180 = VECTOR('',#3181,1.);
#3181 = DIRECTION('',(-0.989962083715,0.141333197824,0.));
#3182 = ORIENTED_EDGE('',*,*,#3138,.F.);
#3183 = PLANE('',#3184);
#3184 = AXIS2_PLACEMENT_3D('',#3185,#3186,#3187);
#3185 = CARTESIAN_POINT('',(2.038453374945,13.244044240268,4.1416));
#3186 = DIRECTION('',(-0.141333197824,-0.989962083715,0.));
#3187 = DIRECTION('',(-0.989962083715,0.141333197824,0.));
#3188 = ADVANCED_FACE('',(#3189),#3214,.F.);
#3189 = FACE_BOUND('',#3190,.F.);
#3190 = EDGE_LOOP('',(#3191,#3199,#3207,#3213));
#3191 = ORIENTED_EDGE('',*,*,#3192,.F.);
#3192 = EDGE_CURVE('',#3193,#3162,#3195,.T.);
#3193 = VERTEX_POINT('',#3194);
#3194 = CARTESIAN_POINT('',(1.89961363967,13.264669917491,4.1416));
#3195 = LINE('',#3196,#3197);
#3196 = CARTESIAN_POINT('',(1.89961363967,13.264669917491,4.1416));
#3197 = VECTOR('',#3198,1.);
#3198 = DIRECTION('',(-0.990796609455,0.135359073178,0.));
#3199 = ORIENTED_EDGE('',*,*,#3200,.T.);
#3200 = EDGE_CURVE('',#3193,#3201,#3203,.T.);
#3201 = VERTEX_POINT('',#3202);
#3202 = CARTESIAN_POINT('',(1.89961363967,13.264669917491,4.2916));
#3203 = LINE('',#3204,#3205);
#3204 = CARTESIAN_POINT('',(1.89961363967,13.264669917491,4.1416));
#3205 = VECTOR('',#3206,1.);
#3206 = DIRECTION('',(0.,0.,1.));
#3207 = ORIENTED_EDGE('',*,*,#3208,.T.);
#3208 = EDGE_CURVE('',#3201,#3170,#3209,.T.);
#3209 = LINE('',#3210,#3211);
#3210 = CARTESIAN_POINT('',(1.89961363967,13.264669917491,4.2916));
#3211 = VECTOR('',#3212,1.);
#3212 = DIRECTION('',(-0.990796609455,0.135359073178,0.));
#3213 = ORIENTED_EDGE('',*,*,#3169,.F.);
#3214 = PLANE('',#3215);
#3215 = AXIS2_PLACEMENT_3D('',#3216,#3217,#3218);
#3216 = CARTESIAN_POINT('',(1.89961363967,13.264669917491,4.1416));
#3217 = DIRECTION('',(-0.135359073178,-0.990796609455,0.));
#3218 = DIRECTION('',(-0.990796609455,0.135359073178,0.));
#3219 = ADVANCED_FACE('',(#3220),#3245,.F.);
#3220 = FACE_BOUND('',#3221,.F.);
#3221 = EDGE_LOOP('',(#3222,#3230,#3238,#3244));
#3222 = ORIENTED_EDGE('',*,*,#3223,.F.);
#3223 = EDGE_CURVE('',#3224,#3193,#3226,.T.);
#3224 = VERTEX_POINT('',#3225);
#3225 = CARTESIAN_POINT('',(2.013718306028,13.247575573888,4.1416));
#3226 = LINE('',#3227,#3228);
#3227 = CARTESIAN_POINT('',(2.070975947072,13.238997644333,4.1416));
#3228 = VECTOR('',#3229,1.);
#3229 = DIRECTION('',(-0.988963490176,0.148159424601,0.));
#3230 = ORIENTED_EDGE('',*,*,#3231,.F.);
#3231 = EDGE_CURVE('',#3232,#3224,#3234,.T.);
#3232 = VERTEX_POINT('',#3233);
#3233 = CARTESIAN_POINT('',(2.013718306028,13.247575573888,4.2916));
#3234 = LINE('',#3235,#3236);
#3235 = CARTESIAN_POINT('',(2.013718306028,13.247575573888,4.1416));
#3236 = VECTOR('',#3237,1.);
#3237 = DIRECTION('',(0.,0.,-1.));
#3238 = ORIENTED_EDGE('',*,*,#3239,.T.);
#3239 = EDGE_CURVE('',#3232,#3201,#3240,.T.);
#3240 = LINE('',#3241,#3242);
#3241 = CARTESIAN_POINT('',(2.070975947072,13.238997644333,4.2916));
#3242 = VECTOR('',#3243,1.);
#3243 = DIRECTION('',(-0.988963490176,0.148159424601,0.));
#3244 = ORIENTED_EDGE('',*,*,#3200,.F.);
#3245 = PLANE('',#3246);
#3246 = AXIS2_PLACEMENT_3D('',#3247,#3248,#3249);
#3247 = CARTESIAN_POINT('',(2.070975947072,13.238997644333,4.1416));
#3248 = DIRECTION('',(-0.148159424601,-0.988963490176,0.));
#3249 = DIRECTION('',(-0.988963490176,0.148159424601,0.));
#3250 = ADVANCED_FACE('',(#3251),#3276,.F.);
#3251 = FACE_BOUND('',#3252,.F.);
#3252 = EDGE_LOOP('',(#3253,#3261,#3269,#3275));
#3253 = ORIENTED_EDGE('',*,*,#3254,.F.);
#3254 = EDGE_CURVE('',#3255,#3224,#3257,.T.);
#3255 = VERTEX_POINT('',#3256);
#3256 = CARTESIAN_POINT('',(2.038453374945,13.244044240268,4.1416));
#3257 = LINE('',#3258,#3259);
#3258 = CARTESIAN_POINT('',(2.038453374945,13.244044240268,4.1416));
#3259 = VECTOR('',#3260,1.);
#3260 = DIRECTION('',(-0.989962083715,0.141333197824,0.));
#3261 = ORIENTED_EDGE('',*,*,#3262,.T.);
#3262 = EDGE_CURVE('',#3255,#3263,#3265,.T.);
#3263 = VERTEX_POINT('',#3264);
#3264 = CARTESIAN_POINT('',(2.038453374945,13.244044240268,4.2916));
#3265 = LINE('',#3266,#3267);
#3266 = CARTESIAN_POINT('',(2.038453374945,13.244044240268,4.1416));
#3267 = VECTOR('',#3268,1.);
#3268 = DIRECTION('',(0.,0.,1.));
#3269 = ORIENTED_EDGE('',*,*,#3270,.T.);
#3270 = EDGE_CURVE('',#3263,#3232,#3271,.T.);
#3271 = LINE('',#3272,#3273);
#3272 = CARTESIAN_POINT('',(2.038453374945,13.244044240268,4.2916));
#3273 = VECTOR('',#3274,1.);
#3274 = DIRECTION('',(-0.989962083715,0.141333197824,0.));
#3275 = ORIENTED_EDGE('',*,*,#3231,.T.);
#3276 = PLANE('',#3277);
#3277 = AXIS2_PLACEMENT_3D('',#3278,#3279,#3280);
#3278 = CARTESIAN_POINT('',(2.038453374945,13.244044240268,4.1416));
#3279 = DIRECTION('',(-0.141333197824,-0.989962083715,0.));
#3280 = DIRECTION('',(-0.989962083715,0.141333197824,0.));
#3281 = ADVANCED_FACE('',(#3282),#3307,.F.);
#3282 = FACE_BOUND('',#3283,.F.);
#3283 = EDGE_LOOP('',(#3284,#3292,#3300,#3306));
#3284 = ORIENTED_EDGE('',*,*,#3285,.F.);
#3285 = EDGE_CURVE('',#3286,#3255,#3288,.T.);
#3286 = VERTEX_POINT('',#3287);
#3287 = CARTESIAN_POINT('',(2.049854414717,13.242161920983,4.1416));
#3288 = LINE('',#3289,#3290);
#3289 = CARTESIAN_POINT('',(2.326885580737,13.196423890364,4.1416));
#3290 = VECTOR('',#3291,1.);
#3291 = DIRECTION('',(-0.986643332085,0.162895473395,0.));
#3292 = ORIENTED_EDGE('',*,*,#3293,.T.);
#3293 = EDGE_CURVE('',#3286,#3294,#3296,.T.);
#3294 = VERTEX_POINT('',#3295);
#3295 = CARTESIAN_POINT('',(2.049854414717,13.242161920983,4.2916));
#3296 = LINE('',#3297,#3298);
#3297 = CARTESIAN_POINT('',(2.049854414717,13.242161920984,4.1416));
#3298 = VECTOR('',#3299,1.);
#3299 = DIRECTION('',(0.,0.,1.));
#3300 = ORIENTED_EDGE('',*,*,#3301,.T.);
#3301 = EDGE_CURVE('',#3294,#3263,#3302,.T.);
#3302 = LINE('',#3303,#3304);
#3303 = CARTESIAN_POINT('',(2.326885580737,13.196423890364,4.2916));
#3304 = VECTOR('',#3305,1.);
#3305 = DIRECTION('',(-0.986643332085,0.162895473395,0.));
#3306 = ORIENTED_EDGE('',*,*,#3262,.F.);
#3307 = PLANE('',#3308);
#3308 = AXIS2_PLACEMENT_3D('',#3309,#3310,#3311);
#3309 = CARTESIAN_POINT('',(2.326885580737,13.196423890364,4.1416));
#3310 = DIRECTION('',(-0.162895473395,-0.986643332085,0.));
#3311 = DIRECTION('',(-0.986643332085,0.162895473395,0.));
#3312 = ADVANCED_FACE('',(#3313),#3329,.F.);
#3313 = FACE_BOUND('',#3314,.F.);
#3314 = EDGE_LOOP('',(#3315,#3321,#3322,#3328));
#3315 = ORIENTED_EDGE('',*,*,#3316,.F.);
#3316 = EDGE_CURVE('',#1147,#3286,#3317,.T.);
#3317 = LINE('',#3318,#3319);
#3318 = CARTESIAN_POINT('',(2.070975947072,13.238997644333,4.1416));
#3319 = VECTOR('',#3320,1.);
#3320 = DIRECTION('',(-0.988963490176,0.148159424601,0.));
#3321 = ORIENTED_EDGE('',*,*,#1163,.T.);
#3322 = ORIENTED_EDGE('',*,*,#3323,.T.);
#3323 = EDGE_CURVE('',#1156,#3294,#3324,.T.);
#3324 = LINE('',#3325,#3326);
#3325 = CARTESIAN_POINT('',(2.070975947072,13.238997644333,4.2916));
#3326 = VECTOR('',#3327,1.);
#3327 = DIRECTION('',(-0.988963490176,0.148159424601,0.));
#3328 = ORIENTED_EDGE('',*,*,#3293,.F.);
#3329 = PLANE('',#3330);
#3330 = AXIS2_PLACEMENT_3D('',#3331,#3332,#3333);
#3331 = CARTESIAN_POINT('',(2.070975947072,13.238997644333,4.1416));
#3332 = DIRECTION('',(-0.148159424601,-0.988963490176,0.));
#3333 = DIRECTION('',(-0.988963490176,0.148159424601,0.));
#3334 = ADVANCED_FACE('',(#3335),#3478,.F.);
#3335 = FACE_BOUND('',#3336,.T.);
#3336 = EDGE_LOOP('',(#3337,#3338,#3339,#3340,#3341,#3342,#3343,#3344,
    #3345,#3346,#3347,#3348,#3349,#3350,#3351,#3352,#3353,#3354,#3355,
    #3356,#3357,#3358,#3359,#3360,#3361,#3362,#3363,#3364,#3365,#3366,
    #3367,#3368,#3377,#3386,#3395,#3402,#3403,#3404,#3405,#3406,#3407,
    #3408,#3409,#3410,#3411,#3412,#3413,#3414,#3415,#3416,#3417,#3418,
    #3419,#3420,#3421,#3422,#3423,#3424,#3425,#3426,#3427,#3428,#3429,
    #3430,#3431,#3432,#3433,#3434,#3435,#3436,#3437,#3438,#3439,#3440,
    #3441,#3442,#3443,#3444,#3445,#3446,#3447,#3448,#3449,#3450,#3451,
    #3452,#3453,#3454,#3455,#3456,#3457,#3458,#3459,#3460,#3461,#3462,
    #3463,#3464,#3465,#3466,#3467,#3468,#3469,#3470,#3471,#3472,#3473,
    #3474,#3475,#3476,#3477));
#3337 = ORIENTED_EDGE('',*,*,#78,.F.);
#3338 = ORIENTED_EDGE('',*,*,#140,.F.);
#3339 = ORIENTED_EDGE('',*,*,#202,.F.);
#3340 = ORIENTED_EDGE('',*,*,#233,.F.);
#3341 = ORIENTED_EDGE('',*,*,#264,.F.);
#3342 = ORIENTED_EDGE('',*,*,#295,.F.);
#3343 = ORIENTED_EDGE('',*,*,#326,.F.);
#3344 = ORIENTED_EDGE('',*,*,#357,.F.);
#3345 = ORIENTED_EDGE('',*,*,#388,.F.);
#3346 = ORIENTED_EDGE('',*,*,#419,.F.);
#3347 = ORIENTED_EDGE('',*,*,#450,.F.);
#3348 = ORIENTED_EDGE('',*,*,#481,.F.);
#3349 = ORIENTED_EDGE('',*,*,#512,.F.);
#3350 = ORIENTED_EDGE('',*,*,#543,.F.);
#3351 = ORIENTED_EDGE('',*,*,#574,.F.);
#3352 = ORIENTED_EDGE('',*,*,#605,.F.);
#3353 = ORIENTED_EDGE('',*,*,#636,.F.);
#3354 = ORIENTED_EDGE('',*,*,#650,.F.);
#3355 = ORIENTED_EDGE('',*,*,#1115,.F.);
#3356 = ORIENTED_EDGE('',*,*,#1194,.F.);
#3357 = ORIENTED_EDGE('',*,*,#1225,.F.);
#3358 = ORIENTED_EDGE('',*,*,#1256,.F.);
#3359 = ORIENTED_EDGE('',*,*,#1287,.F.);
#3360 = ORIENTED_EDGE('',*,*,#1318,.F.);
#3361 = ORIENTED_EDGE('',*,*,#1349,.F.);
#3362 = ORIENTED_EDGE('',*,*,#1380,.F.);
#3363 = ORIENTED_EDGE('',*,*,#1411,.F.);
#3364 = ORIENTED_EDGE('',*,*,#1442,.F.);
#3365 = ORIENTED_EDGE('',*,*,#1473,.F.);
#3366 = ORIENTED_EDGE('',*,*,#1504,.F.);
#3367 = ORIENTED_EDGE('',*,*,#1535,.F.);
#3368 = ORIENTED_EDGE('',*,*,#3369,.T.);
#3369 = EDGE_CURVE('',#1519,#3370,#3372,.T.);
#3370 = VERTEX_POINT('',#3371);
#3371 = CARTESIAN_POINT('',(0.45,9.5,4.1416));
#3372 = CIRCLE('',#3373,0.45);
#3373 = AXIS2_PLACEMENT_3D('',#3374,#3375,#3376);
#3374 = CARTESIAN_POINT('',(5.81707229595E-16,9.5,4.1416));
#3375 = DIRECTION('',(0.,0.,1.));
#3376 = DIRECTION('',(1.,0.,-0.));
#3377 = ORIENTED_EDGE('',*,*,#3378,.T.);
#3378 = EDGE_CURVE('',#3370,#3379,#3381,.T.);
#3379 = VERTEX_POINT('',#3380);
#3380 = CARTESIAN_POINT('',(0.341112852211,9.793499611681,4.1416));
#3381 = CIRCLE('',#3382,0.45);
#3382 = AXIS2_PLACEMENT_3D('',#3383,#3384,#3385);
#3383 = CARTESIAN_POINT('',(5.81707229595E-16,9.5,4.1416));
#3384 = DIRECTION('',(0.,0.,1.));
#3385 = DIRECTION('',(1.,0.,-0.));
#3386 = ORIENTED_EDGE('',*,*,#3387,.T.);
#3387 = EDGE_CURVE('',#3379,#3388,#3390,.T.);
#3388 = VERTEX_POINT('',#3389);
#3389 = CARTESIAN_POINT('',(6.092617825758E-16,9.95,4.1416));
#3390 = CIRCLE('',#3391,0.45);
#3391 = AXIS2_PLACEMENT_3D('',#3392,#3393,#3394);
#3392 = CARTESIAN_POINT('',(5.81707229595E-16,9.5,4.1416));
#3393 = DIRECTION('',(0.,0.,1.));
#3394 = DIRECTION('',(1.,0.,-0.));
#3395 = ORIENTED_EDGE('',*,*,#3396,.T.);
#3396 = EDGE_CURVE('',#3388,#1519,#3397,.T.);
#3397 = CIRCLE('',#3398,0.45);
#3398 = AXIS2_PLACEMENT_3D('',#3399,#3400,#3401);
#3399 = CARTESIAN_POINT('',(5.81707229595E-16,9.5,4.1416));
#3400 = DIRECTION('',(0.,0.,1.));
#3401 = DIRECTION('',(1.,0.,-0.));
#3402 = ORIENTED_EDGE('',*,*,#1566,.F.);
#3403 = ORIENTED_EDGE('',*,*,#1597,.F.);
#3404 = ORIENTED_EDGE('',*,*,#1628,.F.);
#3405 = ORIENTED_EDGE('',*,*,#1659,.F.);
#3406 = ORIENTED_EDGE('',*,*,#1690,.F.);
#3407 = ORIENTED_EDGE('',*,*,#1721,.F.);
#3408 = ORIENTED_EDGE('',*,*,#1752,.F.);
#3409 = ORIENTED_EDGE('',*,*,#1783,.F.);
#3410 = ORIENTED_EDGE('',*,*,#1814,.F.);
#3411 = ORIENTED_EDGE('',*,*,#1845,.F.);
#3412 = ORIENTED_EDGE('',*,*,#1876,.F.);
#3413 = ORIENTED_EDGE('',*,*,#1907,.F.);
#3414 = ORIENTED_EDGE('',*,*,#1938,.F.);
#3415 = ORIENTED_EDGE('',*,*,#1969,.F.);
#3416 = ORIENTED_EDGE('',*,*,#2000,.F.);
#3417 = ORIENTED_EDGE('',*,*,#2031,.F.);
#3418 = ORIENTED_EDGE('',*,*,#2062,.F.);
#3419 = ORIENTED_EDGE('',*,*,#2093,.F.);
#3420 = ORIENTED_EDGE('',*,*,#2124,.F.);
#3421 = ORIENTED_EDGE('',*,*,#2155,.F.);
#3422 = ORIENTED_EDGE('',*,*,#2186,.F.);
#3423 = ORIENTED_EDGE('',*,*,#2217,.F.);
#3424 = ORIENTED_EDGE('',*,*,#2248,.F.);
#3425 = ORIENTED_EDGE('',*,*,#2279,.F.);
#3426 = ORIENTED_EDGE('',*,*,#2310,.F.);
#3427 = ORIENTED_EDGE('',*,*,#2341,.F.);
#3428 = ORIENTED_EDGE('',*,*,#2355,.F.);
#3429 = ORIENTED_EDGE('',*,*,#2386,.F.);
#3430 = ORIENTED_EDGE('',*,*,#2417,.F.);
#3431 = ORIENTED_EDGE('',*,*,#2448,.F.);
#3432 = ORIENTED_EDGE('',*,*,#2496,.F.);
#3433 = ORIENTED_EDGE('',*,*,#2510,.F.);
#3434 = ORIENTED_EDGE('',*,*,#2541,.F.);
#3435 = ORIENTED_EDGE('',*,*,#2572,.F.);
#3436 = ORIENTED_EDGE('',*,*,#2603,.F.);
#3437 = ORIENTED_EDGE('',*,*,#2651,.F.);
#3438 = ORIENTED_EDGE('',*,*,#2665,.F.);
#3439 = ORIENTED_EDGE('',*,*,#2696,.F.);
#3440 = ORIENTED_EDGE('',*,*,#2727,.F.);
#3441 = ORIENTED_EDGE('',*,*,#2758,.F.);
#3442 = ORIENTED_EDGE('',*,*,#2789,.F.);
#3443 = ORIENTED_EDGE('',*,*,#2820,.F.);
#3444 = ORIENTED_EDGE('',*,*,#2851,.F.);
#3445 = ORIENTED_EDGE('',*,*,#2882,.F.);
#3446 = ORIENTED_EDGE('',*,*,#2930,.F.);
#3447 = ORIENTED_EDGE('',*,*,#2944,.F.);
#3448 = ORIENTED_EDGE('',*,*,#2975,.F.);
#3449 = ORIENTED_EDGE('',*,*,#3006,.F.);
#3450 = ORIENTED_EDGE('',*,*,#3037,.F.);
#3451 = ORIENTED_EDGE('',*,*,#3085,.F.);
#3452 = ORIENTED_EDGE('',*,*,#3099,.F.);
#3453 = ORIENTED_EDGE('',*,*,#3130,.F.);
#3454 = ORIENTED_EDGE('',*,*,#3161,.F.);
#3455 = ORIENTED_EDGE('',*,*,#3192,.F.);
#3456 = ORIENTED_EDGE('',*,*,#3223,.F.);
#3457 = ORIENTED_EDGE('',*,*,#3254,.F.);
#3458 = ORIENTED_EDGE('',*,*,#3285,.F.);
#3459 = ORIENTED_EDGE('',*,*,#3316,.F.);
#3460 = ORIENTED_EDGE('',*,*,#1146,.F.);
#3461 = ORIENTED_EDGE('',*,*,#712,.F.);
#3462 = ORIENTED_EDGE('',*,*,#769,.F.);
#3463 = ORIENTED_EDGE('',*,*,#800,.F.);
#3464 = ORIENTED_EDGE('',*,*,#831,.F.);
#3465 = ORIENTED_EDGE('',*,*,#862,.F.);
#3466 = ORIENTED_EDGE('',*,*,#893,.F.);
#3467 = ORIENTED_EDGE('',*,*,#924,.F.);
#3468 = ORIENTED_EDGE('',*,*,#955,.F.);
#3469 = ORIENTED_EDGE('',*,*,#986,.F.);
#3470 = ORIENTED_EDGE('',*,*,#1017,.F.);
#3471 = ORIENTED_EDGE('',*,*,#1048,.F.);
#3472 = ORIENTED_EDGE('',*,*,#1079,.F.);
#3473 = ORIENTED_EDGE('',*,*,#1101,.F.);
#3474 = ORIENTED_EDGE('',*,*,#698,.F.);
#3475 = ORIENTED_EDGE('',*,*,#171,.F.);
#3476 = ORIENTED_EDGE('',*,*,#109,.F.);
#3477 = ORIENTED_EDGE('',*,*,#47,.F.);
#3478 = PLANE('',#3479);
#3479 = AXIS2_PLACEMENT_3D('',#3480,#3481,#3482);
#3480 = CARTESIAN_POINT('',(1.78291549445,10.885937012884,4.1416));
#3481 = DIRECTION('',(0.,0.,1.));
#3482 = DIRECTION('',(1.,0.,-0.));
#3483 = ADVANCED_FACE('',(#3484),#3506,.T.);
#3484 = FACE_BOUND('',#3485,.T.);
#3485 = EDGE_LOOP('',(#3486,#3487,#3488,#3489,#3490,#3498,#3505));
#3486 = ORIENTED_EDGE('',*,*,#3369,.F.);
#3487 = ORIENTED_EDGE('',*,*,#3396,.F.);
#3488 = ORIENTED_EDGE('',*,*,#3387,.F.);
#3489 = ORIENTED_EDGE('',*,*,#3378,.F.);
#3490 = ORIENTED_EDGE('',*,*,#3491,.F.);
#3491 = EDGE_CURVE('',#3492,#3370,#3494,.T.);
#3492 = VERTEX_POINT('',#3493);
#3493 = CARTESIAN_POINT('',(0.45,9.5,4.0416));
#3494 = LINE('',#3495,#3496);
#3495 = CARTESIAN_POINT('',(0.45,9.5,4.0416));
#3496 = VECTOR('',#3497,1.);
#3497 = DIRECTION('',(0.,0.,1.));
#3498 = ORIENTED_EDGE('',*,*,#3499,.T.);
#3499 = EDGE_CURVE('',#3492,#3492,#3500,.T.);
#3500 = CIRCLE('',#3501,0.45);
#3501 = AXIS2_PLACEMENT_3D('',#3502,#3503,#3504);
#3502 = CARTESIAN_POINT('',(5.81707229595E-16,9.5,4.0416));
#3503 = DIRECTION('',(0.,0.,1.));
#3504 = DIRECTION('',(1.,0.,-0.));
#3505 = ORIENTED_EDGE('',*,*,#3491,.T.);
#3506 = CYLINDRICAL_SURFACE('',#3507,0.45);
#3507 = AXIS2_PLACEMENT_3D('',#3508,#3509,#3510);
#3508 = CARTESIAN_POINT('',(5.81707229595E-16,9.5,4.0416));
#3509 = DIRECTION('',(0.,0.,1.));
#3510 = DIRECTION('',(1.,0.,-0.));
#3511 = ADVANCED_FACE('',(#3512),#3515,.F.);
#3512 = FACE_BOUND('',#3513,.T.);
#3513 = EDGE_LOOP('',(#3514));
#3514 = ORIENTED_EDGE('',*,*,#3499,.F.);
#3515 = PLANE('',#3516);
#3516 = AXIS2_PLACEMENT_3D('',#3517,#3518,#3519);
#3517 = CARTESIAN_POINT('',(5.81707229595E-16,9.5,4.0416));
#3518 = DIRECTION('',(0.,0.,1.));
#3519 = DIRECTION('',(1.,0.,-0.));
#3520 = ADVANCED_FACE('',(#3521),#3630,.T.);
#3521 = FACE_BOUND('',#3522,.T.);
#3522 = EDGE_LOOP('',(#3523,#3524,#3525,#3526,#3527,#3528,#3529,#3530,
    #3531,#3532,#3533,#3534,#3535,#3536,#3537,#3538,#3539,#3540,#3541,
    #3542,#3543,#3544,#3545,#3546,#3547,#3548,#3549,#3550,#3551,#3552,
    #3553,#3554,#3555,#3556,#3557,#3558,#3559,#3560,#3561,#3562,#3563,
    #3564,#3565,#3566,#3567,#3568,#3569,#3570,#3571,#3572,#3573,#3574,
    #3575,#3576,#3577,#3578,#3579,#3580,#3581,#3582,#3583,#3584,#3585,
    #3586,#3587,#3588,#3589,#3590,#3591,#3592,#3593,#3594,#3595,#3596,
    #3597,#3598,#3599,#3600,#3601,#3602,#3603,#3604,#3605,#3606,#3607,
    #3608,#3609,#3610,#3611,#3612,#3613,#3614,#3615,#3616,#3617,#3618,
    #3619,#3620,#3621,#3622,#3623,#3624,#3625,#3626,#3627,#3628,#3629));
#3523 = ORIENTED_EDGE('',*,*,#71,.T.);
#3524 = ORIENTED_EDGE('',*,*,#31,.T.);
#3525 = ORIENTED_EDGE('',*,*,#93,.T.);
#3526 = ORIENTED_EDGE('',*,*,#155,.T.);
#3527 = ORIENTED_EDGE('',*,*,#682,.T.);
#3528 = ORIENTED_EDGE('',*,*,#1094,.T.);
#3529 = ORIENTED_EDGE('',*,*,#1072,.T.);
#3530 = ORIENTED_EDGE('',*,*,#1041,.T.);
#3531 = ORIENTED_EDGE('',*,*,#1010,.T.);
#3532 = ORIENTED_EDGE('',*,*,#979,.T.);
#3533 = ORIENTED_EDGE('',*,*,#948,.T.);
#3534 = ORIENTED_EDGE('',*,*,#917,.T.);
#3535 = ORIENTED_EDGE('',*,*,#886,.T.);
#3536 = ORIENTED_EDGE('',*,*,#855,.T.);
#3537 = ORIENTED_EDGE('',*,*,#824,.T.);
#3538 = ORIENTED_EDGE('',*,*,#793,.T.);
#3539 = ORIENTED_EDGE('',*,*,#762,.T.);
#3540 = ORIENTED_EDGE('',*,*,#730,.T.);
#3541 = ORIENTED_EDGE('',*,*,#1155,.T.);
#3542 = ORIENTED_EDGE('',*,*,#3323,.T.);
#3543 = ORIENTED_EDGE('',*,*,#3301,.T.);
#3544 = ORIENTED_EDGE('',*,*,#3270,.T.);
#3545 = ORIENTED_EDGE('',*,*,#3239,.T.);
#3546 = ORIENTED_EDGE('',*,*,#3208,.T.);
#3547 = ORIENTED_EDGE('',*,*,#3177,.T.);
#3548 = ORIENTED_EDGE('',*,*,#3146,.T.);
#3549 = ORIENTED_EDGE('',*,*,#3115,.T.);
#3550 = ORIENTED_EDGE('',*,*,#3078,.T.);
#3551 = ORIENTED_EDGE('',*,*,#3053,.T.);
#3552 = ORIENTED_EDGE('',*,*,#3022,.T.);
#3553 = ORIENTED_EDGE('',*,*,#2991,.T.);
#3554 = ORIENTED_EDGE('',*,*,#2960,.T.);
#3555 = ORIENTED_EDGE('',*,*,#2923,.T.);
#3556 = ORIENTED_EDGE('',*,*,#2898,.T.);
#3557 = ORIENTED_EDGE('',*,*,#2867,.T.);
#3558 = ORIENTED_EDGE('',*,*,#2836,.T.);
#3559 = ORIENTED_EDGE('',*,*,#2805,.T.);
#3560 = ORIENTED_EDGE('',*,*,#2774,.T.);
#3561 = ORIENTED_EDGE('',*,*,#2743,.T.);
#3562 = ORIENTED_EDGE('',*,*,#2712,.T.);
#3563 = ORIENTED_EDGE('',*,*,#2681,.T.);
#3564 = ORIENTED_EDGE('',*,*,#2644,.T.);
#3565 = ORIENTED_EDGE('',*,*,#2619,.T.);
#3566 = ORIENTED_EDGE('',*,*,#2588,.T.);
#3567 = ORIENTED_EDGE('',*,*,#2557,.T.);
#3568 = ORIENTED_EDGE('',*,*,#2526,.T.);
#3569 = ORIENTED_EDGE('',*,*,#2489,.T.);
#3570 = ORIENTED_EDGE('',*,*,#2464,.T.);
#3571 = ORIENTED_EDGE('',*,*,#2433,.T.);
#3572 = ORIENTED_EDGE('',*,*,#2402,.T.);
#3573 = ORIENTED_EDGE('',*,*,#2371,.T.);
#3574 = ORIENTED_EDGE('',*,*,#2334,.T.);
#3575 = ORIENTED_EDGE('',*,*,#2303,.T.);
#3576 = ORIENTED_EDGE('',*,*,#2272,.T.);
#3577 = ORIENTED_EDGE('',*,*,#2241,.T.);
#3578 = ORIENTED_EDGE('',*,*,#2210,.T.);
#3579 = ORIENTED_EDGE('',*,*,#2179,.T.);
#3580 = ORIENTED_EDGE('',*,*,#2148,.T.);
#3581 = ORIENTED_EDGE('',*,*,#2117,.T.);
#3582 = ORIENTED_EDGE('',*,*,#2086,.T.);
#3583 = ORIENTED_EDGE('',*,*,#2055,.T.);
#3584 = ORIENTED_EDGE('',*,*,#2024,.T.);
#3585 = ORIENTED_EDGE('',*,*,#1993,.T.);
#3586 = ORIENTED_EDGE('',*,*,#1962,.T.);
#3587 = ORIENTED_EDGE('',*,*,#1931,.T.);
#3588 = ORIENTED_EDGE('',*,*,#1900,.T.);
#3589 = ORIENTED_EDGE('',*,*,#1869,.T.);
#3590 = ORIENTED_EDGE('',*,*,#1838,.T.);
#3591 = ORIENTED_EDGE('',*,*,#1807,.T.);
#3592 = ORIENTED_EDGE('',*,*,#1776,.T.);
#3593 = ORIENTED_EDGE('',*,*,#1745,.T.);
#3594 = ORIENTED_EDGE('',*,*,#1714,.T.);
#3595 = ORIENTED_EDGE('',*,*,#1683,.T.);
#3596 = ORIENTED_EDGE('',*,*,#1652,.T.);
#3597 = ORIENTED_EDGE('',*,*,#1621,.T.);
#3598 = ORIENTED_EDGE('',*,*,#1590,.T.);
#3599 = ORIENTED_EDGE('',*,*,#1559,.T.);
#3600 = ORIENTED_EDGE('',*,*,#1528,.T.);
#3601 = ORIENTED_EDGE('',*,*,#1497,.T.);
#3602 = ORIENTED_EDGE('',*,*,#1466,.T.);
#3603 = ORIENTED_EDGE('',*,*,#1435,.T.);
#3604 = ORIENTED_EDGE('',*,*,#1404,.T.);
#3605 = ORIENTED_EDGE('',*,*,#1373,.T.);
#3606 = ORIENTED_EDGE('',*,*,#1342,.T.);
#3607 = ORIENTED_EDGE('',*,*,#1311,.T.);
#3608 = ORIENTED_EDGE('',*,*,#1280,.T.);
#3609 = ORIENTED_EDGE('',*,*,#1249,.T.);
#3610 = ORIENTED_EDGE('',*,*,#1218,.T.);
#3611 = ORIENTED_EDGE('',*,*,#1187,.T.);
#3612 = ORIENTED_EDGE('',*,*,#1131,.T.);
#3613 = ORIENTED_EDGE('',*,*,#666,.T.);
#3614 = ORIENTED_EDGE('',*,*,#629,.T.);
#3615 = ORIENTED_EDGE('',*,*,#598,.T.);
#3616 = ORIENTED_EDGE('',*,*,#567,.T.);
#3617 = ORIENTED_EDGE('',*,*,#536,.T.);
#3618 = ORIENTED_EDGE('',*,*,#505,.T.);
#3619 = ORIENTED_EDGE('',*,*,#474,.T.);
#3620 = ORIENTED_EDGE('',*,*,#443,.T.);
#3621 = ORIENTED_EDGE('',*,*,#412,.T.);
#3622 = ORIENTED_EDGE('',*,*,#381,.T.);
#3623 = ORIENTED_EDGE('',*,*,#350,.T.);
#3624 = ORIENTED_EDGE('',*,*,#319,.T.);
#3625 = ORIENTED_EDGE('',*,*,#288,.T.);
#3626 = ORIENTED_EDGE('',*,*,#257,.T.);
#3627 = ORIENTED_EDGE('',*,*,#226,.T.);
#3628 = ORIENTED_EDGE('',*,*,#195,.T.);
#3629 = ORIENTED_EDGE('',*,*,#133,.T.);
#3630 = PLANE('',#3631);
#3631 = AXIS2_PLACEMENT_3D('',#3632,#3633,#3634);
#3632 = CARTESIAN_POINT('',(1.98377439645,11.043335016617,4.2916));
#3633 = DIRECTION('',(0.,0.,1.));
#3634 = DIRECTION('',(1.,0.,-0.));
#3635 = ( GEOMETRIC_REPRESENTATION_CONTEXT(3) 
GLOBAL_UNCERTAINTY_ASSIGNED_CONTEXT((#3639)) 
GLOBAL_UNIT_ASSIGNED_CONTEXT((#3636,#3637,#3638)) REPRESENTATION_CONTEXT
('Context #1','3D Context with UNIT and UNCERTAINTY') );
#3636 = ( LENGTH_UNIT() NAMED_UNIT(*) SI_UNIT(.MILLI.,.METRE.) );
#3637 = ( NAMED_UNIT(*) PLANE_ANGLE_UNIT() SI_UNIT($,.RADIAN.) );
#3638 = ( NAMED_UNIT(*) SI_UNIT($,.STERADIAN.) SOLID_ANGLE_UNIT() );
#3639 = UNCERTAINTY_MEASURE_WITH_UNIT(LENGTH_MEASURE(1.E-07),#3636,
  'distance_accuracy_value','confusion accuracy');
#3640 = PRODUCT_RELATED_PRODUCT_CATEGORY('part',$,(#7));
ENDSEC;
END-ISO-10303-21;
