ISO-10303-21;
HEADER;
FILE_DESCRIPTION(('FreeCAD Model'),'2;1');
FILE_NAME('Open CASCADE Shape Model','2026-09-04T17:05:05',('FreeCAD'),(
    'FreeCAD'),'Open CASCADE STEP processor 7.8','FreeCAD','Unknown');
FILE_SCHEMA(('AUTOMOTIVE_DESIGN { 1 0 10303 214 1 1 1 1 }'));
ENDSEC;
DATA;
#1 = APPLICATION_PROTOCOL_DEFINITION('international standard',
  'automotive_design',2000,#2);
#2 = APPLICATION_CONTEXT(
  'core data for automotive mechanical design processes');
#3 = SHAPE_DEFINITION_REPRESENTATION(#4,#10);
#4 = PRODUCT_DEFINITION_SHAPE('','',#5);
#5 = PRODUCT_DEFINITION('design','',#6,#9);
#6 = PRODUCT_DEFINITION_FORMATION('','',#7);
#7 = PRODUCT('Open CASCADE STEP translator 7.8 5',
  'Open CASCADE STEP translator 7.8 5','',(#8));
#8 = PRODUCT_CONTEXT('',#2,'mechanical');
#9 = PRODUCT_DEFINITION_CONTEXT('part definition',#2,'design');
#10 = ADVANCED_BREP_SHAPE_REPRESENTATION('',(#11,#15),#2712);
#11 = AXIS2_PLACEMENT_3D('',#12,#13,#14);
#12 = CARTESIAN_POINT('',(0.,0.,0.));
#13 = DIRECTION('',(0.,0.,1.));
#14 = DIRECTION('',(1.,0.,-0.));
#15 = MANIFOLD_SOLID_BREP('',#16);
#16 = CLOSED_SHELL('',(#17,#59,#708,#732,#1374,#1391,#1413,#1430,#1447,
    #1464,#1481,#1498,#1515,#1532,#1549,#1566,#1583,#1600,#1617,#1634,
    #1651,#1668,#1685,#1702,#1719,#1736,#1753,#1770,#1787,#1804,#1821,
    #1838,#1855,#1872,#1889,#1906,#1923,#1940,#1957,#1974,#1991,#2008,
    #2025,#2042,#2059,#2076,#2093,#2110,#2127,#2144,#2161,#2178,#2195,
    #2212,#2229,#2246,#2263,#2280,#2297,#2314,#2331,#2348,#2365,#2382,
    #2399,#2416,#2433,#2450,#2467,#2484,#2501,#2518,#2535,#2552,#2569,
    #2586,#2603,#2620,#2637,#2654,#2671,#2688,#2700));
#17 = ADVANCED_FACE('',(#18),#54,.T.);
#18 = FACE_BOUND('',#19,.T.);
#19 = EDGE_LOOP('',(#20,#31,#39,#48));
#20 = ORIENTED_EDGE('',*,*,#21,.F.);
#21 = EDGE_CURVE('',#22,#24,#26,.T.);
#22 = VERTEX_POINT('',#23);
#23 = CARTESIAN_POINT('',(12.666810842208,2.92436370647,5.2));
#24 = VERTEX_POINT('',#25);
#25 = CARTESIAN_POINT('',(-3.800832161396,12.431961827519,5.2));
#26 = CIRCLE('',#27,13.);
#27 = AXIS2_PLACEMENT_3D('',#28,#29,#30);
#28 = CARTESIAN_POINT('',(0.,0.,5.2));
#29 = DIRECTION('',(0.,0.,1.));
#30 = DIRECTION('',(1.,0.,-0.));
#31 = ORIENTED_EDGE('',*,*,#32,.F.);
#32 = EDGE_CURVE('',#33,#22,#35,.T.);
#33 = VERTEX_POINT('',#34);
#34 = CARTESIAN_POINT('',(12.666810842208,2.92436370647,4.6));
#35 = LINE('',#36,#37);
#36 = CARTESIAN_POINT('',(12.666810842208,2.92436370647,4.6));
#37 = VECTOR('',#38,1.);
#38 = DIRECTION('',(0.,0.,1.));
#39 = ORIENTED_EDGE('',*,*,#40,.T.);
#40 = EDGE_CURVE('',#33,#41,#43,.T.);
#41 = VERTEX_POINT('',#42);
#42 = CARTESIAN_POINT('',(-3.800832161396,12.431961827519,4.6));
#43 = CIRCLE('',#44,13.);
#44 = AXIS2_PLACEMENT_3D('',#45,#46,#47);
#45 = CARTESIAN_POINT('',(0.,0.,4.6));
#46 = DIRECTION('',(0.,0.,1.));
#47 = DIRECTION('',(1.,0.,-0.));
#48 = ORIENTED_EDGE('',*,*,#49,.T.);
#49 = EDGE_CURVE('',#41,#24,#50,.T.);
#50 = LINE('',#51,#52);
#51 = CARTESIAN_POINT('',(-3.800832161396,12.431961827519,4.6));
#52 = VECTOR('',#53,1.);
#53 = DIRECTION('',(0.,0.,1.));
#54 = CYLINDRICAL_SURFACE('',#55,13.);
#55 = AXIS2_PLACEMENT_3D('',#56,#57,#58);
#56 = CARTESIAN_POINT('',(0.,0.,4.6));
#57 = DIRECTION('',(0.,0.,1.));
#58 = DIRECTION('',(1.,0.,-0.));
#59 = ADVANCED_FACE('',(#60),#703,.T.);
#60 = FACE_BOUND('',#61,.T.);
#61 = EDGE_LOOP('',(#62,#72,#80,#86,#87,#95,#103,#111,#119,#127,#135,
    #143,#151,#159,#167,#175,#183,#191,#199,#207,#215,#223,#231,#239,
    #247,#255,#263,#271,#279,#287,#295,#304,#312,#320,#328,#336,#344,
    #352,#360,#368,#376,#384,#392,#400,#408,#416,#424,#432,#440,#448,
    #456,#464,#472,#480,#488,#496,#504,#512,#521,#529,#537,#545,#553,
    #561,#569,#577,#585,#593,#601,#609,#617,#625,#633,#641,#649,#657,
    #665,#673,#681,#689,#697));
#62 = ORIENTED_EDGE('',*,*,#63,.T.);
#63 = EDGE_CURVE('',#64,#66,#68,.T.);
#64 = VERTEX_POINT('',#65);
#65 = CARTESIAN_POINT('',(12.37544368793,2.368204705441,5.2));
#66 = VERTEX_POINT('',#67);
#67 = CARTESIAN_POINT('',(12.328456912856,2.601759048769,5.2));
#68 = LINE('',#69,#70);
#69 = CARTESIAN_POINT('',(12.340203606625,2.543370462937,5.2));
#70 = VECTOR('',#71,1.);
#71 = DIRECTION('',(-0.197229597588,0.980357325589,0.));
#72 = ORIENTED_EDGE('',*,*,#73,.T.);
#73 = EDGE_CURVE('',#66,#74,#76,.T.);
#74 = VERTEX_POINT('',#75);
#75 = CARTESIAN_POINT('',(12.277062816294,2.834383284733,5.2));
#76 = LINE('',#77,#78);
#77 = CARTESIAN_POINT('',(12.289911340434,2.776227225742,5.2));
#78 = VECTOR('',#79,1.);
#79 = DIRECTION('',(-0.215729574277,0.976453148278,0.));
#80 = ORIENTED_EDGE('',*,*,#81,.T.);
#81 = EDGE_CURVE('',#74,#22,#82,.T.);
#82 = LINE('',#83,#84);
#83 = CARTESIAN_POINT('',(6.5769979373,1.518419616821,5.2));
#84 = VECTOR('',#85,1.);
#85 = DIRECTION('',(0.974370064785,0.224951054344,-0.));
#86 = ORIENTED_EDGE('',*,*,#21,.T.);
#87 = ORIENTED_EDGE('',*,*,#88,.T.);
#88 = EDGE_CURVE('',#24,#89,#91,.T.);
#89 = VERTEX_POINT('',#90);
#90 = CARTESIAN_POINT('',(-3.683883479506,12.049439925134,5.2));
#91 = LINE('',#92,#93);
#92 = CARTESIAN_POINT('',(-1.841941739753,6.024719962567,5.2));
#93 = VECTOR('',#94,1.);
#94 = DIRECTION('',(0.292371704723,-0.956304755963,0.));
#95 = ORIENTED_EDGE('',*,*,#96,.T.);
#96 = EDGE_CURVE('',#89,#97,#99,.T.);
#97 = VERTEX_POINT('',#98);
#98 = CARTESIAN_POINT('',(-3.911039025668,11.97763640038,5.2));
#99 = LINE('',#100,#101);
#100 = CARTESIAN_POINT('',(-3.854250139128,11.995587281568,5.2));
#101 = VECTOR('',#102,1.);
#102 = DIRECTION('',(-0.953498019153,-0.301399282468,0.));
#103 = ORIENTED_EDGE('',*,*,#104,.T.);
#104 = EDGE_CURVE('',#97,#105,#107,.T.);
#105 = VERTEX_POINT('',#106);
#106 = CARTESIAN_POINT('',(-4.136796407691,11.901550969572,5.2));
#107 = LINE('',#108,#109);
#108 = CARTESIAN_POINT('',(-4.080357062185,11.920572327274,5.2));
#109 = VECTOR('',#110,1.);
#110 = DIRECTION('',(-0.94762914754,-0.319372820905,0.));
#111 = ORIENTED_EDGE('',*,*,#112,.T.);
#112 = EDGE_CURVE('',#105,#113,#115,.T.);
#113 = VERTEX_POINT('',#114);
#114 = CARTESIAN_POINT('',(-4.361074919176,11.821210832623,5.2));
#115 = LINE('',#116,#117);
#116 = CARTESIAN_POINT('',(-4.305005291305,11.84129586686,5.2));
#117 = VECTOR('',#118,1.);
#118 = DIRECTION('',(-0.941421506336,-0.337232186197,0.));
#119 = ORIENTED_EDGE('',*,*,#120,.T.);
#120 = EDGE_CURVE('',#113,#121,#123,.T.);
#121 = VERTEX_POINT('',#122);
#122 = CARTESIAN_POINT('',(-4.58379438241,11.736644710469,5.2));
#123 = LINE('',#124,#125);
#124 = CARTESIAN_POINT('',(-4.528114516601,11.757786241008,5.2));
#125 = VECTOR('',#126,1.);
#126 = DIRECTION('',(-0.934877314722,-0.354970993769,0.));
#127 = ORIENTED_EDGE('',*,*,#128,.T.);
#128 = EDGE_CURVE('',#121,#129,#131,.T.);
#129 = VERTEX_POINT('',#130);
#130 = CARTESIAN_POINT('',(-4.804875177023,11.6478828348,5.2));
#131 = LINE('',#132,#133);
#132 = CARTESIAN_POINT('',(-4.749604978369,11.670073303717,5.2));
#133 = VECTOR('',#134,1.);
#134 = DIRECTION('',(-0.927998912192,-0.372582902144,0.));
#135 = ORIENTED_EDGE('',*,*,#136,.T.);
#136 = EDGE_CURVE('',#129,#137,#139,.T.);
#137 = VERTEX_POINT('',#138);
#138 = CARTESIAN_POINT('',(-5.024238268458,11.554956937253,5.2));
#139 = LINE('',#140,#141);
#140 = CARTESIAN_POINT('',(-4.969397495599,11.578188411639,5.2));
#141 = VECTOR('',#142,1.);
#142 = DIRECTION('',(-0.920788757718,-0.39006161521,0.));
#143 = ORIENTED_EDGE('',*,*,#144,.T.);
#144 = EDGE_CURVE('',#137,#145,#147,.T.);
#145 = VERTEX_POINT('',#146);
#146 = CARTESIAN_POINT('',(-5.241805236223,11.457900238067,5.2));
#147 = LINE('',#148,#149);
#148 = CARTESIAN_POINT('',(-5.187413494282,11.482164412864,5.2));
#149 = VECTOR('',#150,1.);
#150 = DIRECTION('',(-0.913249428871,-0.40740088447,0.));
#151 = ORIENTED_EDGE('',*,*,#152,.T.);
#152 = EDGE_CURVE('',#145,#153,#155,.T.);
#153 = VERTEX_POINT('',#154);
#154 = CARTESIAN_POINT('',(-5.457498301924,11.356747434213,5.2));
#155 = LINE('',#156,#157);
#156 = CARTESIAN_POINT('',(-5.403575035498,11.382035635176,5.2));
#157 = VECTOR('',#158,1.);
#158 = DIRECTION('',(-0.905383620898,-0.424594511281,0.));
#159 = ORIENTED_EDGE('',*,*,#160,.T.);
#160 = EDGE_CURVE('',#153,#161,#163,.T.);
#161 = VERTEX_POINT('',#162);
#162 = CARTESIAN_POINT('',(-5.671240357072,11.25153468698,5.2));
#163 = LINE('',#164,#165);
#164 = CARTESIAN_POINT('',(-5.617804843285,11.277837873788,5.2));
#165 = VECTOR('',#166,1.);
#166 = DIRECTION('',(-0.897194145761,-0.441636349061,0.));
#167 = ORIENTED_EDGE('',*,*,#168,.T.);
#168 = EDGE_CURVE('',#161,#169,#171,.T.);
#169 = VERTEX_POINT('',#170);
#170 = CARTESIAN_POINT('',(-5.882954990648,11.142299609058,5.2));
#171 = LINE('',#172,#173);
#172 = CARTESIAN_POINT('',(-5.830026332254,11.169608378538,5.2));
#173 = VECTOR('',#174,1.);
#174 = DIRECTION('',(-0.888683931129,-0.458520305496,0.));
#175 = ORIENTED_EDGE('',*,*,#176,.T.);
#176 = EDGE_CURVE('',#169,#177,#179,.T.);
#177 = VERTEX_POINT('',#178);
#178 = CARTESIAN_POINT('',(-6.09256651642,11.029081251083,5.2));
#179 = LINE('',#180,#181);
#180 = CARTESIAN_POINT('',(-6.040163634977,11.057385840577,5.2));
#181 = VECTOR('',#182,1.);
#182 = DIRECTION('',(-0.879856019335,-0.47524034471,0.));
#183 = ORIENTED_EDGE('',*,*,#184,.T.);
#184 = EDGE_CURVE('',#177,#185,#187,.T.);
#185 = VERTEX_POINT('',#186);
#186 = CARTESIAN_POINT('',(-6.3,10.911920087684,5.2));
#187 = LINE('',#188,#189);
#188 = CARTESIAN_POINT('',(-6.248141629105,10.941210378534,5.2));
#189 = VECTOR('',#190,1.);
#190 = DIRECTION('',(-0.870713566283,-0.491790489427,0.));
#191 = ORIENTED_EDGE('',*,*,#192,.T.);
#192 = EDGE_CURVE('',#185,#193,#195,.T.);
#193 = VERTEX_POINT('',#194);
#194 = CARTESIAN_POINT('',(-6.505181285631,10.790858003008,5.2));
#195 = LINE('',#196,#197);
#196 = CARTESIAN_POINT('',(-6.453885964223,10.821123524177,5.2));
#197 = VECTOR('',#198,1.);
#198 = DIRECTION('',(-0.861259840325,-0.508164823107,0.));
#199 = ORIENTED_EDGE('',*,*,#200,.T.);
#200 = EDGE_CURVE('',#193,#201,#203,.T.);
#201 = VERTEX_POINT('',#202);
#202 = CARTESIAN_POINT('',(-6.708037022698,10.665938275751,5.2));
#203 = LINE('',#204,#205);
#204 = CARTESIAN_POINT('',(-6.657323088431,10.697168207565,5.2));
#205 = VECTOR('',#206,1.);
#206 = DIRECTION('',(-0.85149822109,-0.524357492062,0.));
#207 = ORIENTED_EDGE('',*,*,#208,.T.);
#208 = EDGE_CURVE('',#201,#209,#211,.T.);
#209 = VERTEX_POINT('',#210);
#210 = CARTESIAN_POINT('',(-6.908494691951,10.537205563682,5.2));
#211 = LINE('',#212,#213);
#212 = CARTESIAN_POINT('',(-6.858380274638,10.569388741699,5.2));
#213 = VECTOR('',#214,1.);
#214 = DIRECTION('',(-0.841432198275,-0.540362707545,0.));
#215 = ORIENTED_EDGE('',*,*,#216,.T.);
#216 = EDGE_CURVE('',#209,#217,#219,.T.);
#217 = VERTEX_POINT('',#218);
#218 = CARTESIAN_POINT('',(-7.10648263143,10.404705887683,5.2));
#219 = LINE('',#220,#221);
#220 = CARTESIAN_POINT('',(-7.05698564656,10.437830806683,5.2));
#221 = VECTOR('',#222,1.);
#222 = DIRECTION('',(-0.831065370402,-0.556174747825,0.));
#223 = ORIENTED_EDGE('',*,*,#224,.T.);
#224 = EDGE_CURVE('',#217,#225,#227,.T.);
#225 = VERTEX_POINT('',#226);
#226 = CARTESIAN_POINT('',(-7.301930062083,10.268486615293,5.2));
#227 = LINE('',#228,#229);
#228 = CARTESIAN_POINT('',(-7.25306820442,10.30254143339,5.2));
#229 = VECTOR('',#230,1.);
#230 = DIRECTION('',(-0.820401443526,-0.571787960228,0.));
#231 = ORIENTED_EDGE('',*,*,#232,.T.);
#232 = EDGE_CURVE('',#225,#233,#235,.T.);
#233 = VERTEX_POINT('',#234);
#234 = CARTESIAN_POINT('',(-7.494767113067,10.128596443777,5.2));
#235 = LINE('',#236,#237);
#236 = CARTESIAN_POINT('',(-7.446557850321,10.163568986656,5.2));
#237 = VECTOR('',#238,1.);
#238 = DIRECTION('',(-0.809444229911,-0.587196763159,0.));
#239 = ORIENTED_EDGE('',*,*,#240,.T.);
#240 = EDGE_CURVE('',#233,#241,#243,.T.);
#241 = VERTEX_POINT('',#242);
#242 = CARTESIAN_POINT('',(-7.68492484673,9.985085382715,5.2));
#243 = LINE('',#244,#245);
#244 = CARTESIAN_POINT('',(-7.637385413314,10.020963147981,5.2));
#245 = VECTOR('',#246,1.);
#246 = DIRECTION('',(-0.798197646672,-0.602395648098,0.));
#247 = ORIENTED_EDGE('',*,*,#248,.T.);
#248 = EDGE_CURVE('',#241,#249,#251,.T.);
#249 = VERTEX_POINT('',#250);
#250 = CARTESIAN_POINT('',(-7.872335283254,9.838004736126,5.2));
#251 = LINE('',#252,#253);
#252 = CARTESIAN_POINT('',(-7.825482674123,9.874774897773,5.2));
#253 = VECTOR('',#254,1.);
#254 = DIRECTION('',(-0.786665714369,-0.617379181571,0.));
#255 = ORIENTED_EDGE('',*,*,#256,.T.);
#256 = EDGE_CURVE('',#249,#257,#259,.T.);
#257 = VERTEX_POINT('',#258);
#258 = CARTESIAN_POINT('',(-8.056931424955,9.687407084126,5.2));
#259 = LINE('',#260,#261);
#260 = CARTESIAN_POINT('',(-8.01078238953,9.725056497126,5.2));
#261 = VECTOR('',#262,1.);
#262 = DIRECTION('',(-0.774852555572,-0.632142007087,0.));
#263 = ORIENTED_EDGE('',*,*,#264,.T.);
#264 = EDGE_CURVE('',#257,#265,#267,.T.);
#265 = VERTEX_POINT('',#266);
#266 = CARTESIAN_POINT('',(-8.238647280239,9.53334626413,5.2));
#267 = LINE('',#268,#269);
#268 = CARTESIAN_POINT('',(-8.193218316418,9.571861469129,5.2));
#269 = VECTOR('',#270,1.);
#270 = DIRECTION('',(-0.762762393389,-0.646678847058,0.));
#271 = ORIENTED_EDGE('',*,*,#272,.T.);
#272 = EDGE_CURVE('',#265,#273,#275,.T.);
#273 = VERTEX_POINT('',#274);
#274 = CARTESIAN_POINT('',(-8.417417887188,9.375877351611,5.2));
#275 = LINE('',#276,#277);
#276 = CARTESIAN_POINT('',(-8.372725235451,9.415244579741,5.2));
#277 = VECTOR('',#278,1.);
#278 = DIRECTION('',(-0.750399549952,-0.660984504684,0.));
#279 = ORIENTED_EDGE('',*,*,#280,.T.);
#280 = EDGE_CURVE('',#273,#281,#283,.T.);
#281 = VERTEX_POINT('',#282);
#282 = CARTESIAN_POINT('',(-8.593179336787,9.215056640402,5.2));
#283 = LINE('',#284,#285);
#284 = CARTESIAN_POINT('',(-8.549238974388,9.255261818204,5.2));
#285 = VECTOR('',#286,1.);
#286 = DIRECTION('',(-0.737768444876,-0.675053865811,0.));
#287 = ORIENTED_EDGE('',*,*,#288,.T.);
#288 = EDGE_CURVE('',#281,#289,#291,.T.);
#289 = VERTEX_POINT('',#290);
#290 = CARTESIAN_POINT('',(-8.865978680812,9.507598121049,5.2));
#291 = LINE('',#292,#293);
#292 = CARTESIAN_POINT('',(-4.603488930422,4.936637485929,5.2));
#293 = VECTOR('',#294,1.);
#294 = DIRECTION('',(-0.681998360062,0.731353701619,0.));
#295 = ORIENTED_EDGE('',*,*,#296,.T.);
#296 = EDGE_CURVE('',#289,#297,#299,.T.);
#297 = VERTEX_POINT('',#298);
#298 = CARTESIAN_POINT('',(-8.865978680812,-9.507598121049,5.2));
#299 = CIRCLE('',#300,13.);
#300 = AXIS2_PLACEMENT_3D('',#301,#302,#303);
#301 = CARTESIAN_POINT('',(0.,0.,5.2));
#302 = DIRECTION('',(0.,0.,1.));
#303 = DIRECTION('',(1.,0.,-0.));
#304 = ORIENTED_EDGE('',*,*,#305,.T.);
#305 = EDGE_CURVE('',#297,#306,#308,.T.);
#306 = VERTEX_POINT('',#307);
#307 = CARTESIAN_POINT('',(-8.593179336787,-9.215056640402,5.2));
#308 = LINE('',#309,#310);
#309 = CARTESIAN_POINT('',(-4.296589668394,-4.607528320201,5.2));
#310 = VECTOR('',#311,1.);
#311 = DIRECTION('',(0.681998360062,0.731353701619,-0.));
#312 = ORIENTED_EDGE('',*,*,#313,.T.);
#313 = EDGE_CURVE('',#306,#314,#316,.T.);
#314 = VERTEX_POINT('',#315);
#315 = CARTESIAN_POINT('',(-8.417417887188,-9.375877351611,5.2));
#316 = LINE('',#317,#318);
#317 = CARTESIAN_POINT('',(-8.461358249588,-9.335672173808,5.2));
#318 = VECTOR('',#319,1.);
#319 = DIRECTION('',(0.737768444876,-0.675053865811,0.));
#320 = ORIENTED_EDGE('',*,*,#321,.T.);
#321 = EDGE_CURVE('',#314,#322,#324,.T.);
#322 = VERTEX_POINT('',#323);
#323 = CARTESIAN_POINT('',(-8.238647280239,-9.53334626413,5.2));
#324 = LINE('',#325,#326);
#325 = CARTESIAN_POINT('',(-8.283339931976,-9.493979036,5.2));
#326 = VECTOR('',#327,1.);
#327 = DIRECTION('',(0.750399549952,-0.660984504684,0.));
#328 = ORIENTED_EDGE('',*,*,#329,.T.);
#329 = EDGE_CURVE('',#322,#330,#332,.T.);
#330 = VERTEX_POINT('',#331);
#331 = CARTESIAN_POINT('',(-8.056931424955,-9.687407084126,5.2));
#332 = LINE('',#333,#334);
#333 = CARTESIAN_POINT('',(-8.102360388776,-9.648891879127,5.2));
#334 = VECTOR('',#335,1.);
#335 = DIRECTION('',(0.762762393389,-0.646678847058,0.));
#336 = ORIENTED_EDGE('',*,*,#337,.T.);
#337 = EDGE_CURVE('',#330,#338,#340,.T.);
#338 = VERTEX_POINT('',#339);
#339 = CARTESIAN_POINT('',(-7.872335283254,-9.838004736126,5.2));
#340 = LINE('',#341,#342);
#341 = CARTESIAN_POINT('',(-7.918484318679,-9.800355323126,5.2));
#342 = VECTOR('',#343,1.);
#343 = DIRECTION('',(0.774852555572,-0.632142007087,0.));
#344 = ORIENTED_EDGE('',*,*,#345,.T.);
#345 = EDGE_CURVE('',#338,#346,#348,.T.);
#346 = VERTEX_POINT('',#347);
#347 = CARTESIAN_POINT('',(-7.68492484673,-9.985085382715,5.2));
#348 = LINE('',#349,#350);
#349 = CARTESIAN_POINT('',(-7.731777455861,-9.948315221068,5.2));
#350 = VECTOR('',#351,1.);
#351 = DIRECTION('',(0.786665714369,-0.617379181571,0.));
#352 = ORIENTED_EDGE('',*,*,#353,.T.);
#353 = EDGE_CURVE('',#346,#354,#356,.T.);
#354 = VERTEX_POINT('',#355);
#355 = CARTESIAN_POINT('',(-7.494767113067,-10.12859644377,5.2));
#356 = LINE('',#357,#358);
#357 = CARTESIAN_POINT('',(-7.542306546483,-10.09271867851,5.2));
#358 = VECTOR('',#359,1.);
#359 = DIRECTION('',(0.798197646672,-0.602395648098,0.));
#360 = ORIENTED_EDGE('',*,*,#361,.T.);
#361 = EDGE_CURVE('',#354,#362,#364,.T.);
#362 = VERTEX_POINT('',#363);
#363 = CARTESIAN_POINT('',(-7.301930062083,-10.26848661529,5.2));
#364 = LINE('',#365,#366);
#365 = CARTESIAN_POINT('',(-7.350139324829,-10.23351407241,5.2));
#366 = VECTOR('',#367,1.);
#367 = DIRECTION('',(0.809444229911,-0.587196763159,0.));
#368 = ORIENTED_EDGE('',*,*,#369,.T.);
#369 = EDGE_CURVE('',#362,#370,#372,.T.);
#370 = VERTEX_POINT('',#371);
#371 = CARTESIAN_POINT('',(-7.10648263143,-10.40470588768,5.2));
#372 = LINE('',#373,#374);
#373 = CARTESIAN_POINT('',(-7.155344489093,-10.37065106958,5.2));
#374 = VECTOR('',#375,1.);
#375 = DIRECTION('',(0.820401443526,-0.571787960228,0.));
#376 = ORIENTED_EDGE('',*,*,#377,.T.);
#377 = EDGE_CURVE('',#370,#378,#380,.T.);
#378 = VERTEX_POINT('',#379);
#379 = CARTESIAN_POINT('',(-6.908494691951,-10.53720556368,5.2));
#380 = LINE('',#381,#382);
#381 = CARTESIAN_POINT('',(-6.957991676821,-10.50408064468,5.2));
#382 = VECTOR('',#383,1.);
#383 = DIRECTION('',(0.831065370402,-0.556174747825,0.));
#384 = ORIENTED_EDGE('',*,*,#385,.T.);
#385 = EDGE_CURVE('',#378,#386,#388,.T.);
#386 = VERTEX_POINT('',#387);
#387 = CARTESIAN_POINT('',(-6.708037022698,-10.66593827575,5.2));
#388 = LINE('',#389,#390);
#389 = CARTESIAN_POINT('',(-6.758151440011,-10.63375509773,5.2));
#390 = VECTOR('',#391,1.);
#391 = DIRECTION('',(0.841432198275,-0.540362707545,0.));
#392 = ORIENTED_EDGE('',*,*,#393,.T.);
#393 = EDGE_CURVE('',#386,#394,#396,.T.);
#394 = VERTEX_POINT('',#395);
#395 = CARTESIAN_POINT('',(-6.505181285631,-10.790858003,5.2));
#396 = LINE('',#397,#398);
#397 = CARTESIAN_POINT('',(-6.555895219897,-10.75962807119,5.2));
#398 = VECTOR('',#399,1.);
#399 = DIRECTION('',(0.85149822109,-0.524357492062,0.));
#400 = ORIENTED_EDGE('',*,*,#401,.T.);
#401 = EDGE_CURVE('',#394,#402,#404,.T.);
#402 = VERTEX_POINT('',#403);
#403 = CARTESIAN_POINT('',(-6.3,-10.91192008768,5.2));
#404 = LINE('',#405,#406);
#405 = CARTESIAN_POINT('',(-6.351295321408,-10.88165456651,5.2));
#406 = VECTOR('',#407,1.);
#407 = DIRECTION('',(0.861259840325,-0.508164823107,0.));
#408 = ORIENTED_EDGE('',*,*,#409,.T.);
#409 = EDGE_CURVE('',#402,#410,#412,.T.);
#410 = VERTEX_POINT('',#411);
#411 = CARTESIAN_POINT('',(-6.09256651642,-11.02908125108,5.2));
#412 = LINE('',#413,#414);
#413 = CARTESIAN_POINT('',(-6.144424887315,-10.99979096023,5.2));
#414 = VECTOR('',#415,1.);
#415 = DIRECTION('',(0.870713566283,-0.491790489427,0.));
#416 = ORIENTED_EDGE('',*,*,#417,.T.);
#417 = EDGE_CURVE('',#410,#418,#420,.T.);
#418 = VERTEX_POINT('',#419);
#419 = CARTESIAN_POINT('',(-5.882954990648,-11.14229960905,5.2));
#420 = LINE('',#421,#422);
#421 = CARTESIAN_POINT('',(-5.935357872091,-11.11399501956,5.2));
#422 = VECTOR('',#423,1.);
#423 = DIRECTION('',(0.879856019335,-0.47524034471,0.));
#424 = ORIENTED_EDGE('',*,*,#425,.T.);
#425 = EDGE_CURVE('',#418,#426,#428,.T.);
#426 = VERTEX_POINT('',#427);
#427 = CARTESIAN_POINT('',(-5.671240357072,-11.25153468698,5.2));
#428 = LINE('',#429,#430);
#429 = CARTESIAN_POINT('',(-5.724169015466,-11.2242259175,5.2));
#430 = VECTOR('',#431,1.);
#431 = DIRECTION('',(0.888683931129,-0.458520305496,0.));
#432 = ORIENTED_EDGE('',*,*,#433,.T.);
#433 = EDGE_CURVE('',#426,#434,#436,.T.);
#434 = VERTEX_POINT('',#435);
#435 = CARTESIAN_POINT('',(-5.457498301924,-11.35674743421,5.2));
#436 = LINE('',#437,#438);
#437 = CARTESIAN_POINT('',(-5.510933815711,-11.3304442474,5.2));
#438 = VECTOR('',#439,1.);
#439 = DIRECTION('',(0.897194145761,-0.441636349061,0.));
#440 = ORIENTED_EDGE('',*,*,#441,.T.);
#441 = EDGE_CURVE('',#434,#442,#444,.T.);
#442 = VERTEX_POINT('',#443);
#443 = CARTESIAN_POINT('',(-5.241805236223,-11.45790023806,5.2));
#444 = LINE('',#445,#446);
#445 = CARTESIAN_POINT('',(-5.295728502648,-11.4326120371,5.2));
#446 = VECTOR('',#447,1.);
#447 = DIRECTION('',(0.905383620898,-0.424594511281,0.));
#448 = ORIENTED_EDGE('',*,*,#449,.T.);
#449 = EDGE_CURVE('',#442,#450,#452,.T.);
#450 = VERTEX_POINT('',#451);
#451 = CARTESIAN_POINT('',(-5.024238268458,-11.55495693725,5.2));
#452 = LINE('',#453,#454);
#453 = CARTESIAN_POINT('',(-5.078630010399,-11.53069276245,5.2));
#454 = VECTOR('',#455,1.);
#455 = DIRECTION('',(0.913249428871,-0.40740088447,0.));
#456 = ORIENTED_EDGE('',*,*,#457,.T.);
#457 = EDGE_CURVE('',#450,#458,#460,.T.);
#458 = VERTEX_POINT('',#459);
#459 = CARTESIAN_POINT('',(-4.804875177023,-11.6478828348,5.2));
#460 = LINE('',#461,#462);
#461 = CARTESIAN_POINT('',(-4.859715949882,-11.62465136041,5.2));
#462 = VECTOR('',#463,1.);
#463 = DIRECTION('',(0.920788757718,-0.39006161521,0.));
#464 = ORIENTED_EDGE('',*,*,#465,.T.);
#465 = EDGE_CURVE('',#458,#466,#468,.T.);
#466 = VERTEX_POINT('',#467);
#467 = CARTESIAN_POINT('',(-4.58379438241,-11.73664471046,5.2));
#468 = LINE('',#469,#470);
#469 = CARTESIAN_POINT('',(-4.639064581063,-11.71445424155,5.2));
#470 = VECTOR('',#471,1.);
#471 = DIRECTION('',(0.927998912192,-0.372582902144,0.));
#472 = ORIENTED_EDGE('',*,*,#473,.T.);
#473 = EDGE_CURVE('',#466,#474,#476,.T.);
#474 = VERTEX_POINT('',#475);
#475 = CARTESIAN_POINT('',(-4.361074919176,-11.82121083262,5.2));
#476 = LINE('',#477,#478);
#477 = CARTESIAN_POINT('',(-4.416754784985,-11.80006930208,5.2));
#478 = VECTOR('',#479,1.);
#479 = DIRECTION('',(0.934877314722,-0.354970993769,0.));
#480 = ORIENTED_EDGE('',*,*,#481,.T.);
#481 = EDGE_CURVE('',#474,#482,#484,.T.);
#482 = VERTEX_POINT('',#483);
#483 = CARTESIAN_POINT('',(-4.136796407691,-11.90155096957,5.2));
#484 = LINE('',#485,#486);
#485 = CARTESIAN_POINT('',(-4.192866035562,-11.88146593533,5.2));
#486 = VECTOR('',#487,1.);
#487 = DIRECTION('',(0.941421506336,-0.337232186197,0.));
#488 = ORIENTED_EDGE('',*,*,#489,.T.);
#489 = EDGE_CURVE('',#482,#490,#492,.T.);
#490 = VERTEX_POINT('',#491);
#491 = CARTESIAN_POINT('',(-3.911039025668,-11.97763640038,5.2));
#492 = LINE('',#493,#494);
#493 = CARTESIAN_POINT('',(-3.967478371174,-11.95861504267,5.2));
#494 = VECTOR('',#495,1.);
#495 = DIRECTION('',(0.94762914754,-0.319372820905,0.));
#496 = ORIENTED_EDGE('',*,*,#497,.T.);
#497 = EDGE_CURVE('',#490,#498,#500,.T.);
#498 = VERTEX_POINT('',#499);
#499 = CARTESIAN_POINT('',(-3.683883479506,-12.04943992513,5.2));
#500 = LINE('',#501,#502);
#501 = CARTESIAN_POINT('',(-3.740672366047,-12.03148904394,5.2));
#502 = VECTOR('',#503,1.);
#503 = DIRECTION('',(0.953498019153,-0.301399282467,0.));
#504 = ORIENTED_EDGE('',*,*,#505,.T.);
#505 = EDGE_CURVE('',#498,#506,#508,.T.);
#506 = VERTEX_POINT('',#507);
#507 = CARTESIAN_POINT('',(-3.800832161396,-12.43196182751,5.2));
#508 = LINE('',#509,#510);
#509 = CARTESIAN_POINT('',(-1.973509006878,-6.45505710275,5.2));
#510 = VECTOR('',#511,1.);
#511 = DIRECTION('',(-0.292371704723,-0.956304755963,0.));
#512 = ORIENTED_EDGE('',*,*,#513,.T.);
#513 = EDGE_CURVE('',#506,#514,#516,.T.);
#514 = VERTEX_POINT('',#515);
#515 = CARTESIAN_POINT('',(12.666810842208,-2.92436370647,5.2));
#516 = CIRCLE('',#517,13.);
#517 = AXIS2_PLACEMENT_3D('',#518,#519,#520);
#518 = CARTESIAN_POINT('',(0.,0.,5.2));
#519 = DIRECTION('',(0.,0.,1.));
#520 = DIRECTION('',(1.,0.,-0.));
#521 = ORIENTED_EDGE('',*,*,#522,.T.);
#522 = EDGE_CURVE('',#514,#523,#525,.T.);
#523 = VERTEX_POINT('',#524);
#524 = CARTESIAN_POINT('',(12.277062816294,-2.834383284733,5.2));
#525 = LINE('',#526,#527);
#526 = CARTESIAN_POINT('',(6.138531408147,-1.417191642366,5.2));
#527 = VECTOR('',#528,1.);
#528 = DIRECTION('',(-0.974370064785,0.224951054344,0.));
#529 = ORIENTED_EDGE('',*,*,#530,.T.);
#530 = EDGE_CURVE('',#523,#531,#533,.T.);
#531 = VERTEX_POINT('',#532);
#532 = CARTESIAN_POINT('',(12.328456912856,-2.601759048769,5.2));
#533 = LINE('',#534,#535);
#534 = CARTESIAN_POINT('',(12.315608388716,-2.65991510776,5.2));
#535 = VECTOR('',#536,1.);
#536 = DIRECTION('',(0.215729574277,0.976453148278,-0.));
#537 = ORIENTED_EDGE('',*,*,#538,.T.);
#538 = EDGE_CURVE('',#531,#539,#541,.T.);
#539 = VERTEX_POINT('',#540);
#540 = CARTESIAN_POINT('',(12.37544368793,-2.368204705441,5.2));
#541 = LINE('',#542,#543);
#542 = CARTESIAN_POINT('',(12.363696994161,-2.426593291273,5.2));
#543 = VECTOR('',#544,1.);
#544 = DIRECTION('',(0.197229597588,0.980357325589,-0.));
#545 = ORIENTED_EDGE('',*,*,#546,.T.);
#546 = EDGE_CURVE('',#539,#547,#549,.T.);
#547 = VERTEX_POINT('',#548);
#548 = CARTESIAN_POINT('',(12.418006344132,-2.133803748498,5.2));
#549 = LINE('',#550,#551);
#550 = CARTESIAN_POINT('',(12.407365680081,-2.192403987734,5.2));
#551 = VECTOR('',#552,1.);
#552 = DIRECTION('',(0.178659112948,0.983911033255,-0.));
#553 = ORIENTED_EDGE('',*,*,#554,.T.);
#554 = EDGE_CURVE('',#547,#555,#557,.T.);
#555 = VERTEX_POINT('',#556);
#556 = CARTESIAN_POINT('',(12.456129665664,-1.898639974343,5.2));
#557 = LINE('',#558,#559);
#558 = CARTESIAN_POINT('',(12.446598835281,-1.957430917882,5.2));
#559 = VECTOR('',#560,1.);
#560 = DIRECTION('',(0.16002475915,0.987113000856,-0.));
#561 = ORIENTED_EDGE('',*,*,#562,.T.);
#562 = EDGE_CURVE('',#555,#563,#565,.T.);
#563 = VERTEX_POINT('',#564);
#564 = CARTESIAN_POINT('',(12.489800023753,-1.662797452085,5.2));
#565 = LINE('',#566,#567);
#566 = CARTESIAN_POINT('',(12.481382434231,-1.72175808265,5.2));
#567 = VECTOR('',#568,1.);
#568 = DIRECTION('',(0.141333197824,0.989962083715,-0.));
#569 = ORIENTED_EDGE('',*,*,#570,.T.);
#570 = EDGE_CURVE('',#563,#571,#573,.T.);
#571 = VERTEX_POINT('',#572);
#572 = CARTESIAN_POINT('',(12.519005381525,-1.426360493476,5.2));
#573 = LINE('',#574,#575);
#574 = CARTESIAN_POINT('',(12.511704042082,-1.485469733128,5.2));
#575 = VECTOR('',#576,1.);
#576 = DIRECTION('',(0.122591111046,0.992457263308,-0.));
#577 = ORIENTED_EDGE('',*,*,#578,.T.);
#578 = EDGE_CURVE('',#571,#579,#581,.T.);
#579 = VERTEX_POINT('',#580);
#580 = CARTESIAN_POINT('',(12.543735298306,-1.189413622774,5.2));
#581 = LINE('',#582,#583);
#582 = CARTESIAN_POINT('',(12.53755281911,-1.24865034045,5.2));
#583 = VECTOR('',#584,1.);
#584 = DIRECTION('',(0.10380519896,0.994597647629,-0.));
#585 = ORIENTED_EDGE('',*,*,#586,.T.);
#586 = EDGE_CURVE('',#579,#587,#589,.T.);
#587 = VERTEX_POINT('',#588);
#588 = CARTESIAN_POINT('',(12.563980933354,-0.95204154653,5.2));
#589 = LINE('',#590,#591);
#590 = CARTESIAN_POINT('',(12.558919524592,-1.011384565591,5.2));
#591 = VECTOR('',#592,1.);
#592 = DIRECTION('',(8.498217737244E-02,0.996382471508,-0.));
#593 = ORIENTED_EDGE('',*,*,#594,.T.);
#594 = EDGE_CURVE('',#587,#595,#597,.T.);
#595 = VERTEX_POINT('',#596);
#596 = CARTESIAN_POINT('',(12.579735049023,-0.714329123299,5.2));
#597 = LINE('',#598,#599);
#598 = CARTESIAN_POINT('',(12.575796520105,-0.773757229106,5.2));
#599 = VECTOR('',#600,1.);
#600 = DIRECTION('',(6.612877535868E-02,0.997811096886,-0.));
#601 = ORIENTED_EDGE('',*,*,#602,.T.);
#602 = EDGE_CURVE('',#595,#603,#605,.T.);
#603 = VERTEX_POINT('',#604);
#604 = CARTESIAN_POINT('',(12.590992013345,-0.476361333307,5.2));
#605 = LINE('',#606,#607);
#606 = CARTESIAN_POINT('',(12.588177772265,-0.535853280805,5.2));
#607 = VECTOR('',#608,1.);
#608 = DIRECTION('',(4.725173285407E-02,0.998883013041,-0.));
#609 = ORIENTED_EDGE('',*,*,#610,.T.);
#610 = EDGE_CURVE('',#603,#611,#613,.T.);
#611 = VERTEX_POINT('',#612);
#612 = CARTESIAN_POINT('',(12.597747802051,-0.238223248075,5.2));
#613 = LINE('',#614,#615);
#614 = CARTESIAN_POINT('',(12.596058854874,-0.297757769383,5.2));
#615 = VECTOR('',#616,1.);
#616 = DIRECTION('',(2.835779824539E-02,0.999597836772,-0.));
#617 = ORIENTED_EDGE('',*,*,#618,.T.);
#618 = EDGE_CURVE('',#611,#619,#621,.T.);
#619 = VERTEX_POINT('',#620);
#620 = CARTESIAN_POINT('',(12.6,0.,5.2));
#621 = LINE('',#622,#623);
#622 = CARTESIAN_POINT('',(12.599436950513,-5.955581201876E-02,5.2));
#623 = VECTOR('',#624,1.);
#624 = DIRECTION('',(9.453725958095E-03,0.999955312534,-0.));
#625 = ORIENTED_EDGE('',*,*,#626,.T.);
#626 = EDGE_CURVE('',#619,#627,#629,.T.);
#627 = VERTEX_POINT('',#628);
#628 = CARTESIAN_POINT('',(12.597747802051,0.238223248075,5.2));
#629 = LINE('',#630,#631);
#630 = CARTESIAN_POINT('',(12.598310851538,0.178667436056,5.2));
#631 = VECTOR('',#632,1.);
#632 = DIRECTION('',(-9.453725958095E-03,0.999955312534,0.));
#633 = ORIENTED_EDGE('',*,*,#634,.T.);
#634 = EDGE_CURVE('',#627,#635,#637,.T.);
#635 = VERTEX_POINT('',#636);
#636 = CARTESIAN_POINT('',(12.590992013345,0.476361333307,5.2));
#637 = LINE('',#638,#639);
#638 = CARTESIAN_POINT('',(12.592680960522,0.416826811999,5.2));
#639 = VECTOR('',#640,1.);
#640 = DIRECTION('',(-2.835779824539E-02,0.999597836772,0.));
#641 = ORIENTED_EDGE('',*,*,#642,.T.);
#642 = EDGE_CURVE('',#635,#643,#645,.T.);
#643 = VERTEX_POINT('',#644);
#644 = CARTESIAN_POINT('',(12.579735049023,0.714329123299,5.2));
#645 = LINE('',#646,#647);
#646 = CARTESIAN_POINT('',(12.582549290103,0.654837175801,5.2));
#647 = VECTOR('',#648,1.);
#648 = DIRECTION('',(-4.725173285407E-02,0.998883013041,0.));
#649 = ORIENTED_EDGE('',*,*,#650,.T.);
#650 = EDGE_CURVE('',#643,#651,#653,.T.);
#651 = VERTEX_POINT('',#652);
#652 = CARTESIAN_POINT('',(12.563980933354,0.95204154653,5.2));
#653 = LINE('',#654,#655);
#654 = CARTESIAN_POINT('',(12.567919462271,0.892613440722,5.2));
#655 = VECTOR('',#656,1.);
#656 = DIRECTION('',(-6.612877535868E-02,0.997811096886,0.));
#657 = ORIENTED_EDGE('',*,*,#658,.T.);
#658 = EDGE_CURVE('',#651,#659,#661,.T.);
#659 = VERTEX_POINT('',#660);
#660 = CARTESIAN_POINT('',(12.543735298306,1.189413622774,5.2));
#661 = LINE('',#662,#663);
#662 = CARTESIAN_POINT('',(12.548796707068,1.130070603713,5.2));
#663 = VECTOR('',#664,1.);
#664 = DIRECTION('',(-8.498217737244E-02,0.996382471508,0.));
#665 = ORIENTED_EDGE('',*,*,#666,.T.);
#666 = EDGE_CURVE('',#659,#667,#669,.T.);
#667 = VERTEX_POINT('',#668);
#668 = CARTESIAN_POINT('',(12.519005381525,1.426360493476,5.2));
#669 = LINE('',#670,#671);
#670 = CARTESIAN_POINT('',(12.52518786072,1.3671237758,5.2));
#671 = VECTOR('',#672,1.);
#672 = DIRECTION('',(-0.10380519896,0.994597647629,0.));
#673 = ORIENTED_EDGE('',*,*,#674,.T.);
#674 = EDGE_CURVE('',#667,#675,#677,.T.);
#675 = VERTEX_POINT('',#676);
#676 = CARTESIAN_POINT('',(12.489800023753,1.662797452085,5.2));
#677 = LINE('',#678,#679);
#678 = CARTESIAN_POINT('',(12.497101363196,1.603688212433,5.2));
#679 = VECTOR('',#680,1.);
#680 = DIRECTION('',(-0.122591111046,0.992457263308,0.));
#681 = ORIENTED_EDGE('',*,*,#682,.T.);
#682 = EDGE_CURVE('',#675,#683,#685,.T.);
#683 = VERTEX_POINT('',#684);
#684 = CARTESIAN_POINT('',(12.456129665664,1.898639974343,5.2));
#685 = LINE('',#686,#687);
#686 = CARTESIAN_POINT('',(12.464547255186,1.839679343779,5.2));
#687 = VECTOR('',#688,1.);
#688 = DIRECTION('',(-0.141333197824,0.989962083715,0.));
#689 = ORIENTED_EDGE('',*,*,#690,.T.);
#690 = EDGE_CURVE('',#683,#691,#693,.T.);
#691 = VERTEX_POINT('',#692);
#692 = CARTESIAN_POINT('',(12.418006344132,2.133803748498,5.2));
#693 = LINE('',#694,#695);
#694 = CARTESIAN_POINT('',(12.427537174515,2.075012804959,5.2));
#695 = VECTOR('',#696,1.);
#696 = DIRECTION('',(-0.16002475915,0.987113000856,0.));
#697 = ORIENTED_EDGE('',*,*,#698,.T.);
#698 = EDGE_CURVE('',#691,#64,#699,.T.);
#699 = LINE('',#700,#701);
#700 = CARTESIAN_POINT('',(12.38608435198,2.309604466205,5.2));
#701 = VECTOR('',#702,1.);
#702 = DIRECTION('',(-0.178659112948,0.983911033255,0.));
#703 = PLANE('',#704);
#704 = AXIS2_PLACEMENT_3D('',#705,#706,#707);
#705 = CARTESIAN_POINT('',(0.,0.,5.2));
#706 = DIRECTION('',(0.,0.,1.));
#707 = DIRECTION('',(1.,0.,-0.));
#708 = ADVANCED_FACE('',(#709),#727,.T.);
#709 = FACE_BOUND('',#710,.T.);
#710 = EDGE_LOOP('',(#711,#719,#725,#726));
#711 = ORIENTED_EDGE('',*,*,#712,.T.);
#712 = EDGE_CURVE('',#41,#713,#715,.T.);
#713 = VERTEX_POINT('',#714);
#714 = CARTESIAN_POINT('',(-3.683883479506,12.049439925134,4.6));
#715 = LINE('',#716,#717);
#716 = CARTESIAN_POINT('',(-1.841941739753,6.024719962567,4.6));
#717 = VECTOR('',#718,1.);
#718 = DIRECTION('',(0.292371704723,-0.956304755963,0.));
#719 = ORIENTED_EDGE('',*,*,#720,.T.);
#720 = EDGE_CURVE('',#713,#89,#721,.T.);
#721 = LINE('',#722,#723);
#722 = CARTESIAN_POINT('',(-3.683883479506,12.049439925134,4.55));
#723 = VECTOR('',#724,1.);
#724 = DIRECTION('',(0.,0.,1.));
#725 = ORIENTED_EDGE('',*,*,#88,.F.);
#726 = ORIENTED_EDGE('',*,*,#49,.F.);
#727 = PLANE('',#728);
#728 = AXIS2_PLACEMENT_3D('',#729,#730,#731);
#729 = CARTESIAN_POINT('',(-3.683883479506,12.049439925134,4.55));
#730 = DIRECTION('',(-0.956304755963,-0.292371704723,0.));
#731 = DIRECTION('',(-0.292371704723,0.956304755963,0.));
#732 = ADVANCED_FACE('',(#733),#1369,.F.);
#733 = FACE_BOUND('',#734,.F.);
#734 = EDGE_LOOP('',(#735,#745,#753,#759,#760,#761,#769,#777,#785,#793,
    #801,#809,#817,#825,#833,#841,#849,#857,#865,#873,#881,#889,#897,
    #905,#913,#921,#929,#937,#945,#953,#961,#970,#978,#986,#994,#1002,
    #1010,#1018,#1026,#1034,#1042,#1050,#1058,#1066,#1074,#1082,#1090,
    #1098,#1106,#1114,#1122,#1130,#1138,#1146,#1154,#1162,#1170,#1178,
    #1187,#1195,#1203,#1211,#1219,#1227,#1235,#1243,#1251,#1259,#1267,
    #1275,#1283,#1291,#1299,#1307,#1315,#1323,#1331,#1339,#1347,#1355,
    #1363));
#735 = ORIENTED_EDGE('',*,*,#736,.T.);
#736 = EDGE_CURVE('',#737,#739,#741,.T.);
#737 = VERTEX_POINT('',#738);
#738 = CARTESIAN_POINT('',(12.37544368793,2.368204705441,4.6));
#739 = VERTEX_POINT('',#740);
#740 = CARTESIAN_POINT('',(12.328456912856,2.601759048769,4.6));
#741 = LINE('',#742,#743);
#742 = CARTESIAN_POINT('',(12.340203606625,2.543370462937,4.6));
#743 = VECTOR('',#744,1.);
#744 = DIRECTION('',(-0.197229597588,0.980357325589,0.));
#745 = ORIENTED_EDGE('',*,*,#746,.T.);
#746 = EDGE_CURVE('',#739,#747,#749,.T.);
#747 = VERTEX_POINT('',#748);
#748 = CARTESIAN_POINT('',(12.277062816294,2.834383284733,4.6));
#749 = LINE('',#750,#751);
#750 = CARTESIAN_POINT('',(12.289911340434,2.776227225742,4.6));
#751 = VECTOR('',#752,1.);
#752 = DIRECTION('',(-0.215729574277,0.976453148278,0.));
#753 = ORIENTED_EDGE('',*,*,#754,.T.);
#754 = EDGE_CURVE('',#747,#33,#755,.T.);
#755 = LINE('',#756,#757);
#756 = CARTESIAN_POINT('',(6.5769979373,1.518419616821,4.6));
#757 = VECTOR('',#758,1.);
#758 = DIRECTION('',(0.974370064785,0.224951054344,-0.));
#759 = ORIENTED_EDGE('',*,*,#40,.T.);
#760 = ORIENTED_EDGE('',*,*,#712,.T.);
#761 = ORIENTED_EDGE('',*,*,#762,.T.);
#762 = EDGE_CURVE('',#713,#763,#765,.T.);
#763 = VERTEX_POINT('',#764);
#764 = CARTESIAN_POINT('',(-3.911039025668,11.97763640038,4.6));
#765 = LINE('',#766,#767);
#766 = CARTESIAN_POINT('',(-3.854250139128,11.995587281568,4.6));
#767 = VECTOR('',#768,1.);
#768 = DIRECTION('',(-0.953498019153,-0.301399282468,0.));
#769 = ORIENTED_EDGE('',*,*,#770,.T.);
#770 = EDGE_CURVE('',#763,#771,#773,.T.);
#771 = VERTEX_POINT('',#772);
#772 = CARTESIAN_POINT('',(-4.136796407691,11.901550969572,4.6));
#773 = LINE('',#774,#775);
#774 = CARTESIAN_POINT('',(-4.080357062185,11.920572327274,4.6));
#775 = VECTOR('',#776,1.);
#776 = DIRECTION('',(-0.94762914754,-0.319372820905,0.));
#777 = ORIENTED_EDGE('',*,*,#778,.T.);
#778 = EDGE_CURVE('',#771,#779,#781,.T.);
#779 = VERTEX_POINT('',#780);
#780 = CARTESIAN_POINT('',(-4.361074919176,11.821210832623,4.6));
#781 = LINE('',#782,#783);
#782 = CARTESIAN_POINT('',(-4.305005291305,11.84129586686,4.6));
#783 = VECTOR('',#784,1.);
#784 = DIRECTION('',(-0.941421506336,-0.337232186197,0.));
#785 = ORIENTED_EDGE('',*,*,#786,.T.);
#786 = EDGE_CURVE('',#779,#787,#789,.T.);
#787 = VERTEX_POINT('',#788);
#788 = CARTESIAN_POINT('',(-4.58379438241,11.736644710469,4.6));
#789 = LINE('',#790,#791);
#790 = CARTESIAN_POINT('',(-4.528114516601,11.757786241008,4.6));
#791 = VECTOR('',#792,1.);
#792 = DIRECTION('',(-0.934877314722,-0.354970993769,0.));
#793 = ORIENTED_EDGE('',*,*,#794,.T.);
#794 = EDGE_CURVE('',#787,#795,#797,.T.);
#795 = VERTEX_POINT('',#796);
#796 = CARTESIAN_POINT('',(-4.804875177023,11.6478828348,4.6));
#797 = LINE('',#798,#799);
#798 = CARTESIAN_POINT('',(-4.749604978369,11.670073303717,4.6));
#799 = VECTOR('',#800,1.);
#800 = DIRECTION('',(-0.927998912192,-0.372582902144,0.));
#801 = ORIENTED_EDGE('',*,*,#802,.T.);
#802 = EDGE_CURVE('',#795,#803,#805,.T.);
#803 = VERTEX_POINT('',#804);
#804 = CARTESIAN_POINT('',(-5.024238268458,11.554956937253,4.6));
#805 = LINE('',#806,#807);
#806 = CARTESIAN_POINT('',(-4.969397495599,11.578188411639,4.6));
#807 = VECTOR('',#808,1.);
#808 = DIRECTION('',(-0.920788757718,-0.39006161521,0.));
#809 = ORIENTED_EDGE('',*,*,#810,.T.);
#810 = EDGE_CURVE('',#803,#811,#813,.T.);
#811 = VERTEX_POINT('',#812);
#812 = CARTESIAN_POINT('',(-5.241805236223,11.457900238067,4.6));
#813 = LINE('',#814,#815);
#814 = CARTESIAN_POINT('',(-5.187413494282,11.482164412864,4.6));
#815 = VECTOR('',#816,1.);
#816 = DIRECTION('',(-0.913249428871,-0.40740088447,0.));
#817 = ORIENTED_EDGE('',*,*,#818,.T.);
#818 = EDGE_CURVE('',#811,#819,#821,.T.);
#819 = VERTEX_POINT('',#820);
#820 = CARTESIAN_POINT('',(-5.457498301924,11.356747434213,4.6));
#821 = LINE('',#822,#823);
#822 = CARTESIAN_POINT('',(-5.403575035498,11.382035635176,4.6));
#823 = VECTOR('',#824,1.);
#824 = DIRECTION('',(-0.905383620898,-0.424594511281,0.));
#825 = ORIENTED_EDGE('',*,*,#826,.T.);
#826 = EDGE_CURVE('',#819,#827,#829,.T.);
#827 = VERTEX_POINT('',#828);
#828 = CARTESIAN_POINT('',(-5.671240357072,11.25153468698,4.6));
#829 = LINE('',#830,#831);
#830 = CARTESIAN_POINT('',(-5.617804843285,11.277837873788,4.6));
#831 = VECTOR('',#832,1.);
#832 = DIRECTION('',(-0.897194145761,-0.441636349061,0.));
#833 = ORIENTED_EDGE('',*,*,#834,.T.);
#834 = EDGE_CURVE('',#827,#835,#837,.T.);
#835 = VERTEX_POINT('',#836);
#836 = CARTESIAN_POINT('',(-5.882954990648,11.142299609058,4.6));
#837 = LINE('',#838,#839);
#838 = CARTESIAN_POINT('',(-5.830026332254,11.169608378538,4.6));
#839 = VECTOR('',#840,1.);
#840 = DIRECTION('',(-0.888683931129,-0.458520305496,0.));
#841 = ORIENTED_EDGE('',*,*,#842,.T.);
#842 = EDGE_CURVE('',#835,#843,#845,.T.);
#843 = VERTEX_POINT('',#844);
#844 = CARTESIAN_POINT('',(-6.09256651642,11.029081251083,4.6));
#845 = LINE('',#846,#847);
#846 = CARTESIAN_POINT('',(-6.040163634977,11.057385840577,4.6));
#847 = VECTOR('',#848,1.);
#848 = DIRECTION('',(-0.879856019335,-0.47524034471,0.));
#849 = ORIENTED_EDGE('',*,*,#850,.T.);
#850 = EDGE_CURVE('',#843,#851,#853,.T.);
#851 = VERTEX_POINT('',#852);
#852 = CARTESIAN_POINT('',(-6.3,10.911920087684,4.6));
#853 = LINE('',#854,#855);
#854 = CARTESIAN_POINT('',(-6.248141629105,10.941210378534,4.6));
#855 = VECTOR('',#856,1.);
#856 = DIRECTION('',(-0.870713566283,-0.491790489427,0.));
#857 = ORIENTED_EDGE('',*,*,#858,.T.);
#858 = EDGE_CURVE('',#851,#859,#861,.T.);
#859 = VERTEX_POINT('',#860);
#860 = CARTESIAN_POINT('',(-6.505181285631,10.790858003008,4.6));
#861 = LINE('',#862,#863);
#862 = CARTESIAN_POINT('',(-6.453885964223,10.821123524177,4.6));
#863 = VECTOR('',#864,1.);
#864 = DIRECTION('',(-0.861259840325,-0.508164823107,0.));
#865 = ORIENTED_EDGE('',*,*,#866,.T.);
#866 = EDGE_CURVE('',#859,#867,#869,.T.);
#867 = VERTEX_POINT('',#868);
#868 = CARTESIAN_POINT('',(-6.708037022698,10.665938275751,4.6));
#869 = LINE('',#870,#871);
#870 = CARTESIAN_POINT('',(-6.657323088431,10.697168207565,4.6));
#871 = VECTOR('',#872,1.);
#872 = DIRECTION('',(-0.85149822109,-0.524357492062,0.));
#873 = ORIENTED_EDGE('',*,*,#874,.T.);
#874 = EDGE_CURVE('',#867,#875,#877,.T.);
#875 = VERTEX_POINT('',#876);
#876 = CARTESIAN_POINT('',(-6.908494691951,10.537205563682,4.6));
#877 = LINE('',#878,#879);
#878 = CARTESIAN_POINT('',(-6.858380274638,10.569388741699,4.6));
#879 = VECTOR('',#880,1.);
#880 = DIRECTION('',(-0.841432198275,-0.540362707545,0.));
#881 = ORIENTED_EDGE('',*,*,#882,.T.);
#882 = EDGE_CURVE('',#875,#883,#885,.T.);
#883 = VERTEX_POINT('',#884);
#884 = CARTESIAN_POINT('',(-7.10648263143,10.404705887683,4.6));
#885 = LINE('',#886,#887);
#886 = CARTESIAN_POINT('',(-7.05698564656,10.437830806683,4.6));
#887 = VECTOR('',#888,1.);
#888 = DIRECTION('',(-0.831065370402,-0.556174747825,0.));
#889 = ORIENTED_EDGE('',*,*,#890,.T.);
#890 = EDGE_CURVE('',#883,#891,#893,.T.);
#891 = VERTEX_POINT('',#892);
#892 = CARTESIAN_POINT('',(-7.301930062083,10.268486615293,4.6));
#893 = LINE('',#894,#895);
#894 = CARTESIAN_POINT('',(-7.25306820442,10.30254143339,4.6));
#895 = VECTOR('',#896,1.);
#896 = DIRECTION('',(-0.820401443526,-0.571787960228,0.));
#897 = ORIENTED_EDGE('',*,*,#898,.T.);
#898 = EDGE_CURVE('',#891,#899,#901,.T.);
#899 = VERTEX_POINT('',#900);
#900 = CARTESIAN_POINT('',(-7.494767113067,10.128596443777,4.6));
#901 = LINE('',#902,#903);
#902 = CARTESIAN_POINT('',(-7.446557850321,10.163568986656,4.6));
#903 = VECTOR('',#904,1.);
#904 = DIRECTION('',(-0.809444229911,-0.587196763159,0.));
#905 = ORIENTED_EDGE('',*,*,#906,.T.);
#906 = EDGE_CURVE('',#899,#907,#909,.T.);
#907 = VERTEX_POINT('',#908);
#908 = CARTESIAN_POINT('',(-7.68492484673,9.985085382715,4.6));
#909 = LINE('',#910,#911);
#910 = CARTESIAN_POINT('',(-7.637385413314,10.020963147981,4.6));
#911 = VECTOR('',#912,1.);
#912 = DIRECTION('',(-0.798197646672,-0.602395648098,0.));
#913 = ORIENTED_EDGE('',*,*,#914,.T.);
#914 = EDGE_CURVE('',#907,#915,#917,.T.);
#915 = VERTEX_POINT('',#916);
#916 = CARTESIAN_POINT('',(-7.872335283254,9.838004736126,4.6));
#917 = LINE('',#918,#919);
#918 = CARTESIAN_POINT('',(-7.825482674123,9.874774897773,4.6));
#919 = VECTOR('',#920,1.);
#920 = DIRECTION('',(-0.786665714369,-0.617379181571,0.));
#921 = ORIENTED_EDGE('',*,*,#922,.T.);
#922 = EDGE_CURVE('',#915,#923,#925,.T.);
#923 = VERTEX_POINT('',#924);
#924 = CARTESIAN_POINT('',(-8.056931424955,9.687407084126,4.6));
#925 = LINE('',#926,#927);
#926 = CARTESIAN_POINT('',(-8.01078238953,9.725056497126,4.6));
#927 = VECTOR('',#928,1.);
#928 = DIRECTION('',(-0.774852555572,-0.632142007087,0.));
#929 = ORIENTED_EDGE('',*,*,#930,.T.);
#930 = EDGE_CURVE('',#923,#931,#933,.T.);
#931 = VERTEX_POINT('',#932);
#932 = CARTESIAN_POINT('',(-8.238647280239,9.53334626413,4.6));
#933 = LINE('',#934,#935);
#934 = CARTESIAN_POINT('',(-8.193218316418,9.571861469129,4.6));
#935 = VECTOR('',#936,1.);
#936 = DIRECTION('',(-0.762762393389,-0.646678847058,0.));
#937 = ORIENTED_EDGE('',*,*,#938,.T.);
#938 = EDGE_CURVE('',#931,#939,#941,.T.);
#939 = VERTEX_POINT('',#940);
#940 = CARTESIAN_POINT('',(-8.417417887188,9.375877351611,4.6));
#941 = LINE('',#942,#943);
#942 = CARTESIAN_POINT('',(-8.372725235451,9.415244579741,4.6));
#943 = VECTOR('',#944,1.);
#944 = DIRECTION('',(-0.750399549952,-0.660984504684,0.));
#945 = ORIENTED_EDGE('',*,*,#946,.T.);
#946 = EDGE_CURVE('',#939,#947,#949,.T.);
#947 = VERTEX_POINT('',#948);
#948 = CARTESIAN_POINT('',(-8.593179336787,9.215056640402,4.6));
#949 = LINE('',#950,#951);
#950 = CARTESIAN_POINT('',(-8.549238974388,9.255261818204,4.6));
#951 = VECTOR('',#952,1.);
#952 = DIRECTION('',(-0.737768444876,-0.675053865811,0.));
#953 = ORIENTED_EDGE('',*,*,#954,.T.);
#954 = EDGE_CURVE('',#947,#955,#957,.T.);
#955 = VERTEX_POINT('',#956);
#956 = CARTESIAN_POINT('',(-8.865978680812,9.507598121049,4.6));
#957 = LINE('',#958,#959);
#958 = CARTESIAN_POINT('',(-4.603488930422,4.936637485929,4.6));
#959 = VECTOR('',#960,1.);
#960 = DIRECTION('',(-0.681998360062,0.731353701619,0.));
#961 = ORIENTED_EDGE('',*,*,#962,.T.);
#962 = EDGE_CURVE('',#955,#963,#965,.T.);
#963 = VERTEX_POINT('',#964);
#964 = CARTESIAN_POINT('',(-8.865978680812,-9.507598121049,4.6));
#965 = CIRCLE('',#966,13.);
#966 = AXIS2_PLACEMENT_3D('',#967,#968,#969);
#967 = CARTESIAN_POINT('',(0.,0.,4.6));
#968 = DIRECTION('',(0.,0.,1.));
#969 = DIRECTION('',(1.,0.,-0.));
#970 = ORIENTED_EDGE('',*,*,#971,.T.);
#971 = EDGE_CURVE('',#963,#972,#974,.T.);
#972 = VERTEX_POINT('',#973);
#973 = CARTESIAN_POINT('',(-8.593179336787,-9.215056640402,4.6));
#974 = LINE('',#975,#976);
#975 = CARTESIAN_POINT('',(-4.296589668394,-4.607528320201,4.6));
#976 = VECTOR('',#977,1.);
#977 = DIRECTION('',(0.681998360062,0.731353701619,-0.));
#978 = ORIENTED_EDGE('',*,*,#979,.T.);
#979 = EDGE_CURVE('',#972,#980,#982,.T.);
#980 = VERTEX_POINT('',#981);
#981 = CARTESIAN_POINT('',(-8.417417887188,-9.375877351611,4.6));
#982 = LINE('',#983,#984);
#983 = CARTESIAN_POINT('',(-8.461358249588,-9.335672173808,4.6));
#984 = VECTOR('',#985,1.);
#985 = DIRECTION('',(0.737768444876,-0.675053865811,0.));
#986 = ORIENTED_EDGE('',*,*,#987,.T.);
#987 = EDGE_CURVE('',#980,#988,#990,.T.);
#988 = VERTEX_POINT('',#989);
#989 = CARTESIAN_POINT('',(-8.238647280239,-9.53334626413,4.6));
#990 = LINE('',#991,#992);
#991 = CARTESIAN_POINT('',(-8.283339931976,-9.493979036,4.6));
#992 = VECTOR('',#993,1.);
#993 = DIRECTION('',(0.750399549952,-0.660984504684,0.));
#994 = ORIENTED_EDGE('',*,*,#995,.T.);
#995 = EDGE_CURVE('',#988,#996,#998,.T.);
#996 = VERTEX_POINT('',#997);
#997 = CARTESIAN_POINT('',(-8.056931424955,-9.687407084126,4.6));
#998 = LINE('',#999,#1000);
#999 = CARTESIAN_POINT('',(-8.102360388776,-9.648891879127,4.6));
#1000 = VECTOR('',#1001,1.);
#1001 = DIRECTION('',(0.762762393389,-0.646678847058,0.));
#1002 = ORIENTED_EDGE('',*,*,#1003,.T.);
#1003 = EDGE_CURVE('',#996,#1004,#1006,.T.);
#1004 = VERTEX_POINT('',#1005);
#1005 = CARTESIAN_POINT('',(-7.872335283254,-9.838004736126,4.6));
#1006 = LINE('',#1007,#1008);
#1007 = CARTESIAN_POINT('',(-7.918484318679,-9.800355323126,4.6));
#1008 = VECTOR('',#1009,1.);
#1009 = DIRECTION('',(0.774852555572,-0.632142007087,0.));
#1010 = ORIENTED_EDGE('',*,*,#1011,.T.);
#1011 = EDGE_CURVE('',#1004,#1012,#1014,.T.);
#1012 = VERTEX_POINT('',#1013);
#1013 = CARTESIAN_POINT('',(-7.68492484673,-9.985085382715,4.6));
#1014 = LINE('',#1015,#1016);
#1015 = CARTESIAN_POINT('',(-7.731777455861,-9.948315221068,4.6));
#1016 = VECTOR('',#1017,1.);
#1017 = DIRECTION('',(0.786665714369,-0.617379181571,0.));
#1018 = ORIENTED_EDGE('',*,*,#1019,.T.);
#1019 = EDGE_CURVE('',#1012,#1020,#1022,.T.);
#1020 = VERTEX_POINT('',#1021);
#1021 = CARTESIAN_POINT('',(-7.494767113067,-10.12859644377,4.6));
#1022 = LINE('',#1023,#1024);
#1023 = CARTESIAN_POINT('',(-7.542306546483,-10.09271867851,4.6));
#1024 = VECTOR('',#1025,1.);
#1025 = DIRECTION('',(0.798197646672,-0.602395648098,0.));
#1026 = ORIENTED_EDGE('',*,*,#1027,.T.);
#1027 = EDGE_CURVE('',#1020,#1028,#1030,.T.);
#1028 = VERTEX_POINT('',#1029);
#1029 = CARTESIAN_POINT('',(-7.301930062083,-10.26848661529,4.6));
#1030 = LINE('',#1031,#1032);
#1031 = CARTESIAN_POINT('',(-7.350139324829,-10.23351407241,4.6));
#1032 = VECTOR('',#1033,1.);
#1033 = DIRECTION('',(0.809444229911,-0.587196763159,0.));
#1034 = ORIENTED_EDGE('',*,*,#1035,.T.);
#1035 = EDGE_CURVE('',#1028,#1036,#1038,.T.);
#1036 = VERTEX_POINT('',#1037);
#1037 = CARTESIAN_POINT('',(-7.10648263143,-10.40470588768,4.6));
#1038 = LINE('',#1039,#1040);
#1039 = CARTESIAN_POINT('',(-7.155344489093,-10.37065106958,4.6));
#1040 = VECTOR('',#1041,1.);
#1041 = DIRECTION('',(0.820401443526,-0.571787960228,0.));
#1042 = ORIENTED_EDGE('',*,*,#1043,.T.);
#1043 = EDGE_CURVE('',#1036,#1044,#1046,.T.);
#1044 = VERTEX_POINT('',#1045);
#1045 = CARTESIAN_POINT('',(-6.908494691951,-10.53720556368,4.6));
#1046 = LINE('',#1047,#1048);
#1047 = CARTESIAN_POINT('',(-6.957991676821,-10.50408064468,4.6));
#1048 = VECTOR('',#1049,1.);
#1049 = DIRECTION('',(0.831065370402,-0.556174747825,0.));
#1050 = ORIENTED_EDGE('',*,*,#1051,.T.);
#1051 = EDGE_CURVE('',#1044,#1052,#1054,.T.);
#1052 = VERTEX_POINT('',#1053);
#1053 = CARTESIAN_POINT('',(-6.708037022698,-10.66593827575,4.6));
#1054 = LINE('',#1055,#1056);
#1055 = CARTESIAN_POINT('',(-6.758151440011,-10.63375509773,4.6));
#1056 = VECTOR('',#1057,1.);
#1057 = DIRECTION('',(0.841432198275,-0.540362707545,0.));
#1058 = ORIENTED_EDGE('',*,*,#1059,.T.);
#1059 = EDGE_CURVE('',#1052,#1060,#1062,.T.);
#1060 = VERTEX_POINT('',#1061);
#1061 = CARTESIAN_POINT('',(-6.505181285631,-10.790858003,4.6));
#1062 = LINE('',#1063,#1064);
#1063 = CARTESIAN_POINT('',(-6.555895219897,-10.75962807119,4.6));
#1064 = VECTOR('',#1065,1.);
#1065 = DIRECTION('',(0.85149822109,-0.524357492062,0.));
#1066 = ORIENTED_EDGE('',*,*,#1067,.T.);
#1067 = EDGE_CURVE('',#1060,#1068,#1070,.T.);
#1068 = VERTEX_POINT('',#1069);
#1069 = CARTESIAN_POINT('',(-6.3,-10.91192008768,4.6));
#1070 = LINE('',#1071,#1072);
#1071 = CARTESIAN_POINT('',(-6.351295321408,-10.88165456651,4.6));
#1072 = VECTOR('',#1073,1.);
#1073 = DIRECTION('',(0.861259840325,-0.508164823107,0.));
#1074 = ORIENTED_EDGE('',*,*,#1075,.T.);
#1075 = EDGE_CURVE('',#1068,#1076,#1078,.T.);
#1076 = VERTEX_POINT('',#1077);
#1077 = CARTESIAN_POINT('',(-6.09256651642,-11.02908125108,4.6));
#1078 = LINE('',#1079,#1080);
#1079 = CARTESIAN_POINT('',(-6.144424887315,-10.99979096023,4.6));
#1080 = VECTOR('',#1081,1.);
#1081 = DIRECTION('',(0.870713566283,-0.491790489427,0.));
#1082 = ORIENTED_EDGE('',*,*,#1083,.T.);
#1083 = EDGE_CURVE('',#1076,#1084,#1086,.T.);
#1084 = VERTEX_POINT('',#1085);
#1085 = CARTESIAN_POINT('',(-5.882954990648,-11.14229960905,4.6));
#1086 = LINE('',#1087,#1088);
#1087 = CARTESIAN_POINT('',(-5.935357872091,-11.11399501956,4.6));
#1088 = VECTOR('',#1089,1.);
#1089 = DIRECTION('',(0.879856019335,-0.47524034471,0.));
#1090 = ORIENTED_EDGE('',*,*,#1091,.T.);
#1091 = EDGE_CURVE('',#1084,#1092,#1094,.T.);
#1092 = VERTEX_POINT('',#1093);
#1093 = CARTESIAN_POINT('',(-5.671240357072,-11.25153468698,4.6));
#1094 = LINE('',#1095,#1096);
#1095 = CARTESIAN_POINT('',(-5.724169015466,-11.2242259175,4.6));
#1096 = VECTOR('',#1097,1.);
#1097 = DIRECTION('',(0.888683931129,-0.458520305496,0.));
#1098 = ORIENTED_EDGE('',*,*,#1099,.T.);
#1099 = EDGE_CURVE('',#1092,#1100,#1102,.T.);
#1100 = VERTEX_POINT('',#1101);
#1101 = CARTESIAN_POINT('',(-5.457498301924,-11.35674743421,4.6));
#1102 = LINE('',#1103,#1104);
#1103 = CARTESIAN_POINT('',(-5.510933815711,-11.3304442474,4.6));
#1104 = VECTOR('',#1105,1.);
#1105 = DIRECTION('',(0.897194145761,-0.441636349061,0.));
#1106 = ORIENTED_EDGE('',*,*,#1107,.T.);
#1107 = EDGE_CURVE('',#1100,#1108,#1110,.T.);
#1108 = VERTEX_POINT('',#1109);
#1109 = CARTESIAN_POINT('',(-5.241805236223,-11.45790023806,4.6));
#1110 = LINE('',#1111,#1112);
#1111 = CARTESIAN_POINT('',(-5.295728502648,-11.4326120371,4.6));
#1112 = VECTOR('',#1113,1.);
#1113 = DIRECTION('',(0.905383620898,-0.424594511281,0.));
#1114 = ORIENTED_EDGE('',*,*,#1115,.T.);
#1115 = EDGE_CURVE('',#1108,#1116,#1118,.T.);
#1116 = VERTEX_POINT('',#1117);
#1117 = CARTESIAN_POINT('',(-5.024238268458,-11.55495693725,4.6));
#1118 = LINE('',#1119,#1120);
#1119 = CARTESIAN_POINT('',(-5.078630010399,-11.53069276245,4.6));
#1120 = VECTOR('',#1121,1.);
#1121 = DIRECTION('',(0.913249428871,-0.40740088447,0.));
#1122 = ORIENTED_EDGE('',*,*,#1123,.T.);
#1123 = EDGE_CURVE('',#1116,#1124,#1126,.T.);
#1124 = VERTEX_POINT('',#1125);
#1125 = CARTESIAN_POINT('',(-4.804875177023,-11.6478828348,4.6));
#1126 = LINE('',#1127,#1128);
#1127 = CARTESIAN_POINT('',(-4.859715949882,-11.62465136041,4.6));
#1128 = VECTOR('',#1129,1.);
#1129 = DIRECTION('',(0.920788757718,-0.39006161521,0.));
#1130 = ORIENTED_EDGE('',*,*,#1131,.T.);
#1131 = EDGE_CURVE('',#1124,#1132,#1134,.T.);
#1132 = VERTEX_POINT('',#1133);
#1133 = CARTESIAN_POINT('',(-4.58379438241,-11.73664471046,4.6));
#1134 = LINE('',#1135,#1136);
#1135 = CARTESIAN_POINT('',(-4.639064581063,-11.71445424155,4.6));
#1136 = VECTOR('',#1137,1.);
#1137 = DIRECTION('',(0.927998912192,-0.372582902144,0.));
#1138 = ORIENTED_EDGE('',*,*,#1139,.T.);
#1139 = EDGE_CURVE('',#1132,#1140,#1142,.T.);
#1140 = VERTEX_POINT('',#1141);
#1141 = CARTESIAN_POINT('',(-4.361074919176,-11.82121083262,4.6));
#1142 = LINE('',#1143,#1144);
#1143 = CARTESIAN_POINT('',(-4.416754784985,-11.80006930208,4.6));
#1144 = VECTOR('',#1145,1.);
#1145 = DIRECTION('',(0.934877314722,-0.354970993769,0.));
#1146 = ORIENTED_EDGE('',*,*,#1147,.T.);
#1147 = EDGE_CURVE('',#1140,#1148,#1150,.T.);
#1148 = VERTEX_POINT('',#1149);
#1149 = CARTESIAN_POINT('',(-4.136796407691,-11.90155096957,4.6));
#1150 = LINE('',#1151,#1152);
#1151 = CARTESIAN_POINT('',(-4.192866035562,-11.88146593533,4.6));
#1152 = VECTOR('',#1153,1.);
#1153 = DIRECTION('',(0.941421506336,-0.337232186197,0.));
#1154 = ORIENTED_EDGE('',*,*,#1155,.T.);
#1155 = EDGE_CURVE('',#1148,#1156,#1158,.T.);
#1156 = VERTEX_POINT('',#1157);
#1157 = CARTESIAN_POINT('',(-3.911039025668,-11.97763640038,4.6));
#1158 = LINE('',#1159,#1160);
#1159 = CARTESIAN_POINT('',(-3.967478371174,-11.95861504267,4.6));
#1160 = VECTOR('',#1161,1.);
#1161 = DIRECTION('',(0.94762914754,-0.319372820905,0.));
#1162 = ORIENTED_EDGE('',*,*,#1163,.T.);
#1163 = EDGE_CURVE('',#1156,#1164,#1166,.T.);
#1164 = VERTEX_POINT('',#1165);
#1165 = CARTESIAN_POINT('',(-3.683883479506,-12.04943992513,4.6));
#1166 = LINE('',#1167,#1168);
#1167 = CARTESIAN_POINT('',(-3.740672366047,-12.03148904394,4.6));
#1168 = VECTOR('',#1169,1.);
#1169 = DIRECTION('',(0.953498019153,-0.301399282467,0.));
#1170 = ORIENTED_EDGE('',*,*,#1171,.T.);
#1171 = EDGE_CURVE('',#1164,#1172,#1174,.T.);
#1172 = VERTEX_POINT('',#1173);
#1173 = CARTESIAN_POINT('',(-3.800832161396,-12.43196182751,4.6));
#1174 = LINE('',#1175,#1176);
#1175 = CARTESIAN_POINT('',(-1.973509006878,-6.45505710275,4.6));
#1176 = VECTOR('',#1177,1.);
#1177 = DIRECTION('',(-0.292371704723,-0.956304755963,0.));
#1178 = ORIENTED_EDGE('',*,*,#1179,.T.);
#1179 = EDGE_CURVE('',#1172,#1180,#1182,.T.);
#1180 = VERTEX_POINT('',#1181);
#1181 = CARTESIAN_POINT('',(12.666810842208,-2.92436370647,4.6));
#1182 = CIRCLE('',#1183,13.);
#1183 = AXIS2_PLACEMENT_3D('',#1184,#1185,#1186);
#1184 = CARTESIAN_POINT('',(0.,0.,4.6));
#1185 = DIRECTION('',(0.,0.,1.));
#1186 = DIRECTION('',(1.,0.,-0.));
#1187 = ORIENTED_EDGE('',*,*,#1188,.T.);
#1188 = EDGE_CURVE('',#1180,#1189,#1191,.T.);
#1189 = VERTEX_POINT('',#1190);
#1190 = CARTESIAN_POINT('',(12.277062816294,-2.834383284733,4.6));
#1191 = LINE('',#1192,#1193);
#1192 = CARTESIAN_POINT('',(6.138531408147,-1.417191642366,4.6));
#1193 = VECTOR('',#1194,1.);
#1194 = DIRECTION('',(-0.974370064785,0.224951054344,0.));
#1195 = ORIENTED_EDGE('',*,*,#1196,.T.);
#1196 = EDGE_CURVE('',#1189,#1197,#1199,.T.);
#1197 = VERTEX_POINT('',#1198);
#1198 = CARTESIAN_POINT('',(12.328456912856,-2.601759048769,4.6));
#1199 = LINE('',#1200,#1201);
#1200 = CARTESIAN_POINT('',(12.315608388716,-2.65991510776,4.6));
#1201 = VECTOR('',#1202,1.);
#1202 = DIRECTION('',(0.215729574277,0.976453148278,-0.));
#1203 = ORIENTED_EDGE('',*,*,#1204,.T.);
#1204 = EDGE_CURVE('',#1197,#1205,#1207,.T.);
#1205 = VERTEX_POINT('',#1206);
#1206 = CARTESIAN_POINT('',(12.37544368793,-2.368204705441,4.6));
#1207 = LINE('',#1208,#1209);
#1208 = CARTESIAN_POINT('',(12.363696994161,-2.426593291273,4.6));
#1209 = VECTOR('',#1210,1.);
#1210 = DIRECTION('',(0.197229597588,0.980357325589,-0.));
#1211 = ORIENTED_EDGE('',*,*,#1212,.T.);
#1212 = EDGE_CURVE('',#1205,#1213,#1215,.T.);
#1213 = VERTEX_POINT('',#1214);
#1214 = CARTESIAN_POINT('',(12.418006344132,-2.133803748498,4.6));
#1215 = LINE('',#1216,#1217);
#1216 = CARTESIAN_POINT('',(12.407365680081,-2.192403987734,4.6));
#1217 = VECTOR('',#1218,1.);
#1218 = DIRECTION('',(0.178659112948,0.983911033255,-0.));
#1219 = ORIENTED_EDGE('',*,*,#1220,.T.);
#1220 = EDGE_CURVE('',#1213,#1221,#1223,.T.);
#1221 = VERTEX_POINT('',#1222);
#1222 = CARTESIAN_POINT('',(12.456129665664,-1.898639974343,4.6));
#1223 = LINE('',#1224,#1225);
#1224 = CARTESIAN_POINT('',(12.446598835281,-1.957430917882,4.6));
#1225 = VECTOR('',#1226,1.);
#1226 = DIRECTION('',(0.16002475915,0.987113000856,-0.));
#1227 = ORIENTED_EDGE('',*,*,#1228,.T.);
#1228 = EDGE_CURVE('',#1221,#1229,#1231,.T.);
#1229 = VERTEX_POINT('',#1230);
#1230 = CARTESIAN_POINT('',(12.489800023753,-1.662797452085,4.6));
#1231 = LINE('',#1232,#1233);
#1232 = CARTESIAN_POINT('',(12.481382434231,-1.72175808265,4.6));
#1233 = VECTOR('',#1234,1.);
#1234 = DIRECTION('',(0.141333197824,0.989962083715,-0.));
#1235 = ORIENTED_EDGE('',*,*,#1236,.T.);
#1236 = EDGE_CURVE('',#1229,#1237,#1239,.T.);
#1237 = VERTEX_POINT('',#1238);
#1238 = CARTESIAN_POINT('',(12.519005381525,-1.426360493476,4.6));
#1239 = LINE('',#1240,#1241);
#1240 = CARTESIAN_POINT('',(12.511704042082,-1.485469733128,4.6));
#1241 = VECTOR('',#1242,1.);
#1242 = DIRECTION('',(0.122591111046,0.992457263308,-0.));
#1243 = ORIENTED_EDGE('',*,*,#1244,.T.);
#1244 = EDGE_CURVE('',#1237,#1245,#1247,.T.);
#1245 = VERTEX_POINT('',#1246);
#1246 = CARTESIAN_POINT('',(12.543735298306,-1.189413622774,4.6));
#1247 = LINE('',#1248,#1249);
#1248 = CARTESIAN_POINT('',(12.53755281911,-1.24865034045,4.6));
#1249 = VECTOR('',#1250,1.);
#1250 = DIRECTION('',(0.10380519896,0.994597647629,-0.));
#1251 = ORIENTED_EDGE('',*,*,#1252,.T.);
#1252 = EDGE_CURVE('',#1245,#1253,#1255,.T.);
#1253 = VERTEX_POINT('',#1254);
#1254 = CARTESIAN_POINT('',(12.563980933354,-0.95204154653,4.6));
#1255 = LINE('',#1256,#1257);
#1256 = CARTESIAN_POINT('',(12.558919524592,-1.011384565591,4.6));
#1257 = VECTOR('',#1258,1.);
#1258 = DIRECTION('',(8.498217737244E-02,0.996382471508,-0.));
#1259 = ORIENTED_EDGE('',*,*,#1260,.T.);
#1260 = EDGE_CURVE('',#1253,#1261,#1263,.T.);
#1261 = VERTEX_POINT('',#1262);
#1262 = CARTESIAN_POINT('',(12.579735049023,-0.714329123299,4.6));
#1263 = LINE('',#1264,#1265);
#1264 = CARTESIAN_POINT('',(12.575796520105,-0.773757229106,4.6));
#1265 = VECTOR('',#1266,1.);
#1266 = DIRECTION('',(6.612877535868E-02,0.997811096886,-0.));
#1267 = ORIENTED_EDGE('',*,*,#1268,.T.);
#1268 = EDGE_CURVE('',#1261,#1269,#1271,.T.);
#1269 = VERTEX_POINT('',#1270);
#1270 = CARTESIAN_POINT('',(12.590992013345,-0.476361333307,4.6));
#1271 = LINE('',#1272,#1273);
#1272 = CARTESIAN_POINT('',(12.588177772265,-0.535853280805,4.6));
#1273 = VECTOR('',#1274,1.);
#1274 = DIRECTION('',(4.725173285407E-02,0.998883013041,-0.));
#1275 = ORIENTED_EDGE('',*,*,#1276,.T.);
#1276 = EDGE_CURVE('',#1269,#1277,#1279,.T.);
#1277 = VERTEX_POINT('',#1278);
#1278 = CARTESIAN_POINT('',(12.597747802051,-0.238223248075,4.6));
#1279 = LINE('',#1280,#1281);
#1280 = CARTESIAN_POINT('',(12.596058854874,-0.297757769383,4.6));
#1281 = VECTOR('',#1282,1.);
#1282 = DIRECTION('',(2.835779824539E-02,0.999597836772,-0.));
#1283 = ORIENTED_EDGE('',*,*,#1284,.T.);
#1284 = EDGE_CURVE('',#1277,#1285,#1287,.T.);
#1285 = VERTEX_POINT('',#1286);
#1286 = CARTESIAN_POINT('',(12.6,0.,4.6));
#1287 = LINE('',#1288,#1289);
#1288 = CARTESIAN_POINT('',(12.599436950513,-5.955581201876E-02,4.6));
#1289 = VECTOR('',#1290,1.);
#1290 = DIRECTION('',(9.453725958095E-03,0.999955312534,-0.));
#1291 = ORIENTED_EDGE('',*,*,#1292,.T.);
#1292 = EDGE_CURVE('',#1285,#1293,#1295,.T.);
#1293 = VERTEX_POINT('',#1294);
#1294 = CARTESIAN_POINT('',(12.597747802051,0.238223248075,4.6));
#1295 = LINE('',#1296,#1297);
#1296 = CARTESIAN_POINT('',(12.598310851538,0.178667436056,4.6));
#1297 = VECTOR('',#1298,1.);
#1298 = DIRECTION('',(-9.453725958095E-03,0.999955312534,0.));
#1299 = ORIENTED_EDGE('',*,*,#1300,.T.);
#1300 = EDGE_CURVE('',#1293,#1301,#1303,.T.);
#1301 = VERTEX_POINT('',#1302);
#1302 = CARTESIAN_POINT('',(12.590992013345,0.476361333307,4.6));
#1303 = LINE('',#1304,#1305);
#1304 = CARTESIAN_POINT('',(12.592680960522,0.416826811999,4.6));
#1305 = VECTOR('',#1306,1.);
#1306 = DIRECTION('',(-2.835779824539E-02,0.999597836772,0.));
#1307 = ORIENTED_EDGE('',*,*,#1308,.T.);
#1308 = EDGE_CURVE('',#1301,#1309,#1311,.T.);
#1309 = VERTEX_POINT('',#1310);
#1310 = CARTESIAN_POINT('',(12.579735049023,0.714329123299,4.6));
#1311 = LINE('',#1312,#1313);
#1312 = CARTESIAN_POINT('',(12.582549290103,0.654837175801,4.6));
#1313 = VECTOR('',#1314,1.);
#1314 = DIRECTION('',(-4.725173285407E-02,0.998883013041,0.));
#1315 = ORIENTED_EDGE('',*,*,#1316,.T.);
#1316 = EDGE_CURVE('',#1309,#1317,#1319,.T.);
#1317 = VERTEX_POINT('',#1318);
#1318 = CARTESIAN_POINT('',(12.563980933354,0.95204154653,4.6));
#1319 = LINE('',#1320,#1321);
#1320 = CARTESIAN_POINT('',(12.567919462271,0.892613440722,4.6));
#1321 = VECTOR('',#1322,1.);
#1322 = DIRECTION('',(-6.612877535868E-02,0.997811096886,0.));
#1323 = ORIENTED_EDGE('',*,*,#1324,.T.);
#1324 = EDGE_CURVE('',#1317,#1325,#1327,.T.);
#1325 = VERTEX_POINT('',#1326);
#1326 = CARTESIAN_POINT('',(12.543735298306,1.189413622774,4.6));
#1327 = LINE('',#1328,#1329);
#1328 = CARTESIAN_POINT('',(12.548796707068,1.130070603713,4.6));
#1329 = VECTOR('',#1330,1.);
#1330 = DIRECTION('',(-8.498217737244E-02,0.996382471508,0.));
#1331 = ORIENTED_EDGE('',*,*,#1332,.T.);
#1332 = EDGE_CURVE('',#1325,#1333,#1335,.T.);
#1333 = VERTEX_POINT('',#1334);
#1334 = CARTESIAN_POINT('',(12.519005381525,1.426360493476,4.6));
#1335 = LINE('',#1336,#1337);
#1336 = CARTESIAN_POINT('',(12.52518786072,1.3671237758,4.6));
#1337 = VECTOR('',#1338,1.);
#1338 = DIRECTION('',(-0.10380519896,0.994597647629,0.));
#1339 = ORIENTED_EDGE('',*,*,#1340,.T.);
#1340 = EDGE_CURVE('',#1333,#1341,#1343,.T.);
#1341 = VERTEX_POINT('',#1342);
#1342 = CARTESIAN_POINT('',(12.489800023753,1.662797452085,4.6));
#1343 = LINE('',#1344,#1345);
#1344 = CARTESIAN_POINT('',(12.497101363196,1.603688212433,4.6));
#1345 = VECTOR('',#1346,1.);
#1346 = DIRECTION('',(-0.122591111046,0.992457263308,0.));
#1347 = ORIENTED_EDGE('',*,*,#1348,.T.);
#1348 = EDGE_CURVE('',#1341,#1349,#1351,.T.);
#1349 = VERTEX_POINT('',#1350);
#1350 = CARTESIAN_POINT('',(12.456129665664,1.898639974343,4.6));
#1351 = LINE('',#1352,#1353);
#1352 = CARTESIAN_POINT('',(12.464547255186,1.839679343779,4.6));
#1353 = VECTOR('',#1354,1.);
#1354 = DIRECTION('',(-0.141333197824,0.989962083715,0.));
#1355 = ORIENTED_EDGE('',*,*,#1356,.T.);
#1356 = EDGE_CURVE('',#1349,#1357,#1359,.T.);
#1357 = VERTEX_POINT('',#1358);
#1358 = CARTESIAN_POINT('',(12.418006344132,2.133803748498,4.6));
#1359 = LINE('',#1360,#1361);
#1360 = CARTESIAN_POINT('',(12.427537174515,2.075012804959,4.6));
#1361 = VECTOR('',#1362,1.);
#1362 = DIRECTION('',(-0.16002475915,0.987113000856,0.));
#1363 = ORIENTED_EDGE('',*,*,#1364,.T.);
#1364 = EDGE_CURVE('',#1357,#737,#1365,.T.);
#1365 = LINE('',#1366,#1367);
#1366 = CARTESIAN_POINT('',(12.38608435198,2.309604466205,4.6));
#1367 = VECTOR('',#1368,1.);
#1368 = DIRECTION('',(-0.178659112948,0.983911033255,0.));
#1369 = PLANE('',#1370);
#1370 = AXIS2_PLACEMENT_3D('',#1371,#1372,#1373);
#1371 = CARTESIAN_POINT('',(0.,0.,4.6));
#1372 = DIRECTION('',(0.,0.,1.));
#1373 = DIRECTION('',(1.,0.,-0.));
#1374 = ADVANCED_FACE('',(#1375),#1386,.T.);
#1375 = FACE_BOUND('',#1376,.T.);
#1376 = EDGE_LOOP('',(#1377,#1383,#1384,#1385));
#1377 = ORIENTED_EDGE('',*,*,#1378,.F.);
#1378 = EDGE_CURVE('',#747,#74,#1379,.T.);
#1379 = LINE('',#1380,#1381);
#1380 = CARTESIAN_POINT('',(12.277062816294,2.834383284733,4.55));
#1381 = VECTOR('',#1382,1.);
#1382 = DIRECTION('',(0.,0.,1.));
#1383 = ORIENTED_EDGE('',*,*,#754,.T.);
#1384 = ORIENTED_EDGE('',*,*,#32,.T.);
#1385 = ORIENTED_EDGE('',*,*,#81,.F.);
#1386 = PLANE('',#1387);
#1387 = AXIS2_PLACEMENT_3D('',#1388,#1389,#1390);
#1388 = CARTESIAN_POINT('',(13.153995874601,3.036839233642,4.55));
#1389 = DIRECTION('',(0.224951054344,-0.974370064785,0.));
#1390 = DIRECTION('',(-0.974370064785,-0.224951054344,0.));
#1391 = ADVANCED_FACE('',(#1392),#1408,.T.);
#1392 = FACE_BOUND('',#1393,.T.);
#1393 = EDGE_LOOP('',(#1394,#1395,#1401,#1402));
#1394 = ORIENTED_EDGE('',*,*,#736,.T.);
#1395 = ORIENTED_EDGE('',*,*,#1396,.T.);
#1396 = EDGE_CURVE('',#739,#66,#1397,.T.);
#1397 = LINE('',#1398,#1399);
#1398 = CARTESIAN_POINT('',(12.328456912856,2.601759048769,4.55));
#1399 = VECTOR('',#1400,1.);
#1400 = DIRECTION('',(0.,0.,1.));
#1401 = ORIENTED_EDGE('',*,*,#63,.F.);
#1402 = ORIENTED_EDGE('',*,*,#1403,.F.);
#1403 = EDGE_CURVE('',#737,#64,#1404,.T.);
#1404 = LINE('',#1405,#1406);
#1405 = CARTESIAN_POINT('',(12.37544368793,2.368204705441,4.55));
#1406 = VECTOR('',#1407,1.);
#1407 = DIRECTION('',(0.,0.,1.));
#1408 = PLANE('',#1409);
#1409 = AXIS2_PLACEMENT_3D('',#1410,#1411,#1412);
#1410 = CARTESIAN_POINT('',(12.328456912856,2.601759048769,4.55));
#1411 = DIRECTION('',(0.980357325589,0.197229597588,-0.));
#1412 = DIRECTION('',(0.197229597588,-0.980357325589,0.));
#1413 = ADVANCED_FACE('',(#1414),#1425,.T.);
#1414 = FACE_BOUND('',#1415,.T.);
#1415 = EDGE_LOOP('',(#1416,#1417,#1418,#1419));
#1416 = ORIENTED_EDGE('',*,*,#1364,.T.);
#1417 = ORIENTED_EDGE('',*,*,#1403,.T.);
#1418 = ORIENTED_EDGE('',*,*,#698,.F.);
#1419 = ORIENTED_EDGE('',*,*,#1420,.F.);
#1420 = EDGE_CURVE('',#1357,#691,#1421,.T.);
#1421 = LINE('',#1422,#1423);
#1422 = CARTESIAN_POINT('',(12.418006344132,2.133803748498,4.55));
#1423 = VECTOR('',#1424,1.);
#1424 = DIRECTION('',(0.,0.,1.));
#1425 = PLANE('',#1426);
#1426 = AXIS2_PLACEMENT_3D('',#1427,#1428,#1429);
#1427 = CARTESIAN_POINT('',(12.37544368793,2.368204705441,4.55));
#1428 = DIRECTION('',(0.983911033255,0.178659112948,-0.));
#1429 = DIRECTION('',(0.178659112948,-0.983911033255,0.));
#1430 = ADVANCED_FACE('',(#1431),#1442,.T.);
#1431 = FACE_BOUND('',#1432,.T.);
#1432 = EDGE_LOOP('',(#1433,#1434,#1435,#1436));
#1433 = ORIENTED_EDGE('',*,*,#1356,.T.);
#1434 = ORIENTED_EDGE('',*,*,#1420,.T.);
#1435 = ORIENTED_EDGE('',*,*,#690,.F.);
#1436 = ORIENTED_EDGE('',*,*,#1437,.F.);
#1437 = EDGE_CURVE('',#1349,#683,#1438,.T.);
#1438 = LINE('',#1439,#1440);
#1439 = CARTESIAN_POINT('',(12.456129665664,1.898639974343,4.55));
#1440 = VECTOR('',#1441,1.);
#1441 = DIRECTION('',(0.,0.,1.));
#1442 = PLANE('',#1443);
#1443 = AXIS2_PLACEMENT_3D('',#1444,#1445,#1446);
#1444 = CARTESIAN_POINT('',(12.418006344132,2.133803748498,4.55));
#1445 = DIRECTION('',(0.987113000856,0.16002475915,-0.));
#1446 = DIRECTION('',(0.16002475915,-0.987113000856,0.));
#1447 = ADVANCED_FACE('',(#1448),#1459,.T.);
#1448 = FACE_BOUND('',#1449,.T.);
#1449 = EDGE_LOOP('',(#1450,#1451,#1452,#1453));
#1450 = ORIENTED_EDGE('',*,*,#1348,.T.);
#1451 = ORIENTED_EDGE('',*,*,#1437,.T.);
#1452 = ORIENTED_EDGE('',*,*,#682,.F.);
#1453 = ORIENTED_EDGE('',*,*,#1454,.F.);
#1454 = EDGE_CURVE('',#1341,#675,#1455,.T.);
#1455 = LINE('',#1456,#1457);
#1456 = CARTESIAN_POINT('',(12.489800023753,1.662797452085,4.55));
#1457 = VECTOR('',#1458,1.);
#1458 = DIRECTION('',(0.,0.,1.));
#1459 = PLANE('',#1460);
#1460 = AXIS2_PLACEMENT_3D('',#1461,#1462,#1463);
#1461 = CARTESIAN_POINT('',(12.456129665664,1.898639974343,4.55));
#1462 = DIRECTION('',(0.989962083715,0.141333197824,-0.));
#1463 = DIRECTION('',(0.141333197824,-0.989962083715,0.));
#1464 = ADVANCED_FACE('',(#1465),#1476,.T.);
#1465 = FACE_BOUND('',#1466,.T.);
#1466 = EDGE_LOOP('',(#1467,#1468,#1469,#1470));
#1467 = ORIENTED_EDGE('',*,*,#1340,.T.);
#1468 = ORIENTED_EDGE('',*,*,#1454,.T.);
#1469 = ORIENTED_EDGE('',*,*,#674,.F.);
#1470 = ORIENTED_EDGE('',*,*,#1471,.F.);
#1471 = EDGE_CURVE('',#1333,#667,#1472,.T.);
#1472 = LINE('',#1473,#1474);
#1473 = CARTESIAN_POINT('',(12.519005381525,1.426360493476,4.55));
#1474 = VECTOR('',#1475,1.);
#1475 = DIRECTION('',(0.,0.,1.));
#1476 = PLANE('',#1477);
#1477 = AXIS2_PLACEMENT_3D('',#1478,#1479,#1480);
#1478 = CARTESIAN_POINT('',(12.489800023753,1.662797452085,4.55));
#1479 = DIRECTION('',(0.992457263308,0.122591111046,-0.));
#1480 = DIRECTION('',(0.122591111046,-0.992457263308,0.));
#1481 = ADVANCED_FACE('',(#1482),#1493,.T.);
#1482 = FACE_BOUND('',#1483,.T.);
#1483 = EDGE_LOOP('',(#1484,#1485,#1486,#1487));
#1484 = ORIENTED_EDGE('',*,*,#1332,.T.);
#1485 = ORIENTED_EDGE('',*,*,#1471,.T.);
#1486 = ORIENTED_EDGE('',*,*,#666,.F.);
#1487 = ORIENTED_EDGE('',*,*,#1488,.F.);
#1488 = EDGE_CURVE('',#1325,#659,#1489,.T.);
#1489 = LINE('',#1490,#1491);
#1490 = CARTESIAN_POINT('',(12.543735298306,1.189413622774,4.55));
#1491 = VECTOR('',#1492,1.);
#1492 = DIRECTION('',(0.,0.,1.));
#1493 = PLANE('',#1494);
#1494 = AXIS2_PLACEMENT_3D('',#1495,#1496,#1497);
#1495 = CARTESIAN_POINT('',(12.519005381525,1.426360493476,4.55));
#1496 = DIRECTION('',(0.994597647629,0.10380519896,-0.));
#1497 = DIRECTION('',(0.10380519896,-0.994597647629,0.));
#1498 = ADVANCED_FACE('',(#1499),#1510,.T.);
#1499 = FACE_BOUND('',#1500,.T.);
#1500 = EDGE_LOOP('',(#1501,#1502,#1503,#1504));
#1501 = ORIENTED_EDGE('',*,*,#1324,.T.);
#1502 = ORIENTED_EDGE('',*,*,#1488,.T.);
#1503 = ORIENTED_EDGE('',*,*,#658,.F.);
#1504 = ORIENTED_EDGE('',*,*,#1505,.F.);
#1505 = EDGE_CURVE('',#1317,#651,#1506,.T.);
#1506 = LINE('',#1507,#1508);
#1507 = CARTESIAN_POINT('',(12.563980933354,0.95204154653,4.55));
#1508 = VECTOR('',#1509,1.);
#1509 = DIRECTION('',(0.,0.,1.));
#1510 = PLANE('',#1511);
#1511 = AXIS2_PLACEMENT_3D('',#1512,#1513,#1514);
#1512 = CARTESIAN_POINT('',(12.543735298306,1.189413622774,4.55));
#1513 = DIRECTION('',(0.996382471508,8.498217737244E-02,-0.));
#1514 = DIRECTION('',(8.498217737244E-02,-0.996382471508,0.));
#1515 = ADVANCED_FACE('',(#1516),#1527,.T.);
#1516 = FACE_BOUND('',#1517,.T.);
#1517 = EDGE_LOOP('',(#1518,#1519,#1520,#1521));
#1518 = ORIENTED_EDGE('',*,*,#1316,.T.);
#1519 = ORIENTED_EDGE('',*,*,#1505,.T.);
#1520 = ORIENTED_EDGE('',*,*,#650,.F.);
#1521 = ORIENTED_EDGE('',*,*,#1522,.F.);
#1522 = EDGE_CURVE('',#1309,#643,#1523,.T.);
#1523 = LINE('',#1524,#1525);
#1524 = CARTESIAN_POINT('',(12.579735049023,0.714329123299,4.55));
#1525 = VECTOR('',#1526,1.);
#1526 = DIRECTION('',(0.,0.,1.));
#1527 = PLANE('',#1528);
#1528 = AXIS2_PLACEMENT_3D('',#1529,#1530,#1531);
#1529 = CARTESIAN_POINT('',(12.563980933354,0.95204154653,4.55));
#1530 = DIRECTION('',(0.997811096886,6.612877535868E-02,-0.));
#1531 = DIRECTION('',(6.612877535868E-02,-0.997811096886,0.));
#1532 = ADVANCED_FACE('',(#1533),#1544,.T.);
#1533 = FACE_BOUND('',#1534,.T.);
#1534 = EDGE_LOOP('',(#1535,#1536,#1537,#1538));
#1535 = ORIENTED_EDGE('',*,*,#1308,.T.);
#1536 = ORIENTED_EDGE('',*,*,#1522,.T.);
#1537 = ORIENTED_EDGE('',*,*,#642,.F.);
#1538 = ORIENTED_EDGE('',*,*,#1539,.F.);
#1539 = EDGE_CURVE('',#1301,#635,#1540,.T.);
#1540 = LINE('',#1541,#1542);
#1541 = CARTESIAN_POINT('',(12.590992013345,0.476361333307,4.55));
#1542 = VECTOR('',#1543,1.);
#1543 = DIRECTION('',(0.,0.,1.));
#1544 = PLANE('',#1545);
#1545 = AXIS2_PLACEMENT_3D('',#1546,#1547,#1548);
#1546 = CARTESIAN_POINT('',(12.579735049023,0.714329123299,4.55));
#1547 = DIRECTION('',(0.998883013041,4.725173285407E-02,-0.));
#1548 = DIRECTION('',(4.725173285407E-02,-0.998883013041,0.));
#1549 = ADVANCED_FACE('',(#1550),#1561,.T.);
#1550 = FACE_BOUND('',#1551,.T.);
#1551 = EDGE_LOOP('',(#1552,#1553,#1554,#1555));
#1552 = ORIENTED_EDGE('',*,*,#1300,.T.);
#1553 = ORIENTED_EDGE('',*,*,#1539,.T.);
#1554 = ORIENTED_EDGE('',*,*,#634,.F.);
#1555 = ORIENTED_EDGE('',*,*,#1556,.F.);
#1556 = EDGE_CURVE('',#1293,#627,#1557,.T.);
#1557 = LINE('',#1558,#1559);
#1558 = CARTESIAN_POINT('',(12.597747802051,0.238223248075,4.55));
#1559 = VECTOR('',#1560,1.);
#1560 = DIRECTION('',(0.,0.,1.));
#1561 = PLANE('',#1562);
#1562 = AXIS2_PLACEMENT_3D('',#1563,#1564,#1565);
#1563 = CARTESIAN_POINT('',(12.590992013345,0.476361333307,4.55));
#1564 = DIRECTION('',(0.999597836772,2.835779824539E-02,-0.));
#1565 = DIRECTION('',(2.835779824539E-02,-0.999597836772,0.));
#1566 = ADVANCED_FACE('',(#1567),#1578,.T.);
#1567 = FACE_BOUND('',#1568,.T.);
#1568 = EDGE_LOOP('',(#1569,#1570,#1571,#1572));
#1569 = ORIENTED_EDGE('',*,*,#1292,.T.);
#1570 = ORIENTED_EDGE('',*,*,#1556,.T.);
#1571 = ORIENTED_EDGE('',*,*,#626,.F.);
#1572 = ORIENTED_EDGE('',*,*,#1573,.F.);
#1573 = EDGE_CURVE('',#1285,#619,#1574,.T.);
#1574 = LINE('',#1575,#1576);
#1575 = CARTESIAN_POINT('',(12.6,0.,4.55));
#1576 = VECTOR('',#1577,1.);
#1577 = DIRECTION('',(0.,0.,1.));
#1578 = PLANE('',#1579);
#1579 = AXIS2_PLACEMENT_3D('',#1580,#1581,#1582);
#1580 = CARTESIAN_POINT('',(12.597747802051,0.238223248075,4.55));
#1581 = DIRECTION('',(0.999955312534,9.453725958095E-03,-0.));
#1582 = DIRECTION('',(9.453725958095E-03,-0.999955312534,0.));
#1583 = ADVANCED_FACE('',(#1584),#1595,.T.);
#1584 = FACE_BOUND('',#1585,.T.);
#1585 = EDGE_LOOP('',(#1586,#1587,#1588,#1589));
#1586 = ORIENTED_EDGE('',*,*,#1284,.T.);
#1587 = ORIENTED_EDGE('',*,*,#1573,.T.);
#1588 = ORIENTED_EDGE('',*,*,#618,.F.);
#1589 = ORIENTED_EDGE('',*,*,#1590,.F.);
#1590 = EDGE_CURVE('',#1277,#611,#1591,.T.);
#1591 = LINE('',#1592,#1593);
#1592 = CARTESIAN_POINT('',(12.597747802051,-0.238223248075,4.55));
#1593 = VECTOR('',#1594,1.);
#1594 = DIRECTION('',(0.,0.,1.));
#1595 = PLANE('',#1596);
#1596 = AXIS2_PLACEMENT_3D('',#1597,#1598,#1599);
#1597 = CARTESIAN_POINT('',(12.6,0.,4.55));
#1598 = DIRECTION('',(0.999955312534,-9.453725958095E-03,0.));
#1599 = DIRECTION('',(-9.453725958095E-03,-0.999955312534,0.));
#1600 = ADVANCED_FACE('',(#1601),#1612,.T.);
#1601 = FACE_BOUND('',#1602,.T.);
#1602 = EDGE_LOOP('',(#1603,#1604,#1605,#1606));
#1603 = ORIENTED_EDGE('',*,*,#1276,.T.);
#1604 = ORIENTED_EDGE('',*,*,#1590,.T.);
#1605 = ORIENTED_EDGE('',*,*,#610,.F.);
#1606 = ORIENTED_EDGE('',*,*,#1607,.F.);
#1607 = EDGE_CURVE('',#1269,#603,#1608,.T.);
#1608 = LINE('',#1609,#1610);
#1609 = CARTESIAN_POINT('',(12.590992013345,-0.476361333307,4.55));
#1610 = VECTOR('',#1611,1.);
#1611 = DIRECTION('',(0.,0.,1.));
#1612 = PLANE('',#1613);
#1613 = AXIS2_PLACEMENT_3D('',#1614,#1615,#1616);
#1614 = CARTESIAN_POINT('',(12.597747802051,-0.238223248075,4.55));
#1615 = DIRECTION('',(0.999597836772,-2.835779824539E-02,0.));
#1616 = DIRECTION('',(-2.835779824539E-02,-0.999597836772,0.));
#1617 = ADVANCED_FACE('',(#1618),#1629,.T.);
#1618 = FACE_BOUND('',#1619,.T.);
#1619 = EDGE_LOOP('',(#1620,#1621,#1622,#1623));
#1620 = ORIENTED_EDGE('',*,*,#1268,.T.);
#1621 = ORIENTED_EDGE('',*,*,#1607,.T.);
#1622 = ORIENTED_EDGE('',*,*,#602,.F.);
#1623 = ORIENTED_EDGE('',*,*,#1624,.F.);
#1624 = EDGE_CURVE('',#1261,#595,#1625,.T.);
#1625 = LINE('',#1626,#1627);
#1626 = CARTESIAN_POINT('',(12.579735049023,-0.714329123299,4.55));
#1627 = VECTOR('',#1628,1.);
#1628 = DIRECTION('',(0.,0.,1.));
#1629 = PLANE('',#1630);
#1630 = AXIS2_PLACEMENT_3D('',#1631,#1632,#1633);
#1631 = CARTESIAN_POINT('',(12.590992013345,-0.476361333307,4.55));
#1632 = DIRECTION('',(0.998883013041,-4.725173285407E-02,0.));
#1633 = DIRECTION('',(-4.725173285407E-02,-0.998883013041,0.));
#1634 = ADVANCED_FACE('',(#1635),#1646,.T.);
#1635 = FACE_BOUND('',#1636,.T.);
#1636 = EDGE_LOOP('',(#1637,#1638,#1639,#1640));
#1637 = ORIENTED_EDGE('',*,*,#1260,.T.);
#1638 = ORIENTED_EDGE('',*,*,#1624,.T.);
#1639 = ORIENTED_EDGE('',*,*,#594,.F.);
#1640 = ORIENTED_EDGE('',*,*,#1641,.F.);
#1641 = EDGE_CURVE('',#1253,#587,#1642,.T.);
#1642 = LINE('',#1643,#1644);
#1643 = CARTESIAN_POINT('',(12.563980933354,-0.95204154653,4.55));
#1644 = VECTOR('',#1645,1.);
#1645 = DIRECTION('',(0.,0.,1.));
#1646 = PLANE('',#1647);
#1647 = AXIS2_PLACEMENT_3D('',#1648,#1649,#1650);
#1648 = CARTESIAN_POINT('',(12.579735049023,-0.714329123299,4.55));
#1649 = DIRECTION('',(0.997811096886,-6.612877535868E-02,0.));
#1650 = DIRECTION('',(-6.612877535868E-02,-0.997811096886,0.));
#1651 = ADVANCED_FACE('',(#1652),#1663,.T.);
#1652 = FACE_BOUND('',#1653,.T.);
#1653 = EDGE_LOOP('',(#1654,#1655,#1656,#1657));
#1654 = ORIENTED_EDGE('',*,*,#1252,.T.);
#1655 = ORIENTED_EDGE('',*,*,#1641,.T.);
#1656 = ORIENTED_EDGE('',*,*,#586,.F.);
#1657 = ORIENTED_EDGE('',*,*,#1658,.F.);
#1658 = EDGE_CURVE('',#1245,#579,#1659,.T.);
#1659 = LINE('',#1660,#1661);
#1660 = CARTESIAN_POINT('',(12.543735298306,-1.189413622774,4.55));
#1661 = VECTOR('',#1662,1.);
#1662 = DIRECTION('',(0.,0.,1.));
#1663 = PLANE('',#1664);
#1664 = AXIS2_PLACEMENT_3D('',#1665,#1666,#1667);
#1665 = CARTESIAN_POINT('',(12.563980933354,-0.95204154653,4.55));
#1666 = DIRECTION('',(0.996382471508,-8.498217737244E-02,0.));
#1667 = DIRECTION('',(-8.498217737244E-02,-0.996382471508,0.));
#1668 = ADVANCED_FACE('',(#1669),#1680,.T.);
#1669 = FACE_BOUND('',#1670,.T.);
#1670 = EDGE_LOOP('',(#1671,#1672,#1673,#1674));
#1671 = ORIENTED_EDGE('',*,*,#1244,.T.);
#1672 = ORIENTED_EDGE('',*,*,#1658,.T.);
#1673 = ORIENTED_EDGE('',*,*,#578,.F.);
#1674 = ORIENTED_EDGE('',*,*,#1675,.F.);
#1675 = EDGE_CURVE('',#1237,#571,#1676,.T.);
#1676 = LINE('',#1677,#1678);
#1677 = CARTESIAN_POINT('',(12.519005381525,-1.426360493476,4.55));
#1678 = VECTOR('',#1679,1.);
#1679 = DIRECTION('',(0.,0.,1.));
#1680 = PLANE('',#1681);
#1681 = AXIS2_PLACEMENT_3D('',#1682,#1683,#1684);
#1682 = CARTESIAN_POINT('',(12.543735298306,-1.189413622774,4.55));
#1683 = DIRECTION('',(0.994597647629,-0.10380519896,0.));
#1684 = DIRECTION('',(-0.10380519896,-0.994597647629,0.));
#1685 = ADVANCED_FACE('',(#1686),#1697,.T.);
#1686 = FACE_BOUND('',#1687,.T.);
#1687 = EDGE_LOOP('',(#1688,#1689,#1690,#1691));
#1688 = ORIENTED_EDGE('',*,*,#1236,.T.);
#1689 = ORIENTED_EDGE('',*,*,#1675,.T.);
#1690 = ORIENTED_EDGE('',*,*,#570,.F.);
#1691 = ORIENTED_EDGE('',*,*,#1692,.F.);
#1692 = EDGE_CURVE('',#1229,#563,#1693,.T.);
#1693 = LINE('',#1694,#1695);
#1694 = CARTESIAN_POINT('',(12.489800023753,-1.662797452085,4.55));
#1695 = VECTOR('',#1696,1.);
#1696 = DIRECTION('',(0.,0.,1.));
#1697 = PLANE('',#1698);
#1698 = AXIS2_PLACEMENT_3D('',#1699,#1700,#1701);
#1699 = CARTESIAN_POINT('',(12.519005381525,-1.426360493476,4.55));
#1700 = DIRECTION('',(0.992457263308,-0.122591111046,0.));
#1701 = DIRECTION('',(-0.122591111046,-0.992457263308,0.));
#1702 = ADVANCED_FACE('',(#1703),#1714,.T.);
#1703 = FACE_BOUND('',#1704,.T.);
#1704 = EDGE_LOOP('',(#1705,#1706,#1707,#1708));
#1705 = ORIENTED_EDGE('',*,*,#1228,.T.);
#1706 = ORIENTED_EDGE('',*,*,#1692,.T.);
#1707 = ORIENTED_EDGE('',*,*,#562,.F.);
#1708 = ORIENTED_EDGE('',*,*,#1709,.F.);
#1709 = EDGE_CURVE('',#1221,#555,#1710,.T.);
#1710 = LINE('',#1711,#1712);
#1711 = CARTESIAN_POINT('',(12.456129665664,-1.898639974343,4.55));
#1712 = VECTOR('',#1713,1.);
#1713 = DIRECTION('',(0.,0.,1.));
#1714 = PLANE('',#1715);
#1715 = AXIS2_PLACEMENT_3D('',#1716,#1717,#1718);
#1716 = CARTESIAN_POINT('',(12.489800023753,-1.662797452085,4.55));
#1717 = DIRECTION('',(0.989962083715,-0.141333197824,0.));
#1718 = DIRECTION('',(-0.141333197824,-0.989962083715,0.));
#1719 = ADVANCED_FACE('',(#1720),#1731,.T.);
#1720 = FACE_BOUND('',#1721,.T.);
#1721 = EDGE_LOOP('',(#1722,#1723,#1724,#1725));
#1722 = ORIENTED_EDGE('',*,*,#1220,.T.);
#1723 = ORIENTED_EDGE('',*,*,#1709,.T.);
#1724 = ORIENTED_EDGE('',*,*,#554,.F.);
#1725 = ORIENTED_EDGE('',*,*,#1726,.F.);
#1726 = EDGE_CURVE('',#1213,#547,#1727,.T.);
#1727 = LINE('',#1728,#1729);
#1728 = CARTESIAN_POINT('',(12.418006344132,-2.133803748498,4.55));
#1729 = VECTOR('',#1730,1.);
#1730 = DIRECTION('',(0.,0.,1.));
#1731 = PLANE('',#1732);
#1732 = AXIS2_PLACEMENT_3D('',#1733,#1734,#1735);
#1733 = CARTESIAN_POINT('',(12.456129665664,-1.898639974343,4.55));
#1734 = DIRECTION('',(0.987113000856,-0.16002475915,0.));
#1735 = DIRECTION('',(-0.16002475915,-0.987113000856,0.));
#1736 = ADVANCED_FACE('',(#1737),#1748,.T.);
#1737 = FACE_BOUND('',#1738,.T.);
#1738 = EDGE_LOOP('',(#1739,#1740,#1741,#1742));
#1739 = ORIENTED_EDGE('',*,*,#1212,.T.);
#1740 = ORIENTED_EDGE('',*,*,#1726,.T.);
#1741 = ORIENTED_EDGE('',*,*,#546,.F.);
#1742 = ORIENTED_EDGE('',*,*,#1743,.F.);
#1743 = EDGE_CURVE('',#1205,#539,#1744,.T.);
#1744 = LINE('',#1745,#1746);
#1745 = CARTESIAN_POINT('',(12.37544368793,-2.368204705441,4.55));
#1746 = VECTOR('',#1747,1.);
#1747 = DIRECTION('',(0.,0.,1.));
#1748 = PLANE('',#1749);
#1749 = AXIS2_PLACEMENT_3D('',#1750,#1751,#1752);
#1750 = CARTESIAN_POINT('',(12.418006344132,-2.133803748498,4.55));
#1751 = DIRECTION('',(0.983911033255,-0.178659112948,0.));
#1752 = DIRECTION('',(-0.178659112948,-0.983911033255,0.));
#1753 = ADVANCED_FACE('',(#1754),#1765,.T.);
#1754 = FACE_BOUND('',#1755,.T.);
#1755 = EDGE_LOOP('',(#1756,#1757,#1758,#1759));
#1756 = ORIENTED_EDGE('',*,*,#1204,.T.);
#1757 = ORIENTED_EDGE('',*,*,#1743,.T.);
#1758 = ORIENTED_EDGE('',*,*,#538,.F.);
#1759 = ORIENTED_EDGE('',*,*,#1760,.F.);
#1760 = EDGE_CURVE('',#1197,#531,#1761,.T.);
#1761 = LINE('',#1762,#1763);
#1762 = CARTESIAN_POINT('',(12.328456912856,-2.601759048769,4.55));
#1763 = VECTOR('',#1764,1.);
#1764 = DIRECTION('',(0.,0.,1.));
#1765 = PLANE('',#1766);
#1766 = AXIS2_PLACEMENT_3D('',#1767,#1768,#1769);
#1767 = CARTESIAN_POINT('',(12.37544368793,-2.368204705441,4.55));
#1768 = DIRECTION('',(0.980357325589,-0.197229597588,0.));
#1769 = DIRECTION('',(-0.197229597588,-0.980357325589,0.));
#1770 = ADVANCED_FACE('',(#1771),#1782,.T.);
#1771 = FACE_BOUND('',#1772,.T.);
#1772 = EDGE_LOOP('',(#1773,#1774,#1775,#1776));
#1773 = ORIENTED_EDGE('',*,*,#1196,.T.);
#1774 = ORIENTED_EDGE('',*,*,#1760,.T.);
#1775 = ORIENTED_EDGE('',*,*,#530,.F.);
#1776 = ORIENTED_EDGE('',*,*,#1777,.F.);
#1777 = EDGE_CURVE('',#1189,#523,#1778,.T.);
#1778 = LINE('',#1779,#1780);
#1779 = CARTESIAN_POINT('',(12.277062816294,-2.834383284733,4.55));
#1780 = VECTOR('',#1781,1.);
#1781 = DIRECTION('',(0.,0.,1.));
#1782 = PLANE('',#1783);
#1783 = AXIS2_PLACEMENT_3D('',#1784,#1785,#1786);
#1784 = CARTESIAN_POINT('',(12.328456912856,-2.601759048769,4.55));
#1785 = DIRECTION('',(0.976453148278,-0.215729574277,0.));
#1786 = DIRECTION('',(-0.215729574277,-0.976453148278,0.));
#1787 = ADVANCED_FACE('',(#1788),#1799,.T.);
#1788 = FACE_BOUND('',#1789,.T.);
#1789 = EDGE_LOOP('',(#1790,#1791,#1792,#1793));
#1790 = ORIENTED_EDGE('',*,*,#1188,.T.);
#1791 = ORIENTED_EDGE('',*,*,#1777,.T.);
#1792 = ORIENTED_EDGE('',*,*,#522,.F.);
#1793 = ORIENTED_EDGE('',*,*,#1794,.F.);
#1794 = EDGE_CURVE('',#1180,#514,#1795,.T.);
#1795 = LINE('',#1796,#1797);
#1796 = CARTESIAN_POINT('',(12.666810842208,-2.92436370647,4.6));
#1797 = VECTOR('',#1798,1.);
#1798 = DIRECTION('',(0.,0.,1.));
#1799 = PLANE('',#1800);
#1800 = AXIS2_PLACEMENT_3D('',#1801,#1802,#1803);
#1801 = CARTESIAN_POINT('',(12.277062816294,-2.834383284733,4.55));
#1802 = DIRECTION('',(0.224951054344,0.974370064785,-0.));
#1803 = DIRECTION('',(0.974370064785,-0.224951054344,0.));
#1804 = ADVANCED_FACE('',(#1805),#1816,.T.);
#1805 = FACE_BOUND('',#1806,.T.);
#1806 = EDGE_LOOP('',(#1807,#1808,#1814,#1815));
#1807 = ORIENTED_EDGE('',*,*,#513,.F.);
#1808 = ORIENTED_EDGE('',*,*,#1809,.F.);
#1809 = EDGE_CURVE('',#1172,#506,#1810,.T.);
#1810 = LINE('',#1811,#1812);
#1811 = CARTESIAN_POINT('',(-3.800832161396,-12.43196182751,4.6));
#1812 = VECTOR('',#1813,1.);
#1813 = DIRECTION('',(0.,0.,1.));
#1814 = ORIENTED_EDGE('',*,*,#1179,.T.);
#1815 = ORIENTED_EDGE('',*,*,#1794,.T.);
#1816 = CYLINDRICAL_SURFACE('',#1817,13.);
#1817 = AXIS2_PLACEMENT_3D('',#1818,#1819,#1820);
#1818 = CARTESIAN_POINT('',(0.,0.,4.6));
#1819 = DIRECTION('',(0.,0.,1.));
#1820 = DIRECTION('',(1.,0.,-0.));
#1821 = ADVANCED_FACE('',(#1822),#1833,.T.);
#1822 = FACE_BOUND('',#1823,.T.);
#1823 = EDGE_LOOP('',(#1824,#1830,#1831,#1832));
#1824 = ORIENTED_EDGE('',*,*,#1825,.F.);
#1825 = EDGE_CURVE('',#1164,#498,#1826,.T.);
#1826 = LINE('',#1827,#1828);
#1827 = CARTESIAN_POINT('',(-3.683883479506,-12.04943992513,4.55));
#1828 = VECTOR('',#1829,1.);
#1829 = DIRECTION('',(0.,0.,1.));
#1830 = ORIENTED_EDGE('',*,*,#1171,.T.);
#1831 = ORIENTED_EDGE('',*,*,#1809,.T.);
#1832 = ORIENTED_EDGE('',*,*,#505,.F.);
#1833 = PLANE('',#1834);
#1834 = AXIS2_PLACEMENT_3D('',#1835,#1836,#1837);
#1835 = CARTESIAN_POINT('',(-3.947018013757,-12.9101142055,4.55));
#1836 = DIRECTION('',(-0.956304755963,0.292371704723,0.));
#1837 = DIRECTION('',(0.292371704723,0.956304755963,0.));
#1838 = ADVANCED_FACE('',(#1839),#1850,.T.);
#1839 = FACE_BOUND('',#1840,.T.);
#1840 = EDGE_LOOP('',(#1841,#1842,#1843,#1844));
#1841 = ORIENTED_EDGE('',*,*,#1163,.T.);
#1842 = ORIENTED_EDGE('',*,*,#1825,.T.);
#1843 = ORIENTED_EDGE('',*,*,#497,.F.);
#1844 = ORIENTED_EDGE('',*,*,#1845,.F.);
#1845 = EDGE_CURVE('',#1156,#490,#1846,.T.);
#1846 = LINE('',#1847,#1848);
#1847 = CARTESIAN_POINT('',(-3.911039025668,-11.97763640038,4.55));
#1848 = VECTOR('',#1849,1.);
#1849 = DIRECTION('',(0.,0.,1.));
#1850 = PLANE('',#1851);
#1851 = AXIS2_PLACEMENT_3D('',#1852,#1853,#1854);
#1852 = CARTESIAN_POINT('',(-3.683883479506,-12.04943992513,4.55));
#1853 = DIRECTION('',(-0.301399282467,-0.953498019153,0.));
#1854 = DIRECTION('',(-0.953498019153,0.301399282467,0.));
#1855 = ADVANCED_FACE('',(#1856),#1867,.T.);
#1856 = FACE_BOUND('',#1857,.T.);
#1857 = EDGE_LOOP('',(#1858,#1859,#1860,#1861));
#1858 = ORIENTED_EDGE('',*,*,#1155,.T.);
#1859 = ORIENTED_EDGE('',*,*,#1845,.T.);
#1860 = ORIENTED_EDGE('',*,*,#489,.F.);
#1861 = ORIENTED_EDGE('',*,*,#1862,.F.);
#1862 = EDGE_CURVE('',#1148,#482,#1863,.T.);
#1863 = LINE('',#1864,#1865);
#1864 = CARTESIAN_POINT('',(-4.136796407691,-11.90155096957,4.55));
#1865 = VECTOR('',#1866,1.);
#1866 = DIRECTION('',(0.,0.,1.));
#1867 = PLANE('',#1868);
#1868 = AXIS2_PLACEMENT_3D('',#1869,#1870,#1871);
#1869 = CARTESIAN_POINT('',(-3.911039025668,-11.97763640038,4.55));
#1870 = DIRECTION('',(-0.319372820905,-0.94762914754,0.));
#1871 = DIRECTION('',(-0.94762914754,0.319372820905,0.));
#1872 = ADVANCED_FACE('',(#1873),#1884,.T.);
#1873 = FACE_BOUND('',#1874,.T.);
#1874 = EDGE_LOOP('',(#1875,#1876,#1877,#1878));
#1875 = ORIENTED_EDGE('',*,*,#1147,.T.);
#1876 = ORIENTED_EDGE('',*,*,#1862,.T.);
#1877 = ORIENTED_EDGE('',*,*,#481,.F.);
#1878 = ORIENTED_EDGE('',*,*,#1879,.F.);
#1879 = EDGE_CURVE('',#1140,#474,#1880,.T.);
#1880 = LINE('',#1881,#1882);
#1881 = CARTESIAN_POINT('',(-4.361074919176,-11.82121083262,4.55));
#1882 = VECTOR('',#1883,1.);
#1883 = DIRECTION('',(0.,0.,1.));
#1884 = PLANE('',#1885);
#1885 = AXIS2_PLACEMENT_3D('',#1886,#1887,#1888);
#1886 = CARTESIAN_POINT('',(-4.136796407691,-11.90155096957,4.55));
#1887 = DIRECTION('',(-0.337232186197,-0.941421506336,0.));
#1888 = DIRECTION('',(-0.941421506336,0.337232186197,0.));
#1889 = ADVANCED_FACE('',(#1890),#1901,.T.);
#1890 = FACE_BOUND('',#1891,.T.);
#1891 = EDGE_LOOP('',(#1892,#1893,#1894,#1895));
#1892 = ORIENTED_EDGE('',*,*,#1139,.T.);
#1893 = ORIENTED_EDGE('',*,*,#1879,.T.);
#1894 = ORIENTED_EDGE('',*,*,#473,.F.);
#1895 = ORIENTED_EDGE('',*,*,#1896,.F.);
#1896 = EDGE_CURVE('',#1132,#466,#1897,.T.);
#1897 = LINE('',#1898,#1899);
#1898 = CARTESIAN_POINT('',(-4.58379438241,-11.73664471046,4.55));
#1899 = VECTOR('',#1900,1.);
#1900 = DIRECTION('',(0.,0.,1.));
#1901 = PLANE('',#1902);
#1902 = AXIS2_PLACEMENT_3D('',#1903,#1904,#1905);
#1903 = CARTESIAN_POINT('',(-4.361074919176,-11.82121083262,4.55));
#1904 = DIRECTION('',(-0.354970993769,-0.934877314722,0.));
#1905 = DIRECTION('',(-0.934877314722,0.354970993769,0.));
#1906 = ADVANCED_FACE('',(#1907),#1918,.T.);
#1907 = FACE_BOUND('',#1908,.T.);
#1908 = EDGE_LOOP('',(#1909,#1910,#1911,#1912));
#1909 = ORIENTED_EDGE('',*,*,#1131,.T.);
#1910 = ORIENTED_EDGE('',*,*,#1896,.T.);
#1911 = ORIENTED_EDGE('',*,*,#465,.F.);
#1912 = ORIENTED_EDGE('',*,*,#1913,.F.);
#1913 = EDGE_CURVE('',#1124,#458,#1914,.T.);
#1914 = LINE('',#1915,#1916);
#1915 = CARTESIAN_POINT('',(-4.804875177023,-11.6478828348,4.55));
#1916 = VECTOR('',#1917,1.);
#1917 = DIRECTION('',(0.,0.,1.));
#1918 = PLANE('',#1919);
#1919 = AXIS2_PLACEMENT_3D('',#1920,#1921,#1922);
#1920 = CARTESIAN_POINT('',(-4.58379438241,-11.73664471046,4.55));
#1921 = DIRECTION('',(-0.372582902144,-0.927998912192,0.));
#1922 = DIRECTION('',(-0.927998912192,0.372582902144,0.));
#1923 = ADVANCED_FACE('',(#1924),#1935,.T.);
#1924 = FACE_BOUND('',#1925,.T.);
#1925 = EDGE_LOOP('',(#1926,#1927,#1928,#1929));
#1926 = ORIENTED_EDGE('',*,*,#1123,.T.);
#1927 = ORIENTED_EDGE('',*,*,#1913,.T.);
#1928 = ORIENTED_EDGE('',*,*,#457,.F.);
#1929 = ORIENTED_EDGE('',*,*,#1930,.F.);
#1930 = EDGE_CURVE('',#1116,#450,#1931,.T.);
#1931 = LINE('',#1932,#1933);
#1932 = CARTESIAN_POINT('',(-5.024238268458,-11.55495693725,4.55));
#1933 = VECTOR('',#1934,1.);
#1934 = DIRECTION('',(0.,0.,1.));
#1935 = PLANE('',#1936);
#1936 = AXIS2_PLACEMENT_3D('',#1937,#1938,#1939);
#1937 = CARTESIAN_POINT('',(-4.804875177023,-11.6478828348,4.55));
#1938 = DIRECTION('',(-0.39006161521,-0.920788757718,0.));
#1939 = DIRECTION('',(-0.920788757718,0.39006161521,0.));
#1940 = ADVANCED_FACE('',(#1941),#1952,.T.);
#1941 = FACE_BOUND('',#1942,.T.);
#1942 = EDGE_LOOP('',(#1943,#1944,#1945,#1946));
#1943 = ORIENTED_EDGE('',*,*,#1115,.T.);
#1944 = ORIENTED_EDGE('',*,*,#1930,.T.);
#1945 = ORIENTED_EDGE('',*,*,#449,.F.);
#1946 = ORIENTED_EDGE('',*,*,#1947,.F.);
#1947 = EDGE_CURVE('',#1108,#442,#1948,.T.);
#1948 = LINE('',#1949,#1950);
#1949 = CARTESIAN_POINT('',(-5.241805236223,-11.45790023806,4.55));
#1950 = VECTOR('',#1951,1.);
#1951 = DIRECTION('',(0.,0.,1.));
#1952 = PLANE('',#1953);
#1953 = AXIS2_PLACEMENT_3D('',#1954,#1955,#1956);
#1954 = CARTESIAN_POINT('',(-5.024238268458,-11.55495693725,4.55));
#1955 = DIRECTION('',(-0.40740088447,-0.913249428871,0.));
#1956 = DIRECTION('',(-0.913249428871,0.40740088447,0.));
#1957 = ADVANCED_FACE('',(#1958),#1969,.T.);
#1958 = FACE_BOUND('',#1959,.T.);
#1959 = EDGE_LOOP('',(#1960,#1961,#1962,#1963));
#1960 = ORIENTED_EDGE('',*,*,#1107,.T.);
#1961 = ORIENTED_EDGE('',*,*,#1947,.T.);
#1962 = ORIENTED_EDGE('',*,*,#441,.F.);
#1963 = ORIENTED_EDGE('',*,*,#1964,.F.);
#1964 = EDGE_CURVE('',#1100,#434,#1965,.T.);
#1965 = LINE('',#1966,#1967);
#1966 = CARTESIAN_POINT('',(-5.457498301924,-11.35674743421,4.55));
#1967 = VECTOR('',#1968,1.);
#1968 = DIRECTION('',(0.,0.,1.));
#1969 = PLANE('',#1970);
#1970 = AXIS2_PLACEMENT_3D('',#1971,#1972,#1973);
#1971 = CARTESIAN_POINT('',(-5.241805236223,-11.45790023806,4.55));
#1972 = DIRECTION('',(-0.424594511281,-0.905383620898,0.));
#1973 = DIRECTION('',(-0.905383620898,0.424594511281,0.));
#1974 = ADVANCED_FACE('',(#1975),#1986,.T.);
#1975 = FACE_BOUND('',#1976,.T.);
#1976 = EDGE_LOOP('',(#1977,#1978,#1979,#1980));
#1977 = ORIENTED_EDGE('',*,*,#1099,.T.);
#1978 = ORIENTED_EDGE('',*,*,#1964,.T.);
#1979 = ORIENTED_EDGE('',*,*,#433,.F.);
#1980 = ORIENTED_EDGE('',*,*,#1981,.F.);
#1981 = EDGE_CURVE('',#1092,#426,#1982,.T.);
#1982 = LINE('',#1983,#1984);
#1983 = CARTESIAN_POINT('',(-5.671240357072,-11.25153468698,4.55));
#1984 = VECTOR('',#1985,1.);
#1985 = DIRECTION('',(0.,0.,1.));
#1986 = PLANE('',#1987);
#1987 = AXIS2_PLACEMENT_3D('',#1988,#1989,#1990);
#1988 = CARTESIAN_POINT('',(-5.457498301924,-11.35674743421,4.55));
#1989 = DIRECTION('',(-0.441636349061,-0.897194145761,0.));
#1990 = DIRECTION('',(-0.897194145761,0.441636349061,0.));
#1991 = ADVANCED_FACE('',(#1992),#2003,.T.);
#1992 = FACE_BOUND('',#1993,.T.);
#1993 = EDGE_LOOP('',(#1994,#1995,#1996,#1997));
#1994 = ORIENTED_EDGE('',*,*,#1091,.T.);
#1995 = ORIENTED_EDGE('',*,*,#1981,.T.);
#1996 = ORIENTED_EDGE('',*,*,#425,.F.);
#1997 = ORIENTED_EDGE('',*,*,#1998,.F.);
#1998 = EDGE_CURVE('',#1084,#418,#1999,.T.);
#1999 = LINE('',#2000,#2001);
#2000 = CARTESIAN_POINT('',(-5.882954990648,-11.14229960905,4.55));
#2001 = VECTOR('',#2002,1.);
#2002 = DIRECTION('',(0.,0.,1.));
#2003 = PLANE('',#2004);
#2004 = AXIS2_PLACEMENT_3D('',#2005,#2006,#2007);
#2005 = CARTESIAN_POINT('',(-5.671240357072,-11.25153468698,4.55));
#2006 = DIRECTION('',(-0.458520305496,-0.888683931129,0.));
#2007 = DIRECTION('',(-0.888683931129,0.458520305496,0.));
#2008 = ADVANCED_FACE('',(#2009),#2020,.T.);
#2009 = FACE_BOUND('',#2010,.T.);
#2010 = EDGE_LOOP('',(#2011,#2012,#2013,#2014));
#2011 = ORIENTED_EDGE('',*,*,#1083,.T.);
#2012 = ORIENTED_EDGE('',*,*,#1998,.T.);
#2013 = ORIENTED_EDGE('',*,*,#417,.F.);
#2014 = ORIENTED_EDGE('',*,*,#2015,.F.);
#2015 = EDGE_CURVE('',#1076,#410,#2016,.T.);
#2016 = LINE('',#2017,#2018);
#2017 = CARTESIAN_POINT('',(-6.09256651642,-11.02908125108,4.55));
#2018 = VECTOR('',#2019,1.);
#2019 = DIRECTION('',(0.,0.,1.));
#2020 = PLANE('',#2021);
#2021 = AXIS2_PLACEMENT_3D('',#2022,#2023,#2024);
#2022 = CARTESIAN_POINT('',(-5.882954990648,-11.14229960905,4.55));
#2023 = DIRECTION('',(-0.47524034471,-0.879856019335,0.));
#2024 = DIRECTION('',(-0.879856019335,0.47524034471,0.));
#2025 = ADVANCED_FACE('',(#2026),#2037,.T.);
#2026 = FACE_BOUND('',#2027,.T.);
#2027 = EDGE_LOOP('',(#2028,#2029,#2030,#2031));
#2028 = ORIENTED_EDGE('',*,*,#1075,.T.);
#2029 = ORIENTED_EDGE('',*,*,#2015,.T.);
#2030 = ORIENTED_EDGE('',*,*,#409,.F.);
#2031 = ORIENTED_EDGE('',*,*,#2032,.F.);
#2032 = EDGE_CURVE('',#1068,#402,#2033,.T.);
#2033 = LINE('',#2034,#2035);
#2034 = CARTESIAN_POINT('',(-6.3,-10.91192008768,4.55));
#2035 = VECTOR('',#2036,1.);
#2036 = DIRECTION('',(0.,0.,1.));
#2037 = PLANE('',#2038);
#2038 = AXIS2_PLACEMENT_3D('',#2039,#2040,#2041);
#2039 = CARTESIAN_POINT('',(-6.09256651642,-11.02908125108,4.55));
#2040 = DIRECTION('',(-0.491790489427,-0.870713566283,0.));
#2041 = DIRECTION('',(-0.870713566283,0.491790489427,0.));
#2042 = ADVANCED_FACE('',(#2043),#2054,.T.);
#2043 = FACE_BOUND('',#2044,.T.);
#2044 = EDGE_LOOP('',(#2045,#2046,#2047,#2048));
#2045 = ORIENTED_EDGE('',*,*,#1067,.T.);
#2046 = ORIENTED_EDGE('',*,*,#2032,.T.);
#2047 = ORIENTED_EDGE('',*,*,#401,.F.);
#2048 = ORIENTED_EDGE('',*,*,#2049,.F.);
#2049 = EDGE_CURVE('',#1060,#394,#2050,.T.);
#2050 = LINE('',#2051,#2052);
#2051 = CARTESIAN_POINT('',(-6.505181285631,-10.790858003,4.55));
#2052 = VECTOR('',#2053,1.);
#2053 = DIRECTION('',(0.,0.,1.));
#2054 = PLANE('',#2055);
#2055 = AXIS2_PLACEMENT_3D('',#2056,#2057,#2058);
#2056 = CARTESIAN_POINT('',(-6.3,-10.91192008768,4.55));
#2057 = DIRECTION('',(-0.508164823107,-0.861259840325,0.));
#2058 = DIRECTION('',(-0.861259840325,0.508164823107,0.));
#2059 = ADVANCED_FACE('',(#2060),#2071,.T.);
#2060 = FACE_BOUND('',#2061,.T.);
#2061 = EDGE_LOOP('',(#2062,#2063,#2064,#2065));
#2062 = ORIENTED_EDGE('',*,*,#1059,.T.);
#2063 = ORIENTED_EDGE('',*,*,#2049,.T.);
#2064 = ORIENTED_EDGE('',*,*,#393,.F.);
#2065 = ORIENTED_EDGE('',*,*,#2066,.F.);
#2066 = EDGE_CURVE('',#1052,#386,#2067,.T.);
#2067 = LINE('',#2068,#2069);
#2068 = CARTESIAN_POINT('',(-6.708037022698,-10.66593827575,4.55));
#2069 = VECTOR('',#2070,1.);
#2070 = DIRECTION('',(0.,0.,1.));
#2071 = PLANE('',#2072);
#2072 = AXIS2_PLACEMENT_3D('',#2073,#2074,#2075);
#2073 = CARTESIAN_POINT('',(-6.505181285631,-10.790858003,4.55));
#2074 = DIRECTION('',(-0.524357492062,-0.85149822109,0.));
#2075 = DIRECTION('',(-0.85149822109,0.524357492062,0.));
#2076 = ADVANCED_FACE('',(#2077),#2088,.T.);
#2077 = FACE_BOUND('',#2078,.T.);
#2078 = EDGE_LOOP('',(#2079,#2080,#2081,#2082));
#2079 = ORIENTED_EDGE('',*,*,#1051,.T.);
#2080 = ORIENTED_EDGE('',*,*,#2066,.T.);
#2081 = ORIENTED_EDGE('',*,*,#385,.F.);
#2082 = ORIENTED_EDGE('',*,*,#2083,.F.);
#2083 = EDGE_CURVE('',#1044,#378,#2084,.T.);
#2084 = LINE('',#2085,#2086);
#2085 = CARTESIAN_POINT('',(-6.908494691951,-10.53720556368,4.55));
#2086 = VECTOR('',#2087,1.);
#2087 = DIRECTION('',(0.,0.,1.));
#2088 = PLANE('',#2089);
#2089 = AXIS2_PLACEMENT_3D('',#2090,#2091,#2092);
#2090 = CARTESIAN_POINT('',(-6.708037022698,-10.66593827575,4.55));
#2091 = DIRECTION('',(-0.540362707545,-0.841432198275,0.));
#2092 = DIRECTION('',(-0.841432198275,0.540362707545,0.));
#2093 = ADVANCED_FACE('',(#2094),#2105,.T.);
#2094 = FACE_BOUND('',#2095,.T.);
#2095 = EDGE_LOOP('',(#2096,#2097,#2098,#2099));
#2096 = ORIENTED_EDGE('',*,*,#1043,.T.);
#2097 = ORIENTED_EDGE('',*,*,#2083,.T.);
#2098 = ORIENTED_EDGE('',*,*,#377,.F.);
#2099 = ORIENTED_EDGE('',*,*,#2100,.F.);
#2100 = EDGE_CURVE('',#1036,#370,#2101,.T.);
#2101 = LINE('',#2102,#2103);
#2102 = CARTESIAN_POINT('',(-7.10648263143,-10.40470588768,4.55));
#2103 = VECTOR('',#2104,1.);
#2104 = DIRECTION('',(0.,0.,1.));
#2105 = PLANE('',#2106);
#2106 = AXIS2_PLACEMENT_3D('',#2107,#2108,#2109);
#2107 = CARTESIAN_POINT('',(-6.908494691951,-10.53720556368,4.55));
#2108 = DIRECTION('',(-0.556174747825,-0.831065370402,0.));
#2109 = DIRECTION('',(-0.831065370402,0.556174747825,0.));
#2110 = ADVANCED_FACE('',(#2111),#2122,.T.);
#2111 = FACE_BOUND('',#2112,.T.);
#2112 = EDGE_LOOP('',(#2113,#2114,#2115,#2116));
#2113 = ORIENTED_EDGE('',*,*,#1035,.T.);
#2114 = ORIENTED_EDGE('',*,*,#2100,.T.);
#2115 = ORIENTED_EDGE('',*,*,#369,.F.);
#2116 = ORIENTED_EDGE('',*,*,#2117,.F.);
#2117 = EDGE_CURVE('',#1028,#362,#2118,.T.);
#2118 = LINE('',#2119,#2120);
#2119 = CARTESIAN_POINT('',(-7.301930062083,-10.26848661529,4.55));
#2120 = VECTOR('',#2121,1.);
#2121 = DIRECTION('',(0.,0.,1.));
#2122 = PLANE('',#2123);
#2123 = AXIS2_PLACEMENT_3D('',#2124,#2125,#2126);
#2124 = CARTESIAN_POINT('',(-7.10648263143,-10.40470588768,4.55));
#2125 = DIRECTION('',(-0.571787960228,-0.820401443526,0.));
#2126 = DIRECTION('',(-0.820401443526,0.571787960228,0.));
#2127 = ADVANCED_FACE('',(#2128),#2139,.T.);
#2128 = FACE_BOUND('',#2129,.T.);
#2129 = EDGE_LOOP('',(#2130,#2131,#2132,#2133));
#2130 = ORIENTED_EDGE('',*,*,#1027,.T.);
#2131 = ORIENTED_EDGE('',*,*,#2117,.T.);
#2132 = ORIENTED_EDGE('',*,*,#361,.F.);
#2133 = ORIENTED_EDGE('',*,*,#2134,.F.);
#2134 = EDGE_CURVE('',#1020,#354,#2135,.T.);
#2135 = LINE('',#2136,#2137);
#2136 = CARTESIAN_POINT('',(-7.494767113067,-10.12859644377,4.55));
#2137 = VECTOR('',#2138,1.);
#2138 = DIRECTION('',(0.,0.,1.));
#2139 = PLANE('',#2140);
#2140 = AXIS2_PLACEMENT_3D('',#2141,#2142,#2143);
#2141 = CARTESIAN_POINT('',(-7.301930062083,-10.26848661529,4.55));
#2142 = DIRECTION('',(-0.587196763159,-0.809444229911,0.));
#2143 = DIRECTION('',(-0.809444229911,0.587196763159,0.));
#2144 = ADVANCED_FACE('',(#2145),#2156,.T.);
#2145 = FACE_BOUND('',#2146,.T.);
#2146 = EDGE_LOOP('',(#2147,#2148,#2149,#2150));
#2147 = ORIENTED_EDGE('',*,*,#1019,.T.);
#2148 = ORIENTED_EDGE('',*,*,#2134,.T.);
#2149 = ORIENTED_EDGE('',*,*,#353,.F.);
#2150 = ORIENTED_EDGE('',*,*,#2151,.F.);
#2151 = EDGE_CURVE('',#1012,#346,#2152,.T.);
#2152 = LINE('',#2153,#2154);
#2153 = CARTESIAN_POINT('',(-7.68492484673,-9.985085382715,4.55));
#2154 = VECTOR('',#2155,1.);
#2155 = DIRECTION('',(0.,0.,1.));
#2156 = PLANE('',#2157);
#2157 = AXIS2_PLACEMENT_3D('',#2158,#2159,#2160);
#2158 = CARTESIAN_POINT('',(-7.494767113067,-10.12859644377,4.55));
#2159 = DIRECTION('',(-0.602395648098,-0.798197646672,0.));
#2160 = DIRECTION('',(-0.798197646672,0.602395648098,0.));
#2161 = ADVANCED_FACE('',(#2162),#2173,.T.);
#2162 = FACE_BOUND('',#2163,.T.);
#2163 = EDGE_LOOP('',(#2164,#2165,#2166,#2167));
#2164 = ORIENTED_EDGE('',*,*,#1011,.T.);
#2165 = ORIENTED_EDGE('',*,*,#2151,.T.);
#2166 = ORIENTED_EDGE('',*,*,#345,.F.);
#2167 = ORIENTED_EDGE('',*,*,#2168,.F.);
#2168 = EDGE_CURVE('',#1004,#338,#2169,.T.);
#2169 = LINE('',#2170,#2171);
#2170 = CARTESIAN_POINT('',(-7.872335283254,-9.838004736126,4.55));
#2171 = VECTOR('',#2172,1.);
#2172 = DIRECTION('',(0.,0.,1.));
#2173 = PLANE('',#2174);
#2174 = AXIS2_PLACEMENT_3D('',#2175,#2176,#2177);
#2175 = CARTESIAN_POINT('',(-7.68492484673,-9.985085382715,4.55));
#2176 = DIRECTION('',(-0.617379181571,-0.786665714369,0.));
#2177 = DIRECTION('',(-0.786665714369,0.617379181571,0.));
#2178 = ADVANCED_FACE('',(#2179),#2190,.T.);
#2179 = FACE_BOUND('',#2180,.T.);
#2180 = EDGE_LOOP('',(#2181,#2182,#2183,#2184));
#2181 = ORIENTED_EDGE('',*,*,#1003,.T.);
#2182 = ORIENTED_EDGE('',*,*,#2168,.T.);
#2183 = ORIENTED_EDGE('',*,*,#337,.F.);
#2184 = ORIENTED_EDGE('',*,*,#2185,.F.);
#2185 = EDGE_CURVE('',#996,#330,#2186,.T.);
#2186 = LINE('',#2187,#2188);
#2187 = CARTESIAN_POINT('',(-8.056931424955,-9.687407084126,4.55));
#2188 = VECTOR('',#2189,1.);
#2189 = DIRECTION('',(0.,0.,1.));
#2190 = PLANE('',#2191);
#2191 = AXIS2_PLACEMENT_3D('',#2192,#2193,#2194);
#2192 = CARTESIAN_POINT('',(-7.872335283254,-9.838004736126,4.55));
#2193 = DIRECTION('',(-0.632142007087,-0.774852555572,0.));
#2194 = DIRECTION('',(-0.774852555572,0.632142007087,0.));
#2195 = ADVANCED_FACE('',(#2196),#2207,.T.);
#2196 = FACE_BOUND('',#2197,.T.);
#2197 = EDGE_LOOP('',(#2198,#2199,#2200,#2201));
#2198 = ORIENTED_EDGE('',*,*,#995,.T.);
#2199 = ORIENTED_EDGE('',*,*,#2185,.T.);
#2200 = ORIENTED_EDGE('',*,*,#329,.F.);
#2201 = ORIENTED_EDGE('',*,*,#2202,.F.);
#2202 = EDGE_CURVE('',#988,#322,#2203,.T.);
#2203 = LINE('',#2204,#2205);
#2204 = CARTESIAN_POINT('',(-8.238647280239,-9.53334626413,4.55));
#2205 = VECTOR('',#2206,1.);
#2206 = DIRECTION('',(0.,0.,1.));
#2207 = PLANE('',#2208);
#2208 = AXIS2_PLACEMENT_3D('',#2209,#2210,#2211);
#2209 = CARTESIAN_POINT('',(-8.056931424955,-9.687407084126,4.55));
#2210 = DIRECTION('',(-0.646678847058,-0.762762393389,0.));
#2211 = DIRECTION('',(-0.762762393389,0.646678847058,0.));
#2212 = ADVANCED_FACE('',(#2213),#2224,.T.);
#2213 = FACE_BOUND('',#2214,.T.);
#2214 = EDGE_LOOP('',(#2215,#2216,#2217,#2218));
#2215 = ORIENTED_EDGE('',*,*,#987,.T.);
#2216 = ORIENTED_EDGE('',*,*,#2202,.T.);
#2217 = ORIENTED_EDGE('',*,*,#321,.F.);
#2218 = ORIENTED_EDGE('',*,*,#2219,.F.);
#2219 = EDGE_CURVE('',#980,#314,#2220,.T.);
#2220 = LINE('',#2221,#2222);
#2221 = CARTESIAN_POINT('',(-8.417417887188,-9.375877351611,4.55));
#2222 = VECTOR('',#2223,1.);
#2223 = DIRECTION('',(0.,0.,1.));
#2224 = PLANE('',#2225);
#2225 = AXIS2_PLACEMENT_3D('',#2226,#2227,#2228);
#2226 = CARTESIAN_POINT('',(-8.238647280239,-9.53334626413,4.55));
#2227 = DIRECTION('',(-0.660984504684,-0.750399549952,0.));
#2228 = DIRECTION('',(-0.750399549952,0.660984504684,0.));
#2229 = ADVANCED_FACE('',(#2230),#2241,.T.);
#2230 = FACE_BOUND('',#2231,.T.);
#2231 = EDGE_LOOP('',(#2232,#2233,#2234,#2235));
#2232 = ORIENTED_EDGE('',*,*,#979,.T.);
#2233 = ORIENTED_EDGE('',*,*,#2219,.T.);
#2234 = ORIENTED_EDGE('',*,*,#313,.F.);
#2235 = ORIENTED_EDGE('',*,*,#2236,.F.);
#2236 = EDGE_CURVE('',#972,#306,#2237,.T.);
#2237 = LINE('',#2238,#2239);
#2238 = CARTESIAN_POINT('',(-8.593179336787,-9.215056640402,4.55));
#2239 = VECTOR('',#2240,1.);
#2240 = DIRECTION('',(0.,0.,1.));
#2241 = PLANE('',#2242);
#2242 = AXIS2_PLACEMENT_3D('',#2243,#2244,#2245);
#2243 = CARTESIAN_POINT('',(-8.417417887188,-9.375877351611,4.55));
#2244 = DIRECTION('',(-0.675053865811,-0.737768444876,0.));
#2245 = DIRECTION('',(-0.737768444876,0.675053865811,0.));
#2246 = ADVANCED_FACE('',(#2247),#2258,.T.);
#2247 = FACE_BOUND('',#2248,.T.);
#2248 = EDGE_LOOP('',(#2249,#2250,#2251,#2252));
#2249 = ORIENTED_EDGE('',*,*,#971,.T.);
#2250 = ORIENTED_EDGE('',*,*,#2236,.T.);
#2251 = ORIENTED_EDGE('',*,*,#305,.F.);
#2252 = ORIENTED_EDGE('',*,*,#2253,.F.);
#2253 = EDGE_CURVE('',#963,#297,#2254,.T.);
#2254 = LINE('',#2255,#2256);
#2255 = CARTESIAN_POINT('',(-8.865978680812,-9.507598121049,4.6));
#2256 = VECTOR('',#2257,1.);
#2257 = DIRECTION('',(0.,0.,1.));
#2258 = PLANE('',#2259);
#2259 = AXIS2_PLACEMENT_3D('',#2260,#2261,#2262);
#2260 = CARTESIAN_POINT('',(-8.593179336787,-9.215056640402,4.55));
#2261 = DIRECTION('',(0.731353701619,-0.681998360062,0.));
#2262 = DIRECTION('',(-0.681998360062,-0.731353701619,0.));
#2263 = ADVANCED_FACE('',(#2264),#2275,.T.);
#2264 = FACE_BOUND('',#2265,.T.);
#2265 = EDGE_LOOP('',(#2266,#2267,#2273,#2274));
#2266 = ORIENTED_EDGE('',*,*,#296,.F.);
#2267 = ORIENTED_EDGE('',*,*,#2268,.F.);
#2268 = EDGE_CURVE('',#955,#289,#2269,.T.);
#2269 = LINE('',#2270,#2271);
#2270 = CARTESIAN_POINT('',(-8.865978680812,9.507598121049,4.6));
#2271 = VECTOR('',#2272,1.);
#2272 = DIRECTION('',(0.,0.,1.));
#2273 = ORIENTED_EDGE('',*,*,#962,.T.);
#2274 = ORIENTED_EDGE('',*,*,#2253,.T.);
#2275 = CYLINDRICAL_SURFACE('',#2276,13.);
#2276 = AXIS2_PLACEMENT_3D('',#2277,#2278,#2279);
#2277 = CARTESIAN_POINT('',(0.,0.,4.6));
#2278 = DIRECTION('',(0.,0.,1.));
#2279 = DIRECTION('',(1.,0.,-0.));
#2280 = ADVANCED_FACE('',(#2281),#2292,.T.);
#2281 = FACE_BOUND('',#2282,.T.);
#2282 = EDGE_LOOP('',(#2283,#2289,#2290,#2291));
#2283 = ORIENTED_EDGE('',*,*,#2284,.F.);
#2284 = EDGE_CURVE('',#947,#281,#2285,.T.);
#2285 = LINE('',#2286,#2287);
#2286 = CARTESIAN_POINT('',(-8.593179336787,9.215056640402,4.55));
#2287 = VECTOR('',#2288,1.);
#2288 = DIRECTION('',(0.,0.,1.));
#2289 = ORIENTED_EDGE('',*,*,#954,.T.);
#2290 = ORIENTED_EDGE('',*,*,#2268,.T.);
#2291 = ORIENTED_EDGE('',*,*,#288,.F.);
#2292 = PLANE('',#2293);
#2293 = AXIS2_PLACEMENT_3D('',#2294,#2295,#2296);
#2294 = CARTESIAN_POINT('',(-9.206977860844,9.873274971859,4.55));
#2295 = DIRECTION('',(0.731353701619,0.681998360062,-0.));
#2296 = DIRECTION('',(0.681998360062,-0.731353701619,0.));
#2297 = ADVANCED_FACE('',(#2298),#2309,.T.);
#2298 = FACE_BOUND('',#2299,.T.);
#2299 = EDGE_LOOP('',(#2300,#2301,#2302,#2303));
#2300 = ORIENTED_EDGE('',*,*,#946,.T.);
#2301 = ORIENTED_EDGE('',*,*,#2284,.T.);
#2302 = ORIENTED_EDGE('',*,*,#280,.F.);
#2303 = ORIENTED_EDGE('',*,*,#2304,.F.);
#2304 = EDGE_CURVE('',#939,#273,#2305,.T.);
#2305 = LINE('',#2306,#2307);
#2306 = CARTESIAN_POINT('',(-8.417417887188,9.375877351611,4.55));
#2307 = VECTOR('',#2308,1.);
#2308 = DIRECTION('',(0.,0.,1.));
#2309 = PLANE('',#2310);
#2310 = AXIS2_PLACEMENT_3D('',#2311,#2312,#2313);
#2311 = CARTESIAN_POINT('',(-8.593179336787,9.215056640402,4.55));
#2312 = DIRECTION('',(-0.675053865811,0.737768444876,0.));
#2313 = DIRECTION('',(0.737768444876,0.675053865811,0.));
#2314 = ADVANCED_FACE('',(#2315),#2326,.T.);
#2315 = FACE_BOUND('',#2316,.T.);
#2316 = EDGE_LOOP('',(#2317,#2318,#2319,#2320));
#2317 = ORIENTED_EDGE('',*,*,#938,.T.);
#2318 = ORIENTED_EDGE('',*,*,#2304,.T.);
#2319 = ORIENTED_EDGE('',*,*,#272,.F.);
#2320 = ORIENTED_EDGE('',*,*,#2321,.F.);
#2321 = EDGE_CURVE('',#931,#265,#2322,.T.);
#2322 = LINE('',#2323,#2324);
#2323 = CARTESIAN_POINT('',(-8.238647280239,9.53334626413,4.55));
#2324 = VECTOR('',#2325,1.);
#2325 = DIRECTION('',(0.,0.,1.));
#2326 = PLANE('',#2327);
#2327 = AXIS2_PLACEMENT_3D('',#2328,#2329,#2330);
#2328 = CARTESIAN_POINT('',(-8.417417887188,9.375877351611,4.55));
#2329 = DIRECTION('',(-0.660984504684,0.750399549952,0.));
#2330 = DIRECTION('',(0.750399549952,0.660984504684,0.));
#2331 = ADVANCED_FACE('',(#2332),#2343,.T.);
#2332 = FACE_BOUND('',#2333,.T.);
#2333 = EDGE_LOOP('',(#2334,#2335,#2336,#2337));
#2334 = ORIENTED_EDGE('',*,*,#930,.T.);
#2335 = ORIENTED_EDGE('',*,*,#2321,.T.);
#2336 = ORIENTED_EDGE('',*,*,#264,.F.);
#2337 = ORIENTED_EDGE('',*,*,#2338,.F.);
#2338 = EDGE_CURVE('',#923,#257,#2339,.T.);
#2339 = LINE('',#2340,#2341);
#2340 = CARTESIAN_POINT('',(-8.056931424955,9.687407084126,4.55));
#2341 = VECTOR('',#2342,1.);
#2342 = DIRECTION('',(0.,0.,1.));
#2343 = PLANE('',#2344);
#2344 = AXIS2_PLACEMENT_3D('',#2345,#2346,#2347);
#2345 = CARTESIAN_POINT('',(-8.238647280239,9.53334626413,4.55));
#2346 = DIRECTION('',(-0.646678847058,0.762762393389,0.));
#2347 = DIRECTION('',(0.762762393389,0.646678847058,0.));
#2348 = ADVANCED_FACE('',(#2349),#2360,.T.);
#2349 = FACE_BOUND('',#2350,.T.);
#2350 = EDGE_LOOP('',(#2351,#2352,#2353,#2354));
#2351 = ORIENTED_EDGE('',*,*,#922,.T.);
#2352 = ORIENTED_EDGE('',*,*,#2338,.T.);
#2353 = ORIENTED_EDGE('',*,*,#256,.F.);
#2354 = ORIENTED_EDGE('',*,*,#2355,.F.);
#2355 = EDGE_CURVE('',#915,#249,#2356,.T.);
#2356 = LINE('',#2357,#2358);
#2357 = CARTESIAN_POINT('',(-7.872335283254,9.838004736126,4.55));
#2358 = VECTOR('',#2359,1.);
#2359 = DIRECTION('',(0.,0.,1.));
#2360 = PLANE('',#2361);
#2361 = AXIS2_PLACEMENT_3D('',#2362,#2363,#2364);
#2362 = CARTESIAN_POINT('',(-8.056931424955,9.687407084126,4.55));
#2363 = DIRECTION('',(-0.632142007087,0.774852555572,0.));
#2364 = DIRECTION('',(0.774852555572,0.632142007087,0.));
#2365 = ADVANCED_FACE('',(#2366),#2377,.T.);
#2366 = FACE_BOUND('',#2367,.T.);
#2367 = EDGE_LOOP('',(#2368,#2369,#2370,#2371));
#2368 = ORIENTED_EDGE('',*,*,#914,.T.);
#2369 = ORIENTED_EDGE('',*,*,#2355,.T.);
#2370 = ORIENTED_EDGE('',*,*,#248,.F.);
#2371 = ORIENTED_EDGE('',*,*,#2372,.F.);
#2372 = EDGE_CURVE('',#907,#241,#2373,.T.);
#2373 = LINE('',#2374,#2375);
#2374 = CARTESIAN_POINT('',(-7.68492484673,9.985085382715,4.55));
#2375 = VECTOR('',#2376,1.);
#2376 = DIRECTION('',(0.,0.,1.));
#2377 = PLANE('',#2378);
#2378 = AXIS2_PLACEMENT_3D('',#2379,#2380,#2381);
#2379 = CARTESIAN_POINT('',(-7.872335283254,9.838004736126,4.55));
#2380 = DIRECTION('',(-0.617379181571,0.786665714369,0.));
#2381 = DIRECTION('',(0.786665714369,0.617379181571,0.));
#2382 = ADVANCED_FACE('',(#2383),#2394,.T.);
#2383 = FACE_BOUND('',#2384,.T.);
#2384 = EDGE_LOOP('',(#2385,#2386,#2387,#2388));
#2385 = ORIENTED_EDGE('',*,*,#906,.T.);
#2386 = ORIENTED_EDGE('',*,*,#2372,.T.);
#2387 = ORIENTED_EDGE('',*,*,#240,.F.);
#2388 = ORIENTED_EDGE('',*,*,#2389,.F.);
#2389 = EDGE_CURVE('',#899,#233,#2390,.T.);
#2390 = LINE('',#2391,#2392);
#2391 = CARTESIAN_POINT('',(-7.494767113067,10.128596443777,4.55));
#2392 = VECTOR('',#2393,1.);
#2393 = DIRECTION('',(0.,0.,1.));
#2394 = PLANE('',#2395);
#2395 = AXIS2_PLACEMENT_3D('',#2396,#2397,#2398);
#2396 = CARTESIAN_POINT('',(-7.68492484673,9.985085382715,4.55));
#2397 = DIRECTION('',(-0.602395648098,0.798197646672,0.));
#2398 = DIRECTION('',(0.798197646672,0.602395648098,0.));
#2399 = ADVANCED_FACE('',(#2400),#2411,.T.);
#2400 = FACE_BOUND('',#2401,.T.);
#2401 = EDGE_LOOP('',(#2402,#2403,#2404,#2405));
#2402 = ORIENTED_EDGE('',*,*,#898,.T.);
#2403 = ORIENTED_EDGE('',*,*,#2389,.T.);
#2404 = ORIENTED_EDGE('',*,*,#232,.F.);
#2405 = ORIENTED_EDGE('',*,*,#2406,.F.);
#2406 = EDGE_CURVE('',#891,#225,#2407,.T.);
#2407 = LINE('',#2408,#2409);
#2408 = CARTESIAN_POINT('',(-7.301930062083,10.268486615293,4.55));
#2409 = VECTOR('',#2410,1.);
#2410 = DIRECTION('',(0.,0.,1.));
#2411 = PLANE('',#2412);
#2412 = AXIS2_PLACEMENT_3D('',#2413,#2414,#2415);
#2413 = CARTESIAN_POINT('',(-7.494767113067,10.128596443777,4.55));
#2414 = DIRECTION('',(-0.587196763159,0.809444229911,0.));
#2415 = DIRECTION('',(0.809444229911,0.587196763159,0.));
#2416 = ADVANCED_FACE('',(#2417),#2428,.T.);
#2417 = FACE_BOUND('',#2418,.T.);
#2418 = EDGE_LOOP('',(#2419,#2420,#2421,#2422));
#2419 = ORIENTED_EDGE('',*,*,#890,.T.);
#2420 = ORIENTED_EDGE('',*,*,#2406,.T.);
#2421 = ORIENTED_EDGE('',*,*,#224,.F.);
#2422 = ORIENTED_EDGE('',*,*,#2423,.F.);
#2423 = EDGE_CURVE('',#883,#217,#2424,.T.);
#2424 = LINE('',#2425,#2426);
#2425 = CARTESIAN_POINT('',(-7.10648263143,10.404705887683,4.55));
#2426 = VECTOR('',#2427,1.);
#2427 = DIRECTION('',(0.,0.,1.));
#2428 = PLANE('',#2429);
#2429 = AXIS2_PLACEMENT_3D('',#2430,#2431,#2432);
#2430 = CARTESIAN_POINT('',(-7.301930062083,10.268486615293,4.55));
#2431 = DIRECTION('',(-0.571787960228,0.820401443526,0.));
#2432 = DIRECTION('',(0.820401443526,0.571787960228,0.));
#2433 = ADVANCED_FACE('',(#2434),#2445,.T.);
#2434 = FACE_BOUND('',#2435,.T.);
#2435 = EDGE_LOOP('',(#2436,#2437,#2438,#2439));
#2436 = ORIENTED_EDGE('',*,*,#882,.T.);
#2437 = ORIENTED_EDGE('',*,*,#2423,.T.);
#2438 = ORIENTED_EDGE('',*,*,#216,.F.);
#2439 = ORIENTED_EDGE('',*,*,#2440,.F.);
#2440 = EDGE_CURVE('',#875,#209,#2441,.T.);
#2441 = LINE('',#2442,#2443);
#2442 = CARTESIAN_POINT('',(-6.908494691951,10.537205563682,4.55));
#2443 = VECTOR('',#2444,1.);
#2444 = DIRECTION('',(0.,0.,1.));
#2445 = PLANE('',#2446);
#2446 = AXIS2_PLACEMENT_3D('',#2447,#2448,#2449);
#2447 = CARTESIAN_POINT('',(-7.10648263143,10.404705887683,4.55));
#2448 = DIRECTION('',(-0.556174747825,0.831065370402,0.));
#2449 = DIRECTION('',(0.831065370402,0.556174747825,0.));
#2450 = ADVANCED_FACE('',(#2451),#2462,.T.);
#2451 = FACE_BOUND('',#2452,.T.);
#2452 = EDGE_LOOP('',(#2453,#2454,#2455,#2456));
#2453 = ORIENTED_EDGE('',*,*,#874,.T.);
#2454 = ORIENTED_EDGE('',*,*,#2440,.T.);
#2455 = ORIENTED_EDGE('',*,*,#208,.F.);
#2456 = ORIENTED_EDGE('',*,*,#2457,.F.);
#2457 = EDGE_CURVE('',#867,#201,#2458,.T.);
#2458 = LINE('',#2459,#2460);
#2459 = CARTESIAN_POINT('',(-6.708037022698,10.665938275751,4.55));
#2460 = VECTOR('',#2461,1.);
#2461 = DIRECTION('',(0.,0.,1.));
#2462 = PLANE('',#2463);
#2463 = AXIS2_PLACEMENT_3D('',#2464,#2465,#2466);
#2464 = CARTESIAN_POINT('',(-6.908494691951,10.537205563682,4.55));
#2465 = DIRECTION('',(-0.540362707545,0.841432198275,0.));
#2466 = DIRECTION('',(0.841432198275,0.540362707545,0.));
#2467 = ADVANCED_FACE('',(#2468),#2479,.T.);
#2468 = FACE_BOUND('',#2469,.T.);
#2469 = EDGE_LOOP('',(#2470,#2471,#2472,#2473));
#2470 = ORIENTED_EDGE('',*,*,#866,.T.);
#2471 = ORIENTED_EDGE('',*,*,#2457,.T.);
#2472 = ORIENTED_EDGE('',*,*,#200,.F.);
#2473 = ORIENTED_EDGE('',*,*,#2474,.F.);
#2474 = EDGE_CURVE('',#859,#193,#2475,.T.);
#2475 = LINE('',#2476,#2477);
#2476 = CARTESIAN_POINT('',(-6.505181285631,10.790858003008,4.55));
#2477 = VECTOR('',#2478,1.);
#2478 = DIRECTION('',(0.,0.,1.));
#2479 = PLANE('',#2480);
#2480 = AXIS2_PLACEMENT_3D('',#2481,#2482,#2483);
#2481 = CARTESIAN_POINT('',(-6.708037022698,10.665938275751,4.55));
#2482 = DIRECTION('',(-0.524357492062,0.85149822109,0.));
#2483 = DIRECTION('',(0.85149822109,0.524357492062,0.));
#2484 = ADVANCED_FACE('',(#2485),#2496,.T.);
#2485 = FACE_BOUND('',#2486,.T.);
#2486 = EDGE_LOOP('',(#2487,#2488,#2489,#2490));
#2487 = ORIENTED_EDGE('',*,*,#858,.T.);
#2488 = ORIENTED_EDGE('',*,*,#2474,.T.);
#2489 = ORIENTED_EDGE('',*,*,#192,.F.);
#2490 = ORIENTED_EDGE('',*,*,#2491,.F.);
#2491 = EDGE_CURVE('',#851,#185,#2492,.T.);
#2492 = LINE('',#2493,#2494);
#2493 = CARTESIAN_POINT('',(-6.3,10.911920087684,4.55));
#2494 = VECTOR('',#2495,1.);
#2495 = DIRECTION('',(0.,0.,1.));
#2496 = PLANE('',#2497);
#2497 = AXIS2_PLACEMENT_3D('',#2498,#2499,#2500);
#2498 = CARTESIAN_POINT('',(-6.505181285631,10.790858003008,4.55));
#2499 = DIRECTION('',(-0.508164823107,0.861259840325,0.));
#2500 = DIRECTION('',(0.861259840325,0.508164823107,0.));
#2501 = ADVANCED_FACE('',(#2502),#2513,.T.);
#2502 = FACE_BOUND('',#2503,.T.);
#2503 = EDGE_LOOP('',(#2504,#2505,#2506,#2507));
#2504 = ORIENTED_EDGE('',*,*,#850,.T.);
#2505 = ORIENTED_EDGE('',*,*,#2491,.T.);
#2506 = ORIENTED_EDGE('',*,*,#184,.F.);
#2507 = ORIENTED_EDGE('',*,*,#2508,.F.);
#2508 = EDGE_CURVE('',#843,#177,#2509,.T.);
#2509 = LINE('',#2510,#2511);
#2510 = CARTESIAN_POINT('',(-6.09256651642,11.029081251083,4.55));
#2511 = VECTOR('',#2512,1.);
#2512 = DIRECTION('',(0.,0.,1.));
#2513 = PLANE('',#2514);
#2514 = AXIS2_PLACEMENT_3D('',#2515,#2516,#2517);
#2515 = CARTESIAN_POINT('',(-6.3,10.911920087684,4.55));
#2516 = DIRECTION('',(-0.491790489427,0.870713566283,0.));
#2517 = DIRECTION('',(0.870713566283,0.491790489427,0.));
#2518 = ADVANCED_FACE('',(#2519),#2530,.T.);
#2519 = FACE_BOUND('',#2520,.T.);
#2520 = EDGE_LOOP('',(#2521,#2522,#2523,#2524));
#2521 = ORIENTED_EDGE('',*,*,#842,.T.);
#2522 = ORIENTED_EDGE('',*,*,#2508,.T.);
#2523 = ORIENTED_EDGE('',*,*,#176,.F.);
#2524 = ORIENTED_EDGE('',*,*,#2525,.F.);
#2525 = EDGE_CURVE('',#835,#169,#2526,.T.);
#2526 = LINE('',#2527,#2528);
#2527 = CARTESIAN_POINT('',(-5.882954990648,11.142299609058,4.55));
#2528 = VECTOR('',#2529,1.);
#2529 = DIRECTION('',(0.,0.,1.));
#2530 = PLANE('',#2531);
#2531 = AXIS2_PLACEMENT_3D('',#2532,#2533,#2534);
#2532 = CARTESIAN_POINT('',(-6.09256651642,11.029081251083,4.55));
#2533 = DIRECTION('',(-0.47524034471,0.879856019335,0.));
#2534 = DIRECTION('',(0.879856019335,0.47524034471,0.));
#2535 = ADVANCED_FACE('',(#2536),#2547,.T.);
#2536 = FACE_BOUND('',#2537,.T.);
#2537 = EDGE_LOOP('',(#2538,#2539,#2540,#2541));
#2538 = ORIENTED_EDGE('',*,*,#834,.T.);
#2539 = ORIENTED_EDGE('',*,*,#2525,.T.);
#2540 = ORIENTED_EDGE('',*,*,#168,.F.);
#2541 = ORIENTED_EDGE('',*,*,#2542,.F.);
#2542 = EDGE_CURVE('',#827,#161,#2543,.T.);
#2543 = LINE('',#2544,#2545);
#2544 = CARTESIAN_POINT('',(-5.671240357072,11.25153468698,4.55));
#2545 = VECTOR('',#2546,1.);
#2546 = DIRECTION('',(0.,0.,1.));
#2547 = PLANE('',#2548);
#2548 = AXIS2_PLACEMENT_3D('',#2549,#2550,#2551);
#2549 = CARTESIAN_POINT('',(-5.882954990648,11.142299609058,4.55));
#2550 = DIRECTION('',(-0.458520305496,0.888683931129,0.));
#2551 = DIRECTION('',(0.888683931129,0.458520305496,0.));
#2552 = ADVANCED_FACE('',(#2553),#2564,.T.);
#2553 = FACE_BOUND('',#2554,.T.);
#2554 = EDGE_LOOP('',(#2555,#2556,#2557,#2558));
#2555 = ORIENTED_EDGE('',*,*,#826,.T.);
#2556 = ORIENTED_EDGE('',*,*,#2542,.T.);
#2557 = ORIENTED_EDGE('',*,*,#160,.F.);
#2558 = ORIENTED_EDGE('',*,*,#2559,.F.);
#2559 = EDGE_CURVE('',#819,#153,#2560,.T.);
#2560 = LINE('',#2561,#2562);
#2561 = CARTESIAN_POINT('',(-5.457498301924,11.356747434213,4.55));
#2562 = VECTOR('',#2563,1.);
#2563 = DIRECTION('',(0.,0.,1.));
#2564 = PLANE('',#2565);
#2565 = AXIS2_PLACEMENT_3D('',#2566,#2567,#2568);
#2566 = CARTESIAN_POINT('',(-5.671240357072,11.25153468698,4.55));
#2567 = DIRECTION('',(-0.441636349061,0.897194145761,0.));
#2568 = DIRECTION('',(0.897194145761,0.441636349061,0.));
#2569 = ADVANCED_FACE('',(#2570),#2581,.T.);
#2570 = FACE_BOUND('',#2571,.T.);
#2571 = EDGE_LOOP('',(#2572,#2573,#2574,#2575));
#2572 = ORIENTED_EDGE('',*,*,#818,.T.);
#2573 = ORIENTED_EDGE('',*,*,#2559,.T.);
#2574 = ORIENTED_EDGE('',*,*,#152,.F.);
#2575 = ORIENTED_EDGE('',*,*,#2576,.F.);
#2576 = EDGE_CURVE('',#811,#145,#2577,.T.);
#2577 = LINE('',#2578,#2579);
#2578 = CARTESIAN_POINT('',(-5.241805236223,11.457900238067,4.55));
#2579 = VECTOR('',#2580,1.);
#2580 = DIRECTION('',(0.,0.,1.));
#2581 = PLANE('',#2582);
#2582 = AXIS2_PLACEMENT_3D('',#2583,#2584,#2585);
#2583 = CARTESIAN_POINT('',(-5.457498301924,11.356747434213,4.55));
#2584 = DIRECTION('',(-0.424594511281,0.905383620898,0.));
#2585 = DIRECTION('',(0.905383620898,0.424594511281,0.));
#2586 = ADVANCED_FACE('',(#2587),#2598,.T.);
#2587 = FACE_BOUND('',#2588,.T.);
#2588 = EDGE_LOOP('',(#2589,#2590,#2591,#2592));
#2589 = ORIENTED_EDGE('',*,*,#810,.T.);
#2590 = ORIENTED_EDGE('',*,*,#2576,.T.);
#2591 = ORIENTED_EDGE('',*,*,#144,.F.);
#2592 = ORIENTED_EDGE('',*,*,#2593,.F.);
#2593 = EDGE_CURVE('',#803,#137,#2594,.T.);
#2594 = LINE('',#2595,#2596);
#2595 = CARTESIAN_POINT('',(-5.024238268458,11.554956937253,4.55));
#2596 = VECTOR('',#2597,1.);
#2597 = DIRECTION('',(0.,0.,1.));
#2598 = PLANE('',#2599);
#2599 = AXIS2_PLACEMENT_3D('',#2600,#2601,#2602);
#2600 = CARTESIAN_POINT('',(-5.241805236223,11.457900238067,4.55));
#2601 = DIRECTION('',(-0.40740088447,0.913249428871,0.));
#2602 = DIRECTION('',(0.913249428871,0.40740088447,0.));
#2603 = ADVANCED_FACE('',(#2604),#2615,.T.);
#2604 = FACE_BOUND('',#2605,.T.);
#2605 = EDGE_LOOP('',(#2606,#2607,#2608,#2609));
#2606 = ORIENTED_EDGE('',*,*,#802,.T.);
#2607 = ORIENTED_EDGE('',*,*,#2593,.T.);
#2608 = ORIENTED_EDGE('',*,*,#136,.F.);
#2609 = ORIENTED_EDGE('',*,*,#2610,.F.);
#2610 = EDGE_CURVE('',#795,#129,#2611,.T.);
#2611 = LINE('',#2612,#2613);
#2612 = CARTESIAN_POINT('',(-4.804875177023,11.6478828348,4.55));
#2613 = VECTOR('',#2614,1.);
#2614 = DIRECTION('',(0.,0.,1.));
#2615 = PLANE('',#2616);
#2616 = AXIS2_PLACEMENT_3D('',#2617,#2618,#2619);
#2617 = CARTESIAN_POINT('',(-5.024238268458,11.554956937253,4.55));
#2618 = DIRECTION('',(-0.39006161521,0.920788757718,0.));
#2619 = DIRECTION('',(0.920788757718,0.39006161521,0.));
#2620 = ADVANCED_FACE('',(#2621),#2632,.T.);
#2621 = FACE_BOUND('',#2622,.T.);
#2622 = EDGE_LOOP('',(#2623,#2624,#2625,#2626));
#2623 = ORIENTED_EDGE('',*,*,#794,.T.);
#2624 = ORIENTED_EDGE('',*,*,#2610,.T.);
#2625 = ORIENTED_EDGE('',*,*,#128,.F.);
#2626 = ORIENTED_EDGE('',*,*,#2627,.F.);
#2627 = EDGE_CURVE('',#787,#121,#2628,.T.);
#2628 = LINE('',#2629,#2630);
#2629 = CARTESIAN_POINT('',(-4.58379438241,11.736644710469,4.55));
#2630 = VECTOR('',#2631,1.);
#2631 = DIRECTION('',(0.,0.,1.));
#2632 = PLANE('',#2633);
#2633 = AXIS2_PLACEMENT_3D('',#2634,#2635,#2636);
#2634 = CARTESIAN_POINT('',(-4.804875177023,11.6478828348,4.55));
#2635 = DIRECTION('',(-0.372582902144,0.927998912192,0.));
#2636 = DIRECTION('',(0.927998912192,0.372582902144,0.));
#2637 = ADVANCED_FACE('',(#2638),#2649,.T.);
#2638 = FACE_BOUND('',#2639,.T.);
#2639 = EDGE_LOOP('',(#2640,#2641,#2642,#2643));
#2640 = ORIENTED_EDGE('',*,*,#786,.T.);
#2641 = ORIENTED_EDGE('',*,*,#2627,.T.);
#2642 = ORIENTED_EDGE('',*,*,#120,.F.);
#2643 = ORIENTED_EDGE('',*,*,#2644,.F.);
#2644 = EDGE_CURVE('',#779,#113,#2645,.T.);
#2645 = LINE('',#2646,#2647);
#2646 = CARTESIAN_POINT('',(-4.361074919176,11.821210832623,4.55));
#2647 = VECTOR('',#2648,1.);
#2648 = DIRECTION('',(0.,0.,1.));
#2649 = PLANE('',#2650);
#2650 = AXIS2_PLACEMENT_3D('',#2651,#2652,#2653);
#2651 = CARTESIAN_POINT('',(-4.58379438241,11.736644710469,4.55));
#2652 = DIRECTION('',(-0.354970993769,0.934877314722,0.));
#2653 = DIRECTION('',(0.934877314722,0.354970993769,0.));
#2654 = ADVANCED_FACE('',(#2655),#2666,.T.);
#2655 = FACE_BOUND('',#2656,.T.);
#2656 = EDGE_LOOP('',(#2657,#2658,#2659,#2660));
#2657 = ORIENTED_EDGE('',*,*,#778,.T.);
#2658 = ORIENTED_EDGE('',*,*,#2644,.T.);
#2659 = ORIENTED_EDGE('',*,*,#112,.F.);
#2660 = ORIENTED_EDGE('',*,*,#2661,.F.);
#2661 = EDGE_CURVE('',#771,#105,#2662,.T.);
#2662 = LINE('',#2663,#2664);
#2663 = CARTESIAN_POINT('',(-4.136796407691,11.901550969572,4.55));
#2664 = VECTOR('',#2665,1.);
#2665 = DIRECTION('',(0.,0.,1.));
#2666 = PLANE('',#2667);
#2667 = AXIS2_PLACEMENT_3D('',#2668,#2669,#2670);
#2668 = CARTESIAN_POINT('',(-4.361074919176,11.821210832623,4.55));
#2669 = DIRECTION('',(-0.337232186197,0.941421506336,0.));
#2670 = DIRECTION('',(0.941421506336,0.337232186197,0.));
#2671 = ADVANCED_FACE('',(#2672),#2683,.T.);
#2672 = FACE_BOUND('',#2673,.T.);
#2673 = EDGE_LOOP('',(#2674,#2675,#2676,#2677));
#2674 = ORIENTED_EDGE('',*,*,#770,.T.);
#2675 = ORIENTED_EDGE('',*,*,#2661,.T.);
#2676 = ORIENTED_EDGE('',*,*,#104,.F.);
#2677 = ORIENTED_EDGE('',*,*,#2678,.F.);
#2678 = EDGE_CURVE('',#763,#97,#2679,.T.);
#2679 = LINE('',#2680,#2681);
#2680 = CARTESIAN_POINT('',(-3.911039025668,11.97763640038,4.55));
#2681 = VECTOR('',#2682,1.);
#2682 = DIRECTION('',(0.,0.,1.));
#2683 = PLANE('',#2684);
#2684 = AXIS2_PLACEMENT_3D('',#2685,#2686,#2687);
#2685 = CARTESIAN_POINT('',(-4.136796407691,11.901550969572,4.55));
#2686 = DIRECTION('',(-0.319372820905,0.94762914754,0.));
#2687 = DIRECTION('',(0.94762914754,0.319372820905,0.));
#2688 = ADVANCED_FACE('',(#2689),#2695,.T.);
#2689 = FACE_BOUND('',#2690,.T.);
#2690 = EDGE_LOOP('',(#2691,#2692,#2693,#2694));
#2691 = ORIENTED_EDGE('',*,*,#762,.T.);
#2692 = ORIENTED_EDGE('',*,*,#2678,.T.);
#2693 = ORIENTED_EDGE('',*,*,#96,.F.);
#2694 = ORIENTED_EDGE('',*,*,#720,.F.);
#2695 = PLANE('',#2696);
#2696 = AXIS2_PLACEMENT_3D('',#2697,#2698,#2699);
#2697 = CARTESIAN_POINT('',(-3.911039025668,11.97763640038,4.55));
#2698 = DIRECTION('',(-0.301399282468,0.953498019153,0.));
#2699 = DIRECTION('',(0.953498019153,0.301399282468,0.));
#2700 = ADVANCED_FACE('',(#2701),#2707,.T.);
#2701 = FACE_BOUND('',#2702,.T.);
#2702 = EDGE_LOOP('',(#2703,#2704,#2705,#2706));
#2703 = ORIENTED_EDGE('',*,*,#746,.T.);
#2704 = ORIENTED_EDGE('',*,*,#1378,.T.);
#2705 = ORIENTED_EDGE('',*,*,#73,.F.);
#2706 = ORIENTED_EDGE('',*,*,#1396,.F.);
#2707 = PLANE('',#2708);
#2708 = AXIS2_PLACEMENT_3D('',#2709,#2710,#2711);
#2709 = CARTESIAN_POINT('',(12.277062816294,2.834383284733,4.55));
#2710 = DIRECTION('',(0.976453148278,0.215729574277,-0.));
#2711 = DIRECTION('',(0.215729574277,-0.976453148278,0.));
#2712 = ( GEOMETRIC_REPRESENTATION_CONTEXT(3) 
GLOBAL_UNCERTAINTY_ASSIGNED_CONTEXT((#2716)) 
GLOBAL_UNIT_ASSIGNED_CONTEXT((#2713,#2714,#2715)) REPRESENTATION_CONTEXT
('Context #1','3D Context with UNIT and UNCERTAINTY') );
#2713 = ( LENGTH_UNIT() NAMED_UNIT(*) SI_UNIT(.MILLI.,.METRE.) );
#2714 = ( NAMED_UNIT(*) PLANE_ANGLE_UNIT() SI_UNIT($,.RADIAN.) );
#2715 = ( NAMED_UNIT(*) SI_UNIT($,.STERADIAN.) SOLID_ANGLE_UNIT() );
#2716 = UNCERTAINTY_MEASURE_WITH_UNIT(LENGTH_MEASURE(2.E-07),#2713,
  'distance_accuracy_value','confusion accuracy');
#2717 = PRODUCT_RELATED_PRODUCT_CATEGORY('part',$,(#7));
ENDSEC;
END-ISO-10303-21;
