ISO-10303-21;
HEADER;
FILE_DESCRIPTION(('FreeCAD Model'),'2;1');
FILE_NAME('Open CASCADE Shape Model','2026-09-03T23:25:20',('FreeCAD'),(
    'FreeCAD'),'Open CASCADE STEP processor 7.8','FreeCAD','Unknown');
FILE_SCHEMA(('AUTOMOTIVE_DESIGN { 1 0 10303 214 1 1 1 1 }'));
ENDSEC;
DATA;
#1 = APPLICATION_PROTOCOL_DEFINITION('international standard',
  'automotive_design',2000,#2);
#2 = APPLICATION_CONTEXT(
  'core data for automotive mechanical design processes');
#3 = SHAPE_DEFINITION_REPRESENTATION(#4,#10);
#4 = PRODUCT_DEFINITION_SHAPE('','',#5);
#5 = PRODUCT_DEFINITION('design','',#6,#9);
#6 = PRODUCT_DEFINITION_FORMATION('','',#7);
#7 = PRODUCT('Open CASCADE STEP translator 7.8 8',
  'Open CASCADE STEP translator 7.8 8','',(#8));
#8 = PRODUCT_CONTEXT('',#2,'mechanical');
#9 = PRODUCT_DEFINITION_CONTEXT('part definition',#2,'design');
#10 = ADVANCED_BREP_SHAPE_REPRESENTATION('',(#11,#15),#3518);
#11 = AXIS2_PLACEMENT_3D('',#12,#13,#14);
#12 = CARTESIAN_POINT('',(0.,0.,0.));
#13 = DIRECTION('',(0.,0.,1.));
#14 = DIRECTION('',(1.,0.,-0.));
#15 = MANIFOLD_SOLID_BREP('',#16);
#16 = CLOSED_SHELL('',(#17,#57,#88,#119,#150,#181,#212,#243,#274,#305,
    #336,#367,#398,#429,#460,#491,#522,#553,#584,#615,#646,#677,#708,
    #739,#770,#801,#841,#872,#903,#934,#965,#996,#1027,#1058,#1089,#1120
    ,#1151,#1182,#1213,#1244,#1275,#1297,#1328,#1359,#1390,#1421,#1452,
    #1483,#1514,#1545,#1576,#1607,#1638,#1669,#1700,#1731,#1762,#1793,
    #1824,#1855,#1886,#1917,#1948,#1979,#2010,#2041,#2072,#2103,#2134,
    #2165,#2196,#2227,#2258,#2289,#2320,#2351,#2382,#2413,#2444,#2475,
    #2506,#2537,#2568,#2599,#2630,#2661,#2692,#2723,#2754,#2785,#2816,
    #2847,#2878,#2909,#2940,#2971,#3002,#3033,#3064,#3095,#3126,#3157,
    #3188,#3219,#3241,#3371,#3397,#3406));
#17 = ADVANCED_FACE('',(#18),#52,.F.);
#18 = FACE_BOUND('',#19,.F.);
#19 = EDGE_LOOP('',(#20,#30,#38,#46));
#20 = ORIENTED_EDGE('',*,*,#21,.T.);
#21 = EDGE_CURVE('',#22,#24,#26,.T.);
#22 = VERTEX_POINT('',#23);
#23 = CARTESIAN_POINT('',(6.4,11.085125168441,4.02));
#24 = VERTEX_POINT('',#25);
#25 = CARTESIAN_POINT('',(6.4,11.085125168441,4.17));
#26 = LINE('',#27,#28);
#27 = CARTESIAN_POINT('',(6.4,11.085125168441,4.02));
#28 = VECTOR('',#29,1.);
#29 = DIRECTION('',(0.,0.,1.));
#30 = ORIENTED_EDGE('',*,*,#31,.T.);
#31 = EDGE_CURVE('',#24,#32,#34,.T.);
#32 = VERTEX_POINT('',#33);
#33 = CARTESIAN_POINT('',(6.156656242168,11.222102473056,4.17));
#34 = LINE('',#35,#36);
#35 = CARTESIAN_POINT('',(6.4,11.085125168441,4.17));
#36 = VECTOR('',#37,1.);
#37 = DIRECTION('',(-0.87142792535,0.490523568159,0.));
#38 = ORIENTED_EDGE('',*,*,#39,.F.);
#39 = EDGE_CURVE('',#40,#32,#42,.T.);
#40 = VERTEX_POINT('',#41);
#41 = CARTESIAN_POINT('',(6.156656242168,11.222102473056,4.02));
#42 = LINE('',#43,#44);
#43 = CARTESIAN_POINT('',(6.156656242168,11.222102473056,4.02));
#44 = VECTOR('',#45,1.);
#45 = DIRECTION('',(0.,0.,1.));
#46 = ORIENTED_EDGE('',*,*,#47,.F.);
#47 = EDGE_CURVE('',#22,#40,#48,.T.);
#48 = LINE('',#49,#50);
#49 = CARTESIAN_POINT('',(6.4,11.085125168441,4.02));
#50 = VECTOR('',#51,1.);
#51 = DIRECTION('',(-0.87142792535,0.490523568159,0.));
#52 = PLANE('',#53);
#53 = AXIS2_PLACEMENT_3D('',#54,#55,#56);
#54 = CARTESIAN_POINT('',(6.4,11.085125168441,4.02));
#55 = DIRECTION('',(-0.490523568159,-0.87142792535,0.));
#56 = DIRECTION('',(-0.87142792535,0.490523568159,0.));
#57 = ADVANCED_FACE('',(#58),#83,.F.);
#58 = FACE_BOUND('',#59,.F.);
#59 = EDGE_LOOP('',(#60,#70,#76,#77));
#60 = ORIENTED_EDGE('',*,*,#61,.T.);
#61 = EDGE_CURVE('',#62,#64,#66,.T.);
#62 = VERTEX_POINT('',#63);
#63 = CARTESIAN_POINT('',(5.2,9.006664199358,4.02));
#64 = VERTEX_POINT('',#65);
#65 = CARTESIAN_POINT('',(5.2,9.006664199358,4.17));
#66 = LINE('',#67,#68);
#67 = CARTESIAN_POINT('',(5.2,9.006664199358,4.02));
#68 = VECTOR('',#69,1.);
#69 = DIRECTION('',(0.,0.,1.));
#70 = ORIENTED_EDGE('',*,*,#71,.T.);
#71 = EDGE_CURVE('',#64,#24,#72,.T.);
#72 = LINE('',#73,#74);
#73 = CARTESIAN_POINT('',(5.2,9.006664199358,4.17));
#74 = VECTOR('',#75,1.);
#75 = DIRECTION('',(0.5,0.866025403784,0.));
#76 = ORIENTED_EDGE('',*,*,#21,.F.);
#77 = ORIENTED_EDGE('',*,*,#78,.F.);
#78 = EDGE_CURVE('',#62,#22,#79,.T.);
#79 = LINE('',#80,#81);
#80 = CARTESIAN_POINT('',(5.2,9.006664199358,4.02));
#81 = VECTOR('',#82,1.);
#82 = DIRECTION('',(0.5,0.866025403784,0.));
#83 = PLANE('',#84);
#84 = AXIS2_PLACEMENT_3D('',#85,#86,#87);
#85 = CARTESIAN_POINT('',(5.2,9.006664199358,4.02));
#86 = DIRECTION('',(-0.866025403784,0.5,0.));
#87 = DIRECTION('',(0.5,0.866025403784,0.));
#88 = ADVANCED_FACE('',(#89),#114,.F.);
#89 = FACE_BOUND('',#90,.F.);
#90 = EDGE_LOOP('',(#91,#92,#100,#108));
#91 = ORIENTED_EDGE('',*,*,#39,.T.);
#92 = ORIENTED_EDGE('',*,*,#93,.T.);
#93 = EDGE_CURVE('',#32,#94,#96,.T.);
#94 = VERTEX_POINT('',#95);
#95 = CARTESIAN_POINT('',(5.910382249408,11.353738664681,4.17));
#96 = LINE('',#97,#98);
#97 = CARTESIAN_POINT('',(6.156656242168,11.222102473056,4.17));
#98 = VECTOR('',#99,1.);
#99 = DIRECTION('',(-0.881921264348,0.471396736826,0.));
#100 = ORIENTED_EDGE('',*,*,#101,.F.);
#101 = EDGE_CURVE('',#102,#94,#104,.T.);
#102 = VERTEX_POINT('',#103);
#103 = CARTESIAN_POINT('',(5.910382249408,11.353738664681,4.02));
#104 = LINE('',#105,#106);
#105 = CARTESIAN_POINT('',(5.910382249408,11.353738664681,4.02));
#106 = VECTOR('',#107,1.);
#107 = DIRECTION('',(0.,0.,1.));
#108 = ORIENTED_EDGE('',*,*,#109,.F.);
#109 = EDGE_CURVE('',#40,#102,#110,.T.);
#110 = LINE('',#111,#112);
#111 = CARTESIAN_POINT('',(6.156656242168,11.222102473056,4.02));
#112 = VECTOR('',#113,1.);
#113 = DIRECTION('',(-0.881921264348,0.471396736826,0.));
#114 = PLANE('',#115);
#115 = AXIS2_PLACEMENT_3D('',#116,#117,#118);
#116 = CARTESIAN_POINT('',(6.156656242168,11.222102473056,4.02));
#117 = DIRECTION('',(-0.471396736826,-0.881921264348,0.));
#118 = DIRECTION('',(-0.881921264348,0.471396736826,0.));
#119 = ADVANCED_FACE('',(#120),#145,.F.);
#120 = FACE_BOUND('',#121,.F.);
#121 = EDGE_LOOP('',(#122,#132,#138,#139));
#122 = ORIENTED_EDGE('',*,*,#123,.T.);
#123 = EDGE_CURVE('',#124,#126,#128,.T.);
#124 = VERTEX_POINT('',#125);
#125 = CARTESIAN_POINT('',(5.002283196762,9.117958259358,4.02));
#126 = VERTEX_POINT('',#127);
#127 = CARTESIAN_POINT('',(5.002283196762,9.117958259358,4.17));
#128 = LINE('',#129,#130);
#129 = CARTESIAN_POINT('',(5.002283196762,9.117958259358,4.02));
#130 = VECTOR('',#131,1.);
#131 = DIRECTION('',(0.,0.,1.));
#132 = ORIENTED_EDGE('',*,*,#133,.T.);
#133 = EDGE_CURVE('',#126,#64,#134,.T.);
#134 = LINE('',#135,#136);
#135 = CARTESIAN_POINT('',(5.002283196762,9.117958259358,4.17));
#136 = VECTOR('',#137,1.);
#137 = DIRECTION('',(0.87142792535,-0.490523568159,0.));
#138 = ORIENTED_EDGE('',*,*,#61,.F.);
#139 = ORIENTED_EDGE('',*,*,#140,.F.);
#140 = EDGE_CURVE('',#124,#62,#141,.T.);
#141 = LINE('',#142,#143);
#142 = CARTESIAN_POINT('',(5.002283196762,9.117958259358,4.02));
#143 = VECTOR('',#144,1.);
#144 = DIRECTION('',(0.87142792535,-0.490523568159,0.));
#145 = PLANE('',#146);
#146 = AXIS2_PLACEMENT_3D('',#147,#148,#149);
#147 = CARTESIAN_POINT('',(5.002283196762,9.117958259358,4.02));
#148 = DIRECTION('',(0.490523568159,0.87142792535,-0.));
#149 = DIRECTION('',(0.87142792535,-0.490523568159,0.));
#150 = ADVANCED_FACE('',(#151),#176,.F.);
#151 = FACE_BOUND('',#152,.F.);
#152 = EDGE_LOOP('',(#153,#154,#162,#170));
#153 = ORIENTED_EDGE('',*,*,#101,.T.);
#154 = ORIENTED_EDGE('',*,*,#155,.T.);
#155 = EDGE_CURVE('',#94,#156,#158,.T.);
#156 = VERTEX_POINT('',#157);
#157 = CARTESIAN_POINT('',(5.661295234803,11.479971091618,4.17));
#158 = LINE('',#159,#160);
#159 = CARTESIAN_POINT('',(5.910382249408,11.353738664681,4.17));
#160 = VECTOR('',#161,1.);
#161 = DIRECTION('',(-0.891994856589,0.452045546177,0.));
#162 = ORIENTED_EDGE('',*,*,#163,.F.);
#163 = EDGE_CURVE('',#164,#156,#166,.T.);
#164 = VERTEX_POINT('',#165);
#165 = CARTESIAN_POINT('',(5.661295234803,11.479971091618,4.02));
#166 = LINE('',#167,#168);
#167 = CARTESIAN_POINT('',(5.661295234803,11.479971091618,4.02));
#168 = VECTOR('',#169,1.);
#169 = DIRECTION('',(0.,0.,1.));
#170 = ORIENTED_EDGE('',*,*,#171,.F.);
#171 = EDGE_CURVE('',#102,#164,#172,.T.);
#172 = LINE('',#173,#174);
#173 = CARTESIAN_POINT('',(5.910382249408,11.353738664681,4.02));
#174 = VECTOR('',#175,1.);
#175 = DIRECTION('',(-0.891994856589,0.452045546177,0.));
#176 = PLANE('',#177);
#177 = AXIS2_PLACEMENT_3D('',#178,#179,#180);
#178 = CARTESIAN_POINT('',(5.910382249408,11.353738664681,4.02));
#179 = DIRECTION('',(-0.452045546177,-0.891994856589,0.));
#180 = DIRECTION('',(-0.891994856589,0.452045546177,0.));
#181 = ADVANCED_FACE('',(#182),#207,.F.);
#182 = FACE_BOUND('',#183,.F.);
#183 = EDGE_LOOP('',(#184,#194,#200,#201));
#184 = ORIENTED_EDGE('',*,*,#185,.T.);
#185 = EDGE_CURVE('',#186,#188,#190,.T.);
#186 = VERTEX_POINT('',#187);
#187 = CARTESIAN_POINT('',(4.802185577644,9.224912665054,4.02));
#188 = VERTEX_POINT('',#189);
#189 = CARTESIAN_POINT('',(4.802185577644,9.224912665054,4.17));
#190 = LINE('',#191,#192);
#191 = CARTESIAN_POINT('',(4.802185577644,9.224912665054,4.02));
#192 = VECTOR('',#193,1.);
#193 = DIRECTION('',(0.,0.,1.));
#194 = ORIENTED_EDGE('',*,*,#195,.T.);
#195 = EDGE_CURVE('',#188,#126,#196,.T.);
#196 = LINE('',#197,#198);
#197 = CARTESIAN_POINT('',(4.802185577644,9.224912665054,4.17));
#198 = VECTOR('',#199,1.);
#199 = DIRECTION('',(0.881921264348,-0.471396736826,0.));
#200 = ORIENTED_EDGE('',*,*,#123,.F.);
#201 = ORIENTED_EDGE('',*,*,#202,.F.);
#202 = EDGE_CURVE('',#186,#124,#203,.T.);
#203 = LINE('',#204,#205);
#204 = CARTESIAN_POINT('',(4.802185577644,9.224912665054,4.02));
#205 = VECTOR('',#206,1.);
#206 = DIRECTION('',(0.881921264348,-0.471396736826,0.));
#207 = PLANE('',#208);
#208 = AXIS2_PLACEMENT_3D('',#209,#210,#211);
#209 = CARTESIAN_POINT('',(4.802185577644,9.224912665054,4.02));
#210 = DIRECTION('',(0.471396736826,0.881921264348,-0.));
#211 = DIRECTION('',(0.881921264348,-0.471396736826,0.));
#212 = ADVANCED_FACE('',(#213),#238,.F.);
#213 = FACE_BOUND('',#214,.F.);
#214 = EDGE_LOOP('',(#215,#225,#231,#232));
#215 = ORIENTED_EDGE('',*,*,#216,.T.);
#216 = EDGE_CURVE('',#217,#219,#221,.T.);
#217 = VERTEX_POINT('',#218);
#218 = CARTESIAN_POINT('',(4.599802378278,9.32747651194,4.02));
#219 = VERTEX_POINT('',#220);
#220 = CARTESIAN_POINT('',(4.599802378278,9.32747651194,4.17));
#221 = LINE('',#222,#223);
#222 = CARTESIAN_POINT('',(4.599802378278,9.32747651194,4.02));
#223 = VECTOR('',#224,1.);
#224 = DIRECTION('',(0.,0.,1.));
#225 = ORIENTED_EDGE('',*,*,#226,.T.);
#226 = EDGE_CURVE('',#219,#188,#227,.T.);
#227 = LINE('',#228,#229);
#228 = CARTESIAN_POINT('',(4.599802378278,9.32747651194,4.17));
#229 = VECTOR('',#230,1.);
#230 = DIRECTION('',(0.891994856589,-0.452045546177,0.));
#231 = ORIENTED_EDGE('',*,*,#185,.F.);
#232 = ORIENTED_EDGE('',*,*,#233,.F.);
#233 = EDGE_CURVE('',#217,#186,#234,.T.);
#234 = LINE('',#235,#236);
#235 = CARTESIAN_POINT('',(4.599802378278,9.32747651194,4.02));
#236 = VECTOR('',#237,1.);
#237 = DIRECTION('',(0.891994856589,-0.452045546177,0.));
#238 = PLANE('',#239);
#239 = AXIS2_PLACEMENT_3D('',#240,#241,#242);
#240 = CARTESIAN_POINT('',(4.599802378278,9.32747651194,4.02));
#241 = DIRECTION('',(0.452045546177,0.891994856589,-0.));
#242 = DIRECTION('',(0.891994856589,-0.452045546177,0.));
#243 = ADVANCED_FACE('',(#244),#269,.F.);
#244 = FACE_BOUND('',#245,.F.);
#245 = EDGE_LOOP('',(#246,#256,#262,#263));
#246 = ORIENTED_EDGE('',*,*,#247,.T.);
#247 = EDGE_CURVE('',#248,#250,#252,.T.);
#248 = VERTEX_POINT('',#249);
#249 = CARTESIAN_POINT('',(4.395229922103,9.425600985181,4.02));
#250 = VERTEX_POINT('',#251);
#251 = CARTESIAN_POINT('',(4.395229922103,9.425600985181,4.17));
#252 = LINE('',#253,#254);
#253 = CARTESIAN_POINT('',(4.395229922103,9.425600985181,4.02));
#254 = VECTOR('',#255,1.);
#255 = DIRECTION('',(0.,0.,1.));
#256 = ORIENTED_EDGE('',*,*,#257,.T.);
#257 = EDGE_CURVE('',#250,#219,#258,.T.);
#258 = LINE('',#259,#260);
#259 = CARTESIAN_POINT('',(4.395229922103,9.425600985181,4.17));
#260 = VECTOR('',#261,1.);
#261 = DIRECTION('',(0.901643907589,-0.43247920633,0.));
#262 = ORIENTED_EDGE('',*,*,#216,.F.);
#263 = ORIENTED_EDGE('',*,*,#264,.F.);
#264 = EDGE_CURVE('',#248,#217,#265,.T.);
#265 = LINE('',#266,#267);
#266 = CARTESIAN_POINT('',(4.395229922103,9.425600985181,4.02));
#267 = VECTOR('',#268,1.);
#268 = DIRECTION('',(0.901643907589,-0.43247920633,0.));
#269 = PLANE('',#270);
#270 = AXIS2_PLACEMENT_3D('',#271,#272,#273);
#271 = CARTESIAN_POINT('',(4.395229922103,9.425600985181,4.02));
#272 = DIRECTION('',(0.43247920633,0.901643907589,-0.));
#273 = DIRECTION('',(0.901643907589,-0.43247920633,0.));
#274 = ADVANCED_FACE('',(#275),#300,.F.);
#275 = FACE_BOUND('',#276,.F.);
#276 = EDGE_LOOP('',(#277,#287,#293,#294));
#277 = ORIENTED_EDGE('',*,*,#278,.T.);
#278 = EDGE_CURVE('',#279,#281,#283,.T.);
#279 = VERTEX_POINT('',#280);
#280 = CARTESIAN_POINT('',(4.188565574531,9.519239382842,4.02));
#281 = VERTEX_POINT('',#282);
#282 = CARTESIAN_POINT('',(4.188565574531,9.519239382842,4.17));
#283 = LINE('',#284,#285);
#284 = CARTESIAN_POINT('',(4.188565574531,9.519239382842,4.02));
#285 = VECTOR('',#286,1.);
#286 = DIRECTION('',(0.,0.,1.));
#287 = ORIENTED_EDGE('',*,*,#288,.T.);
#288 = EDGE_CURVE('',#281,#250,#289,.T.);
#289 = LINE('',#290,#291);
#290 = CARTESIAN_POINT('',(4.188565574531,9.519239382842,4.17));
#291 = VECTOR('',#292,1.);
#292 = DIRECTION('',(0.910863824921,-0.412707029804,0.));
#293 = ORIENTED_EDGE('',*,*,#247,.F.);
#294 = ORIENTED_EDGE('',*,*,#295,.F.);
#295 = EDGE_CURVE('',#279,#248,#296,.T.);
#296 = LINE('',#297,#298);
#297 = CARTESIAN_POINT('',(4.188565574531,9.519239382842,4.02));
#298 = VECTOR('',#299,1.);
#299 = DIRECTION('',(0.910863824921,-0.412707029804,0.));
#300 = PLANE('',#301);
#301 = AXIS2_PLACEMENT_3D('',#302,#303,#304);
#302 = CARTESIAN_POINT('',(4.188565574531,9.519239382842,4.02));
#303 = DIRECTION('',(0.412707029804,0.910863824921,-0.));
#304 = DIRECTION('',(0.910863824921,-0.412707029804,0.));
#305 = ADVANCED_FACE('',(#306),#331,.F.);
#306 = FACE_BOUND('',#307,.F.);
#307 = EDGE_LOOP('',(#308,#318,#324,#325));
#308 = ORIENTED_EDGE('',*,*,#309,.T.);
#309 = EDGE_CURVE('',#310,#312,#314,.T.);
#310 = VERTEX_POINT('',#311);
#311 = CARTESIAN_POINT('',(3.979907696597,9.608347138117,4.02));
#312 = VERTEX_POINT('',#313);
#313 = CARTESIAN_POINT('',(3.979907696597,9.608347138117,4.17));
#314 = LINE('',#315,#316);
#315 = CARTESIAN_POINT('',(3.979907696597,9.608347138117,4.02));
#316 = VECTOR('',#317,1.);
#317 = DIRECTION('',(0.,0.,1.));
#318 = ORIENTED_EDGE('',*,*,#319,.T.);
#319 = EDGE_CURVE('',#312,#281,#320,.T.);
#320 = LINE('',#321,#322);
#321 = CARTESIAN_POINT('',(3.979907696597,9.608347138117,4.17));
#322 = VECTOR('',#323,1.);
#323 = DIRECTION('',(0.919650220405,-0.392738427085,0.));
#324 = ORIENTED_EDGE('',*,*,#278,.F.);
#325 = ORIENTED_EDGE('',*,*,#326,.F.);
#326 = EDGE_CURVE('',#310,#279,#327,.T.);
#327 = LINE('',#328,#329);
#328 = CARTESIAN_POINT('',(3.979907696597,9.608347138117,4.02));
#329 = VECTOR('',#330,1.);
#330 = DIRECTION('',(0.919650220405,-0.392738427085,0.));
#331 = PLANE('',#332);
#332 = AXIS2_PLACEMENT_3D('',#333,#334,#335);
#333 = CARTESIAN_POINT('',(3.979907696597,9.608347138117,4.02));
#334 = DIRECTION('',(0.392738427085,0.919650220405,-0.));
#335 = DIRECTION('',(0.919650220405,-0.392738427085,0.));
#336 = ADVANCED_FACE('',(#337),#362,.F.);
#337 = FACE_BOUND('',#338,.F.);
#338 = EDGE_LOOP('',(#339,#349,#355,#356));
#339 = ORIENTED_EDGE('',*,*,#340,.T.);
#340 = EDGE_CURVE('',#341,#343,#345,.T.);
#341 = VERTEX_POINT('',#342);
#342 = CARTESIAN_POINT('',(3.76935559815,9.692881840541,4.02));
#343 = VERTEX_POINT('',#344);
#344 = CARTESIAN_POINT('',(3.76935559815,9.692881840541,4.17));
#345 = LINE('',#346,#347);
#346 = CARTESIAN_POINT('',(3.76935559815,9.692881840541,4.02));
#347 = VECTOR('',#348,1.);
#348 = DIRECTION('',(0.,0.,1.));
#349 = ORIENTED_EDGE('',*,*,#350,.T.);
#350 = EDGE_CURVE('',#343,#312,#351,.T.);
#351 = LINE('',#352,#353);
#352 = CARTESIAN_POINT('',(3.76935559815,9.692881840541,4.17));
#353 = VECTOR('',#354,1.);
#354 = DIRECTION('',(0.927998912192,-0.372582902144,0.));
#355 = ORIENTED_EDGE('',*,*,#309,.F.);
#356 = ORIENTED_EDGE('',*,*,#357,.F.);
#357 = EDGE_CURVE('',#341,#310,#358,.T.);
#358 = LINE('',#359,#360);
#359 = CARTESIAN_POINT('',(3.76935559815,9.692881840541,4.02));
#360 = VECTOR('',#361,1.);
#361 = DIRECTION('',(0.927998912192,-0.372582902144,0.));
#362 = PLANE('',#363);
#363 = AXIS2_PLACEMENT_3D('',#364,#365,#366);
#364 = CARTESIAN_POINT('',(3.76935559815,9.692881840541,4.02));
#365 = DIRECTION('',(0.372582902144,0.927998912192,-0.));
#366 = DIRECTION('',(0.927998912192,-0.372582902144,0.));
#367 = ADVANCED_FACE('',(#368),#393,.F.);
#368 = FACE_BOUND('',#369,.F.);
#369 = EDGE_LOOP('',(#370,#380,#386,#387));
#370 = ORIENTED_EDGE('',*,*,#371,.T.);
#371 = EDGE_CURVE('',#372,#374,#376,.T.);
#372 = VERTEX_POINT('',#373);
#373 = CARTESIAN_POINT('',(3.557009490587,9.772803256173,4.02));
#374 = VERTEX_POINT('',#375);
#375 = CARTESIAN_POINT('',(3.557009490587,9.772803256173,4.17));
#376 = LINE('',#377,#378);
#377 = CARTESIAN_POINT('',(3.557009490587,9.772803256173,4.02));
#378 = VECTOR('',#379,1.);
#379 = DIRECTION('',(0.,0.,1.));
#380 = ORIENTED_EDGE('',*,*,#381,.T.);
#381 = EDGE_CURVE('',#374,#343,#382,.T.);
#382 = LINE('',#383,#384);
#383 = CARTESIAN_POINT('',(3.557009490587,9.772803256173,4.17));
#384 = VECTOR('',#385,1.);
#385 = DIRECTION('',(0.935905926757,-0.352250047921,0.));
#386 = ORIENTED_EDGE('',*,*,#340,.F.);
#387 = ORIENTED_EDGE('',*,*,#388,.F.);
#388 = EDGE_CURVE('',#372,#341,#389,.T.);
#389 = LINE('',#390,#391);
#390 = CARTESIAN_POINT('',(3.557009490587,9.772803256173,4.02));
#391 = VECTOR('',#392,1.);
#392 = DIRECTION('',(0.935905926757,-0.352250047921,0.));
#393 = PLANE('',#394);
#394 = AXIS2_PLACEMENT_3D('',#395,#396,#397);
#395 = CARTESIAN_POINT('',(3.557009490587,9.772803256173,4.02));
#396 = DIRECTION('',(0.352250047921,0.935905926757,-0.));
#397 = DIRECTION('',(0.935905926757,-0.352250047921,0.));
#398 = ADVANCED_FACE('',(#399),#424,.F.);
#399 = FACE_BOUND('',#400,.F.);
#400 = EDGE_LOOP('',(#401,#411,#417,#418));
#401 = ORIENTED_EDGE('',*,*,#402,.T.);
#402 = EDGE_CURVE('',#403,#405,#407,.T.);
#403 = VERTEX_POINT('',#404);
#404 = CARTESIAN_POINT('',(3.342970439153,9.848073346749,4.02));
#405 = VERTEX_POINT('',#406);
#406 = CARTESIAN_POINT('',(3.342970439153,9.848073346749,4.17));
#407 = LINE('',#408,#409);
#408 = CARTESIAN_POINT('',(3.342970439153,9.848073346749,4.02));
#409 = VECTOR('',#410,1.);
#410 = DIRECTION('',(0.,0.,1.));
#411 = ORIENTED_EDGE('',*,*,#412,.T.);
#412 = EDGE_CURVE('',#405,#374,#413,.T.);
#413 = LINE('',#414,#415);
#414 = CARTESIAN_POINT('',(3.342970439153,9.848073346749,4.17));
#415 = VECTOR('',#416,1.);
#416 = DIRECTION('',(0.94336750079,-0.331749541753,0.));
#417 = ORIENTED_EDGE('',*,*,#371,.F.);
#418 = ORIENTED_EDGE('',*,*,#419,.F.);
#419 = EDGE_CURVE('',#403,#372,#420,.T.);
#420 = LINE('',#421,#422);
#421 = CARTESIAN_POINT('',(3.342970439153,9.848073346749,4.02));
#422 = VECTOR('',#423,1.);
#423 = DIRECTION('',(0.94336750079,-0.331749541753,0.));
#424 = PLANE('',#425);
#425 = AXIS2_PLACEMENT_3D('',#426,#427,#428);
#426 = CARTESIAN_POINT('',(3.342970439153,9.848073346749,4.02));
#427 = DIRECTION('',(0.331749541753,0.94336750079,-0.));
#428 = DIRECTION('',(0.94336750079,-0.331749541753,0.));
#429 = ADVANCED_FACE('',(#430),#455,.F.);
#430 = FACE_BOUND('',#431,.F.);
#431 = EDGE_LOOP('',(#432,#442,#448,#449));
#432 = ORIENTED_EDGE('',*,*,#433,.T.);
#433 = EDGE_CURVE('',#434,#436,#438,.T.);
#434 = VERTEX_POINT('',#435);
#435 = CARTESIAN_POINT('',(3.127340314844,9.918656287782,4.02));
#436 = VERTEX_POINT('',#437);
#437 = CARTESIAN_POINT('',(3.127340314844,9.918656287782,4.17));
#438 = LINE('',#439,#440);
#439 = CARTESIAN_POINT('',(3.127340314844,9.918656287782,4.02));
#440 = VECTOR('',#441,1.);
#441 = DIRECTION('',(0.,0.,1.));
#442 = ORIENTED_EDGE('',*,*,#443,.T.);
#443 = EDGE_CURVE('',#436,#405,#444,.T.);
#444 = LINE('',#445,#446);
#445 = CARTESIAN_POINT('',(3.127340314844,9.918656287782,4.17));
#446 = VECTOR('',#447,1.);
#447 = DIRECTION('',(0.950380082985,-0.311091140771,0.));
#448 = ORIENTED_EDGE('',*,*,#402,.F.);
#449 = ORIENTED_EDGE('',*,*,#450,.F.);
#450 = EDGE_CURVE('',#434,#403,#451,.T.);
#451 = LINE('',#452,#453);
#452 = CARTESIAN_POINT('',(3.127340314844,9.918656287782,4.02));
#453 = VECTOR('',#454,1.);
#454 = DIRECTION('',(0.950380082985,-0.311091140771,0.));
#455 = PLANE('',#456);
#456 = AXIS2_PLACEMENT_3D('',#457,#458,#459);
#457 = CARTESIAN_POINT('',(3.127340314844,9.918656287782,4.02));
#458 = DIRECTION('',(0.311091140771,0.950380082985,-0.));
#459 = DIRECTION('',(0.950380082985,-0.311091140771,0.));
#460 = ADVANCED_FACE('',(#461),#486,.F.);
#461 = FACE_BOUND('',#462,.F.);
#462 = EDGE_LOOP('',(#463,#473,#479,#480));
#463 = ORIENTED_EDGE('',*,*,#464,.T.);
#464 = EDGE_CURVE('',#465,#467,#469,.T.);
#465 = VERTEX_POINT('',#466);
#466 = CARTESIAN_POINT('',(2.910221745922,9.984518485614,4.02));
#467 = VERTEX_POINT('',#468);
#468 = CARTESIAN_POINT('',(2.910221745922,9.984518485614,4.17));
#469 = LINE('',#470,#471);
#470 = CARTESIAN_POINT('',(2.910221745922,9.984518485614,4.02));
#471 = VECTOR('',#472,1.);
#472 = DIRECTION('',(0.,0.,1.));
#473 = ORIENTED_EDGE('',*,*,#474,.T.);
#474 = EDGE_CURVE('',#467,#436,#475,.T.);
#475 = LINE('',#476,#477);
#476 = CARTESIAN_POINT('',(2.910221745922,9.984518485614,4.17));
#477 = VECTOR('',#478,1.);
#478 = DIRECTION('',(0.956940335732,-0.290284677254,0.));
#479 = ORIENTED_EDGE('',*,*,#433,.F.);
#480 = ORIENTED_EDGE('',*,*,#481,.F.);
#481 = EDGE_CURVE('',#465,#434,#482,.T.);
#482 = LINE('',#483,#484);
#483 = CARTESIAN_POINT('',(2.910221745922,9.984518485614,4.02));
#484 = VECTOR('',#485,1.);
#485 = DIRECTION('',(0.956940335732,-0.290284677254,0.));
#486 = PLANE('',#487);
#487 = AXIS2_PLACEMENT_3D('',#488,#489,#490);
#488 = CARTESIAN_POINT('',(2.910221745922,9.984518485614,4.02));
#489 = DIRECTION('',(0.290284677254,0.956940335732,-0.));
#490 = DIRECTION('',(0.956940335732,-0.290284677254,0.));
#491 = ADVANCED_FACE('',(#492),#517,.F.);
#492 = FACE_BOUND('',#493,.F.);
#493 = EDGE_LOOP('',(#494,#504,#510,#511));
#494 = ORIENTED_EDGE('',*,*,#495,.T.);
#495 = EDGE_CURVE('',#496,#498,#500,.T.);
#496 = VERTEX_POINT('',#497);
#497 = CARTESIAN_POINT('',(2.691718069066,10.045628593406,4.02));
#498 = VERTEX_POINT('',#499);
#499 = CARTESIAN_POINT('',(2.691718069066,10.045628593406,4.17));
#500 = LINE('',#501,#502);
#501 = CARTESIAN_POINT('',(2.691718069066,10.045628593406,4.02));
#502 = VECTOR('',#503,1.);
#503 = DIRECTION('',(0.,0.,1.));
#504 = ORIENTED_EDGE('',*,*,#505,.T.);
#505 = EDGE_CURVE('',#498,#467,#506,.T.);
#506 = LINE('',#507,#508);
#507 = CARTESIAN_POINT('',(2.691718069066,10.045628593406,4.17));
#508 = VECTOR('',#509,1.);
#509 = DIRECTION('',(0.963045136708,-0.269340053953,0.));
#510 = ORIENTED_EDGE('',*,*,#464,.F.);
#511 = ORIENTED_EDGE('',*,*,#512,.F.);
#512 = EDGE_CURVE('',#496,#465,#513,.T.);
#513 = LINE('',#514,#515);
#514 = CARTESIAN_POINT('',(2.691718069066,10.045628593406,4.02));
#515 = VECTOR('',#516,1.);
#516 = DIRECTION('',(0.963045136708,-0.269340053953,0.));
#517 = PLANE('',#518);
#518 = AXIS2_PLACEMENT_3D('',#519,#520,#521);
#519 = CARTESIAN_POINT('',(2.691718069066,10.045628593406,4.02));
#520 = DIRECTION('',(0.269340053953,0.963045136708,-0.));
#521 = DIRECTION('',(0.963045136708,-0.269340053953,0.));
#522 = ADVANCED_FACE('',(#523),#548,.F.);
#523 = FACE_BOUND('',#524,.F.);
#524 = EDGE_LOOP('',(#525,#535,#541,#542));
#525 = ORIENTED_EDGE('',*,*,#526,.T.);
#526 = EDGE_CURVE('',#527,#529,#531,.T.);
#527 = VERTEX_POINT('',#528);
#528 = CARTESIAN_POINT('',(2.471933280192,10.101957526058,4.02));
#529 = VERTEX_POINT('',#530);
#530 = CARTESIAN_POINT('',(2.471933280192,10.101957526058,4.17));
#531 = LINE('',#532,#533);
#532 = CARTESIAN_POINT('',(2.471933280192,10.101957526058,4.02));
#533 = VECTOR('',#534,1.);
#534 = DIRECTION('',(0.,0.,1.));
#535 = ORIENTED_EDGE('',*,*,#536,.T.);
#536 = EDGE_CURVE('',#529,#498,#537,.T.);
#537 = LINE('',#538,#539);
#538 = CARTESIAN_POINT('',(2.471933280192,10.101957526058,4.17));
#539 = VECTOR('',#540,1.);
#540 = DIRECTION('',(0.968691580357,-0.248267239374,0.));
#541 = ORIENTED_EDGE('',*,*,#495,.F.);
#542 = ORIENTED_EDGE('',*,*,#543,.F.);
#543 = EDGE_CURVE('',#527,#496,#544,.T.);
#544 = LINE('',#545,#546);
#545 = CARTESIAN_POINT('',(2.471933280192,10.101957526058,4.02));
#546 = VECTOR('',#547,1.);
#547 = DIRECTION('',(0.968691580357,-0.248267239374,0.));
#548 = PLANE('',#549);
#549 = AXIS2_PLACEMENT_3D('',#550,#551,#552);
#550 = CARTESIAN_POINT('',(2.471933280192,10.101957526058,4.02));
#551 = DIRECTION('',(0.248267239374,0.968691580357,-0.));
#552 = DIRECTION('',(0.968691580357,-0.248267239374,0.));
#553 = ADVANCED_FACE('',(#554),#579,.F.);
#554 = FACE_BOUND('',#555,.F.);
#555 = EDGE_LOOP('',(#556,#566,#572,#573));
#556 = ORIENTED_EDGE('',*,*,#557,.T.);
#557 = EDGE_CURVE('',#558,#560,#562,.T.);
#558 = VERTEX_POINT('',#559);
#559 = CARTESIAN_POINT('',(2.250971984956,10.153478474047,4.02));
#560 = VERTEX_POINT('',#561);
#561 = CARTESIAN_POINT('',(2.250971984956,10.153478474047,4.17));
#562 = LINE('',#563,#564);
#563 = CARTESIAN_POINT('',(2.250971984956,10.153478474047,4.02));
#564 = VECTOR('',#565,1.);
#565 = DIRECTION('',(0.,0.,1.));
#566 = ORIENTED_EDGE('',*,*,#567,.T.);
#567 = EDGE_CURVE('',#560,#529,#568,.T.);
#568 = LINE('',#569,#570);
#569 = CARTESIAN_POINT('',(2.250971984956,10.153478474047,4.17));
#570 = VECTOR('',#571,1.);
#571 = DIRECTION('',(0.973876979277,-0.227076263034,0.));
#572 = ORIENTED_EDGE('',*,*,#526,.F.);
#573 = ORIENTED_EDGE('',*,*,#574,.F.);
#574 = EDGE_CURVE('',#558,#527,#575,.T.);
#575 = LINE('',#576,#577);
#576 = CARTESIAN_POINT('',(2.250971984956,10.153478474047,4.02));
#577 = VECTOR('',#578,1.);
#578 = DIRECTION('',(0.973876979277,-0.227076263034,0.));
#579 = PLANE('',#580);
#580 = AXIS2_PLACEMENT_3D('',#581,#582,#583);
#581 = CARTESIAN_POINT('',(2.250971984956,10.153478474047,4.02));
#582 = DIRECTION('',(0.227076263034,0.973876979277,-0.));
#583 = DIRECTION('',(0.973876979277,-0.227076263034,0.));
#584 = ADVANCED_FACE('',(#585),#610,.F.);
#585 = FACE_BOUND('',#586,.F.);
#586 = EDGE_LOOP('',(#587,#597,#603,#604));
#587 = ORIENTED_EDGE('',*,*,#588,.T.);
#588 = EDGE_CURVE('',#589,#591,#593,.T.);
#589 = VERTEX_POINT('',#590);
#590 = CARTESIAN_POINT('',(2.028939348968,10.200166916194,4.02));
#591 = VERTEX_POINT('',#592);
#592 = CARTESIAN_POINT('',(2.028939348968,10.200166916194,4.17));
#593 = LINE('',#594,#595);
#594 = CARTESIAN_POINT('',(2.028939348968,10.200166916194,4.02));
#595 = VECTOR('',#596,1.);
#596 = DIRECTION('',(0.,0.,1.));
#597 = ORIENTED_EDGE('',*,*,#598,.T.);
#598 = EDGE_CURVE('',#591,#560,#599,.T.);
#599 = LINE('',#600,#601);
#600 = CARTESIAN_POINT('',(2.028939348968,10.200166916194,4.17));
#601 = VECTOR('',#602,1.);
#602 = DIRECTION('',(0.978598865501,-0.205777210692,0.));
#603 = ORIENTED_EDGE('',*,*,#557,.F.);
#604 = ORIENTED_EDGE('',*,*,#605,.F.);
#605 = EDGE_CURVE('',#589,#558,#606,.T.);
#606 = LINE('',#607,#608);
#607 = CARTESIAN_POINT('',(2.028939348968,10.200166916194,4.02));
#608 = VECTOR('',#609,1.);
#609 = DIRECTION('',(0.978598865501,-0.205777210692,0.));
#610 = PLANE('',#611);
#611 = AXIS2_PLACEMENT_3D('',#612,#613,#614);
#612 = CARTESIAN_POINT('',(2.028939348968,10.200166916194,4.02));
#613 = DIRECTION('',(0.205777210692,0.978598865501,-0.));
#614 = DIRECTION('',(0.978598865501,-0.205777210692,0.));
#615 = ADVANCED_FACE('',(#616),#641,.F.);
#616 = FACE_BOUND('',#617,.F.);
#617 = EDGE_LOOP('',(#618,#628,#634,#635));
#618 = ORIENTED_EDGE('',*,*,#619,.T.);
#619 = EDGE_CURVE('',#620,#622,#624,.T.);
#620 = VERTEX_POINT('',#621);
#621 = CARTESIAN_POINT('',(1.805941047736,10.242000631327,4.02));
#622 = VERTEX_POINT('',#623);
#623 = CARTESIAN_POINT('',(1.805941047736,10.242000631327,4.17));
#624 = LINE('',#625,#626);
#625 = CARTESIAN_POINT('',(1.805941047736,10.242000631327,4.02));
#626 = VECTOR('',#627,1.);
#627 = DIRECTION('',(0.,0.,1.));
#628 = ORIENTED_EDGE('',*,*,#629,.T.);
#629 = EDGE_CURVE('',#622,#591,#630,.T.);
#630 = LINE('',#631,#632);
#631 = CARTESIAN_POINT('',(1.805941047736,10.242000631327,4.17));
#632 = VECTOR('',#633,1.);
#633 = DIRECTION('',(0.982854991665,-0.184380219543,0.));
#634 = ORIENTED_EDGE('',*,*,#588,.F.);
#635 = ORIENTED_EDGE('',*,*,#636,.F.);
#636 = EDGE_CURVE('',#620,#589,#637,.T.);
#637 = LINE('',#638,#639);
#638 = CARTESIAN_POINT('',(1.805941047736,10.242000631327,4.02));
#639 = VECTOR('',#640,1.);
#640 = DIRECTION('',(0.982854991665,-0.184380219543,0.));
#641 = PLANE('',#642);
#642 = AXIS2_PLACEMENT_3D('',#643,#644,#645);
#643 = CARTESIAN_POINT('',(1.805941047736,10.242000631327,4.02));
#644 = DIRECTION('',(0.184380219543,0.982854991665,-0.));
#645 = DIRECTION('',(0.982854991665,-0.184380219543,0.));
#646 = ADVANCED_FACE('',(#647),#672,.F.);
#647 = FACE_BOUND('',#648,.F.);
#648 = EDGE_LOOP('',(#649,#659,#665,#666));
#649 = ORIENTED_EDGE('',*,*,#650,.T.);
#650 = EDGE_CURVE('',#651,#653,#655,.T.);
#651 = VERTEX_POINT('',#652);
#652 = CARTESIAN_POINT('',(1.582083216375,10.278959708865,4.02));
#653 = VERTEX_POINT('',#654);
#654 = CARTESIAN_POINT('',(1.582083216375,10.278959708865,4.17));
#655 = LINE('',#656,#657);
#656 = CARTESIAN_POINT('',(1.582083216375,10.278959708865,4.02));
#657 = VECTOR('',#658,1.);
#658 = DIRECTION('',(0.,0.,1.));
#659 = ORIENTED_EDGE('',*,*,#660,.T.);
#660 = EDGE_CURVE('',#653,#622,#661,.T.);
#661 = LINE('',#662,#663);
#662 = CARTESIAN_POINT('',(1.582083216375,10.278959708865,4.17));
#663 = VECTOR('',#664,1.);
#664 = DIRECTION('',(0.986643332085,-0.162895473395,0.));
#665 = ORIENTED_EDGE('',*,*,#619,.F.);
#666 = ORIENTED_EDGE('',*,*,#667,.F.);
#667 = EDGE_CURVE('',#651,#620,#668,.T.);
#668 = LINE('',#669,#670);
#669 = CARTESIAN_POINT('',(1.582083216375,10.278959708865,4.02));
#670 = VECTOR('',#671,1.);
#671 = DIRECTION('',(0.986643332085,-0.162895473395,0.));
#672 = PLANE('',#673);
#673 = AXIS2_PLACEMENT_3D('',#674,#675,#676);
#674 = CARTESIAN_POINT('',(1.582083216375,10.278959708865,4.02));
#675 = DIRECTION('',(0.162895473395,0.986643332085,-0.));
#676 = DIRECTION('',(0.986643332085,-0.162895473395,0.));
#677 = ADVANCED_FACE('',(#678),#703,.F.);
#678 = FACE_BOUND('',#679,.F.);
#679 = EDGE_LOOP('',(#680,#690,#696,#697));
#680 = ORIENTED_EDGE('',*,*,#681,.T.);
#681 = EDGE_CURVE('',#682,#684,#686,.T.);
#682 = VERTEX_POINT('',#683);
#683 = CARTESIAN_POINT('',(1.357472399089,10.311026558288,4.02));
#684 = VERTEX_POINT('',#685);
#685 = CARTESIAN_POINT('',(1.357472399089,10.311026558288,4.17));
#686 = LINE('',#687,#688);
#687 = CARTESIAN_POINT('',(1.357472399089,10.311026558288,4.02));
#688 = VECTOR('',#689,1.);
#689 = DIRECTION('',(0.,0.,1.));
#690 = ORIENTED_EDGE('',*,*,#691,.T.);
#691 = EDGE_CURVE('',#684,#653,#692,.T.);
#692 = LINE('',#693,#694);
#693 = CARTESIAN_POINT('',(1.357472399089,10.311026558288,4.17));
#694 = VECTOR('',#695,1.);
#695 = DIRECTION('',(0.989962083715,-0.141333197824,0.));
#696 = ORIENTED_EDGE('',*,*,#650,.F.);
#697 = ORIENTED_EDGE('',*,*,#698,.F.);
#698 = EDGE_CURVE('',#682,#651,#699,.T.);
#699 = LINE('',#700,#701);
#700 = CARTESIAN_POINT('',(1.357472399089,10.311026558288,4.02));
#701 = VECTOR('',#702,1.);
#702 = DIRECTION('',(0.989962083715,-0.141333197824,0.));
#703 = PLANE('',#704);
#704 = AXIS2_PLACEMENT_3D('',#705,#706,#707);
#705 = CARTESIAN_POINT('',(1.357472399089,10.311026558288,4.02));
#706 = DIRECTION('',(0.141333197824,0.989962083715,-0.));
#707 = DIRECTION('',(0.989962083715,-0.141333197824,0.));
#708 = ADVANCED_FACE('',(#709),#734,.F.);
#709 = FACE_BOUND('',#710,.F.);
#710 = EDGE_LOOP('',(#711,#721,#727,#728));
#711 = ORIENTED_EDGE('',*,*,#712,.T.);
#712 = EDGE_CURVE('',#713,#715,#717,.T.);
#713 = VERTEX_POINT('',#714);
#714 = CARTESIAN_POINT('',(1.13221549846,10.338185917512,4.02));
#715 = VERTEX_POINT('',#716);
#716 = CARTESIAN_POINT('',(1.13221549846,10.338185917512,4.17));
#717 = LINE('',#718,#719);
#718 = CARTESIAN_POINT('',(1.13221549846,10.338185917512,4.02));
#719 = VECTOR('',#720,1.);
#720 = DIRECTION('',(0.,0.,1.));
#721 = ORIENTED_EDGE('',*,*,#722,.T.);
#722 = EDGE_CURVE('',#715,#684,#723,.T.);
#723 = LINE('',#724,#725);
#724 = CARTESIAN_POINT('',(1.13221549846,10.338185917512,4.17));
#725 = VECTOR('',#726,1.);
#726 = DIRECTION('',(0.992809667009,-0.119703655305,0.));
#727 = ORIENTED_EDGE('',*,*,#681,.F.);
#728 = ORIENTED_EDGE('',*,*,#729,.F.);
#729 = EDGE_CURVE('',#713,#682,#730,.T.);
#730 = LINE('',#731,#732);
#731 = CARTESIAN_POINT('',(1.13221549846,10.338185917512,4.02));
#732 = VECTOR('',#733,1.);
#733 = DIRECTION('',(0.992809667009,-0.119703655305,0.));
#734 = PLANE('',#735);
#735 = AXIS2_PLACEMENT_3D('',#736,#737,#738);
#736 = CARTESIAN_POINT('',(1.13221549846,10.338185917512,4.02));
#737 = DIRECTION('',(0.119703655305,0.992809667009,-0.));
#738 = DIRECTION('',(0.992809667009,-0.119703655305,0.));
#739 = ADVANCED_FACE('',(#740),#765,.F.);
#740 = FACE_BOUND('',#741,.F.);
#741 = EDGE_LOOP('',(#742,#750,#758,#764));
#742 = ORIENTED_EDGE('',*,*,#743,.F.);
#743 = EDGE_CURVE('',#744,#713,#746,.T.);
#744 = VERTEX_POINT('',#745);
#745 = CARTESIAN_POINT('',(1.073895235692,10.343929962036,4.02));
#746 = LINE('',#747,#748);
#747 = CARTESIAN_POINT('',(0.906419724576,10.360424860154,4.02));
#748 = VECTOR('',#749,1.);
#749 = DIRECTION('',(0.995184726672,-9.801714032956E-02,0.));
#750 = ORIENTED_EDGE('',*,*,#751,.T.);
#751 = EDGE_CURVE('',#744,#752,#754,.T.);
#752 = VERTEX_POINT('',#753);
#753 = CARTESIAN_POINT('',(1.073895235692,10.343929962036,4.17));
#754 = LINE('',#755,#756);
#755 = CARTESIAN_POINT('',(1.073895235692,10.343929962036,4.02));
#756 = VECTOR('',#757,1.);
#757 = DIRECTION('',(0.,0.,1.));
#758 = ORIENTED_EDGE('',*,*,#759,.T.);
#759 = EDGE_CURVE('',#752,#715,#760,.T.);
#760 = LINE('',#761,#762);
#761 = CARTESIAN_POINT('',(0.906419724576,10.360424860154,4.17));
#762 = VECTOR('',#763,1.);
#763 = DIRECTION('',(0.995184726672,-9.801714032956E-02,0.));
#764 = ORIENTED_EDGE('',*,*,#712,.F.);
#765 = PLANE('',#766);
#766 = AXIS2_PLACEMENT_3D('',#767,#768,#769);
#767 = CARTESIAN_POINT('',(0.906419724576,10.360424860154,4.02));
#768 = DIRECTION('',(9.801714032956E-02,0.995184726672,-0.));
#769 = DIRECTION('',(0.995184726672,-9.801714032956E-02,0.));
#770 = ADVANCED_FACE('',(#771),#796,.F.);
#771 = FACE_BOUND('',#772,.F.);
#772 = EDGE_LOOP('',(#773,#774,#782,#790));
#773 = ORIENTED_EDGE('',*,*,#163,.T.);
#774 = ORIENTED_EDGE('',*,*,#775,.T.);
#775 = EDGE_CURVE('',#156,#776,#778,.T.);
#776 = VERTEX_POINT('',#777);
#777 = CARTESIAN_POINT('',(5.409513750281,11.600739674069,4.17));
#778 = LINE('',#779,#780);
#779 = CARTESIAN_POINT('',(5.661295234803,11.479971091618,4.17));
#780 = VECTOR('',#781,1.);
#781 = DIRECTION('',(-0.901643907589,0.43247920633,0.));
#782 = ORIENTED_EDGE('',*,*,#783,.F.);
#783 = EDGE_CURVE('',#784,#776,#786,.T.);
#784 = VERTEX_POINT('',#785);
#785 = CARTESIAN_POINT('',(5.409513750281,11.600739674069,4.02));
#786 = LINE('',#787,#788);
#787 = CARTESIAN_POINT('',(5.409513750281,11.600739674069,4.02));
#788 = VECTOR('',#789,1.);
#789 = DIRECTION('',(0.,0.,1.));
#790 = ORIENTED_EDGE('',*,*,#791,.F.);
#791 = EDGE_CURVE('',#164,#784,#792,.T.);
#792 = LINE('',#793,#794);
#793 = CARTESIAN_POINT('',(5.661295234803,11.479971091618,4.02));
#794 = VECTOR('',#795,1.);
#795 = DIRECTION('',(-0.901643907589,0.43247920633,0.));
#796 = PLANE('',#797);
#797 = AXIS2_PLACEMENT_3D('',#798,#799,#800);
#798 = CARTESIAN_POINT('',(5.661295234803,11.479971091618,4.02));
#799 = DIRECTION('',(-0.43247920633,-0.901643907589,0.));
#800 = DIRECTION('',(-0.901643907589,0.43247920633,0.));
#801 = ADVANCED_FACE('',(#802),#836,.F.);
#802 = FACE_BOUND('',#803,.F.);
#803 = EDGE_LOOP('',(#804,#814,#822,#830));
#804 = ORIENTED_EDGE('',*,*,#805,.F.);
#805 = EDGE_CURVE('',#806,#808,#810,.T.);
#806 = VERTEX_POINT('',#807);
#807 = CARTESIAN_POINT('',(1.393495998105,12.723921129246,4.02));
#808 = VERTEX_POINT('',#809);
#809 = CARTESIAN_POINT('',(1.32171721316,12.730990722506,4.02));
#810 = LINE('',#811,#812);
#811 = CARTESIAN_POINT('',(1.393495998105,12.723921129246,4.02));
#812 = VECTOR('',#813,1.);
#813 = DIRECTION('',(-0.995184726672,9.801714032956E-02,0.));
#814 = ORIENTED_EDGE('',*,*,#815,.T.);
#815 = EDGE_CURVE('',#806,#816,#818,.T.);
#816 = VERTEX_POINT('',#817);
#817 = CARTESIAN_POINT('',(1.393495998105,12.723921129246,4.17));
#818 = LINE('',#819,#820);
#819 = CARTESIAN_POINT('',(1.393495998105,12.723921129246,4.02));
#820 = VECTOR('',#821,1.);
#821 = DIRECTION('',(0.,0.,1.));
#822 = ORIENTED_EDGE('',*,*,#823,.T.);
#823 = EDGE_CURVE('',#816,#824,#826,.T.);
#824 = VERTEX_POINT('',#825);
#825 = CARTESIAN_POINT('',(1.32171721316,12.730990722506,4.17));
#826 = LINE('',#827,#828);
#827 = CARTESIAN_POINT('',(1.393495998105,12.723921129246,4.17));
#828 = VECTOR('',#829,1.);
#829 = DIRECTION('',(-0.995184726672,9.801714032956E-02,0.));
#830 = ORIENTED_EDGE('',*,*,#831,.T.);
#831 = EDGE_CURVE('',#824,#808,#832,.T.);
#832 = LINE('',#833,#834);
#833 = CARTESIAN_POINT('',(1.32171721316,12.730990722506,4.02));
#834 = VECTOR('',#835,1.);
#835 = DIRECTION('',(-0.,0.,-1.));
#836 = PLANE('',#837);
#837 = AXIS2_PLACEMENT_3D('',#838,#839,#840);
#838 = CARTESIAN_POINT('',(1.393495998105,12.723921129246,4.02));
#839 = DIRECTION('',(-9.801714032956E-02,-0.995184726672,0.));
#840 = DIRECTION('',(-0.995184726672,9.801714032956E-02,0.));
#841 = ADVANCED_FACE('',(#842),#867,.F.);
#842 = FACE_BOUND('',#843,.F.);
#843 = EDGE_LOOP('',(#844,#854,#860,#861));
#844 = ORIENTED_EDGE('',*,*,#845,.T.);
#845 = EDGE_CURVE('',#846,#848,#850,.T.);
#846 = VERTEX_POINT('',#847);
#847 = CARTESIAN_POINT('',(1.670735260417,12.690494225585,4.02));
#848 = VERTEX_POINT('',#849);
#849 = CARTESIAN_POINT('',(1.670735260417,12.690494225585,4.17));
#850 = LINE('',#851,#852);
#851 = CARTESIAN_POINT('',(1.670735260417,12.690494225585,4.02));
#852 = VECTOR('',#853,1.);
#853 = DIRECTION('',(0.,0.,1.));
#854 = ORIENTED_EDGE('',*,*,#855,.T.);
#855 = EDGE_CURVE('',#848,#816,#856,.T.);
#856 = LINE('',#857,#858);
#857 = CARTESIAN_POINT('',(1.670735260417,12.690494225585,4.17));
#858 = VECTOR('',#859,1.);
#859 = DIRECTION('',(-0.992809667009,0.119703655305,0.));
#860 = ORIENTED_EDGE('',*,*,#815,.F.);
#861 = ORIENTED_EDGE('',*,*,#862,.F.);
#862 = EDGE_CURVE('',#846,#806,#863,.T.);
#863 = LINE('',#864,#865);
#864 = CARTESIAN_POINT('',(1.670735260417,12.690494225585,4.02));
#865 = VECTOR('',#866,1.);
#866 = DIRECTION('',(-0.992809667009,0.119703655305,0.));
#867 = PLANE('',#868);
#868 = AXIS2_PLACEMENT_3D('',#869,#870,#871);
#869 = CARTESIAN_POINT('',(1.670735260417,12.690494225585,4.02));
#870 = DIRECTION('',(-0.119703655305,-0.992809667009,0.));
#871 = DIRECTION('',(-0.992809667009,0.119703655305,0.));
#872 = ADVANCED_FACE('',(#873),#898,.F.);
#873 = FACE_BOUND('',#874,.F.);
#874 = EDGE_LOOP('',(#875,#885,#891,#892));
#875 = ORIENTED_EDGE('',*,*,#876,.T.);
#876 = EDGE_CURVE('',#877,#879,#881,.T.);
#877 = VERTEX_POINT('',#878);
#878 = CARTESIAN_POINT('',(1.947179343231,12.651027333987,4.02));
#879 = VERTEX_POINT('',#880);
#880 = CARTESIAN_POINT('',(1.947179343231,12.651027333987,4.17));
#881 = LINE('',#882,#883);
#882 = CARTESIAN_POINT('',(1.947179343231,12.651027333987,4.02));
#883 = VECTOR('',#884,1.);
#884 = DIRECTION('',(0.,0.,1.));
#885 = ORIENTED_EDGE('',*,*,#886,.T.);
#886 = EDGE_CURVE('',#879,#848,#887,.T.);
#887 = LINE('',#888,#889);
#888 = CARTESIAN_POINT('',(1.947179343231,12.651027333987,4.17));
#889 = VECTOR('',#890,1.);
#890 = DIRECTION('',(-0.989962083715,0.141333197824,0.));
#891 = ORIENTED_EDGE('',*,*,#845,.F.);
#892 = ORIENTED_EDGE('',*,*,#893,.F.);
#893 = EDGE_CURVE('',#877,#846,#894,.T.);
#894 = LINE('',#895,#896);
#895 = CARTESIAN_POINT('',(1.947179343231,12.651027333987,4.02));
#896 = VECTOR('',#897,1.);
#897 = DIRECTION('',(-0.989962083715,0.141333197824,0.));
#898 = PLANE('',#899);
#899 = AXIS2_PLACEMENT_3D('',#900,#901,#902);
#900 = CARTESIAN_POINT('',(1.947179343231,12.651027333987,4.02));
#901 = DIRECTION('',(-0.141333197824,-0.989962083715,0.));
#902 = DIRECTION('',(-0.989962083715,0.141333197824,0.));
#903 = ADVANCED_FACE('',(#904),#929,.F.);
#904 = FACE_BOUND('',#905,.F.);
#905 = EDGE_LOOP('',(#906,#916,#922,#923));
#906 = ORIENTED_EDGE('',*,*,#907,.T.);
#907 = EDGE_CURVE('',#908,#910,#912,.T.);
#908 = VERTEX_POINT('',#909);
#909 = CARTESIAN_POINT('',(2.222696674137,12.605539238556,4.02));
#910 = VERTEX_POINT('',#911);
#911 = CARTESIAN_POINT('',(2.222696674137,12.605539238556,4.17));
#912 = LINE('',#913,#914);
#913 = CARTESIAN_POINT('',(2.222696674137,12.605539238556,4.02));
#914 = VECTOR('',#915,1.);
#915 = DIRECTION('',(0.,0.,1.));
#916 = ORIENTED_EDGE('',*,*,#917,.T.);
#917 = EDGE_CURVE('',#910,#879,#918,.T.);
#918 = LINE('',#919,#920);
#919 = CARTESIAN_POINT('',(2.222696674137,12.605539238556,4.17));
#920 = VECTOR('',#921,1.);
#921 = DIRECTION('',(-0.986643332085,0.162895473395,0.));
#922 = ORIENTED_EDGE('',*,*,#876,.F.);
#923 = ORIENTED_EDGE('',*,*,#924,.F.);
#924 = EDGE_CURVE('',#908,#877,#925,.T.);
#925 = LINE('',#926,#927);
#926 = CARTESIAN_POINT('',(2.222696674137,12.605539238556,4.02));
#927 = VECTOR('',#928,1.);
#928 = DIRECTION('',(-0.986643332085,0.162895473395,0.));
#929 = PLANE('',#930);
#930 = AXIS2_PLACEMENT_3D('',#931,#932,#933);
#931 = CARTESIAN_POINT('',(2.222696674137,12.605539238556,4.02));
#932 = DIRECTION('',(-0.162895473395,-0.986643332085,0.));
#933 = DIRECTION('',(-0.986643332085,0.162895473395,0.));
#934 = ADVANCED_FACE('',(#935),#960,.F.);
#935 = FACE_BOUND('',#936,.F.);
#936 = EDGE_LOOP('',(#937,#947,#953,#954));
#937 = ORIENTED_EDGE('',*,*,#938,.T.);
#938 = EDGE_CURVE('',#939,#941,#943,.T.);
#939 = VERTEX_POINT('',#940);
#940 = CARTESIAN_POINT('',(2.497156121806,12.554051589161,4.02));
#941 = VERTEX_POINT('',#942);
#942 = CARTESIAN_POINT('',(2.497156121806,12.554051589161,4.17));
#943 = LINE('',#944,#945);
#944 = CARTESIAN_POINT('',(2.497156121806,12.554051589161,4.02));
#945 = VECTOR('',#946,1.);
#946 = DIRECTION('',(0.,0.,1.));
#947 = ORIENTED_EDGE('',*,*,#948,.T.);
#948 = EDGE_CURVE('',#941,#910,#949,.T.);
#949 = LINE('',#950,#951);
#950 = CARTESIAN_POINT('',(2.497156121806,12.554051589161,4.17));
#951 = VECTOR('',#952,1.);
#952 = DIRECTION('',(-0.982854991665,0.184380219543,0.));
#953 = ORIENTED_EDGE('',*,*,#907,.F.);
#954 = ORIENTED_EDGE('',*,*,#955,.F.);
#955 = EDGE_CURVE('',#939,#908,#956,.T.);
#956 = LINE('',#957,#958);
#957 = CARTESIAN_POINT('',(2.497156121806,12.554051589161,4.02));
#958 = VECTOR('',#959,1.);
#959 = DIRECTION('',(-0.982854991665,0.184380219543,0.));
#960 = PLANE('',#961);
#961 = AXIS2_PLACEMENT_3D('',#962,#963,#964);
#962 = CARTESIAN_POINT('',(2.497156121806,12.554051589161,4.02));
#963 = DIRECTION('',(-0.184380219543,-0.982854991665,0.));
#964 = DIRECTION('',(-0.982854991665,0.184380219543,0.));
#965 = ADVANCED_FACE('',(#966),#991,.F.);
#966 = FACE_BOUND('',#967,.F.);
#967 = EDGE_LOOP('',(#968,#978,#984,#985));
#968 = ORIENTED_EDGE('',*,*,#969,.T.);
#969 = EDGE_CURVE('',#970,#972,#974,.T.);
#970 = VERTEX_POINT('',#971);
#971 = CARTESIAN_POINT('',(2.770427058408,12.496588891135,4.02));
#972 = VERTEX_POINT('',#973);
#973 = CARTESIAN_POINT('',(2.770427058408,12.496588891135,4.17));
#974 = LINE('',#975,#976);
#975 = CARTESIAN_POINT('',(2.770427058408,12.496588891135,4.02));
#976 = VECTOR('',#977,1.);
#977 = DIRECTION('',(0.,0.,1.));
#978 = ORIENTED_EDGE('',*,*,#979,.T.);
#979 = EDGE_CURVE('',#972,#941,#980,.T.);
#980 = LINE('',#981,#982);
#981 = CARTESIAN_POINT('',(2.770427058408,12.496588891135,4.17));
#982 = VECTOR('',#983,1.);
#983 = DIRECTION('',(-0.978598865501,0.205777210692,0.));
#984 = ORIENTED_EDGE('',*,*,#938,.F.);
#985 = ORIENTED_EDGE('',*,*,#986,.F.);
#986 = EDGE_CURVE('',#970,#939,#987,.T.);
#987 = LINE('',#988,#989);
#988 = CARTESIAN_POINT('',(2.770427058408,12.496588891135,4.02));
#989 = VECTOR('',#990,1.);
#990 = DIRECTION('',(-0.978598865501,0.205777210692,0.));
#991 = PLANE('',#992);
#992 = AXIS2_PLACEMENT_3D('',#993,#994,#995);
#993 = CARTESIAN_POINT('',(2.770427058408,12.496588891135,4.02));
#994 = DIRECTION('',(-0.205777210692,-0.978598865501,0.));
#995 = DIRECTION('',(-0.978598865501,0.205777210692,0.));
#996 = ADVANCED_FACE('',(#997),#1022,.F.);
#997 = FACE_BOUND('',#998,.F.);
#998 = EDGE_LOOP('',(#999,#1009,#1015,#1016));
#999 = ORIENTED_EDGE('',*,*,#1000,.T.);
#1000 = EDGE_CURVE('',#1001,#1003,#1005,.T.);
#1001 = VERTEX_POINT('',#1002);
#1002 = CARTESIAN_POINT('',(3.042379421775,12.43317849361,4.02));
#1003 = VERTEX_POINT('',#1004);
#1004 = CARTESIAN_POINT('',(3.042379421775,12.43317849361,4.17));
#1005 = LINE('',#1006,#1007);
#1006 = CARTESIAN_POINT('',(3.042379421775,12.43317849361,4.02));
#1007 = VECTOR('',#1008,1.);
#1008 = DIRECTION('',(0.,0.,1.));
#1009 = ORIENTED_EDGE('',*,*,#1010,.T.);
#1010 = EDGE_CURVE('',#1003,#972,#1011,.T.);
#1011 = LINE('',#1012,#1013);
#1012 = CARTESIAN_POINT('',(3.042379421775,12.43317849361,4.17));
#1013 = VECTOR('',#1014,1.);
#1014 = DIRECTION('',(-0.973876979277,0.227076263034,0.));
#1015 = ORIENTED_EDGE('',*,*,#969,.F.);
#1016 = ORIENTED_EDGE('',*,*,#1017,.F.);
#1017 = EDGE_CURVE('',#1001,#970,#1018,.T.);
#1018 = LINE('',#1019,#1020);
#1019 = CARTESIAN_POINT('',(3.042379421775,12.43317849361,4.02));
#1020 = VECTOR('',#1021,1.);
#1021 = DIRECTION('',(-0.973876979277,0.227076263034,0.));
#1022 = PLANE('',#1023);
#1023 = AXIS2_PLACEMENT_3D('',#1024,#1025,#1026);
#1024 = CARTESIAN_POINT('',(3.042379421775,12.43317849361,4.02));
#1025 = DIRECTION('',(-0.227076263034,-0.973876979277,0.));
#1026 = DIRECTION('',(-0.973876979277,0.227076263034,0.));
#1027 = ADVANCED_FACE('',(#1028),#1053,.F.);
#1028 = FACE_BOUND('',#1029,.F.);
#1029 = EDGE_LOOP('',(#1030,#1040,#1046,#1047));
#1030 = ORIENTED_EDGE('',*,*,#1031,.T.);
#1031 = EDGE_CURVE('',#1032,#1034,#1036,.T.);
#1032 = VERTEX_POINT('',#1033);
#1033 = CARTESIAN_POINT('',(3.312883777312,12.3638505765,4.02));
#1034 = VERTEX_POINT('',#1035);
#1035 = CARTESIAN_POINT('',(3.312883777312,12.3638505765,4.17));
#1036 = LINE('',#1037,#1038);
#1037 = CARTESIAN_POINT('',(3.312883777312,12.3638505765,4.02));
#1038 = VECTOR('',#1039,1.);
#1039 = DIRECTION('',(0.,0.,1.));
#1040 = ORIENTED_EDGE('',*,*,#1041,.T.);
#1041 = EDGE_CURVE('',#1034,#1003,#1042,.T.);
#1042 = LINE('',#1043,#1044);
#1043 = CARTESIAN_POINT('',(3.312883777312,12.3638505765,4.17));
#1044 = VECTOR('',#1045,1.);
#1045 = DIRECTION('',(-0.968691580357,0.248267239374,0.));
#1046 = ORIENTED_EDGE('',*,*,#1000,.F.);
#1047 = ORIENTED_EDGE('',*,*,#1048,.F.);
#1048 = EDGE_CURVE('',#1032,#1001,#1049,.T.);
#1049 = LINE('',#1050,#1051);
#1050 = CARTESIAN_POINT('',(3.312883777312,12.3638505765,4.02));
#1051 = VECTOR('',#1052,1.);
#1052 = DIRECTION('',(-0.968691580357,0.248267239374,0.));
#1053 = PLANE('',#1054);
#1054 = AXIS2_PLACEMENT_3D('',#1055,#1056,#1057);
#1055 = CARTESIAN_POINT('',(3.312883777312,12.3638505765,4.02));
#1056 = DIRECTION('',(-0.248267239374,-0.968691580357,0.));
#1057 = DIRECTION('',(-0.968691580357,0.248267239374,0.));
#1058 = ADVANCED_FACE('',(#1059),#1084,.F.);
#1059 = FACE_BOUND('',#1060,.F.);
#1060 = EDGE_LOOP('',(#1061,#1071,#1077,#1078));
#1061 = ORIENTED_EDGE('',*,*,#1062,.T.);
#1062 = EDGE_CURVE('',#1063,#1065,#1067,.T.);
#1063 = VERTEX_POINT('',#1064);
#1064 = CARTESIAN_POINT('',(3.581811379597,12.28863813614,4.02));
#1065 = VERTEX_POINT('',#1066);
#1066 = CARTESIAN_POINT('',(3.581811379597,12.28863813614,4.17));
#1067 = LINE('',#1068,#1069);
#1068 = CARTESIAN_POINT('',(3.581811379597,12.28863813614,4.02));
#1069 = VECTOR('',#1070,1.);
#1070 = DIRECTION('',(0.,0.,1.));
#1071 = ORIENTED_EDGE('',*,*,#1072,.T.);
#1072 = EDGE_CURVE('',#1065,#1034,#1073,.T.);
#1073 = LINE('',#1074,#1075);
#1074 = CARTESIAN_POINT('',(3.581811379597,12.28863813614,4.17));
#1075 = VECTOR('',#1076,1.);
#1076 = DIRECTION('',(-0.963045136708,0.269340053953,0.));
#1077 = ORIENTED_EDGE('',*,*,#1031,.F.);
#1078 = ORIENTED_EDGE('',*,*,#1079,.F.);
#1079 = EDGE_CURVE('',#1063,#1032,#1080,.T.);
#1080 = LINE('',#1081,#1082);
#1081 = CARTESIAN_POINT('',(3.581811379597,12.28863813614,4.02));
#1082 = VECTOR('',#1083,1.);
#1083 = DIRECTION('',(-0.963045136708,0.269340053953,0.));
#1084 = PLANE('',#1085);
#1085 = AXIS2_PLACEMENT_3D('',#1086,#1087,#1088);
#1086 = CARTESIAN_POINT('',(3.581811379597,12.28863813614,4.02));
#1087 = DIRECTION('',(-0.269340053953,-0.963045136708,0.));
#1088 = DIRECTION('',(-0.963045136708,0.269340053953,0.));
#1089 = ADVANCED_FACE('',(#1090),#1115,.F.);
#1090 = FACE_BOUND('',#1091,.F.);
#1091 = EDGE_LOOP('',(#1092,#1102,#1108,#1109));
#1092 = ORIENTED_EDGE('',*,*,#1093,.T.);
#1093 = EDGE_CURVE('',#1094,#1096,#1098,.T.);
#1094 = VERTEX_POINT('',#1095);
#1095 = CARTESIAN_POINT('',(3.849034233655,12.207576969577,4.02));
#1096 = VERTEX_POINT('',#1097);
#1097 = CARTESIAN_POINT('',(3.849034233655,12.207576969577,4.17));
#1098 = LINE('',#1099,#1100);
#1099 = CARTESIAN_POINT('',(3.849034233655,12.207576969577,4.02));
#1100 = VECTOR('',#1101,1.);
#1101 = DIRECTION('',(0.,0.,1.));
#1102 = ORIENTED_EDGE('',*,*,#1103,.T.);
#1103 = EDGE_CURVE('',#1096,#1065,#1104,.T.);
#1104 = LINE('',#1105,#1106);
#1105 = CARTESIAN_POINT('',(3.849034233655,12.207576969577,4.17));
#1106 = VECTOR('',#1107,1.);
#1107 = DIRECTION('',(-0.956940335732,0.290284677254,0.));
#1108 = ORIENTED_EDGE('',*,*,#1062,.F.);
#1109 = ORIENTED_EDGE('',*,*,#1110,.F.);
#1110 = EDGE_CURVE('',#1094,#1063,#1111,.T.);
#1111 = LINE('',#1112,#1113);
#1112 = CARTESIAN_POINT('',(3.849034233655,12.207576969577,4.02));
#1113 = VECTOR('',#1114,1.);
#1114 = DIRECTION('',(-0.956940335732,0.290284677254,0.));
#1115 = PLANE('',#1116);
#1116 = AXIS2_PLACEMENT_3D('',#1117,#1118,#1119);
#1117 = CARTESIAN_POINT('',(3.849034233655,12.207576969577,4.02));
#1118 = DIRECTION('',(-0.290284677254,-0.956940335732,0.));
#1119 = DIRECTION('',(-0.956940335732,0.290284677254,0.));
#1120 = ADVANCED_FACE('',(#1121),#1146,.F.);
#1121 = FACE_BOUND('',#1122,.F.);
#1122 = EDGE_LOOP('',(#1123,#1133,#1139,#1140));
#1123 = ORIENTED_EDGE('',*,*,#1124,.T.);
#1124 = EDGE_CURVE('',#1125,#1127,#1129,.T.);
#1125 = VERTEX_POINT('',#1126);
#1126 = CARTESIAN_POINT('',(4.11442515588,12.120705657537,4.02));
#1127 = VERTEX_POINT('',#1128);
#1128 = CARTESIAN_POINT('',(4.11442515588,12.120705657537,4.17));
#1129 = LINE('',#1130,#1131);
#1130 = CARTESIAN_POINT('',(4.11442515588,12.120705657537,4.02));
#1131 = VECTOR('',#1132,1.);
#1132 = DIRECTION('',(0.,0.,1.));
#1133 = ORIENTED_EDGE('',*,*,#1134,.T.);
#1134 = EDGE_CURVE('',#1127,#1096,#1135,.T.);
#1135 = LINE('',#1136,#1137);
#1136 = CARTESIAN_POINT('',(4.11442515588,12.120705657537,4.17));
#1137 = VECTOR('',#1138,1.);
#1138 = DIRECTION('',(-0.950380082985,0.311091140771,0.));
#1139 = ORIENTED_EDGE('',*,*,#1093,.F.);
#1140 = ORIENTED_EDGE('',*,*,#1141,.F.);
#1141 = EDGE_CURVE('',#1125,#1094,#1142,.T.);
#1142 = LINE('',#1143,#1144);
#1143 = CARTESIAN_POINT('',(4.11442515588,12.120705657537,4.02));
#1144 = VECTOR('',#1145,1.);
#1145 = DIRECTION('',(-0.950380082985,0.311091140771,0.));
#1146 = PLANE('',#1147);
#1147 = AXIS2_PLACEMENT_3D('',#1148,#1149,#1150);
#1148 = CARTESIAN_POINT('',(4.11442515588,12.120705657537,4.02));
#1149 = DIRECTION('',(-0.311091140771,-0.950380082985,0.));
#1150 = DIRECTION('',(-0.950380082985,0.311091140771,0.));
#1151 = ADVANCED_FACE('',(#1152),#1177,.F.);
#1152 = FACE_BOUND('',#1153,.F.);
#1153 = EDGE_LOOP('',(#1154,#1164,#1170,#1171));
#1154 = ORIENTED_EDGE('',*,*,#1155,.T.);
#1155 = EDGE_CURVE('',#1156,#1158,#1160,.T.);
#1156 = VERTEX_POINT('',#1157);
#1157 = CARTESIAN_POINT('',(4.377857834569,12.02806554606,4.02));
#1158 = VERTEX_POINT('',#1159);
#1159 = CARTESIAN_POINT('',(4.377857834569,12.02806554606,4.17));
#1160 = LINE('',#1161,#1162);
#1161 = CARTESIAN_POINT('',(4.377857834569,12.02806554606,4.02));
#1162 = VECTOR('',#1163,1.);
#1163 = DIRECTION('',(0.,0.,1.));
#1164 = ORIENTED_EDGE('',*,*,#1165,.T.);
#1165 = EDGE_CURVE('',#1158,#1127,#1166,.T.);
#1166 = LINE('',#1167,#1168);
#1167 = CARTESIAN_POINT('',(4.377857834569,12.02806554606,4.17));
#1168 = VECTOR('',#1169,1.);
#1169 = DIRECTION('',(-0.94336750079,0.331749541753,0.));
#1170 = ORIENTED_EDGE('',*,*,#1124,.F.);
#1171 = ORIENTED_EDGE('',*,*,#1172,.F.);
#1172 = EDGE_CURVE('',#1156,#1125,#1173,.T.);
#1173 = LINE('',#1174,#1175);
#1174 = CARTESIAN_POINT('',(4.377857834569,12.02806554606,4.02));
#1175 = VECTOR('',#1176,1.);
#1176 = DIRECTION('',(-0.94336750079,0.331749541753,0.));
#1177 = PLANE('',#1178);
#1178 = AXIS2_PLACEMENT_3D('',#1179,#1180,#1181);
#1179 = CARTESIAN_POINT('',(4.377857834569,12.02806554606,4.02));
#1180 = DIRECTION('',(-0.331749541753,-0.94336750079,0.));
#1181 = DIRECTION('',(-0.94336750079,0.331749541753,0.));
#1182 = ADVANCED_FACE('',(#1183),#1208,.F.);
#1183 = FACE_BOUND('',#1184,.F.);
#1184 = EDGE_LOOP('',(#1185,#1195,#1201,#1202));
#1185 = ORIENTED_EDGE('',*,*,#1186,.T.);
#1186 = EDGE_CURVE('',#1187,#1189,#1191,.T.);
#1187 = VERTEX_POINT('',#1188);
#1188 = CARTESIAN_POINT('',(4.639206890031,11.92970072682,4.02));
#1189 = VERTEX_POINT('',#1190);
#1190 = CARTESIAN_POINT('',(4.639206890031,11.92970072682,4.17));
#1191 = LINE('',#1192,#1193);
#1192 = CARTESIAN_POINT('',(4.639206890031,11.92970072682,4.02));
#1193 = VECTOR('',#1194,1.);
#1194 = DIRECTION('',(0.,0.,1.));
#1195 = ORIENTED_EDGE('',*,*,#1196,.T.);
#1196 = EDGE_CURVE('',#1189,#1158,#1197,.T.);
#1197 = LINE('',#1198,#1199);
#1198 = CARTESIAN_POINT('',(4.639206890031,11.92970072682,4.17));
#1199 = VECTOR('',#1200,1.);
#1200 = DIRECTION('',(-0.935905926757,0.352250047921,0.));
#1201 = ORIENTED_EDGE('',*,*,#1155,.F.);
#1202 = ORIENTED_EDGE('',*,*,#1203,.F.);
#1203 = EDGE_CURVE('',#1187,#1156,#1204,.T.);
#1204 = LINE('',#1205,#1206);
#1205 = CARTESIAN_POINT('',(4.639206890031,11.92970072682,4.02));
#1206 = VECTOR('',#1207,1.);
#1207 = DIRECTION('',(-0.935905926757,0.352250047921,0.));
#1208 = PLANE('',#1209);
#1209 = AXIS2_PLACEMENT_3D('',#1210,#1211,#1212);
#1210 = CARTESIAN_POINT('',(4.639206890031,11.92970072682,4.02));
#1211 = DIRECTION('',(-0.352250047921,-0.935905926757,0.));
#1212 = DIRECTION('',(-0.935905926757,0.352250047921,0.));
#1213 = ADVANCED_FACE('',(#1214),#1239,.F.);
#1214 = FACE_BOUND('',#1215,.F.);
#1215 = EDGE_LOOP('',(#1216,#1226,#1232,#1233));
#1216 = ORIENTED_EDGE('',*,*,#1217,.T.);
#1217 = EDGE_CURVE('',#1218,#1220,#1222,.T.);
#1218 = VERTEX_POINT('',#1219);
#1219 = CARTESIAN_POINT('',(4.898347934273,11.825658016144,4.02));
#1220 = VERTEX_POINT('',#1221);
#1221 = CARTESIAN_POINT('',(4.898347934273,11.825658016144,4.17));
#1222 = LINE('',#1223,#1224);
#1223 = CARTESIAN_POINT('',(4.898347934273,11.825658016144,4.02));
#1224 = VECTOR('',#1225,1.);
#1225 = DIRECTION('',(0.,0.,1.));
#1226 = ORIENTED_EDGE('',*,*,#1227,.T.);
#1227 = EDGE_CURVE('',#1220,#1189,#1228,.T.);
#1228 = LINE('',#1229,#1230);
#1229 = CARTESIAN_POINT('',(4.898347934273,11.825658016144,4.17));
#1230 = VECTOR('',#1231,1.);
#1231 = DIRECTION('',(-0.927998912192,0.372582902144,0.));
#1232 = ORIENTED_EDGE('',*,*,#1186,.F.);
#1233 = ORIENTED_EDGE('',*,*,#1234,.F.);
#1234 = EDGE_CURVE('',#1218,#1187,#1235,.T.);
#1235 = LINE('',#1236,#1237);
#1236 = CARTESIAN_POINT('',(4.898347934273,11.825658016144,4.02));
#1237 = VECTOR('',#1238,1.);
#1238 = DIRECTION('',(-0.927998912192,0.372582902144,0.));
#1239 = PLANE('',#1240);
#1240 = AXIS2_PLACEMENT_3D('',#1241,#1242,#1243);
#1241 = CARTESIAN_POINT('',(4.898347934273,11.825658016144,4.02));
#1242 = DIRECTION('',(-0.372582902144,-0.927998912192,0.));
#1243 = DIRECTION('',(-0.927998912192,0.372582902144,0.));
#1244 = ADVANCED_FACE('',(#1245),#1270,.F.);
#1245 = FACE_BOUND('',#1246,.F.);
#1246 = EDGE_LOOP('',(#1247,#1257,#1263,#1264));
#1247 = ORIENTED_EDGE('',*,*,#1248,.T.);
#1248 = EDGE_CURVE('',#1249,#1251,#1253,.T.);
#1249 = VERTEX_POINT('',#1250);
#1250 = CARTESIAN_POINT('',(5.155157630192,11.715986932729,4.02));
#1251 = VERTEX_POINT('',#1252);
#1252 = CARTESIAN_POINT('',(5.155157630192,11.715986932729,4.17));
#1253 = LINE('',#1254,#1255);
#1254 = CARTESIAN_POINT('',(5.155157630192,11.715986932729,4.02));
#1255 = VECTOR('',#1256,1.);
#1256 = DIRECTION('',(0.,0.,1.));
#1257 = ORIENTED_EDGE('',*,*,#1258,.T.);
#1258 = EDGE_CURVE('',#1251,#1220,#1259,.T.);
#1259 = LINE('',#1260,#1261);
#1260 = CARTESIAN_POINT('',(5.155157630192,11.715986932729,4.17));
#1261 = VECTOR('',#1262,1.);
#1262 = DIRECTION('',(-0.919650220405,0.392738427085,0.));
#1263 = ORIENTED_EDGE('',*,*,#1217,.F.);
#1264 = ORIENTED_EDGE('',*,*,#1265,.F.);
#1265 = EDGE_CURVE('',#1249,#1218,#1266,.T.);
#1266 = LINE('',#1267,#1268);
#1267 = CARTESIAN_POINT('',(5.155157630192,11.715986932729,4.02));
#1268 = VECTOR('',#1269,1.);
#1269 = DIRECTION('',(-0.919650220405,0.392738427085,0.));
#1270 = PLANE('',#1271);
#1271 = AXIS2_PLACEMENT_3D('',#1272,#1273,#1274);
#1272 = CARTESIAN_POINT('',(5.155157630192,11.715986932729,4.02));
#1273 = DIRECTION('',(-0.392738427085,-0.919650220405,0.));
#1274 = DIRECTION('',(-0.919650220405,0.392738427085,0.));
#1275 = ADVANCED_FACE('',(#1276),#1292,.F.);
#1276 = FACE_BOUND('',#1277,.F.);
#1277 = EDGE_LOOP('',(#1278,#1279,#1285,#1286));
#1278 = ORIENTED_EDGE('',*,*,#783,.T.);
#1279 = ORIENTED_EDGE('',*,*,#1280,.T.);
#1280 = EDGE_CURVE('',#776,#1251,#1281,.T.);
#1281 = LINE('',#1282,#1283);
#1282 = CARTESIAN_POINT('',(5.409513750281,11.600739674069,4.17));
#1283 = VECTOR('',#1284,1.);
#1284 = DIRECTION('',(-0.910863824921,0.412707029804,0.));
#1285 = ORIENTED_EDGE('',*,*,#1248,.F.);
#1286 = ORIENTED_EDGE('',*,*,#1287,.F.);
#1287 = EDGE_CURVE('',#784,#1249,#1288,.T.);
#1288 = LINE('',#1289,#1290);
#1289 = CARTESIAN_POINT('',(5.409513750281,11.600739674069,4.02));
#1290 = VECTOR('',#1291,1.);
#1291 = DIRECTION('',(-0.910863824921,0.412707029804,0.));
#1292 = PLANE('',#1293);
#1293 = AXIS2_PLACEMENT_3D('',#1294,#1295,#1296);
#1294 = CARTESIAN_POINT('',(5.409513750281,11.600739674069,4.02));
#1295 = DIRECTION('',(-0.412707029804,-0.910863824921,0.));
#1296 = DIRECTION('',(-0.910863824921,0.412707029804,0.));
#1297 = ADVANCED_FACE('',(#1298),#1323,.F.);
#1298 = FACE_BOUND('',#1299,.F.);
#1299 = EDGE_LOOP('',(#1300,#1308,#1316,#1322));
#1300 = ORIENTED_EDGE('',*,*,#1301,.F.);
#1301 = EDGE_CURVE('',#1302,#744,#1304,.T.);
#1302 = VERTEX_POINT('',#1303);
#1303 = CARTESIAN_POINT('',(0.934537979641,9.001618674694,4.02));
#1304 = LINE('',#1305,#1306);
#1305 = CARTESIAN_POINT('',(0.934537979641,9.001618674694,4.02));
#1306 = VECTOR('',#1307,1.);
#1307 = DIRECTION('',(0.103263865154,0.994653997204,0.));
#1308 = ORIENTED_EDGE('',*,*,#1309,.T.);
#1309 = EDGE_CURVE('',#1302,#1310,#1312,.T.);
#1310 = VERTEX_POINT('',#1311);
#1311 = CARTESIAN_POINT('',(0.934537979641,9.001618674694,4.17));
#1312 = LINE('',#1313,#1314);
#1313 = CARTESIAN_POINT('',(0.934537979641,9.001618674694,4.02));
#1314 = VECTOR('',#1315,1.);
#1315 = DIRECTION('',(0.,0.,1.));
#1316 = ORIENTED_EDGE('',*,*,#1317,.T.);
#1317 = EDGE_CURVE('',#1310,#752,#1318,.T.);
#1318 = LINE('',#1319,#1320);
#1319 = CARTESIAN_POINT('',(0.934537979641,9.001618674694,4.17));
#1320 = VECTOR('',#1321,1.);
#1321 = DIRECTION('',(0.103263865154,0.994653997204,0.));
#1322 = ORIENTED_EDGE('',*,*,#751,.F.);
#1323 = PLANE('',#1324);
#1324 = AXIS2_PLACEMENT_3D('',#1325,#1326,#1327);
#1325 = CARTESIAN_POINT('',(0.934537979641,9.001618674694,4.02));
#1326 = DIRECTION('',(-0.994653997204,0.103263865154,0.));
#1327 = DIRECTION('',(0.103263865154,0.994653997204,0.));
#1328 = ADVANCED_FACE('',(#1329),#1354,.F.);
#1329 = FACE_BOUND('',#1330,.F.);
#1330 = EDGE_LOOP('',(#1331,#1339,#1340,#1348));
#1331 = ORIENTED_EDGE('',*,*,#1332,.F.);
#1332 = EDGE_CURVE('',#808,#1333,#1335,.T.);
#1333 = VERTEX_POINT('',#1334);
#1334 = CARTESIAN_POINT('',(1.321777473968,12.731571164209,4.02));
#1335 = LINE('',#1336,#1337);
#1336 = CARTESIAN_POINT('',(0.934537979641,9.001618674694,4.02));
#1337 = VECTOR('',#1338,1.);
#1338 = DIRECTION('',(0.103263865154,0.994653997204,0.));
#1339 = ORIENTED_EDGE('',*,*,#831,.F.);
#1340 = ORIENTED_EDGE('',*,*,#1341,.T.);
#1341 = EDGE_CURVE('',#824,#1342,#1344,.T.);
#1342 = VERTEX_POINT('',#1343);
#1343 = CARTESIAN_POINT('',(1.321777473968,12.731571164209,4.17));
#1344 = LINE('',#1345,#1346);
#1345 = CARTESIAN_POINT('',(0.934537979641,9.001618674694,4.17));
#1346 = VECTOR('',#1347,1.);
#1347 = DIRECTION('',(0.103263865154,0.994653997204,0.));
#1348 = ORIENTED_EDGE('',*,*,#1349,.F.);
#1349 = EDGE_CURVE('',#1333,#1342,#1350,.T.);
#1350 = LINE('',#1351,#1352);
#1351 = CARTESIAN_POINT('',(1.321777473968,12.731571164209,4.02));
#1352 = VECTOR('',#1353,1.);
#1353 = DIRECTION('',(0.,0.,1.));
#1354 = PLANE('',#1355);
#1355 = AXIS2_PLACEMENT_3D('',#1356,#1357,#1358);
#1356 = CARTESIAN_POINT('',(0.934537979641,9.001618674694,4.02));
#1357 = DIRECTION('',(-0.994653997204,0.103263865154,0.));
#1358 = DIRECTION('',(0.103263865154,0.994653997204,0.));
#1359 = ADVANCED_FACE('',(#1360),#1385,.F.);
#1360 = FACE_BOUND('',#1361,.F.);
#1361 = EDGE_LOOP('',(#1362,#1372,#1378,#1379));
#1362 = ORIENTED_EDGE('',*,*,#1363,.T.);
#1363 = EDGE_CURVE('',#1364,#1366,#1368,.T.);
#1364 = VERTEX_POINT('',#1365);
#1365 = CARTESIAN_POINT('',(0.856904054326,9.009340455421,4.02));
#1366 = VERTEX_POINT('',#1367);
#1367 = CARTESIAN_POINT('',(0.856904054326,9.009340455421,4.17));
#1368 = LINE('',#1369,#1370);
#1369 = CARTESIAN_POINT('',(0.856904054326,9.009340455421,4.02));
#1370 = VECTOR('',#1371,1.);
#1371 = DIRECTION('',(0.,0.,1.));
#1372 = ORIENTED_EDGE('',*,*,#1373,.T.);
#1373 = EDGE_CURVE('',#1366,#1310,#1374,.T.);
#1374 = LINE('',#1375,#1376);
#1375 = CARTESIAN_POINT('',(0.856904054326,9.009340455421,4.17));
#1376 = VECTOR('',#1377,1.);
#1377 = DIRECTION('',(0.995089858833,-9.897561744539E-02,0.));
#1378 = ORIENTED_EDGE('',*,*,#1309,.F.);
#1379 = ORIENTED_EDGE('',*,*,#1380,.F.);
#1380 = EDGE_CURVE('',#1364,#1302,#1381,.T.);
#1381 = LINE('',#1382,#1383);
#1382 = CARTESIAN_POINT('',(0.856904054326,9.009340455421,4.02));
#1383 = VECTOR('',#1384,1.);
#1384 = DIRECTION('',(0.995089858833,-9.897561744539E-02,0.));
#1385 = PLANE('',#1386);
#1386 = AXIS2_PLACEMENT_3D('',#1387,#1388,#1389);
#1387 = CARTESIAN_POINT('',(0.856904054326,9.009340455421,4.02));
#1388 = DIRECTION('',(9.897561744539E-02,0.995089858833,-0.));
#1389 = DIRECTION('',(0.995089858833,-9.897561744539E-02,0.));
#1390 = ADVANCED_FACE('',(#1391),#1416,.F.);
#1391 = FACE_BOUND('',#1392,.F.);
#1392 = EDGE_LOOP('',(#1393,#1403,#1409,#1410));
#1393 = ORIENTED_EDGE('',*,*,#1394,.T.);
#1394 = EDGE_CURVE('',#1395,#1397,#1399,.T.);
#1395 = VERTEX_POINT('',#1396);
#1396 = CARTESIAN_POINT('',(0.779206447474,9.016392699534,4.02));
#1397 = VERTEX_POINT('',#1398);
#1398 = CARTESIAN_POINT('',(0.779206447474,9.016392699534,4.17));
#1399 = LINE('',#1400,#1401);
#1400 = CARTESIAN_POINT('',(0.779206447474,9.016392699534,4.02));
#1401 = VECTOR('',#1402,1.);
#1402 = DIRECTION('',(0.,0.,1.));
#1403 = ORIENTED_EDGE('',*,*,#1404,.T.);
#1404 = EDGE_CURVE('',#1397,#1366,#1405,.T.);
#1405 = LINE('',#1406,#1407);
#1406 = CARTESIAN_POINT('',(0.779206447474,9.016392699534,4.17));
#1407 = VECTOR('',#1408,1.);
#1408 = DIRECTION('',(0.995906110881,-9.03936851174E-02,0.));
#1409 = ORIENTED_EDGE('',*,*,#1363,.F.);
#1410 = ORIENTED_EDGE('',*,*,#1411,.F.);
#1411 = EDGE_CURVE('',#1395,#1364,#1412,.T.);
#1412 = LINE('',#1413,#1414);
#1413 = CARTESIAN_POINT('',(0.779206447474,9.016392699534,4.02));
#1414 = VECTOR('',#1415,1.);
#1415 = DIRECTION('',(0.995906110881,-9.03936851174E-02,0.));
#1416 = PLANE('',#1417);
#1417 = AXIS2_PLACEMENT_3D('',#1418,#1419,#1420);
#1418 = CARTESIAN_POINT('',(0.779206447474,9.016392699534,4.02));
#1419 = DIRECTION('',(9.03936851174E-02,0.995906110881,-0.));
#1420 = DIRECTION('',(0.995906110881,-9.03936851174E-02,0.));
#1421 = ADVANCED_FACE('',(#1422),#1447,.F.);
#1422 = FACE_BOUND('',#1423,.F.);
#1423 = EDGE_LOOP('',(#1424,#1434,#1440,#1441));
#1424 = ORIENTED_EDGE('',*,*,#1425,.T.);
#1425 = EDGE_CURVE('',#1426,#1428,#1430,.T.);
#1426 = VERTEX_POINT('',#1427);
#1427 = CARTESIAN_POINT('',(0.701450933248,9.022774882942,4.02));
#1428 = VERTEX_POINT('',#1429);
#1429 = CARTESIAN_POINT('',(0.701450933248,9.022774882942,4.17));
#1430 = LINE('',#1431,#1432);
#1431 = CARTESIAN_POINT('',(0.701450933248,9.022774882942,4.02));
#1432 = VECTOR('',#1433,1.);
#1433 = DIRECTION('',(0.,0.,1.));
#1434 = ORIENTED_EDGE('',*,*,#1435,.T.);
#1435 = EDGE_CURVE('',#1428,#1397,#1436,.T.);
#1436 = LINE('',#1437,#1438);
#1437 = CARTESIAN_POINT('',(0.701450933248,9.022774882942,4.17));
#1438 = VECTOR('',#1439,1.);
#1439 = DIRECTION('',(0.996648351341,-8.180503510769E-02,0.));
#1440 = ORIENTED_EDGE('',*,*,#1394,.F.);
#1441 = ORIENTED_EDGE('',*,*,#1442,.F.);
#1442 = EDGE_CURVE('',#1426,#1395,#1443,.T.);
#1443 = LINE('',#1444,#1445);
#1444 = CARTESIAN_POINT('',(0.701450933248,9.022774882942,4.02));
#1445 = VECTOR('',#1446,1.);
#1446 = DIRECTION('',(0.996648351341,-8.180503510769E-02,0.));
#1447 = PLANE('',#1448);
#1448 = AXIS2_PLACEMENT_3D('',#1449,#1450,#1451);
#1449 = CARTESIAN_POINT('',(0.701450933248,9.022774882942,4.02));
#1450 = DIRECTION('',(8.180503510769E-02,0.996648351341,-0.));
#1451 = DIRECTION('',(0.996648351341,-8.180503510769E-02,0.));
#1452 = ADVANCED_FACE('',(#1453),#1478,.F.);
#1453 = FACE_BOUND('',#1454,.F.);
#1454 = EDGE_LOOP('',(#1455,#1465,#1471,#1472));
#1455 = ORIENTED_EDGE('',*,*,#1456,.T.);
#1456 = EDGE_CURVE('',#1457,#1459,#1461,.T.);
#1457 = VERTEX_POINT('',#1458);
#1458 = CARTESIAN_POINT('',(0.623643290115,9.028486531346,4.02));
#1459 = VERTEX_POINT('',#1460);
#1460 = CARTESIAN_POINT('',(0.623643290115,9.028486531346,4.17));
#1461 = LINE('',#1462,#1463);
#1462 = CARTESIAN_POINT('',(0.623643290115,9.028486531346,4.02));
#1463 = VECTOR('',#1464,1.);
#1464 = DIRECTION('',(0.,0.,1.));
#1465 = ORIENTED_EDGE('',*,*,#1466,.T.);
#1466 = EDGE_CURVE('',#1459,#1428,#1467,.T.);
#1467 = LINE('',#1468,#1469);
#1468 = CARTESIAN_POINT('',(0.623643290115,9.028486531346,4.17));
#1469 = VECTOR('',#1470,1.);
#1470 = DIRECTION('',(0.997316525052,-7.321030568891E-02,0.));
#1471 = ORIENTED_EDGE('',*,*,#1425,.F.);
#1472 = ORIENTED_EDGE('',*,*,#1473,.F.);
#1473 = EDGE_CURVE('',#1457,#1426,#1474,.T.);
#1474 = LINE('',#1475,#1476);
#1475 = CARTESIAN_POINT('',(0.623643290115,9.028486531346,4.02));
#1476 = VECTOR('',#1477,1.);
#1477 = DIRECTION('',(0.997316525052,-7.321030568891E-02,0.));
#1478 = PLANE('',#1479);
#1479 = AXIS2_PLACEMENT_3D('',#1480,#1481,#1482);
#1480 = CARTESIAN_POINT('',(0.623643290115,9.028486531346,4.02));
#1481 = DIRECTION('',(7.321030568891E-02,0.997316525052,-0.));
#1482 = DIRECTION('',(0.997316525052,-7.321030568891E-02,0.));
#1483 = ADVANCED_FACE('',(#1484),#1509,.F.);
#1484 = FACE_BOUND('',#1485,.F.);
#1485 = EDGE_LOOP('',(#1486,#1496,#1502,#1503));
#1486 = ORIENTED_EDGE('',*,*,#1487,.T.);
#1487 = EDGE_CURVE('',#1488,#1490,#1492,.T.);
#1488 = VERTEX_POINT('',#1489);
#1489 = CARTESIAN_POINT('',(0.545789300412,9.033527220281,4.02));
#1490 = VERTEX_POINT('',#1491);
#1491 = CARTESIAN_POINT('',(0.545789300412,9.033527220281,4.17));
#1492 = LINE('',#1493,#1494);
#1493 = CARTESIAN_POINT('',(0.545789300412,9.033527220281,4.02));
#1494 = VECTOR('',#1495,1.);
#1495 = DIRECTION('',(0.,0.,1.));
#1496 = ORIENTED_EDGE('',*,*,#1497,.T.);
#1497 = EDGE_CURVE('',#1490,#1459,#1498,.T.);
#1498 = LINE('',#1499,#1500);
#1499 = CARTESIAN_POINT('',(0.545789300412,9.033527220281,4.17));
#1500 = VECTOR('',#1501,1.);
#1501 = DIRECTION('',(0.997910582357,-6.461013558551E-02,0.));
#1502 = ORIENTED_EDGE('',*,*,#1456,.F.);
#1503 = ORIENTED_EDGE('',*,*,#1504,.F.);
#1504 = EDGE_CURVE('',#1488,#1457,#1505,.T.);
#1505 = LINE('',#1506,#1507);
#1506 = CARTESIAN_POINT('',(0.545789300412,9.033527220281,4.02));
#1507 = VECTOR('',#1508,1.);
#1508 = DIRECTION('',(0.997910582357,-6.461013558551E-02,0.));
#1509 = PLANE('',#1510);
#1510 = AXIS2_PLACEMENT_3D('',#1511,#1512,#1513);
#1511 = CARTESIAN_POINT('',(0.545789300412,9.033527220281,4.02));
#1512 = DIRECTION('',(6.461013558551E-02,0.997910582357,-0.));
#1513 = DIRECTION('',(0.997910582357,-6.461013558551E-02,0.));
#1514 = ADVANCED_FACE('',(#1515),#1540,.F.);
#1515 = FACE_BOUND('',#1516,.F.);
#1516 = EDGE_LOOP('',(#1517,#1527,#1533,#1534));
#1517 = ORIENTED_EDGE('',*,*,#1518,.T.);
#1518 = EDGE_CURVE('',#1519,#1521,#1523,.T.);
#1519 = VERTEX_POINT('',#1520);
#1520 = CARTESIAN_POINT('',(0.467894749925,9.037896575144,4.02));
#1521 = VERTEX_POINT('',#1522);
#1522 = CARTESIAN_POINT('',(0.467894749925,9.037896575144,4.17));
#1523 = LINE('',#1524,#1525);
#1524 = CARTESIAN_POINT('',(0.467894749925,9.037896575144,4.02));
#1525 = VECTOR('',#1526,1.);
#1526 = DIRECTION('',(0.,0.,1.));
#1527 = ORIENTED_EDGE('',*,*,#1528,.T.);
#1528 = EDGE_CURVE('',#1521,#1490,#1529,.T.);
#1529 = LINE('',#1530,#1531);
#1530 = CARTESIAN_POINT('',(0.467894749925,9.037896575144,4.17));
#1531 = VECTOR('',#1532,1.);
#1532 = DIRECTION('',(0.998430479109,-5.600516392624E-02,0.));
#1533 = ORIENTED_EDGE('',*,*,#1487,.F.);
#1534 = ORIENTED_EDGE('',*,*,#1535,.F.);
#1535 = EDGE_CURVE('',#1519,#1488,#1536,.T.);
#1536 = LINE('',#1537,#1538);
#1537 = CARTESIAN_POINT('',(0.467894749925,9.037896575144,4.02));
#1538 = VECTOR('',#1539,1.);
#1539 = DIRECTION('',(0.998430479109,-5.600516392624E-02,0.));
#1540 = PLANE('',#1541);
#1541 = AXIS2_PLACEMENT_3D('',#1542,#1543,#1544);
#1542 = CARTESIAN_POINT('',(0.467894749925,9.037896575144,4.02));
#1543 = DIRECTION('',(5.600516392624E-02,0.998430479109,-0.));
#1544 = DIRECTION('',(0.998430479109,-5.600516392624E-02,0.));
#1545 = ADVANCED_FACE('',(#1546),#1571,.F.);
#1546 = FACE_BOUND('',#1547,.F.);
#1547 = EDGE_LOOP('',(#1548,#1558,#1564,#1565));
#1548 = ORIENTED_EDGE('',*,*,#1549,.T.);
#1549 = EDGE_CURVE('',#1550,#1552,#1554,.T.);
#1550 = VERTEX_POINT('',#1551);
#1551 = CARTESIAN_POINT('',(0.389965427451,9.041594271222,4.02));
#1552 = VERTEX_POINT('',#1553);
#1553 = CARTESIAN_POINT('',(0.389965427451,9.041594271222,4.17));
#1554 = LINE('',#1555,#1556);
#1555 = CARTESIAN_POINT('',(0.389965427451,9.041594271222,4.02));
#1556 = VECTOR('',#1557,1.);
#1557 = DIRECTION('',(0.,0.,1.));
#1558 = ORIENTED_EDGE('',*,*,#1559,.T.);
#1559 = EDGE_CURVE('',#1552,#1521,#1560,.T.);
#1560 = LINE('',#1561,#1562);
#1561 = CARTESIAN_POINT('',(0.389965427451,9.041594271222,4.17));
#1562 = VECTOR('',#1563,1.);
#1563 = DIRECTION('',(0.998876176671,-4.739603019678E-02,0.));
#1564 = ORIENTED_EDGE('',*,*,#1518,.F.);
#1565 = ORIENTED_EDGE('',*,*,#1566,.F.);
#1566 = EDGE_CURVE('',#1550,#1519,#1567,.T.);
#1567 = LINE('',#1568,#1569);
#1568 = CARTESIAN_POINT('',(0.389965427451,9.041594271222,4.02));
#1569 = VECTOR('',#1570,1.);
#1570 = DIRECTION('',(0.998876176671,-4.739603019678E-02,0.));
#1571 = PLANE('',#1572);
#1572 = AXIS2_PLACEMENT_3D('',#1573,#1574,#1575);
#1573 = CARTESIAN_POINT('',(0.389965427451,9.041594271222,4.02));
#1574 = DIRECTION('',(4.739603019678E-02,0.998876176671,-0.));
#1575 = DIRECTION('',(0.998876176671,-4.739603019678E-02,0.));
#1576 = ADVANCED_FACE('',(#1577),#1602,.F.);
#1577 = FACE_BOUND('',#1578,.F.);
#1578 = EDGE_LOOP('',(#1579,#1589,#1595,#1596));
#1579 = ORIENTED_EDGE('',*,*,#1580,.T.);
#1580 = EDGE_CURVE('',#1581,#1583,#1585,.T.);
#1581 = VERTEX_POINT('',#1582);
#1582 = CARTESIAN_POINT('',(0.312007124373,9.044620033718,4.02));
#1583 = VERTEX_POINT('',#1584);
#1584 = CARTESIAN_POINT('',(0.312007124373,9.044620033718,4.17));
#1585 = LINE('',#1586,#1587);
#1586 = CARTESIAN_POINT('',(0.312007124373,9.044620033718,4.02));
#1587 = VECTOR('',#1588,1.);
#1588 = DIRECTION('',(0.,0.,1.));
#1589 = ORIENTED_EDGE('',*,*,#1590,.T.);
#1590 = EDGE_CURVE('',#1583,#1552,#1591,.T.);
#1591 = LINE('',#1592,#1593);
#1592 = CARTESIAN_POINT('',(0.312007124373,9.044620033718,4.17));
#1593 = VECTOR('',#1594,1.);
#1594 = DIRECTION('',(0.999247641922,-3.878337419196E-02,0.));
#1595 = ORIENTED_EDGE('',*,*,#1549,.F.);
#1596 = ORIENTED_EDGE('',*,*,#1597,.F.);
#1597 = EDGE_CURVE('',#1581,#1550,#1598,.T.);
#1598 = LINE('',#1599,#1600);
#1599 = CARTESIAN_POINT('',(0.312007124373,9.044620033718,4.02));
#1600 = VECTOR('',#1601,1.);
#1601 = DIRECTION('',(0.999247641922,-3.878337419196E-02,0.));
#1602 = PLANE('',#1603);
#1603 = AXIS2_PLACEMENT_3D('',#1604,#1605,#1606);
#1604 = CARTESIAN_POINT('',(0.312007124373,9.044620033718,4.02));
#1605 = DIRECTION('',(3.878337419196E-02,0.999247641922,-0.));
#1606 = DIRECTION('',(0.999247641922,-3.878337419196E-02,0.));
#1607 = ADVANCED_FACE('',(#1608),#1633,.F.);
#1608 = FACE_BOUND('',#1609,.F.);
#1609 = EDGE_LOOP('',(#1610,#1620,#1626,#1627));
#1610 = ORIENTED_EDGE('',*,*,#1611,.T.);
#1611 = EDGE_CURVE('',#1612,#1614,#1616,.T.);
#1612 = VERTEX_POINT('',#1613);
#1613 = CARTESIAN_POINT('',(0.234025634227,9.046973637771,4.02));
#1614 = VERTEX_POINT('',#1615);
#1615 = CARTESIAN_POINT('',(0.234025634227,9.046973637771,4.17));
#1616 = LINE('',#1617,#1618);
#1617 = CARTESIAN_POINT('',(0.234025634227,9.046973637771,4.02));
#1618 = VECTOR('',#1619,1.);
#1619 = DIRECTION('',(0.,0.,1.));
#1620 = ORIENTED_EDGE('',*,*,#1621,.T.);
#1621 = EDGE_CURVE('',#1614,#1583,#1622,.T.);
#1622 = LINE('',#1623,#1624);
#1623 = CARTESIAN_POINT('',(0.234025634227,9.046973637771,4.17));
#1624 = VECTOR('',#1625,1.);
#1625 = DIRECTION('',(0.999544847254,-3.016783596852E-02,0.));
#1626 = ORIENTED_EDGE('',*,*,#1580,.F.);
#1627 = ORIENTED_EDGE('',*,*,#1628,.F.);
#1628 = EDGE_CURVE('',#1612,#1581,#1629,.T.);
#1629 = LINE('',#1630,#1631);
#1630 = CARTESIAN_POINT('',(0.234025634227,9.046973637771,4.02));
#1631 = VECTOR('',#1632,1.);
#1632 = DIRECTION('',(0.999544847254,-3.016783596852E-02,0.));
#1633 = PLANE('',#1634);
#1634 = AXIS2_PLACEMENT_3D('',#1635,#1636,#1637);
#1635 = CARTESIAN_POINT('',(0.234025634227,9.046973637771,4.02));
#1636 = DIRECTION('',(3.016783596852E-02,0.999544847254,-0.));
#1637 = DIRECTION('',(0.999544847254,-3.016783596852E-02,0.));
#1638 = ADVANCED_FACE('',(#1639),#1664,.F.);
#1639 = FACE_BOUND('',#1640,.F.);
#1640 = EDGE_LOOP('',(#1641,#1651,#1657,#1658));
#1641 = ORIENTED_EDGE('',*,*,#1642,.T.);
#1642 = EDGE_CURVE('',#1643,#1645,#1647,.T.);
#1643 = VERTEX_POINT('',#1644);
#1644 = CARTESIAN_POINT('',(0.156026752271,9.04865490847,4.02));
#1645 = VERTEX_POINT('',#1646);
#1646 = CARTESIAN_POINT('',(0.156026752271,9.04865490847,4.17));
#1647 = LINE('',#1648,#1649);
#1648 = CARTESIAN_POINT('',(0.156026752271,9.04865490847,4.02));
#1649 = VECTOR('',#1650,1.);
#1650 = DIRECTION('',(0.,0.,1.));
#1651 = ORIENTED_EDGE('',*,*,#1652,.T.);
#1652 = EDGE_CURVE('',#1645,#1614,#1653,.T.);
#1653 = LINE('',#1654,#1655);
#1654 = CARTESIAN_POINT('',(0.156026752271,9.04865490847,4.17));
#1655 = VECTOR('',#1656,1.);
#1656 = DIRECTION('',(0.999767770582,-2.155005579732E-02,0.));
#1657 = ORIENTED_EDGE('',*,*,#1611,.F.);
#1658 = ORIENTED_EDGE('',*,*,#1659,.F.);
#1659 = EDGE_CURVE('',#1643,#1612,#1660,.T.);
#1660 = LINE('',#1661,#1662);
#1661 = CARTESIAN_POINT('',(0.156026752271,9.04865490847,4.02));
#1662 = VECTOR('',#1663,1.);
#1663 = DIRECTION('',(0.999767770582,-2.155005579732E-02,0.));
#1664 = PLANE('',#1665);
#1665 = AXIS2_PLACEMENT_3D('',#1666,#1667,#1668);
#1666 = CARTESIAN_POINT('',(0.156026752271,9.04865490847,4.02));
#1667 = DIRECTION('',(2.155005579732E-02,0.999767770582,-0.));
#1668 = DIRECTION('',(0.999767770582,-2.155005579732E-02,0.));
#1669 = ADVANCED_FACE('',(#1670),#1695,.F.);
#1670 = FACE_BOUND('',#1671,.F.);
#1671 = EDGE_LOOP('',(#1672,#1682,#1688,#1689));
#1672 = ORIENTED_EDGE('',*,*,#1673,.T.);
#1673 = EDGE_CURVE('',#1674,#1676,#1678,.T.);
#1674 = VERTEX_POINT('',#1675);
#1675 = CARTESIAN_POINT('',(7.801627505758E-02,9.04966372087,4.02));
#1676 = VERTEX_POINT('',#1677);
#1677 = CARTESIAN_POINT('',(7.801627505758E-02,9.04966372087,4.17));
#1678 = LINE('',#1679,#1680);
#1679 = CARTESIAN_POINT('',(7.801627505758E-02,9.04966372087,4.02));
#1680 = VECTOR('',#1681,1.);
#1681 = DIRECTION('',(0.,0.,1.));
#1682 = ORIENTED_EDGE('',*,*,#1683,.T.);
#1683 = EDGE_CURVE('',#1676,#1645,#1684,.T.);
#1684 = LINE('',#1685,#1686);
#1685 = CARTESIAN_POINT('',(7.801627505758E-02,9.04966372087,4.17));
#1686 = VECTOR('',#1687,1.);
#1687 = DIRECTION('',(0.999916395339,-1.293067411585E-02,0.));
#1688 = ORIENTED_EDGE('',*,*,#1642,.F.);
#1689 = ORIENTED_EDGE('',*,*,#1690,.F.);
#1690 = EDGE_CURVE('',#1674,#1643,#1691,.T.);
#1691 = LINE('',#1692,#1693);
#1692 = CARTESIAN_POINT('',(7.801627505758E-02,9.04966372087,4.02));
#1693 = VECTOR('',#1694,1.);
#1694 = DIRECTION('',(0.999916395339,-1.293067411585E-02,0.));
#1695 = PLANE('',#1696);
#1696 = AXIS2_PLACEMENT_3D('',#1697,#1698,#1699);
#1697 = CARTESIAN_POINT('',(7.801627505758E-02,9.04966372087,4.02));
#1698 = DIRECTION('',(1.293067411585E-02,0.999916395339,-0.));
#1699 = DIRECTION('',(0.999916395339,-1.293067411585E-02,0.));
#1700 = ADVANCED_FACE('',(#1701),#1726,.F.);
#1701 = FACE_BOUND('',#1702,.F.);
#1702 = EDGE_LOOP('',(#1703,#1713,#1719,#1720));
#1703 = ORIENTED_EDGE('',*,*,#1704,.T.);
#1704 = EDGE_CURVE('',#1705,#1707,#1709,.T.);
#1705 = VERTEX_POINT('',#1706);
#1706 = CARTESIAN_POINT('',(5.541526766142E-16,9.05,4.02));
#1707 = VERTEX_POINT('',#1708);
#1708 = CARTESIAN_POINT('',(5.541526766142E-16,9.05,4.17));
#1709 = LINE('',#1710,#1711);
#1710 = CARTESIAN_POINT('',(5.541526766142E-16,9.05,4.02));
#1711 = VECTOR('',#1712,1.);
#1712 = DIRECTION('',(0.,0.,1.));
#1713 = ORIENTED_EDGE('',*,*,#1714,.T.);
#1714 = EDGE_CURVE('',#1707,#1676,#1715,.T.);
#1715 = LINE('',#1716,#1717);
#1716 = CARTESIAN_POINT('',(5.541526766142E-16,9.05,4.17));
#1717 = VECTOR('',#1718,1.);
#1718 = DIRECTION('',(0.999990710478,-4.310331480554E-03,0.));
#1719 = ORIENTED_EDGE('',*,*,#1673,.F.);
#1720 = ORIENTED_EDGE('',*,*,#1721,.F.);
#1721 = EDGE_CURVE('',#1705,#1674,#1722,.T.);
#1722 = LINE('',#1723,#1724);
#1723 = CARTESIAN_POINT('',(5.541526766142E-16,9.05,4.02));
#1724 = VECTOR('',#1725,1.);
#1725 = DIRECTION('',(0.999990710478,-4.310331480554E-03,0.));
#1726 = PLANE('',#1727);
#1727 = AXIS2_PLACEMENT_3D('',#1728,#1729,#1730);
#1728 = CARTESIAN_POINT('',(5.541526766142E-16,9.05,4.02));
#1729 = DIRECTION('',(4.310331480554E-03,0.999990710478,-0.));
#1730 = DIRECTION('',(0.999990710478,-4.310331480554E-03,0.));
#1731 = ADVANCED_FACE('',(#1732),#1757,.F.);
#1732 = FACE_BOUND('',#1733,.F.);
#1733 = EDGE_LOOP('',(#1734,#1744,#1750,#1751));
#1734 = ORIENTED_EDGE('',*,*,#1735,.T.);
#1735 = EDGE_CURVE('',#1736,#1738,#1740,.T.);
#1736 = VERTEX_POINT('',#1737);
#1737 = CARTESIAN_POINT('',(-7.801627505758E-02,9.04966372087,4.02));
#1738 = VERTEX_POINT('',#1739);
#1739 = CARTESIAN_POINT('',(-7.801627505758E-02,9.04966372087,4.17));
#1740 = LINE('',#1741,#1742);
#1741 = CARTESIAN_POINT('',(-7.801627505758E-02,9.04966372087,4.02));
#1742 = VECTOR('',#1743,1.);
#1743 = DIRECTION('',(0.,0.,1.));
#1744 = ORIENTED_EDGE('',*,*,#1745,.T.);
#1745 = EDGE_CURVE('',#1738,#1707,#1746,.T.);
#1746 = LINE('',#1747,#1748);
#1747 = CARTESIAN_POINT('',(-7.801627505758E-02,9.04966372087,4.17));
#1748 = VECTOR('',#1749,1.);
#1749 = DIRECTION('',(0.999990710478,4.310331480554E-03,0.));
#1750 = ORIENTED_EDGE('',*,*,#1704,.F.);
#1751 = ORIENTED_EDGE('',*,*,#1752,.F.);
#1752 = EDGE_CURVE('',#1736,#1705,#1753,.T.);
#1753 = LINE('',#1754,#1755);
#1754 = CARTESIAN_POINT('',(-7.801627505758E-02,9.04966372087,4.02));
#1755 = VECTOR('',#1756,1.);
#1756 = DIRECTION('',(0.999990710478,4.310331480554E-03,0.));
#1757 = PLANE('',#1758);
#1758 = AXIS2_PLACEMENT_3D('',#1759,#1760,#1761);
#1759 = CARTESIAN_POINT('',(-7.801627505758E-02,9.04966372087,4.02));
#1760 = DIRECTION('',(-4.310331480554E-03,0.999990710478,0.));
#1761 = DIRECTION('',(0.999990710478,4.310331480554E-03,0.));
#1762 = ADVANCED_FACE('',(#1763),#1788,.F.);
#1763 = FACE_BOUND('',#1764,.F.);
#1764 = EDGE_LOOP('',(#1765,#1775,#1781,#1782));
#1765 = ORIENTED_EDGE('',*,*,#1766,.T.);
#1766 = EDGE_CURVE('',#1767,#1769,#1771,.T.);
#1767 = VERTEX_POINT('',#1768);
#1768 = CARTESIAN_POINT('',(-0.156026752271,9.04865490847,4.02));
#1769 = VERTEX_POINT('',#1770);
#1770 = CARTESIAN_POINT('',(-0.156026752271,9.04865490847,4.17));
#1771 = LINE('',#1772,#1773);
#1772 = CARTESIAN_POINT('',(-0.156026752271,9.04865490847,4.02));
#1773 = VECTOR('',#1774,1.);
#1774 = DIRECTION('',(0.,0.,1.));
#1775 = ORIENTED_EDGE('',*,*,#1776,.T.);
#1776 = EDGE_CURVE('',#1769,#1738,#1777,.T.);
#1777 = LINE('',#1778,#1779);
#1778 = CARTESIAN_POINT('',(-0.156026752271,9.04865490847,4.17));
#1779 = VECTOR('',#1780,1.);
#1780 = DIRECTION('',(0.999916395339,1.293067411585E-02,0.));
#1781 = ORIENTED_EDGE('',*,*,#1735,.F.);
#1782 = ORIENTED_EDGE('',*,*,#1783,.F.);
#1783 = EDGE_CURVE('',#1767,#1736,#1784,.T.);
#1784 = LINE('',#1785,#1786);
#1785 = CARTESIAN_POINT('',(-0.156026752271,9.04865490847,4.02));
#1786 = VECTOR('',#1787,1.);
#1787 = DIRECTION('',(0.999916395339,1.293067411585E-02,0.));
#1788 = PLANE('',#1789);
#1789 = AXIS2_PLACEMENT_3D('',#1790,#1791,#1792);
#1790 = CARTESIAN_POINT('',(-0.156026752271,9.04865490847,4.02));
#1791 = DIRECTION('',(-1.293067411585E-02,0.999916395339,0.));
#1792 = DIRECTION('',(0.999916395339,1.293067411585E-02,0.));
#1793 = ADVANCED_FACE('',(#1794),#1819,.F.);
#1794 = FACE_BOUND('',#1795,.F.);
#1795 = EDGE_LOOP('',(#1796,#1806,#1812,#1813));
#1796 = ORIENTED_EDGE('',*,*,#1797,.T.);
#1797 = EDGE_CURVE('',#1798,#1800,#1802,.T.);
#1798 = VERTEX_POINT('',#1799);
#1799 = CARTESIAN_POINT('',(-0.234025634227,9.046973637771,4.02));
#1800 = VERTEX_POINT('',#1801);
#1801 = CARTESIAN_POINT('',(-0.234025634227,9.046973637771,4.17));
#1802 = LINE('',#1803,#1804);
#1803 = CARTESIAN_POINT('',(-0.234025634227,9.046973637771,4.02));
#1804 = VECTOR('',#1805,1.);
#1805 = DIRECTION('',(0.,0.,1.));
#1806 = ORIENTED_EDGE('',*,*,#1807,.T.);
#1807 = EDGE_CURVE('',#1800,#1769,#1808,.T.);
#1808 = LINE('',#1809,#1810);
#1809 = CARTESIAN_POINT('',(-0.234025634227,9.046973637771,4.17));
#1810 = VECTOR('',#1811,1.);
#1811 = DIRECTION('',(0.999767770582,2.155005579732E-02,0.));
#1812 = ORIENTED_EDGE('',*,*,#1766,.F.);
#1813 = ORIENTED_EDGE('',*,*,#1814,.F.);
#1814 = EDGE_CURVE('',#1798,#1767,#1815,.T.);
#1815 = LINE('',#1816,#1817);
#1816 = CARTESIAN_POINT('',(-0.234025634227,9.046973637771,4.02));
#1817 = VECTOR('',#1818,1.);
#1818 = DIRECTION('',(0.999767770582,2.155005579732E-02,0.));
#1819 = PLANE('',#1820);
#1820 = AXIS2_PLACEMENT_3D('',#1821,#1822,#1823);
#1821 = CARTESIAN_POINT('',(-0.234025634227,9.046973637771,4.02));
#1822 = DIRECTION('',(-2.155005579732E-02,0.999767770582,0.));
#1823 = DIRECTION('',(0.999767770582,2.155005579732E-02,0.));
#1824 = ADVANCED_FACE('',(#1825),#1850,.F.);
#1825 = FACE_BOUND('',#1826,.F.);
#1826 = EDGE_LOOP('',(#1827,#1837,#1843,#1844));
#1827 = ORIENTED_EDGE('',*,*,#1828,.T.);
#1828 = EDGE_CURVE('',#1829,#1831,#1833,.T.);
#1829 = VERTEX_POINT('',#1830);
#1830 = CARTESIAN_POINT('',(-0.312007124373,9.044620033718,4.02));
#1831 = VERTEX_POINT('',#1832);
#1832 = CARTESIAN_POINT('',(-0.312007124373,9.044620033718,4.17));
#1833 = LINE('',#1834,#1835);
#1834 = CARTESIAN_POINT('',(-0.312007124373,9.044620033718,4.02));
#1835 = VECTOR('',#1836,1.);
#1836 = DIRECTION('',(0.,0.,1.));
#1837 = ORIENTED_EDGE('',*,*,#1838,.T.);
#1838 = EDGE_CURVE('',#1831,#1800,#1839,.T.);
#1839 = LINE('',#1840,#1841);
#1840 = CARTESIAN_POINT('',(-0.312007124373,9.044620033718,4.17));
#1841 = VECTOR('',#1842,1.);
#1842 = DIRECTION('',(0.999544847254,3.016783596852E-02,0.));
#1843 = ORIENTED_EDGE('',*,*,#1797,.F.);
#1844 = ORIENTED_EDGE('',*,*,#1845,.F.);
#1845 = EDGE_CURVE('',#1829,#1798,#1846,.T.);
#1846 = LINE('',#1847,#1848);
#1847 = CARTESIAN_POINT('',(-0.312007124373,9.044620033718,4.02));
#1848 = VECTOR('',#1849,1.);
#1849 = DIRECTION('',(0.999544847254,3.016783596852E-02,0.));
#1850 = PLANE('',#1851);
#1851 = AXIS2_PLACEMENT_3D('',#1852,#1853,#1854);
#1852 = CARTESIAN_POINT('',(-0.312007124373,9.044620033718,4.02));
#1853 = DIRECTION('',(-3.016783596852E-02,0.999544847254,0.));
#1854 = DIRECTION('',(0.999544847254,3.016783596852E-02,0.));
#1855 = ADVANCED_FACE('',(#1856),#1881,.F.);
#1856 = FACE_BOUND('',#1857,.F.);
#1857 = EDGE_LOOP('',(#1858,#1868,#1874,#1875));
#1858 = ORIENTED_EDGE('',*,*,#1859,.T.);
#1859 = EDGE_CURVE('',#1860,#1862,#1864,.T.);
#1860 = VERTEX_POINT('',#1861);
#1861 = CARTESIAN_POINT('',(-0.389965427451,9.041594271222,4.02));
#1862 = VERTEX_POINT('',#1863);
#1863 = CARTESIAN_POINT('',(-0.389965427451,9.041594271222,4.17));
#1864 = LINE('',#1865,#1866);
#1865 = CARTESIAN_POINT('',(-0.389965427451,9.041594271222,4.02));
#1866 = VECTOR('',#1867,1.);
#1867 = DIRECTION('',(0.,0.,1.));
#1868 = ORIENTED_EDGE('',*,*,#1869,.T.);
#1869 = EDGE_CURVE('',#1862,#1831,#1870,.T.);
#1870 = LINE('',#1871,#1872);
#1871 = CARTESIAN_POINT('',(-0.389965427451,9.041594271222,4.17));
#1872 = VECTOR('',#1873,1.);
#1873 = DIRECTION('',(0.999247641922,3.878337419196E-02,0.));
#1874 = ORIENTED_EDGE('',*,*,#1828,.F.);
#1875 = ORIENTED_EDGE('',*,*,#1876,.F.);
#1876 = EDGE_CURVE('',#1860,#1829,#1877,.T.);
#1877 = LINE('',#1878,#1879);
#1878 = CARTESIAN_POINT('',(-0.389965427451,9.041594271222,4.02));
#1879 = VECTOR('',#1880,1.);
#1880 = DIRECTION('',(0.999247641922,3.878337419196E-02,0.));
#1881 = PLANE('',#1882);
#1882 = AXIS2_PLACEMENT_3D('',#1883,#1884,#1885);
#1883 = CARTESIAN_POINT('',(-0.389965427451,9.041594271222,4.02));
#1884 = DIRECTION('',(-3.878337419196E-02,0.999247641922,0.));
#1885 = DIRECTION('',(0.999247641922,3.878337419196E-02,0.));
#1886 = ADVANCED_FACE('',(#1887),#1912,.F.);
#1887 = FACE_BOUND('',#1888,.F.);
#1888 = EDGE_LOOP('',(#1889,#1899,#1905,#1906));
#1889 = ORIENTED_EDGE('',*,*,#1890,.T.);
#1890 = EDGE_CURVE('',#1891,#1893,#1895,.T.);
#1891 = VERTEX_POINT('',#1892);
#1892 = CARTESIAN_POINT('',(-0.467894749925,9.037896575144,4.02));
#1893 = VERTEX_POINT('',#1894);
#1894 = CARTESIAN_POINT('',(-0.467894749925,9.037896575144,4.17));
#1895 = LINE('',#1896,#1897);
#1896 = CARTESIAN_POINT('',(-0.467894749925,9.037896575144,4.02));
#1897 = VECTOR('',#1898,1.);
#1898 = DIRECTION('',(0.,0.,1.));
#1899 = ORIENTED_EDGE('',*,*,#1900,.T.);
#1900 = EDGE_CURVE('',#1893,#1862,#1901,.T.);
#1901 = LINE('',#1902,#1903);
#1902 = CARTESIAN_POINT('',(-0.467894749925,9.037896575144,4.17));
#1903 = VECTOR('',#1904,1.);
#1904 = DIRECTION('',(0.998876176671,4.739603019678E-02,0.));
#1905 = ORIENTED_EDGE('',*,*,#1859,.F.);
#1906 = ORIENTED_EDGE('',*,*,#1907,.F.);
#1907 = EDGE_CURVE('',#1891,#1860,#1908,.T.);
#1908 = LINE('',#1909,#1910);
#1909 = CARTESIAN_POINT('',(-0.467894749925,9.037896575144,4.02));
#1910 = VECTOR('',#1911,1.);
#1911 = DIRECTION('',(0.998876176671,4.739603019678E-02,0.));
#1912 = PLANE('',#1913);
#1913 = AXIS2_PLACEMENT_3D('',#1914,#1915,#1916);
#1914 = CARTESIAN_POINT('',(-0.467894749925,9.037896575144,4.02));
#1915 = DIRECTION('',(-4.739603019678E-02,0.998876176671,0.));
#1916 = DIRECTION('',(0.998876176671,4.739603019678E-02,0.));
#1917 = ADVANCED_FACE('',(#1918),#1943,.F.);
#1918 = FACE_BOUND('',#1919,.F.);
#1919 = EDGE_LOOP('',(#1920,#1930,#1936,#1937));
#1920 = ORIENTED_EDGE('',*,*,#1921,.T.);
#1921 = EDGE_CURVE('',#1922,#1924,#1926,.T.);
#1922 = VERTEX_POINT('',#1923);
#1923 = CARTESIAN_POINT('',(-0.545789300412,9.033527220281,4.02));
#1924 = VERTEX_POINT('',#1925);
#1925 = CARTESIAN_POINT('',(-0.545789300412,9.033527220281,4.17));
#1926 = LINE('',#1927,#1928);
#1927 = CARTESIAN_POINT('',(-0.545789300412,9.033527220281,4.02));
#1928 = VECTOR('',#1929,1.);
#1929 = DIRECTION('',(0.,0.,1.));
#1930 = ORIENTED_EDGE('',*,*,#1931,.T.);
#1931 = EDGE_CURVE('',#1924,#1893,#1932,.T.);
#1932 = LINE('',#1933,#1934);
#1933 = CARTESIAN_POINT('',(-0.545789300412,9.033527220281,4.17));
#1934 = VECTOR('',#1935,1.);
#1935 = DIRECTION('',(0.998430479109,5.600516392626E-02,0.));
#1936 = ORIENTED_EDGE('',*,*,#1890,.F.);
#1937 = ORIENTED_EDGE('',*,*,#1938,.F.);
#1938 = EDGE_CURVE('',#1922,#1891,#1939,.T.);
#1939 = LINE('',#1940,#1941);
#1940 = CARTESIAN_POINT('',(-0.545789300412,9.033527220281,4.02));
#1941 = VECTOR('',#1942,1.);
#1942 = DIRECTION('',(0.998430479109,5.600516392626E-02,0.));
#1943 = PLANE('',#1944);
#1944 = AXIS2_PLACEMENT_3D('',#1945,#1946,#1947);
#1945 = CARTESIAN_POINT('',(-0.545789300412,9.033527220281,4.02));
#1946 = DIRECTION('',(-5.600516392626E-02,0.998430479109,0.));
#1947 = DIRECTION('',(0.998430479109,5.600516392626E-02,0.));
#1948 = ADVANCED_FACE('',(#1949),#1974,.F.);
#1949 = FACE_BOUND('',#1950,.F.);
#1950 = EDGE_LOOP('',(#1951,#1961,#1967,#1968));
#1951 = ORIENTED_EDGE('',*,*,#1952,.T.);
#1952 = EDGE_CURVE('',#1953,#1955,#1957,.T.);
#1953 = VERTEX_POINT('',#1954);
#1954 = CARTESIAN_POINT('',(-0.623643290115,9.028486531346,4.02));
#1955 = VERTEX_POINT('',#1956);
#1956 = CARTESIAN_POINT('',(-0.623643290115,9.028486531346,4.17));
#1957 = LINE('',#1958,#1959);
#1958 = CARTESIAN_POINT('',(-0.623643290115,9.028486531346,4.02));
#1959 = VECTOR('',#1960,1.);
#1960 = DIRECTION('',(0.,0.,1.));
#1961 = ORIENTED_EDGE('',*,*,#1962,.T.);
#1962 = EDGE_CURVE('',#1955,#1924,#1963,.T.);
#1963 = LINE('',#1964,#1965);
#1964 = CARTESIAN_POINT('',(-0.623643290115,9.028486531346,4.17));
#1965 = VECTOR('',#1966,1.);
#1966 = DIRECTION('',(0.997910582357,6.461013558549E-02,0.));
#1967 = ORIENTED_EDGE('',*,*,#1921,.F.);
#1968 = ORIENTED_EDGE('',*,*,#1969,.F.);
#1969 = EDGE_CURVE('',#1953,#1922,#1970,.T.);
#1970 = LINE('',#1971,#1972);
#1971 = CARTESIAN_POINT('',(-0.623643290115,9.028486531346,4.02));
#1972 = VECTOR('',#1973,1.);
#1973 = DIRECTION('',(0.997910582357,6.461013558549E-02,0.));
#1974 = PLANE('',#1975);
#1975 = AXIS2_PLACEMENT_3D('',#1976,#1977,#1978);
#1976 = CARTESIAN_POINT('',(-0.623643290115,9.028486531346,4.02));
#1977 = DIRECTION('',(-6.461013558549E-02,0.997910582357,0.));
#1978 = DIRECTION('',(0.997910582357,6.461013558549E-02,0.));
#1979 = ADVANCED_FACE('',(#1980),#2005,.F.);
#1980 = FACE_BOUND('',#1981,.F.);
#1981 = EDGE_LOOP('',(#1982,#1992,#1998,#1999));
#1982 = ORIENTED_EDGE('',*,*,#1983,.T.);
#1983 = EDGE_CURVE('',#1984,#1986,#1988,.T.);
#1984 = VERTEX_POINT('',#1985);
#1985 = CARTESIAN_POINT('',(-0.701450933248,9.022774882942,4.02));
#1986 = VERTEX_POINT('',#1987);
#1987 = CARTESIAN_POINT('',(-0.701450933248,9.022774882942,4.17));
#1988 = LINE('',#1989,#1990);
#1989 = CARTESIAN_POINT('',(-0.701450933248,9.022774882942,4.02));
#1990 = VECTOR('',#1991,1.);
#1991 = DIRECTION('',(0.,0.,1.));
#1992 = ORIENTED_EDGE('',*,*,#1993,.T.);
#1993 = EDGE_CURVE('',#1986,#1955,#1994,.T.);
#1994 = LINE('',#1995,#1996);
#1995 = CARTESIAN_POINT('',(-0.701450933248,9.022774882942,4.17));
#1996 = VECTOR('',#1997,1.);
#1997 = DIRECTION('',(0.997316525052,7.321030568892E-02,0.));
#1998 = ORIENTED_EDGE('',*,*,#1952,.F.);
#1999 = ORIENTED_EDGE('',*,*,#2000,.F.);
#2000 = EDGE_CURVE('',#1984,#1953,#2001,.T.);
#2001 = LINE('',#2002,#2003);
#2002 = CARTESIAN_POINT('',(-0.701450933248,9.022774882942,4.02));
#2003 = VECTOR('',#2004,1.);
#2004 = DIRECTION('',(0.997316525052,7.321030568892E-02,0.));
#2005 = PLANE('',#2006);
#2006 = AXIS2_PLACEMENT_3D('',#2007,#2008,#2009);
#2007 = CARTESIAN_POINT('',(-0.701450933248,9.022774882942,4.02));
#2008 = DIRECTION('',(-7.321030568892E-02,0.997316525052,0.));
#2009 = DIRECTION('',(0.997316525052,7.321030568892E-02,0.));
#2010 = ADVANCED_FACE('',(#2011),#2036,.F.);
#2011 = FACE_BOUND('',#2012,.F.);
#2012 = EDGE_LOOP('',(#2013,#2023,#2029,#2030));
#2013 = ORIENTED_EDGE('',*,*,#2014,.T.);
#2014 = EDGE_CURVE('',#2015,#2017,#2019,.T.);
#2015 = VERTEX_POINT('',#2016);
#2016 = CARTESIAN_POINT('',(-0.779206447474,9.016392699534,4.02));
#2017 = VERTEX_POINT('',#2018);
#2018 = CARTESIAN_POINT('',(-0.779206447474,9.016392699534,4.17));
#2019 = LINE('',#2020,#2021);
#2020 = CARTESIAN_POINT('',(-0.779206447474,9.016392699534,4.02));
#2021 = VECTOR('',#2022,1.);
#2022 = DIRECTION('',(0.,0.,1.));
#2023 = ORIENTED_EDGE('',*,*,#2024,.T.);
#2024 = EDGE_CURVE('',#2017,#1986,#2025,.T.);
#2025 = LINE('',#2026,#2027);
#2026 = CARTESIAN_POINT('',(-0.779206447474,9.016392699534,4.17));
#2027 = VECTOR('',#2028,1.);
#2028 = DIRECTION('',(0.996648351341,8.180503510769E-02,0.));
#2029 = ORIENTED_EDGE('',*,*,#1983,.F.);
#2030 = ORIENTED_EDGE('',*,*,#2031,.F.);
#2031 = EDGE_CURVE('',#2015,#1984,#2032,.T.);
#2032 = LINE('',#2033,#2034);
#2033 = CARTESIAN_POINT('',(-0.779206447474,9.016392699534,4.02));
#2034 = VECTOR('',#2035,1.);
#2035 = DIRECTION('',(0.996648351341,8.180503510769E-02,0.));
#2036 = PLANE('',#2037);
#2037 = AXIS2_PLACEMENT_3D('',#2038,#2039,#2040);
#2038 = CARTESIAN_POINT('',(-0.779206447474,9.016392699534,4.02));
#2039 = DIRECTION('',(-8.180503510769E-02,0.996648351341,0.));
#2040 = DIRECTION('',(0.996648351341,8.180503510769E-02,0.));
#2041 = ADVANCED_FACE('',(#2042),#2067,.F.);
#2042 = FACE_BOUND('',#2043,.F.);
#2043 = EDGE_LOOP('',(#2044,#2054,#2060,#2061));
#2044 = ORIENTED_EDGE('',*,*,#2045,.T.);
#2045 = EDGE_CURVE('',#2046,#2048,#2050,.T.);
#2046 = VERTEX_POINT('',#2047);
#2047 = CARTESIAN_POINT('',(-0.856904054326,9.009340455421,4.02));
#2048 = VERTEX_POINT('',#2049);
#2049 = CARTESIAN_POINT('',(-0.856904054326,9.009340455421,4.17));
#2050 = LINE('',#2051,#2052);
#2051 = CARTESIAN_POINT('',(-0.856904054326,9.009340455421,4.02));
#2052 = VECTOR('',#2053,1.);
#2053 = DIRECTION('',(0.,0.,1.));
#2054 = ORIENTED_EDGE('',*,*,#2055,.T.);
#2055 = EDGE_CURVE('',#2048,#2017,#2056,.T.);
#2056 = LINE('',#2057,#2058);
#2057 = CARTESIAN_POINT('',(-0.856904054326,9.009340455421,4.17));
#2058 = VECTOR('',#2059,1.);
#2059 = DIRECTION('',(0.995906110881,9.03936851174E-02,0.));
#2060 = ORIENTED_EDGE('',*,*,#2014,.F.);
#2061 = ORIENTED_EDGE('',*,*,#2062,.F.);
#2062 = EDGE_CURVE('',#2046,#2015,#2063,.T.);
#2063 = LINE('',#2064,#2065);
#2064 = CARTESIAN_POINT('',(-0.856904054326,9.009340455421,4.02));
#2065 = VECTOR('',#2066,1.);
#2066 = DIRECTION('',(0.995906110881,9.03936851174E-02,0.));
#2067 = PLANE('',#2068);
#2068 = AXIS2_PLACEMENT_3D('',#2069,#2070,#2071);
#2069 = CARTESIAN_POINT('',(-0.856904054326,9.009340455421,4.02));
#2070 = DIRECTION('',(-9.03936851174E-02,0.995906110881,0.));
#2071 = DIRECTION('',(0.995906110881,9.03936851174E-02,0.));
#2072 = ADVANCED_FACE('',(#2073),#2098,.F.);
#2073 = FACE_BOUND('',#2074,.F.);
#2074 = EDGE_LOOP('',(#2075,#2085,#2091,#2092));
#2075 = ORIENTED_EDGE('',*,*,#2076,.T.);
#2076 = EDGE_CURVE('',#2077,#2079,#2081,.T.);
#2077 = VERTEX_POINT('',#2078);
#2078 = CARTESIAN_POINT('',(-0.934537979641,9.001618674694,4.02));
#2079 = VERTEX_POINT('',#2080);
#2080 = CARTESIAN_POINT('',(-0.934537979641,9.001618674694,4.17));
#2081 = LINE('',#2082,#2083);
#2082 = CARTESIAN_POINT('',(-0.934537979641,9.001618674694,4.02));
#2083 = VECTOR('',#2084,1.);
#2084 = DIRECTION('',(0.,0.,1.));
#2085 = ORIENTED_EDGE('',*,*,#2086,.T.);
#2086 = EDGE_CURVE('',#2079,#2048,#2087,.T.);
#2087 = LINE('',#2088,#2089);
#2088 = CARTESIAN_POINT('',(-0.934537979641,9.001618674694,4.17));
#2089 = VECTOR('',#2090,1.);
#2090 = DIRECTION('',(0.995089858833,9.897561744539E-02,0.));
#2091 = ORIENTED_EDGE('',*,*,#2045,.F.);
#2092 = ORIENTED_EDGE('',*,*,#2093,.F.);
#2093 = EDGE_CURVE('',#2077,#2046,#2094,.T.);
#2094 = LINE('',#2095,#2096);
#2095 = CARTESIAN_POINT('',(-0.934537979641,9.001618674694,4.02));
#2096 = VECTOR('',#2097,1.);
#2097 = DIRECTION('',(0.995089858833,9.897561744539E-02,0.));
#2098 = PLANE('',#2099);
#2099 = AXIS2_PLACEMENT_3D('',#2100,#2101,#2102);
#2100 = CARTESIAN_POINT('',(-0.934537979641,9.001618674694,4.02));
#2101 = DIRECTION('',(-9.897561744539E-02,0.995089858833,0.));
#2102 = DIRECTION('',(0.995089858833,9.897561744539E-02,0.));
#2103 = ADVANCED_FACE('',(#2104),#2129,.F.);
#2104 = FACE_BOUND('',#2105,.F.);
#2105 = EDGE_LOOP('',(#2106,#2116,#2122,#2123));
#2106 = ORIENTED_EDGE('',*,*,#2107,.T.);
#2107 = EDGE_CURVE('',#2108,#2110,#2112,.T.);
#2108 = VERTEX_POINT('',#2109);
#2109 = CARTESIAN_POINT('',(-1.321777473968,12.731571164209,4.02));
#2110 = VERTEX_POINT('',#2111);
#2111 = CARTESIAN_POINT('',(-1.321777473968,12.731571164209,4.17));
#2112 = LINE('',#2113,#2114);
#2113 = CARTESIAN_POINT('',(-1.321777473968,12.731571164209,4.02));
#2114 = VECTOR('',#2115,1.);
#2115 = DIRECTION('',(0.,0.,1.));
#2116 = ORIENTED_EDGE('',*,*,#2117,.T.);
#2117 = EDGE_CURVE('',#2110,#2079,#2118,.T.);
#2118 = LINE('',#2119,#2120);
#2119 = CARTESIAN_POINT('',(-1.321777473968,12.731571164209,4.17));
#2120 = VECTOR('',#2121,1.);
#2121 = DIRECTION('',(0.103263865154,-0.994653997204,0.));
#2122 = ORIENTED_EDGE('',*,*,#2076,.F.);
#2123 = ORIENTED_EDGE('',*,*,#2124,.F.);
#2124 = EDGE_CURVE('',#2108,#2077,#2125,.T.);
#2125 = LINE('',#2126,#2127);
#2126 = CARTESIAN_POINT('',(-1.321777473968,12.731571164209,4.02));
#2127 = VECTOR('',#2128,1.);
#2128 = DIRECTION('',(0.103263865154,-0.994653997204,0.));
#2129 = PLANE('',#2130);
#2130 = AXIS2_PLACEMENT_3D('',#2131,#2132,#2133);
#2131 = CARTESIAN_POINT('',(-1.321777473968,12.731571164209,4.02));
#2132 = DIRECTION('',(0.994653997204,0.103263865154,-0.));
#2133 = DIRECTION('',(0.103263865154,-0.994653997204,0.));
#2134 = ADVANCED_FACE('',(#2135),#2160,.F.);
#2135 = FACE_BOUND('',#2136,.F.);
#2136 = EDGE_LOOP('',(#2137,#2147,#2153,#2154));
#2137 = ORIENTED_EDGE('',*,*,#2138,.T.);
#2138 = EDGE_CURVE('',#2139,#2141,#2143,.T.);
#2139 = VERTEX_POINT('',#2140);
#2140 = CARTESIAN_POINT('',(-1.211974795068,12.742492577833,4.02));
#2141 = VERTEX_POINT('',#2142);
#2142 = CARTESIAN_POINT('',(-1.211974795068,12.742492577833,4.17));
#2143 = LINE('',#2144,#2145);
#2144 = CARTESIAN_POINT('',(-1.211974795068,12.742492577833,4.02));
#2145 = VECTOR('',#2146,1.);
#2146 = DIRECTION('',(0.,0.,1.));
#2147 = ORIENTED_EDGE('',*,*,#2148,.T.);
#2148 = EDGE_CURVE('',#2141,#2110,#2149,.T.);
#2149 = LINE('',#2150,#2151);
#2150 = CARTESIAN_POINT('',(-1.211974795068,12.742492577833,4.17));
#2151 = VECTOR('',#2152,1.);
#2152 = DIRECTION('',(-0.995089858833,-9.897561744537E-02,0.));
#2153 = ORIENTED_EDGE('',*,*,#2107,.F.);
#2154 = ORIENTED_EDGE('',*,*,#2155,.F.);
#2155 = EDGE_CURVE('',#2139,#2108,#2156,.T.);
#2156 = LINE('',#2157,#2158);
#2157 = CARTESIAN_POINT('',(-1.211974795068,12.742492577833,4.02));
#2158 = VECTOR('',#2159,1.);
#2159 = DIRECTION('',(-0.995089858833,-9.897561744537E-02,0.));
#2160 = PLANE('',#2161);
#2161 = AXIS2_PLACEMENT_3D('',#2162,#2163,#2164);
#2162 = CARTESIAN_POINT('',(-1.211974795068,12.742492577833,4.02));
#2163 = DIRECTION('',(9.897561744537E-02,-0.995089858833,0.));
#2164 = DIRECTION('',(-0.995089858833,-9.897561744537E-02,0.));
#2165 = ADVANCED_FACE('',(#2166),#2191,.F.);
#2166 = FACE_BOUND('',#2167,.F.);
#2167 = EDGE_LOOP('',(#2168,#2178,#2184,#2185));
#2168 = ORIENTED_EDGE('',*,*,#2169,.T.);
#2169 = EDGE_CURVE('',#2170,#2172,#2174,.T.);
#2170 = VERTEX_POINT('',#2171);
#2171 = CARTESIAN_POINT('',(-1.102082047256,12.752467022546,4.02));
#2172 = VERTEX_POINT('',#2173);
#2173 = CARTESIAN_POINT('',(-1.102082047256,12.752467022546,4.17));
#2174 = LINE('',#2175,#2176);
#2175 = CARTESIAN_POINT('',(-1.102082047256,12.752467022546,4.02));
#2176 = VECTOR('',#2177,1.);
#2177 = DIRECTION('',(0.,0.,1.));
#2178 = ORIENTED_EDGE('',*,*,#2179,.T.);
#2179 = EDGE_CURVE('',#2172,#2141,#2180,.T.);
#2180 = LINE('',#2181,#2182);
#2181 = CARTESIAN_POINT('',(-1.102082047256,12.752467022546,4.17));
#2182 = VECTOR('',#2183,1.);
#2183 = DIRECTION('',(-0.995906110881,-9.039368511741E-02,0.));
#2184 = ORIENTED_EDGE('',*,*,#2138,.F.);
#2185 = ORIENTED_EDGE('',*,*,#2186,.F.);
#2186 = EDGE_CURVE('',#2170,#2139,#2187,.T.);
#2187 = LINE('',#2188,#2189);
#2188 = CARTESIAN_POINT('',(-1.102082047256,12.752467022546,4.02));
#2189 = VECTOR('',#2190,1.);
#2190 = DIRECTION('',(-0.995906110881,-9.039368511741E-02,0.));
#2191 = PLANE('',#2192);
#2192 = AXIS2_PLACEMENT_3D('',#2193,#2194,#2195);
#2193 = CARTESIAN_POINT('',(-1.102082047256,12.752467022546,4.02));
#2194 = DIRECTION('',(9.039368511741E-02,-0.995906110881,0.));
#2195 = DIRECTION('',(-0.995906110881,-9.039368511741E-02,0.));
#2196 = ADVANCED_FACE('',(#2197),#2222,.F.);
#2197 = FACE_BOUND('',#2198,.F.);
#2198 = EDGE_LOOP('',(#2199,#2209,#2215,#2216));
#2199 = ORIENTED_EDGE('',*,*,#2200,.T.);
#2200 = EDGE_CURVE('',#2201,#2203,#2205,.T.);
#2201 = VERTEX_POINT('',#2202);
#2202 = CARTESIAN_POINT('',(-0.992107397302,12.761493757089,4.02));
#2203 = VERTEX_POINT('',#2204);
#2204 = CARTESIAN_POINT('',(-0.992107397302,12.761493757089,4.17));
#2205 = LINE('',#2206,#2207);
#2206 = CARTESIAN_POINT('',(-0.992107397302,12.761493757089,4.02));
#2207 = VECTOR('',#2208,1.);
#2208 = DIRECTION('',(0.,0.,1.));
#2209 = ORIENTED_EDGE('',*,*,#2210,.T.);
#2210 = EDGE_CURVE('',#2203,#2172,#2211,.T.);
#2211 = LINE('',#2212,#2213);
#2212 = CARTESIAN_POINT('',(-0.992107397302,12.761493757089,4.17));
#2213 = VECTOR('',#2214,1.);
#2214 = DIRECTION('',(-0.996648351341,-8.180503510768E-02,0.));
#2215 = ORIENTED_EDGE('',*,*,#2169,.F.);
#2216 = ORIENTED_EDGE('',*,*,#2217,.F.);
#2217 = EDGE_CURVE('',#2201,#2170,#2218,.T.);
#2218 = LINE('',#2219,#2220);
#2219 = CARTESIAN_POINT('',(-0.992107397302,12.761493757089,4.02));
#2220 = VECTOR('',#2221,1.);
#2221 = DIRECTION('',(-0.996648351341,-8.180503510768E-02,0.));
#2222 = PLANE('',#2223);
#2223 = AXIS2_PLACEMENT_3D('',#2224,#2225,#2226);
#2224 = CARTESIAN_POINT('',(-0.992107397302,12.761493757089,4.02));
#2225 = DIRECTION('',(8.180503510768E-02,-0.996648351341,0.));
#2226 = DIRECTION('',(-0.996648351341,-8.180503510768E-02,0.));
#2227 = ADVANCED_FACE('',(#2228),#2253,.F.);
#2228 = FACE_BOUND('',#2229,.F.);
#2229 = EDGE_LOOP('',(#2230,#2240,#2246,#2247));
#2230 = ORIENTED_EDGE('',*,*,#2231,.T.);
#2231 = EDGE_CURVE('',#2232,#2234,#2236,.T.);
#2232 = VERTEX_POINT('',#2233);
#2233 = CARTESIAN_POINT('',(-0.882059018063,12.769572110633,4.02));
#2234 = VERTEX_POINT('',#2235);
#2235 = CARTESIAN_POINT('',(-0.882059018063,12.769572110633,4.17));
#2236 = LINE('',#2237,#2238);
#2237 = CARTESIAN_POINT('',(-0.882059018063,12.769572110633,4.02));
#2238 = VECTOR('',#2239,1.);
#2239 = DIRECTION('',(0.,0.,1.));
#2240 = ORIENTED_EDGE('',*,*,#2241,.T.);
#2241 = EDGE_CURVE('',#2234,#2203,#2242,.T.);
#2242 = LINE('',#2243,#2244);
#2243 = CARTESIAN_POINT('',(-0.882059018063,12.769572110633,4.17));
#2244 = VECTOR('',#2245,1.);
#2245 = DIRECTION('',(-0.997316525052,-7.321030568892E-02,0.));
#2246 = ORIENTED_EDGE('',*,*,#2200,.F.);
#2247 = ORIENTED_EDGE('',*,*,#2248,.F.);
#2248 = EDGE_CURVE('',#2232,#2201,#2249,.T.);
#2249 = LINE('',#2250,#2251);
#2250 = CARTESIAN_POINT('',(-0.882059018063,12.769572110633,4.02));
#2251 = VECTOR('',#2252,1.);
#2252 = DIRECTION('',(-0.997316525052,-7.321030568892E-02,0.));
#2253 = PLANE('',#2254);
#2254 = AXIS2_PLACEMENT_3D('',#2255,#2256,#2257);
#2255 = CARTESIAN_POINT('',(-0.882059018063,12.769572110633,4.02));
#2256 = DIRECTION('',(7.321030568892E-02,-0.997316525052,0.));
#2257 = DIRECTION('',(-0.997316525052,-7.321030568892E-02,0.));
#2258 = ADVANCED_FACE('',(#2259),#2284,.F.);
#2259 = FACE_BOUND('',#2260,.F.);
#2260 = EDGE_LOOP('',(#2261,#2271,#2277,#2278));
#2261 = ORIENTED_EDGE('',*,*,#2262,.T.);
#2262 = EDGE_CURVE('',#2263,#2265,#2267,.T.);
#2263 = VERTEX_POINT('',#2264);
#2264 = CARTESIAN_POINT('',(-0.771945087876,12.776701482828,4.02));
#2265 = VERTEX_POINT('',#2266);
#2266 = CARTESIAN_POINT('',(-0.771945087876,12.776701482828,4.17));
#2267 = LINE('',#2268,#2269);
#2268 = CARTESIAN_POINT('',(-0.771945087876,12.776701482828,4.02));
#2269 = VECTOR('',#2270,1.);
#2270 = DIRECTION('',(0.,0.,1.));
#2271 = ORIENTED_EDGE('',*,*,#2272,.T.);
#2272 = EDGE_CURVE('',#2265,#2234,#2273,.T.);
#2273 = LINE('',#2274,#2275);
#2274 = CARTESIAN_POINT('',(-0.771945087876,12.776701482828,4.17));
#2275 = VECTOR('',#2276,1.);
#2276 = DIRECTION('',(-0.997910582357,-6.461013558549E-02,0.));
#2277 = ORIENTED_EDGE('',*,*,#2231,.F.);
#2278 = ORIENTED_EDGE('',*,*,#2279,.F.);
#2279 = EDGE_CURVE('',#2263,#2232,#2280,.T.);
#2280 = LINE('',#2281,#2282);
#2281 = CARTESIAN_POINT('',(-0.771945087876,12.776701482828,4.02));
#2282 = VECTOR('',#2283,1.);
#2283 = DIRECTION('',(-0.997910582357,-6.461013558549E-02,0.));
#2284 = PLANE('',#2285);
#2285 = AXIS2_PLACEMENT_3D('',#2286,#2287,#2288);
#2286 = CARTESIAN_POINT('',(-0.771945087876,12.776701482828,4.02));
#2287 = DIRECTION('',(6.461013558549E-02,-0.997910582357,0.));
#2288 = DIRECTION('',(-0.997910582357,-6.461013558549E-02,0.));
#2289 = ADVANCED_FACE('',(#2290),#2315,.F.);
#2290 = FACE_BOUND('',#2291,.F.);
#2291 = EDGE_LOOP('',(#2292,#2302,#2308,#2309));
#2292 = ORIENTED_EDGE('',*,*,#2293,.T.);
#2293 = EDGE_CURVE('',#2294,#2296,#2298,.T.);
#2294 = VERTEX_POINT('',#2295);
#2295 = CARTESIAN_POINT('',(-0.661773789949,12.78288134385,4.02));
#2296 = VERTEX_POINT('',#2297);
#2297 = CARTESIAN_POINT('',(-0.661773789949,12.78288134385,4.17));
#2298 = LINE('',#2299,#2300);
#2299 = CARTESIAN_POINT('',(-0.661773789949,12.78288134385,4.02));
#2300 = VECTOR('',#2301,1.);
#2301 = DIRECTION('',(0.,0.,1.));
#2302 = ORIENTED_EDGE('',*,*,#2303,.T.);
#2303 = EDGE_CURVE('',#2296,#2265,#2304,.T.);
#2304 = LINE('',#2305,#2306);
#2305 = CARTESIAN_POINT('',(-0.661773789949,12.78288134385,4.17));
#2306 = VECTOR('',#2307,1.);
#2307 = DIRECTION('',(-0.998430479109,-5.600516392626E-02,0.));
#2308 = ORIENTED_EDGE('',*,*,#2262,.F.);
#2309 = ORIENTED_EDGE('',*,*,#2310,.F.);
#2310 = EDGE_CURVE('',#2294,#2263,#2311,.T.);
#2311 = LINE('',#2312,#2313);
#2312 = CARTESIAN_POINT('',(-0.661773789949,12.78288134385,4.02));
#2313 = VECTOR('',#2314,1.);
#2314 = DIRECTION('',(-0.998430479109,-5.600516392626E-02,0.));
#2315 = PLANE('',#2316);
#2316 = AXIS2_PLACEMENT_3D('',#2317,#2318,#2319);
#2317 = CARTESIAN_POINT('',(-0.661773789949,12.78288134385,4.02));
#2318 = DIRECTION('',(5.600516392626E-02,-0.998430479109,0.));
#2319 = DIRECTION('',(-0.998430479109,-5.600516392626E-02,0.));
#2320 = ADVANCED_FACE('',(#2321),#2346,.F.);
#2321 = FACE_BOUND('',#2322,.F.);
#2322 = EDGE_LOOP('',(#2323,#2333,#2339,#2340));
#2323 = ORIENTED_EDGE('',*,*,#2324,.T.);
#2324 = EDGE_CURVE('',#2325,#2327,#2329,.T.);
#2325 = VERTEX_POINT('',#2326);
#2326 = CARTESIAN_POINT('',(-0.551553311754,12.788111234435,4.02));
#2327 = VERTEX_POINT('',#2328);
#2328 = CARTESIAN_POINT('',(-0.551553311754,12.788111234435,4.17));
#2329 = LINE('',#2330,#2331);
#2330 = CARTESIAN_POINT('',(-0.551553311754,12.788111234435,4.02));
#2331 = VECTOR('',#2332,1.);
#2332 = DIRECTION('',(0.,0.,1.));
#2333 = ORIENTED_EDGE('',*,*,#2334,.T.);
#2334 = EDGE_CURVE('',#2327,#2296,#2335,.T.);
#2335 = LINE('',#2336,#2337);
#2336 = CARTESIAN_POINT('',(-0.551553311754,12.788111234435,4.17));
#2337 = VECTOR('',#2338,1.);
#2338 = DIRECTION('',(-0.998876176671,-4.739603019677E-02,0.));
#2339 = ORIENTED_EDGE('',*,*,#2293,.F.);
#2340 = ORIENTED_EDGE('',*,*,#2341,.F.);
#2341 = EDGE_CURVE('',#2325,#2294,#2342,.T.);
#2342 = LINE('',#2343,#2344);
#2343 = CARTESIAN_POINT('',(-0.551553311754,12.788111234435,4.02));
#2344 = VECTOR('',#2345,1.);
#2345 = DIRECTION('',(-0.998876176671,-4.739603019677E-02,0.));
#2346 = PLANE('',#2347);
#2347 = AXIS2_PLACEMENT_3D('',#2348,#2349,#2350);
#2348 = CARTESIAN_POINT('',(-0.551553311754,12.788111234435,4.02));
#2349 = DIRECTION('',(4.739603019677E-02,-0.998876176671,0.));
#2350 = DIRECTION('',(-0.998876176671,-4.739603019677E-02,0.));
#2351 = ADVANCED_FACE('',(#2352),#2377,.F.);
#2352 = FACE_BOUND('',#2353,.F.);
#2353 = EDGE_LOOP('',(#2354,#2364,#2370,#2371));
#2354 = ORIENTED_EDGE('',*,*,#2355,.T.);
#2355 = EDGE_CURVE('',#2356,#2358,#2360,.T.);
#2356 = VERTEX_POINT('',#2357);
#2357 = CARTESIAN_POINT('',(-0.441291844417,12.792390765922,4.02));
#2358 = VERTEX_POINT('',#2359);
#2359 = CARTESIAN_POINT('',(-0.441291844417,12.792390765922,4.17));
#2360 = LINE('',#2361,#2362);
#2361 = CARTESIAN_POINT('',(-0.441291844417,12.792390765922,4.02));
#2362 = VECTOR('',#2363,1.);
#2363 = DIRECTION('',(0.,0.,1.));
#2364 = ORIENTED_EDGE('',*,*,#2365,.T.);
#2365 = EDGE_CURVE('',#2358,#2327,#2366,.T.);
#2366 = LINE('',#2367,#2368);
#2367 = CARTESIAN_POINT('',(-0.441291844417,12.792390765922,4.17));
#2368 = VECTOR('',#2369,1.);
#2369 = DIRECTION('',(-0.999247641922,-3.878337419197E-02,0.));
#2370 = ORIENTED_EDGE('',*,*,#2324,.F.);
#2371 = ORIENTED_EDGE('',*,*,#2372,.F.);
#2372 = EDGE_CURVE('',#2356,#2325,#2373,.T.);
#2373 = LINE('',#2374,#2375);
#2374 = CARTESIAN_POINT('',(-0.441291844417,12.792390765922,4.02));
#2375 = VECTOR('',#2376,1.);
#2376 = DIRECTION('',(-0.999247641922,-3.878337419197E-02,0.));
#2377 = PLANE('',#2378);
#2378 = AXIS2_PLACEMENT_3D('',#2379,#2380,#2381);
#2379 = CARTESIAN_POINT('',(-0.441291844417,12.792390765922,4.02));
#2380 = DIRECTION('',(3.878337419197E-02,-0.999247641922,0.));
#2381 = DIRECTION('',(-0.999247641922,-3.878337419197E-02,0.));
#2382 = ADVANCED_FACE('',(#2383),#2408,.F.);
#2383 = FACE_BOUND('',#2384,.F.);
#2384 = EDGE_LOOP('',(#2385,#2395,#2401,#2402));
#2385 = ORIENTED_EDGE('',*,*,#2386,.T.);
#2386 = EDGE_CURVE('',#2387,#2389,#2391,.T.);
#2387 = VERTEX_POINT('',#2388);
#2388 = CARTESIAN_POINT('',(-0.330997582111,12.795719620273,4.02));
#2389 = VERTEX_POINT('',#2390);
#2390 = CARTESIAN_POINT('',(-0.330997582111,12.795719620273,4.17));
#2391 = LINE('',#2392,#2393);
#2392 = CARTESIAN_POINT('',(-0.330997582111,12.795719620273,4.02));
#2393 = VECTOR('',#2394,1.);
#2394 = DIRECTION('',(0.,0.,1.));
#2395 = ORIENTED_EDGE('',*,*,#2396,.T.);
#2396 = EDGE_CURVE('',#2389,#2358,#2397,.T.);
#2397 = LINE('',#2398,#2399);
#2398 = CARTESIAN_POINT('',(-0.330997582111,12.795719620273,4.17));
#2399 = VECTOR('',#2400,1.);
#2400 = DIRECTION('',(-0.999544847254,-3.016783596852E-02,0.));
#2401 = ORIENTED_EDGE('',*,*,#2355,.F.);
#2402 = ORIENTED_EDGE('',*,*,#2403,.F.);
#2403 = EDGE_CURVE('',#2387,#2356,#2404,.T.);
#2404 = LINE('',#2405,#2406);
#2405 = CARTESIAN_POINT('',(-0.330997582111,12.795719620273,4.02));
#2406 = VECTOR('',#2407,1.);
#2407 = DIRECTION('',(-0.999544847254,-3.016783596852E-02,0.));
#2408 = PLANE('',#2409);
#2409 = AXIS2_PLACEMENT_3D('',#2410,#2411,#2412);
#2410 = CARTESIAN_POINT('',(-0.330997582111,12.795719620273,4.02));
#2411 = DIRECTION('',(3.016783596852E-02,-0.999544847254,0.));
#2412 = DIRECTION('',(-0.999544847254,-3.016783596852E-02,0.));
#2413 = ADVANCED_FACE('',(#2414),#2439,.F.);
#2414 = FACE_BOUND('',#2415,.F.);
#2415 = EDGE_LOOP('',(#2416,#2426,#2432,#2433));
#2416 = ORIENTED_EDGE('',*,*,#2417,.T.);
#2417 = EDGE_CURVE('',#2418,#2420,#2422,.T.);
#2418 = VERTEX_POINT('',#2419);
#2419 = CARTESIAN_POINT('',(-0.220678721444,12.798097550101,4.02));
#2420 = VERTEX_POINT('',#2421);
#2421 = CARTESIAN_POINT('',(-0.220678721444,12.798097550101,4.17));
#2422 = LINE('',#2423,#2424);
#2423 = CARTESIAN_POINT('',(-0.220678721444,12.798097550101,4.02));
#2424 = VECTOR('',#2425,1.);
#2425 = DIRECTION('',(0.,0.,1.));
#2426 = ORIENTED_EDGE('',*,*,#2427,.T.);
#2427 = EDGE_CURVE('',#2420,#2389,#2428,.T.);
#2428 = LINE('',#2429,#2430);
#2429 = CARTESIAN_POINT('',(-0.220678721444,12.798097550101,4.17));
#2430 = VECTOR('',#2431,1.);
#2431 = DIRECTION('',(-0.999767770582,-2.155005579733E-02,0.));
#2432 = ORIENTED_EDGE('',*,*,#2386,.F.);
#2433 = ORIENTED_EDGE('',*,*,#2434,.F.);
#2434 = EDGE_CURVE('',#2418,#2387,#2435,.T.);
#2435 = LINE('',#2436,#2437);
#2436 = CARTESIAN_POINT('',(-0.220678721444,12.798097550101,4.02));
#2437 = VECTOR('',#2438,1.);
#2438 = DIRECTION('',(-0.999767770582,-2.155005579733E-02,0.));
#2439 = PLANE('',#2440);
#2440 = AXIS2_PLACEMENT_3D('',#2441,#2442,#2443);
#2441 = CARTESIAN_POINT('',(-0.220678721444,12.798097550101,4.02));
#2442 = DIRECTION('',(2.155005579733E-02,-0.999767770582,0.));
#2443 = DIRECTION('',(-0.999767770582,-2.155005579733E-02,0.));
#2444 = ADVANCED_FACE('',(#2445),#2470,.F.);
#2445 = FACE_BOUND('',#2446,.F.);
#2446 = EDGE_LOOP('',(#2447,#2457,#2463,#2464));
#2447 = ORIENTED_EDGE('',*,*,#2448,.T.);
#2448 = EDGE_CURVE('',#2449,#2451,#2453,.T.);
#2449 = VERTEX_POINT('',#2450);
#2450 = CARTESIAN_POINT('',(-0.110343460855,12.799524378689,4.02));
#2451 = VERTEX_POINT('',#2452);
#2452 = CARTESIAN_POINT('',(-0.110343460855,12.799524378689,4.17));
#2453 = LINE('',#2454,#2455);
#2454 = CARTESIAN_POINT('',(-0.110343460855,12.799524378689,4.02));
#2455 = VECTOR('',#2456,1.);
#2456 = DIRECTION('',(0.,0.,1.));
#2457 = ORIENTED_EDGE('',*,*,#2458,.T.);
#2458 = EDGE_CURVE('',#2451,#2420,#2459,.T.);
#2459 = LINE('',#2460,#2461);
#2460 = CARTESIAN_POINT('',(-0.110343460855,12.799524378689,4.17));
#2461 = VECTOR('',#2462,1.);
#2462 = DIRECTION('',(-0.999916395339,-1.293067411582E-02,0.));
#2463 = ORIENTED_EDGE('',*,*,#2417,.F.);
#2464 = ORIENTED_EDGE('',*,*,#2465,.F.);
#2465 = EDGE_CURVE('',#2449,#2418,#2466,.T.);
#2466 = LINE('',#2467,#2468);
#2467 = CARTESIAN_POINT('',(-0.110343460855,12.799524378689,4.02));
#2468 = VECTOR('',#2469,1.);
#2469 = DIRECTION('',(-0.999916395339,-1.293067411582E-02,0.));
#2470 = PLANE('',#2471);
#2471 = AXIS2_PLACEMENT_3D('',#2472,#2473,#2474);
#2472 = CARTESIAN_POINT('',(-0.110343460855,12.799524378689,4.02));
#2473 = DIRECTION('',(1.293067411582E-02,-0.999916395339,0.));
#2474 = DIRECTION('',(-0.999916395339,-1.293067411582E-02,0.));
#2475 = ADVANCED_FACE('',(#2476),#2501,.F.);
#2476 = FACE_BOUND('',#2477,.F.);
#2477 = EDGE_LOOP('',(#2478,#2488,#2494,#2495));
#2478 = ORIENTED_EDGE('',*,*,#2479,.T.);
#2479 = EDGE_CURVE('',#2480,#2482,#2484,.T.);
#2480 = VERTEX_POINT('',#2481);
#2481 = CARTESIAN_POINT('',(7.837739514543E-16,12.8,4.02));
#2482 = VERTEX_POINT('',#2483);
#2483 = CARTESIAN_POINT('',(7.837739514543E-16,12.8,4.17));
#2484 = LINE('',#2485,#2486);
#2485 = CARTESIAN_POINT('',(7.837739514543E-16,12.8,4.02));
#2486 = VECTOR('',#2487,1.);
#2487 = DIRECTION('',(0.,0.,1.));
#2488 = ORIENTED_EDGE('',*,*,#2489,.T.);
#2489 = EDGE_CURVE('',#2482,#2451,#2490,.T.);
#2490 = LINE('',#2491,#2492);
#2491 = CARTESIAN_POINT('',(7.837739514543E-16,12.8,4.17));
#2492 = VECTOR('',#2493,1.);
#2493 = DIRECTION('',(-0.999990710478,-4.310331480565E-03,0.));
#2494 = ORIENTED_EDGE('',*,*,#2448,.F.);
#2495 = ORIENTED_EDGE('',*,*,#2496,.F.);
#2496 = EDGE_CURVE('',#2480,#2449,#2497,.T.);
#2497 = LINE('',#2498,#2499);
#2498 = CARTESIAN_POINT('',(7.837739514543E-16,12.8,4.02));
#2499 = VECTOR('',#2500,1.);
#2500 = DIRECTION('',(-0.999990710478,-4.310331480565E-03,0.));
#2501 = PLANE('',#2502);
#2502 = AXIS2_PLACEMENT_3D('',#2503,#2504,#2505);
#2503 = CARTESIAN_POINT('',(7.837739514543E-16,12.8,4.02));
#2504 = DIRECTION('',(4.310331480565E-03,-0.999990710478,0.));
#2505 = DIRECTION('',(-0.999990710478,-4.310331480565E-03,0.));
#2506 = ADVANCED_FACE('',(#2507),#2532,.F.);
#2507 = FACE_BOUND('',#2508,.F.);
#2508 = EDGE_LOOP('',(#2509,#2519,#2525,#2526));
#2509 = ORIENTED_EDGE('',*,*,#2510,.T.);
#2510 = EDGE_CURVE('',#2511,#2513,#2515,.T.);
#2511 = VERTEX_POINT('',#2512);
#2512 = CARTESIAN_POINT('',(0.110343460855,12.799524378689,4.02));
#2513 = VERTEX_POINT('',#2514);
#2514 = CARTESIAN_POINT('',(0.110343460855,12.799524378689,4.17));
#2515 = LINE('',#2516,#2517);
#2516 = CARTESIAN_POINT('',(0.110343460855,12.799524378689,4.02));
#2517 = VECTOR('',#2518,1.);
#2518 = DIRECTION('',(0.,0.,1.));
#2519 = ORIENTED_EDGE('',*,*,#2520,.T.);
#2520 = EDGE_CURVE('',#2513,#2482,#2521,.T.);
#2521 = LINE('',#2522,#2523);
#2522 = CARTESIAN_POINT('',(0.110343460855,12.799524378689,4.17));
#2523 = VECTOR('',#2524,1.);
#2524 = DIRECTION('',(-0.999990710478,4.310331480565E-03,0.));
#2525 = ORIENTED_EDGE('',*,*,#2479,.F.);
#2526 = ORIENTED_EDGE('',*,*,#2527,.F.);
#2527 = EDGE_CURVE('',#2511,#2480,#2528,.T.);
#2528 = LINE('',#2529,#2530);
#2529 = CARTESIAN_POINT('',(0.110343460855,12.799524378689,4.02));
#2530 = VECTOR('',#2531,1.);
#2531 = DIRECTION('',(-0.999990710478,4.310331480565E-03,0.));
#2532 = PLANE('',#2533);
#2533 = AXIS2_PLACEMENT_3D('',#2534,#2535,#2536);
#2534 = CARTESIAN_POINT('',(0.110343460855,12.799524378689,4.02));
#2535 = DIRECTION('',(-4.310331480565E-03,-0.999990710478,0.));
#2536 = DIRECTION('',(-0.999990710478,4.310331480565E-03,0.));
#2537 = ADVANCED_FACE('',(#2538),#2563,.F.);
#2538 = FACE_BOUND('',#2539,.F.);
#2539 = EDGE_LOOP('',(#2540,#2550,#2556,#2557));
#2540 = ORIENTED_EDGE('',*,*,#2541,.T.);
#2541 = EDGE_CURVE('',#2542,#2544,#2546,.T.);
#2542 = VERTEX_POINT('',#2543);
#2543 = CARTESIAN_POINT('',(0.220678721444,12.798097550101,4.02));
#2544 = VERTEX_POINT('',#2545);
#2545 = CARTESIAN_POINT('',(0.220678721444,12.798097550101,4.17));
#2546 = LINE('',#2547,#2548);
#2547 = CARTESIAN_POINT('',(0.220678721444,12.798097550101,4.02));
#2548 = VECTOR('',#2549,1.);
#2549 = DIRECTION('',(0.,0.,1.));
#2550 = ORIENTED_EDGE('',*,*,#2551,.T.);
#2551 = EDGE_CURVE('',#2544,#2513,#2552,.T.);
#2552 = LINE('',#2553,#2554);
#2553 = CARTESIAN_POINT('',(0.220678721444,12.798097550101,4.17));
#2554 = VECTOR('',#2555,1.);
#2555 = DIRECTION('',(-0.999916395339,1.293067411582E-02,0.));
#2556 = ORIENTED_EDGE('',*,*,#2510,.F.);
#2557 = ORIENTED_EDGE('',*,*,#2558,.F.);
#2558 = EDGE_CURVE('',#2542,#2511,#2559,.T.);
#2559 = LINE('',#2560,#2561);
#2560 = CARTESIAN_POINT('',(0.220678721444,12.798097550101,4.02));
#2561 = VECTOR('',#2562,1.);
#2562 = DIRECTION('',(-0.999916395339,1.293067411582E-02,0.));
#2563 = PLANE('',#2564);
#2564 = AXIS2_PLACEMENT_3D('',#2565,#2566,#2567);
#2565 = CARTESIAN_POINT('',(0.220678721444,12.798097550101,4.02));
#2566 = DIRECTION('',(-1.293067411582E-02,-0.999916395339,0.));
#2567 = DIRECTION('',(-0.999916395339,1.293067411582E-02,0.));
#2568 = ADVANCED_FACE('',(#2569),#2594,.F.);
#2569 = FACE_BOUND('',#2570,.F.);
#2570 = EDGE_LOOP('',(#2571,#2579,#2587,#2593));
#2571 = ORIENTED_EDGE('',*,*,#2572,.F.);
#2572 = EDGE_CURVE('',#2573,#2542,#2575,.T.);
#2573 = VERTEX_POINT('',#2574);
#2574 = CARTESIAN_POINT('',(0.268101395336,12.797075351448,4.02));
#2575 = LINE('',#2576,#2577);
#2576 = CARTESIAN_POINT('',(0.330997582111,12.795719620273,4.02));
#2577 = VECTOR('',#2578,1.);
#2578 = DIRECTION('',(-0.999767770582,2.155005579733E-02,0.));
#2579 = ORIENTED_EDGE('',*,*,#2580,.F.);
#2580 = EDGE_CURVE('',#2581,#2573,#2583,.T.);
#2581 = VERTEX_POINT('',#2582);
#2582 = CARTESIAN_POINT('',(0.268101395336,12.797075351448,4.17));
#2583 = LINE('',#2584,#2585);
#2584 = CARTESIAN_POINT('',(0.268101395336,12.797075351448,4.02));
#2585 = VECTOR('',#2586,1.);
#2586 = DIRECTION('',(0.,0.,-1.));
#2587 = ORIENTED_EDGE('',*,*,#2588,.T.);
#2588 = EDGE_CURVE('',#2581,#2544,#2589,.T.);
#2589 = LINE('',#2590,#2591);
#2590 = CARTESIAN_POINT('',(0.330997582111,12.795719620273,4.17));
#2591 = VECTOR('',#2592,1.);
#2592 = DIRECTION('',(-0.999767770582,2.155005579733E-02,0.));
#2593 = ORIENTED_EDGE('',*,*,#2541,.F.);
#2594 = PLANE('',#2595);
#2595 = AXIS2_PLACEMENT_3D('',#2596,#2597,#2598);
#2596 = CARTESIAN_POINT('',(0.330997582111,12.795719620273,4.02));
#2597 = DIRECTION('',(-2.155005579733E-02,-0.999767770582,0.));
#2598 = DIRECTION('',(-0.999767770582,2.155005579733E-02,0.));
#2599 = ADVANCED_FACE('',(#2600),#2625,.F.);
#2600 = FACE_BOUND('',#2601,.F.);
#2601 = EDGE_LOOP('',(#2602,#2610,#2618,#2624));
#2602 = ORIENTED_EDGE('',*,*,#2603,.F.);
#2603 = EDGE_CURVE('',#2604,#2573,#2606,.T.);
#2604 = VERTEX_POINT('',#2605);
#2605 = CARTESIAN_POINT('',(0.279230528442,12.796953946623,4.02));
#2606 = LINE('',#2607,#2608);
#2607 = CARTESIAN_POINT('',(0.279230528442,12.796953946623,4.02));
#2608 = VECTOR('',#2609,1.);
#2609 = DIRECTION('',(-0.999940505,1.090809149418E-02,0.));
#2610 = ORIENTED_EDGE('',*,*,#2611,.T.);
#2611 = EDGE_CURVE('',#2604,#2612,#2614,.T.);
#2612 = VERTEX_POINT('',#2613);
#2613 = CARTESIAN_POINT('',(0.279230528442,12.796953946623,4.17));
#2614 = LINE('',#2615,#2616);
#2615 = CARTESIAN_POINT('',(0.279230528442,12.796953946623,4.02));
#2616 = VECTOR('',#2617,1.);
#2617 = DIRECTION('',(0.,0.,1.));
#2618 = ORIENTED_EDGE('',*,*,#2619,.T.);
#2619 = EDGE_CURVE('',#2612,#2581,#2620,.T.);
#2620 = LINE('',#2621,#2622);
#2621 = CARTESIAN_POINT('',(0.279230528442,12.796953946623,4.17));
#2622 = VECTOR('',#2623,1.);
#2623 = DIRECTION('',(-0.999940505,1.090809149418E-02,0.));
#2624 = ORIENTED_EDGE('',*,*,#2580,.T.);
#2625 = PLANE('',#2626);
#2626 = AXIS2_PLACEMENT_3D('',#2627,#2628,#2629);
#2627 = CARTESIAN_POINT('',(0.279230528442,12.796953946623,4.02));
#2628 = DIRECTION('',(-1.090809149418E-02,-0.999940505,0.));
#2629 = DIRECTION('',(-0.999940505,1.090809149418E-02,0.));
#2630 = ADVANCED_FACE('',(#2631),#2656,.F.);
#2631 = FACE_BOUND('',#2632,.F.);
#2632 = EDGE_LOOP('',(#2633,#2641,#2649,#2655));
#2633 = ORIENTED_EDGE('',*,*,#2634,.F.);
#2634 = EDGE_CURVE('',#2635,#2604,#2637,.T.);
#2635 = VERTEX_POINT('',#2636);
#2636 = CARTESIAN_POINT('',(0.289826942649,12.796607055939,4.02));
#2637 = LINE('',#2638,#2639);
#2638 = CARTESIAN_POINT('',(0.558328158276,12.787817236248,4.02));
#2639 = VECTOR('',#2640,1.);
#2640 = DIRECTION('',(-0.999464587476,3.271908282177E-02,0.));
#2641 = ORIENTED_EDGE('',*,*,#2642,.T.);
#2642 = EDGE_CURVE('',#2635,#2643,#2645,.T.);
#2643 = VERTEX_POINT('',#2644);
#2644 = CARTESIAN_POINT('',(0.289826942649,12.796607055939,4.17));
#2645 = LINE('',#2646,#2647);
#2646 = CARTESIAN_POINT('',(0.289826942648,12.796607055939,4.02));
#2647 = VECTOR('',#2648,1.);
#2648 = DIRECTION('',(0.,0.,1.));
#2649 = ORIENTED_EDGE('',*,*,#2650,.T.);
#2650 = EDGE_CURVE('',#2643,#2612,#2651,.T.);
#2651 = LINE('',#2652,#2653);
#2652 = CARTESIAN_POINT('',(0.558328158276,12.787817236248,4.17));
#2653 = VECTOR('',#2654,1.);
#2654 = DIRECTION('',(-0.999464587476,3.271908282177E-02,0.));
#2655 = ORIENTED_EDGE('',*,*,#2611,.F.);
#2656 = PLANE('',#2657);
#2657 = AXIS2_PLACEMENT_3D('',#2658,#2659,#2660);
#2658 = CARTESIAN_POINT('',(0.558328158276,12.787817236248,4.02));
#2659 = DIRECTION('',(-3.271908282177E-02,-0.999464587476,0.));
#2660 = DIRECTION('',(-0.999464587476,3.271908282177E-02,0.));
#2661 = ADVANCED_FACE('',(#2662),#2687,.F.);
#2662 = FACE_BOUND('',#2663,.F.);
#2663 = EDGE_LOOP('',(#2664,#2672,#2680,#2686));
#2664 = ORIENTED_EDGE('',*,*,#2665,.F.);
#2665 = EDGE_CURVE('',#2666,#2635,#2668,.T.);
#2666 = VERTEX_POINT('',#2667);
#2667 = CARTESIAN_POINT('',(0.330997582111,12.795719620273,4.02));
#2668 = LINE('',#2669,#2670);
#2669 = CARTESIAN_POINT('',(0.330997582111,12.795719620273,4.02));
#2670 = VECTOR('',#2671,1.);
#2671 = DIRECTION('',(-0.999767770582,2.155005579733E-02,0.));
#2672 = ORIENTED_EDGE('',*,*,#2673,.T.);
#2673 = EDGE_CURVE('',#2666,#2674,#2676,.T.);
#2674 = VERTEX_POINT('',#2675);
#2675 = CARTESIAN_POINT('',(0.330997582111,12.795719620273,4.17));
#2676 = LINE('',#2677,#2678);
#2677 = CARTESIAN_POINT('',(0.330997582111,12.795719620273,4.02));
#2678 = VECTOR('',#2679,1.);
#2679 = DIRECTION('',(0.,0.,1.));
#2680 = ORIENTED_EDGE('',*,*,#2681,.T.);
#2681 = EDGE_CURVE('',#2674,#2643,#2682,.T.);
#2682 = LINE('',#2683,#2684);
#2683 = CARTESIAN_POINT('',(0.330997582111,12.795719620273,4.17));
#2684 = VECTOR('',#2685,1.);
#2685 = DIRECTION('',(-0.999767770582,2.155005579733E-02,0.));
#2686 = ORIENTED_EDGE('',*,*,#2642,.F.);
#2687 = PLANE('',#2688);
#2688 = AXIS2_PLACEMENT_3D('',#2689,#2690,#2691);
#2689 = CARTESIAN_POINT('',(0.330997582111,12.795719620273,4.02));
#2690 = DIRECTION('',(-2.155005579733E-02,-0.999767770582,0.));
#2691 = DIRECTION('',(-0.999767770582,2.155005579733E-02,0.));
#2692 = ADVANCED_FACE('',(#2693),#2718,.F.);
#2693 = FACE_BOUND('',#2694,.F.);
#2694 = EDGE_LOOP('',(#2695,#2705,#2711,#2712));
#2695 = ORIENTED_EDGE('',*,*,#2696,.T.);
#2696 = EDGE_CURVE('',#2697,#2699,#2701,.T.);
#2697 = VERTEX_POINT('',#2698);
#2698 = CARTESIAN_POINT('',(0.441291844417,12.792390765922,4.02));
#2699 = VERTEX_POINT('',#2700);
#2700 = CARTESIAN_POINT('',(0.441291844417,12.792390765922,4.17));
#2701 = LINE('',#2702,#2703);
#2702 = CARTESIAN_POINT('',(0.441291844417,12.792390765922,4.02));
#2703 = VECTOR('',#2704,1.);
#2704 = DIRECTION('',(0.,0.,1.));
#2705 = ORIENTED_EDGE('',*,*,#2706,.T.);
#2706 = EDGE_CURVE('',#2699,#2674,#2707,.T.);
#2707 = LINE('',#2708,#2709);
#2708 = CARTESIAN_POINT('',(0.441291844417,12.792390765922,4.17));
#2709 = VECTOR('',#2710,1.);
#2710 = DIRECTION('',(-0.999544847254,3.016783596852E-02,0.));
#2711 = ORIENTED_EDGE('',*,*,#2673,.F.);
#2712 = ORIENTED_EDGE('',*,*,#2713,.F.);
#2713 = EDGE_CURVE('',#2697,#2666,#2714,.T.);
#2714 = LINE('',#2715,#2716);
#2715 = CARTESIAN_POINT('',(0.441291844417,12.792390765922,4.02));
#2716 = VECTOR('',#2717,1.);
#2717 = DIRECTION('',(-0.999544847254,3.016783596852E-02,0.));
#2718 = PLANE('',#2719);
#2719 = AXIS2_PLACEMENT_3D('',#2720,#2721,#2722);
#2720 = CARTESIAN_POINT('',(0.441291844417,12.792390765922,4.02));
#2721 = DIRECTION('',(-3.016783596852E-02,-0.999544847254,0.));
#2722 = DIRECTION('',(-0.999544847254,3.016783596852E-02,0.));
#2723 = ADVANCED_FACE('',(#2724),#2749,.F.);
#2724 = FACE_BOUND('',#2725,.F.);
#2725 = EDGE_LOOP('',(#2726,#2736,#2742,#2743));
#2726 = ORIENTED_EDGE('',*,*,#2727,.T.);
#2727 = EDGE_CURVE('',#2728,#2730,#2732,.T.);
#2728 = VERTEX_POINT('',#2729);
#2729 = CARTESIAN_POINT('',(0.551553311754,12.788111234435,4.02));
#2730 = VERTEX_POINT('',#2731);
#2731 = CARTESIAN_POINT('',(0.551553311754,12.788111234435,4.17));
#2732 = LINE('',#2733,#2734);
#2733 = CARTESIAN_POINT('',(0.551553311754,12.788111234435,4.02));
#2734 = VECTOR('',#2735,1.);
#2735 = DIRECTION('',(0.,0.,1.));
#2736 = ORIENTED_EDGE('',*,*,#2737,.T.);
#2737 = EDGE_CURVE('',#2730,#2699,#2738,.T.);
#2738 = LINE('',#2739,#2740);
#2739 = CARTESIAN_POINT('',(0.551553311754,12.788111234435,4.17));
#2740 = VECTOR('',#2741,1.);
#2741 = DIRECTION('',(-0.999247641922,3.878337419197E-02,0.));
#2742 = ORIENTED_EDGE('',*,*,#2696,.F.);
#2743 = ORIENTED_EDGE('',*,*,#2744,.F.);
#2744 = EDGE_CURVE('',#2728,#2697,#2745,.T.);
#2745 = LINE('',#2746,#2747);
#2746 = CARTESIAN_POINT('',(0.551553311754,12.788111234435,4.02));
#2747 = VECTOR('',#2748,1.);
#2748 = DIRECTION('',(-0.999247641922,3.878337419197E-02,0.));
#2749 = PLANE('',#2750);
#2750 = AXIS2_PLACEMENT_3D('',#2751,#2752,#2753);
#2751 = CARTESIAN_POINT('',(0.551553311754,12.788111234435,4.02));
#2752 = DIRECTION('',(-3.878337419197E-02,-0.999247641922,0.));
#2753 = DIRECTION('',(-0.999247641922,3.878337419197E-02,0.));
#2754 = ADVANCED_FACE('',(#2755),#2780,.F.);
#2755 = FACE_BOUND('',#2756,.F.);
#2756 = EDGE_LOOP('',(#2757,#2765,#2773,#2779));
#2757 = ORIENTED_EDGE('',*,*,#2758,.F.);
#2758 = EDGE_CURVE('',#2759,#2728,#2761,.T.);
#2759 = VERTEX_POINT('',#2760);
#2760 = CARTESIAN_POINT('',(0.556461483479,12.787878344853,4.02));
#2761 = LINE('',#2762,#2763);
#2762 = CARTESIAN_POINT('',(0.661773789949,12.78288134385,4.02));
#2763 = VECTOR('',#2764,1.);
#2764 = DIRECTION('',(-0.998876176671,4.739603019677E-02,0.));
#2765 = ORIENTED_EDGE('',*,*,#2766,.F.);
#2766 = EDGE_CURVE('',#2767,#2759,#2769,.T.);
#2767 = VERTEX_POINT('',#2768);
#2768 = CARTESIAN_POINT('',(0.556461483479,12.787878344853,4.17));
#2769 = LINE('',#2770,#2771);
#2770 = CARTESIAN_POINT('',(0.556461483478,12.787878344853,4.02));
#2771 = VECTOR('',#2772,1.);
#2772 = DIRECTION('',(0.,0.,-1.));
#2773 = ORIENTED_EDGE('',*,*,#2774,.T.);
#2774 = EDGE_CURVE('',#2767,#2730,#2775,.T.);
#2775 = LINE('',#2776,#2777);
#2776 = CARTESIAN_POINT('',(0.661773789949,12.78288134385,4.17));
#2777 = VECTOR('',#2778,1.);
#2778 = DIRECTION('',(-0.998876176671,4.739603019677E-02,0.));
#2779 = ORIENTED_EDGE('',*,*,#2727,.F.);
#2780 = PLANE('',#2781);
#2781 = AXIS2_PLACEMENT_3D('',#2782,#2783,#2784);
#2782 = CARTESIAN_POINT('',(0.661773789949,12.78288134385,4.02));
#2783 = DIRECTION('',(-4.739603019677E-02,-0.998876176671,0.));
#2784 = DIRECTION('',(-0.998876176671,4.739603019677E-02,0.));
#2785 = ADVANCED_FACE('',(#2786),#2811,.F.);
#2786 = FACE_BOUND('',#2787,.F.);
#2787 = EDGE_LOOP('',(#2788,#2796,#2804,#2810));
#2788 = ORIENTED_EDGE('',*,*,#2789,.F.);
#2789 = EDGE_CURVE('',#2790,#2759,#2792,.T.);
#2790 = VERTEX_POINT('',#2791);
#2791 = CARTESIAN_POINT('',(0.558328158276,12.787817236248,4.02));
#2792 = LINE('',#2793,#2794);
#2793 = CARTESIAN_POINT('',(0.558328158276,12.787817236248,4.02));
#2794 = VECTOR('',#2795,1.);
#2795 = DIRECTION('',(-0.999464587476,3.271908282177E-02,0.));
#2796 = ORIENTED_EDGE('',*,*,#2797,.T.);
#2797 = EDGE_CURVE('',#2790,#2798,#2800,.T.);
#2798 = VERTEX_POINT('',#2799);
#2799 = CARTESIAN_POINT('',(0.558328158276,12.787817236248,4.17));
#2800 = LINE('',#2801,#2802);
#2801 = CARTESIAN_POINT('',(0.558328158276,12.787817236248,4.02));
#2802 = VECTOR('',#2803,1.);
#2803 = DIRECTION('',(0.,0.,1.));
#2804 = ORIENTED_EDGE('',*,*,#2805,.T.);
#2805 = EDGE_CURVE('',#2798,#2767,#2806,.T.);
#2806 = LINE('',#2807,#2808);
#2807 = CARTESIAN_POINT('',(0.558328158276,12.787817236248,4.17));
#2808 = VECTOR('',#2809,1.);
#2809 = DIRECTION('',(-0.999464587476,3.271908282177E-02,0.));
#2810 = ORIENTED_EDGE('',*,*,#2766,.T.);
#2811 = PLANE('',#2812);
#2812 = AXIS2_PLACEMENT_3D('',#2813,#2814,#2815);
#2813 = CARTESIAN_POINT('',(0.558328158276,12.787817236248,4.02));
#2814 = DIRECTION('',(-3.271908282177E-02,-0.999464587476,0.));
#2815 = DIRECTION('',(-0.999464587476,3.271908282177E-02,0.));
#2816 = ADVANCED_FACE('',(#2817),#2842,.F.);
#2817 = FACE_BOUND('',#2818,.F.);
#2818 = EDGE_LOOP('',(#2819,#2827,#2835,#2841));
#2819 = ORIENTED_EDGE('',*,*,#2820,.F.);
#2820 = EDGE_CURVE('',#2821,#2790,#2823,.T.);
#2821 = VERTEX_POINT('',#2822);
#2822 = CARTESIAN_POINT('',(0.56217123617,12.787607420772,4.02));
#2823 = LINE('',#2824,#2825);
#2824 = CARTESIAN_POINT('',(0.837160054146,12.772594217454,4.02));
#2825 = VECTOR('',#2826,1.);
#2826 = DIRECTION('',(-0.99851297894,5.451450163801E-02,0.));
#2827 = ORIENTED_EDGE('',*,*,#2828,.T.);
#2828 = EDGE_CURVE('',#2821,#2829,#2831,.T.);
#2829 = VERTEX_POINT('',#2830);
#2830 = CARTESIAN_POINT('',(0.56217123617,12.787607420772,4.17));
#2831 = LINE('',#2832,#2833);
#2832 = CARTESIAN_POINT('',(0.56217123617,12.787607420772,4.02));
#2833 = VECTOR('',#2834,1.);
#2834 = DIRECTION('',(0.,0.,1.));
#2835 = ORIENTED_EDGE('',*,*,#2836,.T.);
#2836 = EDGE_CURVE('',#2829,#2798,#2837,.T.);
#2837 = LINE('',#2838,#2839);
#2838 = CARTESIAN_POINT('',(0.837160054146,12.772594217454,4.17));
#2839 = VECTOR('',#2840,1.);
#2840 = DIRECTION('',(-0.99851297894,5.451450163801E-02,0.));
#2841 = ORIENTED_EDGE('',*,*,#2797,.F.);
#2842 = PLANE('',#2843);
#2843 = AXIS2_PLACEMENT_3D('',#2844,#2845,#2846);
#2844 = CARTESIAN_POINT('',(0.837160054146,12.772594217454,4.02));
#2845 = DIRECTION('',(-5.451450163801E-02,-0.99851297894,0.));
#2846 = DIRECTION('',(-0.99851297894,5.451450163801E-02,0.));
#2847 = ADVANCED_FACE('',(#2848),#2873,.F.);
#2848 = FACE_BOUND('',#2849,.F.);
#2849 = EDGE_LOOP('',(#2850,#2858,#2866,#2872));
#2850 = ORIENTED_EDGE('',*,*,#2851,.F.);
#2851 = EDGE_CURVE('',#2852,#2821,#2854,.T.);
#2852 = VERTEX_POINT('',#2853);
#2853 = CARTESIAN_POINT('',(0.661773789949,12.78288134385,4.02));
#2854 = LINE('',#2855,#2856);
#2855 = CARTESIAN_POINT('',(0.661773789949,12.78288134385,4.02));
#2856 = VECTOR('',#2857,1.);
#2857 = DIRECTION('',(-0.998876176671,4.739603019677E-02,0.));
#2858 = ORIENTED_EDGE('',*,*,#2859,.T.);
#2859 = EDGE_CURVE('',#2852,#2860,#2862,.T.);
#2860 = VERTEX_POINT('',#2861);
#2861 = CARTESIAN_POINT('',(0.661773789949,12.78288134385,4.17));
#2862 = LINE('',#2863,#2864);
#2863 = CARTESIAN_POINT('',(0.661773789949,12.78288134385,4.02));
#2864 = VECTOR('',#2865,1.);
#2865 = DIRECTION('',(0.,0.,1.));
#2866 = ORIENTED_EDGE('',*,*,#2867,.T.);
#2867 = EDGE_CURVE('',#2860,#2829,#2868,.T.);
#2868 = LINE('',#2869,#2870);
#2869 = CARTESIAN_POINT('',(0.661773789949,12.78288134385,4.17));
#2870 = VECTOR('',#2871,1.);
#2871 = DIRECTION('',(-0.998876176671,4.739603019677E-02,0.));
#2872 = ORIENTED_EDGE('',*,*,#2828,.F.);
#2873 = PLANE('',#2874);
#2874 = AXIS2_PLACEMENT_3D('',#2875,#2876,#2877);
#2875 = CARTESIAN_POINT('',(0.661773789949,12.78288134385,4.02));
#2876 = DIRECTION('',(-4.739603019677E-02,-0.998876176671,0.));
#2877 = DIRECTION('',(-0.998876176671,4.739603019677E-02,0.));
#2878 = ADVANCED_FACE('',(#2879),#2904,.F.);
#2879 = FACE_BOUND('',#2880,.F.);
#2880 = EDGE_LOOP('',(#2881,#2891,#2897,#2898));
#2881 = ORIENTED_EDGE('',*,*,#2882,.T.);
#2882 = EDGE_CURVE('',#2883,#2885,#2887,.T.);
#2883 = VERTEX_POINT('',#2884);
#2884 = CARTESIAN_POINT('',(0.771945087876,12.776701482828,4.02));
#2885 = VERTEX_POINT('',#2886);
#2886 = CARTESIAN_POINT('',(0.771945087876,12.776701482828,4.17));
#2887 = LINE('',#2888,#2889);
#2888 = CARTESIAN_POINT('',(0.771945087876,12.776701482828,4.02));
#2889 = VECTOR('',#2890,1.);
#2890 = DIRECTION('',(0.,0.,1.));
#2891 = ORIENTED_EDGE('',*,*,#2892,.T.);
#2892 = EDGE_CURVE('',#2885,#2860,#2893,.T.);
#2893 = LINE('',#2894,#2895);
#2894 = CARTESIAN_POINT('',(0.771945087876,12.776701482828,4.17));
#2895 = VECTOR('',#2896,1.);
#2896 = DIRECTION('',(-0.998430479109,5.600516392625E-02,0.));
#2897 = ORIENTED_EDGE('',*,*,#2859,.F.);
#2898 = ORIENTED_EDGE('',*,*,#2899,.F.);
#2899 = EDGE_CURVE('',#2883,#2852,#2900,.T.);
#2900 = LINE('',#2901,#2902);
#2901 = CARTESIAN_POINT('',(0.771945087876,12.776701482828,4.02));
#2902 = VECTOR('',#2903,1.);
#2903 = DIRECTION('',(-0.998430479109,5.600516392625E-02,0.));
#2904 = PLANE('',#2905);
#2905 = AXIS2_PLACEMENT_3D('',#2906,#2907,#2908);
#2906 = CARTESIAN_POINT('',(0.771945087876,12.776701482828,4.02));
#2907 = DIRECTION('',(-5.600516392625E-02,-0.998430479109,0.));
#2908 = DIRECTION('',(-0.998430479109,5.600516392625E-02,0.));
#2909 = ADVANCED_FACE('',(#2910),#2935,.F.);
#2910 = FACE_BOUND('',#2911,.F.);
#2911 = EDGE_LOOP('',(#2912,#2920,#2928,#2934));
#2912 = ORIENTED_EDGE('',*,*,#2913,.F.);
#2913 = EDGE_CURVE('',#2914,#2883,#2916,.T.);
#2914 = VERTEX_POINT('',#2915);
#2915 = CARTESIAN_POINT('',(0.825819383782,12.773213369139,4.02));
#2916 = LINE('',#2917,#2918);
#2917 = CARTESIAN_POINT('',(0.882059018063,12.769572110633,4.02));
#2918 = VECTOR('',#2919,1.);
#2919 = DIRECTION('',(-0.997910582357,6.461013558551E-02,0.));
#2920 = ORIENTED_EDGE('',*,*,#2921,.F.);
#2921 = EDGE_CURVE('',#2922,#2914,#2924,.T.);
#2922 = VERTEX_POINT('',#2923);
#2923 = CARTESIAN_POINT('',(0.825819383782,12.773213369139,4.17));
#2924 = LINE('',#2925,#2926);
#2925 = CARTESIAN_POINT('',(0.825819383782,12.773213369139,4.02));
#2926 = VECTOR('',#2927,1.);
#2927 = DIRECTION('',(0.,0.,-1.));
#2928 = ORIENTED_EDGE('',*,*,#2929,.T.);
#2929 = EDGE_CURVE('',#2922,#2885,#2930,.T.);
#2930 = LINE('',#2931,#2932);
#2931 = CARTESIAN_POINT('',(0.882059018063,12.769572110633,4.17));
#2932 = VECTOR('',#2933,1.);
#2933 = DIRECTION('',(-0.997910582357,6.461013558551E-02,0.));
#2934 = ORIENTED_EDGE('',*,*,#2882,.F.);
#2935 = PLANE('',#2936);
#2936 = AXIS2_PLACEMENT_3D('',#2937,#2938,#2939);
#2937 = CARTESIAN_POINT('',(0.882059018063,12.769572110633,4.02));
#2938 = DIRECTION('',(-6.461013558551E-02,-0.997910582357,0.));
#2939 = DIRECTION('',(-0.997910582357,6.461013558551E-02,0.));
#2940 = ADVANCED_FACE('',(#2941),#2966,.F.);
#2941 = FACE_BOUND('',#2942,.F.);
#2942 = EDGE_LOOP('',(#2943,#2951,#2959,#2965));
#2943 = ORIENTED_EDGE('',*,*,#2944,.F.);
#2944 = EDGE_CURVE('',#2945,#2914,#2947,.T.);
#2945 = VERTEX_POINT('',#2946);
#2946 = CARTESIAN_POINT('',(0.837160054146,12.772594217454,4.02));
#2947 = LINE('',#2948,#2949);
#2948 = CARTESIAN_POINT('',(0.837160054146,12.772594217454,4.02));
#2949 = VECTOR('',#2950,1.);
#2950 = DIRECTION('',(-0.99851297894,5.451450163801E-02,0.));
#2951 = ORIENTED_EDGE('',*,*,#2952,.T.);
#2952 = EDGE_CURVE('',#2945,#2953,#2955,.T.);
#2953 = VERTEX_POINT('',#2954);
#2954 = CARTESIAN_POINT('',(0.837160054146,12.772594217454,4.17));
#2955 = LINE('',#2956,#2957);
#2956 = CARTESIAN_POINT('',(0.837160054146,12.772594217454,4.02));
#2957 = VECTOR('',#2958,1.);
#2958 = DIRECTION('',(0.,0.,1.));
#2959 = ORIENTED_EDGE('',*,*,#2960,.T.);
#2960 = EDGE_CURVE('',#2953,#2922,#2961,.T.);
#2961 = LINE('',#2962,#2963);
#2962 = CARTESIAN_POINT('',(0.837160054146,12.772594217454,4.17));
#2963 = VECTOR('',#2964,1.);
#2964 = DIRECTION('',(-0.99851297894,5.451450163801E-02,0.));
#2965 = ORIENTED_EDGE('',*,*,#2921,.T.);
#2966 = PLANE('',#2967);
#2967 = AXIS2_PLACEMENT_3D('',#2968,#2969,#2970);
#2968 = CARTESIAN_POINT('',(0.837160054146,12.772594217454,4.02));
#2969 = DIRECTION('',(-5.451450163801E-02,-0.99851297894,0.));
#2970 = DIRECTION('',(-0.99851297894,5.451450163801E-02,0.));
#2971 = ADVANCED_FACE('',(#2972),#2997,.F.);
#2972 = FACE_BOUND('',#2973,.F.);
#2973 = EDGE_LOOP('',(#2974,#2982,#2990,#2996));
#2974 = ORIENTED_EDGE('',*,*,#2975,.F.);
#2975 = EDGE_CURVE('',#2976,#2945,#2978,.T.);
#2976 = VERTEX_POINT('',#2977);
#2977 = CARTESIAN_POINT('',(0.846946631894,12.771845476675,4.02));
#2978 = LINE('',#2979,#2980);
#2979 = CARTESIAN_POINT('',(1.11559350717,12.751292135574,4.02));
#2980 = VECTOR('',#2981,1.);
#2981 = DIRECTION('',(-0.997086132304,7.628397450395E-02,0.));
#2982 = ORIENTED_EDGE('',*,*,#2983,.T.);
#2983 = EDGE_CURVE('',#2976,#2984,#2986,.T.);
#2984 = VERTEX_POINT('',#2985);
#2985 = CARTESIAN_POINT('',(0.846946631894,12.771845476675,4.17));
#2986 = LINE('',#2987,#2988);
#2987 = CARTESIAN_POINT('',(0.846946631894,12.771845476675,4.02));
#2988 = VECTOR('',#2989,1.);
#2989 = DIRECTION('',(0.,0.,1.));
#2990 = ORIENTED_EDGE('',*,*,#2991,.T.);
#2991 = EDGE_CURVE('',#2984,#2953,#2992,.T.);
#2992 = LINE('',#2993,#2994);
#2993 = CARTESIAN_POINT('',(1.11559350717,12.751292135574,4.17));
#2994 = VECTOR('',#2995,1.);
#2995 = DIRECTION('',(-0.997086132304,7.628397450395E-02,0.));
#2996 = ORIENTED_EDGE('',*,*,#2952,.F.);
#2997 = PLANE('',#2998);
#2998 = AXIS2_PLACEMENT_3D('',#2999,#3000,#3001);
#2999 = CARTESIAN_POINT('',(1.11559350717,12.751292135574,4.02));
#3000 = DIRECTION('',(-7.628397450395E-02,-0.997086132304,0.));
#3001 = DIRECTION('',(-0.997086132304,7.628397450395E-02,0.));
#3002 = ADVANCED_FACE('',(#3003),#3028,.F.);
#3003 = FACE_BOUND('',#3004,.F.);
#3004 = EDGE_LOOP('',(#3005,#3013,#3021,#3027));
#3005 = ORIENTED_EDGE('',*,*,#3006,.F.);
#3006 = EDGE_CURVE('',#3007,#2976,#3009,.T.);
#3007 = VERTEX_POINT('',#3008);
#3008 = CARTESIAN_POINT('',(0.882059018063,12.769572110633,4.02));
#3009 = LINE('',#3010,#3011);
#3010 = CARTESIAN_POINT('',(0.882059018063,12.769572110633,4.02));
#3011 = VECTOR('',#3012,1.);
#3012 = DIRECTION('',(-0.997910582357,6.461013558551E-02,0.));
#3013 = ORIENTED_EDGE('',*,*,#3014,.T.);
#3014 = EDGE_CURVE('',#3007,#3015,#3017,.T.);
#3015 = VERTEX_POINT('',#3016);
#3016 = CARTESIAN_POINT('',(0.882059018063,12.769572110633,4.17));
#3017 = LINE('',#3018,#3019);
#3018 = CARTESIAN_POINT('',(0.882059018063,12.769572110633,4.02));
#3019 = VECTOR('',#3020,1.);
#3020 = DIRECTION('',(0.,0.,1.));
#3021 = ORIENTED_EDGE('',*,*,#3022,.T.);
#3022 = EDGE_CURVE('',#3015,#2984,#3023,.T.);
#3023 = LINE('',#3024,#3025);
#3024 = CARTESIAN_POINT('',(0.882059018063,12.769572110633,4.17));
#3025 = VECTOR('',#3026,1.);
#3026 = DIRECTION('',(-0.997910582357,6.461013558551E-02,0.));
#3027 = ORIENTED_EDGE('',*,*,#2983,.F.);
#3028 = PLANE('',#3029);
#3029 = AXIS2_PLACEMENT_3D('',#3030,#3031,#3032);
#3030 = CARTESIAN_POINT('',(0.882059018063,12.769572110633,4.02));
#3031 = DIRECTION('',(-6.461013558551E-02,-0.997910582357,0.));
#3032 = DIRECTION('',(-0.997910582357,6.461013558551E-02,0.));
#3033 = ADVANCED_FACE('',(#3034),#3059,.F.);
#3034 = FACE_BOUND('',#3035,.F.);
#3035 = EDGE_LOOP('',(#3036,#3046,#3052,#3053));
#3036 = ORIENTED_EDGE('',*,*,#3037,.T.);
#3037 = EDGE_CURVE('',#3038,#3040,#3042,.T.);
#3038 = VERTEX_POINT('',#3039);
#3039 = CARTESIAN_POINT('',(0.992107397302,12.761493757089,4.02));
#3040 = VERTEX_POINT('',#3041);
#3041 = CARTESIAN_POINT('',(0.992107397302,12.761493757089,4.17));
#3042 = LINE('',#3043,#3044);
#3043 = CARTESIAN_POINT('',(0.992107397302,12.761493757089,4.02));
#3044 = VECTOR('',#3045,1.);
#3045 = DIRECTION('',(0.,0.,1.));
#3046 = ORIENTED_EDGE('',*,*,#3047,.T.);
#3047 = EDGE_CURVE('',#3040,#3015,#3048,.T.);
#3048 = LINE('',#3049,#3050);
#3049 = CARTESIAN_POINT('',(0.992107397302,12.761493757089,4.17));
#3050 = VECTOR('',#3051,1.);
#3051 = DIRECTION('',(-0.997316525052,7.321030568891E-02,0.));
#3052 = ORIENTED_EDGE('',*,*,#3014,.F.);
#3053 = ORIENTED_EDGE('',*,*,#3054,.F.);
#3054 = EDGE_CURVE('',#3038,#3007,#3055,.T.);
#3055 = LINE('',#3056,#3057);
#3056 = CARTESIAN_POINT('',(0.992107397302,12.761493757089,4.02));
#3057 = VECTOR('',#3058,1.);
#3058 = DIRECTION('',(-0.997316525052,7.321030568891E-02,0.));
#3059 = PLANE('',#3060);
#3060 = AXIS2_PLACEMENT_3D('',#3061,#3062,#3063);
#3061 = CARTESIAN_POINT('',(0.992107397302,12.761493757089,4.02));
#3062 = DIRECTION('',(-7.321030568891E-02,-0.997316525052,0.));
#3063 = DIRECTION('',(-0.997316525052,7.321030568891E-02,0.));
#3064 = ADVANCED_FACE('',(#3065),#3090,.F.);
#3065 = FACE_BOUND('',#3066,.F.);
#3066 = EDGE_LOOP('',(#3067,#3077,#3083,#3084));
#3067 = ORIENTED_EDGE('',*,*,#3068,.T.);
#3068 = EDGE_CURVE('',#3069,#3071,#3073,.T.);
#3069 = VERTEX_POINT('',#3070);
#3070 = CARTESIAN_POINT('',(1.102082047256,12.752467022546,4.02));
#3071 = VERTEX_POINT('',#3072);
#3072 = CARTESIAN_POINT('',(1.102082047256,12.752467022546,4.17));
#3073 = LINE('',#3074,#3075);
#3074 = CARTESIAN_POINT('',(1.102082047256,12.752467022546,4.02));
#3075 = VECTOR('',#3076,1.);
#3076 = DIRECTION('',(0.,0.,1.));
#3077 = ORIENTED_EDGE('',*,*,#3078,.T.);
#3078 = EDGE_CURVE('',#3071,#3040,#3079,.T.);
#3079 = LINE('',#3080,#3081);
#3080 = CARTESIAN_POINT('',(1.102082047256,12.752467022546,4.17));
#3081 = VECTOR('',#3082,1.);
#3082 = DIRECTION('',(-0.996648351341,8.18050351077E-02,0.));
#3083 = ORIENTED_EDGE('',*,*,#3037,.F.);
#3084 = ORIENTED_EDGE('',*,*,#3085,.F.);
#3085 = EDGE_CURVE('',#3069,#3038,#3086,.T.);
#3086 = LINE('',#3087,#3088);
#3087 = CARTESIAN_POINT('',(1.102082047256,12.752467022546,4.02));
#3088 = VECTOR('',#3089,1.);
#3089 = DIRECTION('',(-0.996648351341,8.18050351077E-02,0.));
#3090 = PLANE('',#3091);
#3091 = AXIS2_PLACEMENT_3D('',#3092,#3093,#3094);
#3092 = CARTESIAN_POINT('',(1.102082047256,12.752467022546,4.02));
#3093 = DIRECTION('',(-8.18050351077E-02,-0.996648351341,0.));
#3094 = DIRECTION('',(-0.996648351341,8.18050351077E-02,0.));
#3095 = ADVANCED_FACE('',(#3096),#3121,.F.);
#3096 = FACE_BOUND('',#3097,.F.);
#3097 = EDGE_LOOP('',(#3098,#3106,#3114,#3120));
#3098 = ORIENTED_EDGE('',*,*,#3099,.F.);
#3099 = EDGE_CURVE('',#3100,#3069,#3102,.T.);
#3100 = VERTEX_POINT('',#3101);
#3101 = CARTESIAN_POINT('',(1.111982692155,12.751568387858,4.02));
#3102 = LINE('',#3103,#3104);
#3103 = CARTESIAN_POINT('',(1.211974795068,12.742492577833,4.02));
#3104 = VECTOR('',#3105,1.);
#3105 = DIRECTION('',(-0.995906110881,9.039368511741E-02,0.));
#3106 = ORIENTED_EDGE('',*,*,#3107,.F.);
#3107 = EDGE_CURVE('',#3108,#3100,#3110,.T.);
#3108 = VERTEX_POINT('',#3109);
#3109 = CARTESIAN_POINT('',(1.111982692155,12.751568387858,4.17));
#3110 = LINE('',#3111,#3112);
#3111 = CARTESIAN_POINT('',(1.111982692154,12.751568387858,4.02));
#3112 = VECTOR('',#3113,1.);
#3113 = DIRECTION('',(0.,0.,-1.));
#3114 = ORIENTED_EDGE('',*,*,#3115,.T.);
#3115 = EDGE_CURVE('',#3108,#3071,#3116,.T.);
#3116 = LINE('',#3117,#3118);
#3117 = CARTESIAN_POINT('',(1.211974795068,12.742492577833,4.17));
#3118 = VECTOR('',#3119,1.);
#3119 = DIRECTION('',(-0.995906110881,9.039368511741E-02,0.));
#3120 = ORIENTED_EDGE('',*,*,#3068,.F.);
#3121 = PLANE('',#3122);
#3122 = AXIS2_PLACEMENT_3D('',#3123,#3124,#3125);
#3123 = CARTESIAN_POINT('',(1.211974795068,12.742492577833,4.02));
#3124 = DIRECTION('',(-9.039368511741E-02,-0.995906110881,0.));
#3125 = DIRECTION('',(-0.995906110881,9.039368511741E-02,0.));
#3126 = ADVANCED_FACE('',(#3127),#3152,.F.);
#3127 = FACE_BOUND('',#3128,.F.);
#3128 = EDGE_LOOP('',(#3129,#3137,#3145,#3151));
#3129 = ORIENTED_EDGE('',*,*,#3130,.F.);
#3130 = EDGE_CURVE('',#3131,#3100,#3133,.T.);
#3131 = VERTEX_POINT('',#3132);
#3132 = CARTESIAN_POINT('',(1.11559350717,12.751292135574,4.02));
#3133 = LINE('',#3134,#3135);
#3134 = CARTESIAN_POINT('',(1.11559350717,12.751292135574,4.02));
#3135 = VECTOR('',#3136,1.);
#3136 = DIRECTION('',(-0.997086132304,7.628397450395E-02,0.));
#3137 = ORIENTED_EDGE('',*,*,#3138,.T.);
#3138 = EDGE_CURVE('',#3131,#3139,#3141,.T.);
#3139 = VERTEX_POINT('',#3140);
#3140 = CARTESIAN_POINT('',(1.11559350717,12.751292135574,4.17));
#3141 = LINE('',#3142,#3143);
#3142 = CARTESIAN_POINT('',(1.11559350717,12.751292135574,4.02));
#3143 = VECTOR('',#3144,1.);
#3144 = DIRECTION('',(0.,0.,1.));
#3145 = ORIENTED_EDGE('',*,*,#3146,.T.);
#3146 = EDGE_CURVE('',#3139,#3108,#3147,.T.);
#3147 = LINE('',#3148,#3149);
#3148 = CARTESIAN_POINT('',(1.11559350717,12.751292135574,4.17));
#3149 = VECTOR('',#3150,1.);
#3150 = DIRECTION('',(-0.997086132304,7.628397450395E-02,0.));
#3151 = ORIENTED_EDGE('',*,*,#3107,.T.);
#3152 = PLANE('',#3153);
#3153 = AXIS2_PLACEMENT_3D('',#3154,#3155,#3156);
#3154 = CARTESIAN_POINT('',(1.11559350717,12.751292135574,4.02));
#3155 = DIRECTION('',(-7.628397450395E-02,-0.997086132304,0.));
#3156 = DIRECTION('',(-0.997086132304,7.628397450395E-02,0.));
#3157 = ADVANCED_FACE('',(#3158),#3183,.F.);
#3158 = FACE_BOUND('',#3159,.F.);
#3159 = EDGE_LOOP('',(#3160,#3168,#3176,#3182));
#3160 = ORIENTED_EDGE('',*,*,#3161,.F.);
#3161 = EDGE_CURVE('',#3162,#3131,#3164,.T.);
#3162 = VERTEX_POINT('',#3163);
#3163 = CARTESIAN_POINT('',(1.122257163402,12.750635822721,4.02));
#3164 = LINE('',#3165,#3166);
#3165 = CARTESIAN_POINT('',(1.393495998105,12.723921129246,4.02));
#3166 = VECTOR('',#3167,1.);
#3167 = DIRECTION('',(-0.995184726672,9.801714032956E-02,0.));
#3168 = ORIENTED_EDGE('',*,*,#3169,.T.);
#3169 = EDGE_CURVE('',#3162,#3170,#3172,.T.);
#3170 = VERTEX_POINT('',#3171);
#3171 = CARTESIAN_POINT('',(1.122257163402,12.750635822721,4.17));
#3172 = LINE('',#3173,#3174);
#3173 = CARTESIAN_POINT('',(1.122257163401,12.750635822721,4.02));
#3174 = VECTOR('',#3175,1.);
#3175 = DIRECTION('',(0.,0.,1.));
#3176 = ORIENTED_EDGE('',*,*,#3177,.T.);
#3177 = EDGE_CURVE('',#3170,#3139,#3178,.T.);
#3178 = LINE('',#3179,#3180);
#3179 = CARTESIAN_POINT('',(1.393495998105,12.723921129246,4.17));
#3180 = VECTOR('',#3181,1.);
#3181 = DIRECTION('',(-0.995184726672,9.801714032956E-02,0.));
#3182 = ORIENTED_EDGE('',*,*,#3138,.F.);
#3183 = PLANE('',#3184);
#3184 = AXIS2_PLACEMENT_3D('',#3185,#3186,#3187);
#3185 = CARTESIAN_POINT('',(1.393495998105,12.723921129246,4.02));
#3186 = DIRECTION('',(-9.801714032956E-02,-0.995184726672,0.));
#3187 = DIRECTION('',(-0.995184726672,9.801714032956E-02,0.));
#3188 = ADVANCED_FACE('',(#3189),#3214,.F.);
#3189 = FACE_BOUND('',#3190,.F.);
#3190 = EDGE_LOOP('',(#3191,#3199,#3207,#3213));
#3191 = ORIENTED_EDGE('',*,*,#3192,.F.);
#3192 = EDGE_CURVE('',#3193,#3162,#3195,.T.);
#3193 = VERTEX_POINT('',#3194);
#3194 = CARTESIAN_POINT('',(1.211974795068,12.742492577833,4.02));
#3195 = LINE('',#3196,#3197);
#3196 = CARTESIAN_POINT('',(1.211974795068,12.742492577833,4.02));
#3197 = VECTOR('',#3198,1.);
#3198 = DIRECTION('',(-0.995906110881,9.039368511741E-02,0.));
#3199 = ORIENTED_EDGE('',*,*,#3200,.T.);
#3200 = EDGE_CURVE('',#3193,#3201,#3203,.T.);
#3201 = VERTEX_POINT('',#3202);
#3202 = CARTESIAN_POINT('',(1.211974795068,12.742492577833,4.17));
#3203 = LINE('',#3204,#3205);
#3204 = CARTESIAN_POINT('',(1.211974795068,12.742492577833,4.02));
#3205 = VECTOR('',#3206,1.);
#3206 = DIRECTION('',(0.,0.,1.));
#3207 = ORIENTED_EDGE('',*,*,#3208,.T.);
#3208 = EDGE_CURVE('',#3201,#3170,#3209,.T.);
#3209 = LINE('',#3210,#3211);
#3210 = CARTESIAN_POINT('',(1.211974795068,12.742492577833,4.17));
#3211 = VECTOR('',#3212,1.);
#3212 = DIRECTION('',(-0.995906110881,9.039368511741E-02,0.));
#3213 = ORIENTED_EDGE('',*,*,#3169,.F.);
#3214 = PLANE('',#3215);
#3215 = AXIS2_PLACEMENT_3D('',#3216,#3217,#3218);
#3216 = CARTESIAN_POINT('',(1.211974795068,12.742492577833,4.02));
#3217 = DIRECTION('',(-9.039368511741E-02,-0.995906110881,0.));
#3218 = DIRECTION('',(-0.995906110881,9.039368511741E-02,0.));
#3219 = ADVANCED_FACE('',(#3220),#3236,.F.);
#3220 = FACE_BOUND('',#3221,.F.);
#3221 = EDGE_LOOP('',(#3222,#3223,#3229,#3230));
#3222 = ORIENTED_EDGE('',*,*,#1349,.T.);
#3223 = ORIENTED_EDGE('',*,*,#3224,.T.);
#3224 = EDGE_CURVE('',#1342,#3201,#3225,.T.);
#3225 = LINE('',#3226,#3227);
#3226 = CARTESIAN_POINT('',(1.321777473968,12.731571164209,4.17));
#3227 = VECTOR('',#3228,1.);
#3228 = DIRECTION('',(-0.995089858833,9.897561744537E-02,0.));
#3229 = ORIENTED_EDGE('',*,*,#3200,.F.);
#3230 = ORIENTED_EDGE('',*,*,#3231,.F.);
#3231 = EDGE_CURVE('',#1333,#3193,#3232,.T.);
#3232 = LINE('',#3233,#3234);
#3233 = CARTESIAN_POINT('',(1.321777473968,12.731571164209,4.02));
#3234 = VECTOR('',#3235,1.);
#3235 = DIRECTION('',(-0.995089858833,9.897561744537E-02,0.));
#3236 = PLANE('',#3237);
#3237 = AXIS2_PLACEMENT_3D('',#3238,#3239,#3240);
#3238 = CARTESIAN_POINT('',(1.321777473968,12.731571164209,4.02));
#3239 = DIRECTION('',(-9.897561744537E-02,-0.995089858833,0.));
#3240 = DIRECTION('',(-0.995089858833,9.897561744537E-02,0.));
#3241 = ADVANCED_FACE('',(#3242,#3348),#3366,.T.);
#3242 = FACE_BOUND('',#3243,.T.);
#3243 = EDGE_LOOP('',(#3244,#3245,#3246,#3247,#3248,#3249,#3250,#3251,
    #3252,#3253,#3254,#3255,#3256,#3257,#3258,#3259,#3260,#3261,#3262,
    #3263,#3264,#3265,#3266,#3267,#3268,#3269,#3270,#3271,#3272,#3273,
    #3274,#3275,#3276,#3277,#3278,#3279,#3280,#3281,#3282,#3283,#3284,
    #3285,#3286,#3287,#3288,#3289,#3290,#3291,#3292,#3293,#3294,#3295,
    #3296,#3297,#3298,#3299,#3300,#3301,#3302,#3303,#3304,#3305,#3306,
    #3307,#3308,#3309,#3310,#3311,#3312,#3313,#3314,#3315,#3316,#3317,
    #3318,#3319,#3320,#3321,#3322,#3323,#3324,#3325,#3326,#3327,#3328,
    #3329,#3330,#3331,#3332,#3333,#3334,#3335,#3336,#3337,#3338,#3339,
    #3340,#3341,#3342,#3343,#3344,#3345,#3346,#3347));
#3244 = ORIENTED_EDGE('',*,*,#78,.F.);
#3245 = ORIENTED_EDGE('',*,*,#140,.F.);
#3246 = ORIENTED_EDGE('',*,*,#202,.F.);
#3247 = ORIENTED_EDGE('',*,*,#233,.F.);
#3248 = ORIENTED_EDGE('',*,*,#264,.F.);
#3249 = ORIENTED_EDGE('',*,*,#295,.F.);
#3250 = ORIENTED_EDGE('',*,*,#326,.F.);
#3251 = ORIENTED_EDGE('',*,*,#357,.F.);
#3252 = ORIENTED_EDGE('',*,*,#388,.F.);
#3253 = ORIENTED_EDGE('',*,*,#419,.F.);
#3254 = ORIENTED_EDGE('',*,*,#450,.F.);
#3255 = ORIENTED_EDGE('',*,*,#481,.F.);
#3256 = ORIENTED_EDGE('',*,*,#512,.F.);
#3257 = ORIENTED_EDGE('',*,*,#543,.F.);
#3258 = ORIENTED_EDGE('',*,*,#574,.F.);
#3259 = ORIENTED_EDGE('',*,*,#605,.F.);
#3260 = ORIENTED_EDGE('',*,*,#636,.F.);
#3261 = ORIENTED_EDGE('',*,*,#667,.F.);
#3262 = ORIENTED_EDGE('',*,*,#698,.F.);
#3263 = ORIENTED_EDGE('',*,*,#729,.F.);
#3264 = ORIENTED_EDGE('',*,*,#743,.F.);
#3265 = ORIENTED_EDGE('',*,*,#1301,.F.);
#3266 = ORIENTED_EDGE('',*,*,#1380,.F.);
#3267 = ORIENTED_EDGE('',*,*,#1411,.F.);
#3268 = ORIENTED_EDGE('',*,*,#1442,.F.);
#3269 = ORIENTED_EDGE('',*,*,#1473,.F.);
#3270 = ORIENTED_EDGE('',*,*,#1504,.F.);
#3271 = ORIENTED_EDGE('',*,*,#1535,.F.);
#3272 = ORIENTED_EDGE('',*,*,#1566,.F.);
#3273 = ORIENTED_EDGE('',*,*,#1597,.F.);
#3274 = ORIENTED_EDGE('',*,*,#1628,.F.);
#3275 = ORIENTED_EDGE('',*,*,#1659,.F.);
#3276 = ORIENTED_EDGE('',*,*,#1690,.F.);
#3277 = ORIENTED_EDGE('',*,*,#1721,.F.);
#3278 = ORIENTED_EDGE('',*,*,#1752,.F.);
#3279 = ORIENTED_EDGE('',*,*,#1783,.F.);
#3280 = ORIENTED_EDGE('',*,*,#1814,.F.);
#3281 = ORIENTED_EDGE('',*,*,#1845,.F.);
#3282 = ORIENTED_EDGE('',*,*,#1876,.F.);
#3283 = ORIENTED_EDGE('',*,*,#1907,.F.);
#3284 = ORIENTED_EDGE('',*,*,#1938,.F.);
#3285 = ORIENTED_EDGE('',*,*,#1969,.F.);
#3286 = ORIENTED_EDGE('',*,*,#2000,.F.);
#3287 = ORIENTED_EDGE('',*,*,#2031,.F.);
#3288 = ORIENTED_EDGE('',*,*,#2062,.F.);
#3289 = ORIENTED_EDGE('',*,*,#2093,.F.);
#3290 = ORIENTED_EDGE('',*,*,#2124,.F.);
#3291 = ORIENTED_EDGE('',*,*,#2155,.F.);
#3292 = ORIENTED_EDGE('',*,*,#2186,.F.);
#3293 = ORIENTED_EDGE('',*,*,#2217,.F.);
#3294 = ORIENTED_EDGE('',*,*,#2248,.F.);
#3295 = ORIENTED_EDGE('',*,*,#2279,.F.);
#3296 = ORIENTED_EDGE('',*,*,#2310,.F.);
#3297 = ORIENTED_EDGE('',*,*,#2341,.F.);
#3298 = ORIENTED_EDGE('',*,*,#2372,.F.);
#3299 = ORIENTED_EDGE('',*,*,#2403,.F.);
#3300 = ORIENTED_EDGE('',*,*,#2434,.F.);
#3301 = ORIENTED_EDGE('',*,*,#2465,.F.);
#3302 = ORIENTED_EDGE('',*,*,#2496,.F.);
#3303 = ORIENTED_EDGE('',*,*,#2527,.F.);
#3304 = ORIENTED_EDGE('',*,*,#2558,.F.);
#3305 = ORIENTED_EDGE('',*,*,#2572,.F.);
#3306 = ORIENTED_EDGE('',*,*,#2603,.F.);
#3307 = ORIENTED_EDGE('',*,*,#2634,.F.);
#3308 = ORIENTED_EDGE('',*,*,#2665,.F.);
#3309 = ORIENTED_EDGE('',*,*,#2713,.F.);
#3310 = ORIENTED_EDGE('',*,*,#2744,.F.);
#3311 = ORIENTED_EDGE('',*,*,#2758,.F.);
#3312 = ORIENTED_EDGE('',*,*,#2789,.F.);
#3313 = ORIENTED_EDGE('',*,*,#2820,.F.);
#3314 = ORIENTED_EDGE('',*,*,#2851,.F.);
#3315 = ORIENTED_EDGE('',*,*,#2899,.F.);
#3316 = ORIENTED_EDGE('',*,*,#2913,.F.);
#3317 = ORIENTED_EDGE('',*,*,#2944,.F.);
#3318 = ORIENTED_EDGE('',*,*,#2975,.F.);
#3319 = ORIENTED_EDGE('',*,*,#3006,.F.);
#3320 = ORIENTED_EDGE('',*,*,#3054,.F.);
#3321 = ORIENTED_EDGE('',*,*,#3085,.F.);
#3322 = ORIENTED_EDGE('',*,*,#3099,.F.);
#3323 = ORIENTED_EDGE('',*,*,#3130,.F.);
#3324 = ORIENTED_EDGE('',*,*,#3161,.F.);
#3325 = ORIENTED_EDGE('',*,*,#3192,.F.);
#3326 = ORIENTED_EDGE('',*,*,#3231,.F.);
#3327 = ORIENTED_EDGE('',*,*,#1332,.F.);
#3328 = ORIENTED_EDGE('',*,*,#805,.F.);
#3329 = ORIENTED_EDGE('',*,*,#862,.F.);
#3330 = ORIENTED_EDGE('',*,*,#893,.F.);
#3331 = ORIENTED_EDGE('',*,*,#924,.F.);
#3332 = ORIENTED_EDGE('',*,*,#955,.F.);
#3333 = ORIENTED_EDGE('',*,*,#986,.F.);
#3334 = ORIENTED_EDGE('',*,*,#1017,.F.);
#3335 = ORIENTED_EDGE('',*,*,#1048,.F.);
#3336 = ORIENTED_EDGE('',*,*,#1079,.F.);
#3337 = ORIENTED_EDGE('',*,*,#1110,.F.);
#3338 = ORIENTED_EDGE('',*,*,#1141,.F.);
#3339 = ORIENTED_EDGE('',*,*,#1172,.F.);
#3340 = ORIENTED_EDGE('',*,*,#1203,.F.);
#3341 = ORIENTED_EDGE('',*,*,#1234,.F.);
#3342 = ORIENTED_EDGE('',*,*,#1265,.F.);
#3343 = ORIENTED_EDGE('',*,*,#1287,.F.);
#3344 = ORIENTED_EDGE('',*,*,#791,.F.);
#3345 = ORIENTED_EDGE('',*,*,#171,.F.);
#3346 = ORIENTED_EDGE('',*,*,#109,.F.);
#3347 = ORIENTED_EDGE('',*,*,#47,.F.);
#3348 = FACE_BOUND('',#3349,.T.);
#3349 = EDGE_LOOP('',(#3350,#3359));
#3350 = ORIENTED_EDGE('',*,*,#3351,.T.);
#3351 = EDGE_CURVE('',#1705,#3352,#3354,.T.);
#3352 = VERTEX_POINT('',#3353);
#3353 = CARTESIAN_POINT('',(0.45,9.5,4.02));
#3354 = CIRCLE('',#3355,0.45);
#3355 = AXIS2_PLACEMENT_3D('',#3356,#3357,#3358);
#3356 = CARTESIAN_POINT('',(5.81707229595E-16,9.5,4.02));
#3357 = DIRECTION('',(0.,0.,1.));
#3358 = DIRECTION('',(1.,0.,-0.));
#3359 = ORIENTED_EDGE('',*,*,#3360,.T.);
#3360 = EDGE_CURVE('',#3352,#1705,#3361,.T.);
#3361 = CIRCLE('',#3362,0.45);
#3362 = AXIS2_PLACEMENT_3D('',#3363,#3364,#3365);
#3363 = CARTESIAN_POINT('',(5.81707229595E-16,9.5,4.02));
#3364 = DIRECTION('',(0.,0.,1.));
#3365 = DIRECTION('',(1.,0.,-0.));
#3366 = PLANE('',#3367);
#3367 = AXIS2_PLACEMENT_3D('',#3368,#3369,#3370);
#3368 = CARTESIAN_POINT('',(2.114576902895,10.868158418312,4.02));
#3369 = DIRECTION('',(-0.,-0.,-1.));
#3370 = DIRECTION('',(-1.,0.,0.));
#3371 = ADVANCED_FACE('',(#3372),#3392,.T.);
#3372 = FACE_BOUND('',#3373,.T.);
#3373 = EDGE_LOOP('',(#3374,#3375,#3383,#3390,#3391));
#3374 = ORIENTED_EDGE('',*,*,#3360,.F.);
#3375 = ORIENTED_EDGE('',*,*,#3376,.F.);
#3376 = EDGE_CURVE('',#3377,#3352,#3379,.T.);
#3377 = VERTEX_POINT('',#3378);
#3378 = CARTESIAN_POINT('',(0.45,9.5,3.92));
#3379 = LINE('',#3380,#3381);
#3380 = CARTESIAN_POINT('',(0.45,9.5,3.92));
#3381 = VECTOR('',#3382,1.);
#3382 = DIRECTION('',(0.,0.,1.));
#3383 = ORIENTED_EDGE('',*,*,#3384,.T.);
#3384 = EDGE_CURVE('',#3377,#3377,#3385,.T.);
#3385 = CIRCLE('',#3386,0.45);
#3386 = AXIS2_PLACEMENT_3D('',#3387,#3388,#3389);
#3387 = CARTESIAN_POINT('',(5.81707229595E-16,9.5,3.92));
#3388 = DIRECTION('',(0.,0.,1.));
#3389 = DIRECTION('',(1.,0.,-0.));
#3390 = ORIENTED_EDGE('',*,*,#3376,.T.);
#3391 = ORIENTED_EDGE('',*,*,#3351,.F.);
#3392 = CYLINDRICAL_SURFACE('',#3393,0.45);
#3393 = AXIS2_PLACEMENT_3D('',#3394,#3395,#3396);
#3394 = CARTESIAN_POINT('',(5.81707229595E-16,9.5,3.92));
#3395 = DIRECTION('',(0.,0.,1.));
#3396 = DIRECTION('',(1.,0.,-0.));
#3397 = ADVANCED_FACE('',(#3398),#3401,.F.);
#3398 = FACE_BOUND('',#3399,.T.);
#3399 = EDGE_LOOP('',(#3400));
#3400 = ORIENTED_EDGE('',*,*,#3384,.F.);
#3401 = PLANE('',#3402);
#3402 = AXIS2_PLACEMENT_3D('',#3403,#3404,#3405);
#3403 = CARTESIAN_POINT('',(5.81707229595E-16,9.5,3.92));
#3404 = DIRECTION('',(0.,0.,1.));
#3405 = DIRECTION('',(1.,0.,-0.));
#3406 = ADVANCED_FACE('',(#3407),#3513,.T.);
#3407 = FACE_BOUND('',#3408,.T.);
#3408 = EDGE_LOOP('',(#3409,#3410,#3411,#3412,#3413,#3414,#3415,#3416,
    #3417,#3418,#3419,#3420,#3421,#3422,#3423,#3424,#3425,#3426,#3427,
    #3428,#3429,#3430,#3431,#3432,#3433,#3434,#3435,#3436,#3437,#3438,
    #3439,#3440,#3441,#3442,#3443,#3444,#3445,#3446,#3447,#3448,#3449,
    #3450,#3451,#3452,#3453,#3454,#3455,#3456,#3457,#3458,#3459,#3460,
    #3461,#3462,#3463,#3464,#3465,#3466,#3467,#3468,#3469,#3470,#3471,
    #3472,#3473,#3474,#3475,#3476,#3477,#3478,#3479,#3480,#3481,#3482,
    #3483,#3484,#3485,#3486,#3487,#3488,#3489,#3490,#3491,#3492,#3493,
    #3494,#3495,#3496,#3497,#3498,#3499,#3500,#3501,#3502,#3503,#3504,
    #3505,#3506,#3507,#3508,#3509,#3510,#3511,#3512));
#3409 = ORIENTED_EDGE('',*,*,#71,.T.);
#3410 = ORIENTED_EDGE('',*,*,#31,.T.);
#3411 = ORIENTED_EDGE('',*,*,#93,.T.);
#3412 = ORIENTED_EDGE('',*,*,#155,.T.);
#3413 = ORIENTED_EDGE('',*,*,#775,.T.);
#3414 = ORIENTED_EDGE('',*,*,#1280,.T.);
#3415 = ORIENTED_EDGE('',*,*,#1258,.T.);
#3416 = ORIENTED_EDGE('',*,*,#1227,.T.);
#3417 = ORIENTED_EDGE('',*,*,#1196,.T.);
#3418 = ORIENTED_EDGE('',*,*,#1165,.T.);
#3419 = ORIENTED_EDGE('',*,*,#1134,.T.);
#3420 = ORIENTED_EDGE('',*,*,#1103,.T.);
#3421 = ORIENTED_EDGE('',*,*,#1072,.T.);
#3422 = ORIENTED_EDGE('',*,*,#1041,.T.);
#3423 = ORIENTED_EDGE('',*,*,#1010,.T.);
#3424 = ORIENTED_EDGE('',*,*,#979,.T.);
#3425 = ORIENTED_EDGE('',*,*,#948,.T.);
#3426 = ORIENTED_EDGE('',*,*,#917,.T.);
#3427 = ORIENTED_EDGE('',*,*,#886,.T.);
#3428 = ORIENTED_EDGE('',*,*,#855,.T.);
#3429 = ORIENTED_EDGE('',*,*,#823,.T.);
#3430 = ORIENTED_EDGE('',*,*,#1341,.T.);
#3431 = ORIENTED_EDGE('',*,*,#3224,.T.);
#3432 = ORIENTED_EDGE('',*,*,#3208,.T.);
#3433 = ORIENTED_EDGE('',*,*,#3177,.T.);
#3434 = ORIENTED_EDGE('',*,*,#3146,.T.);
#3435 = ORIENTED_EDGE('',*,*,#3115,.T.);
#3436 = ORIENTED_EDGE('',*,*,#3078,.T.);
#3437 = ORIENTED_EDGE('',*,*,#3047,.T.);
#3438 = ORIENTED_EDGE('',*,*,#3022,.T.);
#3439 = ORIENTED_EDGE('',*,*,#2991,.T.);
#3440 = ORIENTED_EDGE('',*,*,#2960,.T.);
#3441 = ORIENTED_EDGE('',*,*,#2929,.T.);
#3442 = ORIENTED_EDGE('',*,*,#2892,.T.);
#3443 = ORIENTED_EDGE('',*,*,#2867,.T.);
#3444 = ORIENTED_EDGE('',*,*,#2836,.T.);
#3445 = ORIENTED_EDGE('',*,*,#2805,.T.);
#3446 = ORIENTED_EDGE('',*,*,#2774,.T.);
#3447 = ORIENTED_EDGE('',*,*,#2737,.T.);
#3448 = ORIENTED_EDGE('',*,*,#2706,.T.);
#3449 = ORIENTED_EDGE('',*,*,#2681,.T.);
#3450 = ORIENTED_EDGE('',*,*,#2650,.T.);
#3451 = ORIENTED_EDGE('',*,*,#2619,.T.);
#3452 = ORIENTED_EDGE('',*,*,#2588,.T.);
#3453 = ORIENTED_EDGE('',*,*,#2551,.T.);
#3454 = ORIENTED_EDGE('',*,*,#2520,.T.);
#3455 = ORIENTED_EDGE('',*,*,#2489,.T.);
#3456 = ORIENTED_EDGE('',*,*,#2458,.T.);
#3457 = ORIENTED_EDGE('',*,*,#2427,.T.);
#3458 = ORIENTED_EDGE('',*,*,#2396,.T.);
#3459 = ORIENTED_EDGE('',*,*,#2365,.T.);
#3460 = ORIENTED_EDGE('',*,*,#2334,.T.);
#3461 = ORIENTED_EDGE('',*,*,#2303,.T.);
#3462 = ORIENTED_EDGE('',*,*,#2272,.T.);
#3463 = ORIENTED_EDGE('',*,*,#2241,.T.);
#3464 = ORIENTED_EDGE('',*,*,#2210,.T.);
#3465 = ORIENTED_EDGE('',*,*,#2179,.T.);
#3466 = ORIENTED_EDGE('',*,*,#2148,.T.);
#3467 = ORIENTED_EDGE('',*,*,#2117,.T.);
#3468 = ORIENTED_EDGE('',*,*,#2086,.T.);
#3469 = ORIENTED_EDGE('',*,*,#2055,.T.);
#3470 = ORIENTED_EDGE('',*,*,#2024,.T.);
#3471 = ORIENTED_EDGE('',*,*,#1993,.T.);
#3472 = ORIENTED_EDGE('',*,*,#1962,.T.);
#3473 = ORIENTED_EDGE('',*,*,#1931,.T.);
#3474 = ORIENTED_EDGE('',*,*,#1900,.T.);
#3475 = ORIENTED_EDGE('',*,*,#1869,.T.);
#3476 = ORIENTED_EDGE('',*,*,#1838,.T.);
#3477 = ORIENTED_EDGE('',*,*,#1807,.T.);
#3478 = ORIENTED_EDGE('',*,*,#1776,.T.);
#3479 = ORIENTED_EDGE('',*,*,#1745,.T.);
#3480 = ORIENTED_EDGE('',*,*,#1714,.T.);
#3481 = ORIENTED_EDGE('',*,*,#1683,.T.);
#3482 = ORIENTED_EDGE('',*,*,#1652,.T.);
#3483 = ORIENTED_EDGE('',*,*,#1621,.T.);
#3484 = ORIENTED_EDGE('',*,*,#1590,.T.);
#3485 = ORIENTED_EDGE('',*,*,#1559,.T.);
#3486 = ORIENTED_EDGE('',*,*,#1528,.T.);
#3487 = ORIENTED_EDGE('',*,*,#1497,.T.);
#3488 = ORIENTED_EDGE('',*,*,#1466,.T.);
#3489 = ORIENTED_EDGE('',*,*,#1435,.T.);
#3490 = ORIENTED_EDGE('',*,*,#1404,.T.);
#3491 = ORIENTED_EDGE('',*,*,#1373,.T.);
#3492 = ORIENTED_EDGE('',*,*,#1317,.T.);
#3493 = ORIENTED_EDGE('',*,*,#759,.T.);
#3494 = ORIENTED_EDGE('',*,*,#722,.T.);
#3495 = ORIENTED_EDGE('',*,*,#691,.T.);
#3496 = ORIENTED_EDGE('',*,*,#660,.T.);
#3497 = ORIENTED_EDGE('',*,*,#629,.T.);
#3498 = ORIENTED_EDGE('',*,*,#598,.T.);
#3499 = ORIENTED_EDGE('',*,*,#567,.T.);
#3500 = ORIENTED_EDGE('',*,*,#536,.T.);
#3501 = ORIENTED_EDGE('',*,*,#505,.T.);
#3502 = ORIENTED_EDGE('',*,*,#474,.T.);
#3503 = ORIENTED_EDGE('',*,*,#443,.T.);
#3504 = ORIENTED_EDGE('',*,*,#412,.T.);
#3505 = ORIENTED_EDGE('',*,*,#381,.T.);
#3506 = ORIENTED_EDGE('',*,*,#350,.T.);
#3507 = ORIENTED_EDGE('',*,*,#319,.T.);
#3508 = ORIENTED_EDGE('',*,*,#288,.T.);
#3509 = ORIENTED_EDGE('',*,*,#257,.T.);
#3510 = ORIENTED_EDGE('',*,*,#226,.T.);
#3511 = ORIENTED_EDGE('',*,*,#195,.T.);
#3512 = ORIENTED_EDGE('',*,*,#133,.T.);
#3513 = PLANE('',#3514);
#3514 = AXIS2_PLACEMENT_3D('',#3515,#3516,#3517);
#3515 = CARTESIAN_POINT('',(2.114576902895,10.868158418312,4.17));
#3516 = DIRECTION('',(0.,0.,1.));
#3517 = DIRECTION('',(1.,0.,-0.));
#3518 = ( GEOMETRIC_REPRESENTATION_CONTEXT(3) 
GLOBAL_UNCERTAINTY_ASSIGNED_CONTEXT((#3522)) 
GLOBAL_UNIT_ASSIGNED_CONTEXT((#3519,#3520,#3521)) REPRESENTATION_CONTEXT
('Context #1','3D Context with UNIT and UNCERTAINTY') );
#3519 = ( LENGTH_UNIT() NAMED_UNIT(*) SI_UNIT(.MILLI.,.METRE.) );
#3520 = ( NAMED_UNIT(*) PLANE_ANGLE_UNIT() SI_UNIT($,.RADIAN.) );
#3521 = ( NAMED_UNIT(*) SI_UNIT($,.STERADIAN.) SOLID_ANGLE_UNIT() );
#3522 = UNCERTAINTY_MEASURE_WITH_UNIT(LENGTH_MEASURE(1.E-07),#3519,
  'distance_accuracy_value','confusion accuracy');
#3523 = PRODUCT_RELATED_PRODUCT_CATEGORY('part',$,(#7));
ENDSEC;
END-ISO-10303-21;
