ISO-10303-21;
HEADER;
FILE_DESCRIPTION(('FreeCAD Model'),'2;1');
FILE_NAME('Open CASCADE Shape Model','2026-09-04T17:05:05',('FreeCAD'),(
    'FreeCAD'),'Open CASCADE STEP processor 7.8','FreeCAD','Unknown');
FILE_SCHEMA(('AUTOMOTIVE_DESIGN { 1 0 10303 214 1 1 1 1 }'));
ENDSEC;
DATA;
#1 = APPLICATION_PROTOCOL_DEFINITION('international standard',
  'automotive_design',2000,#2);
#2 = APPLICATION_CONTEXT(
  'core data for automotive mechanical design processes');
#3 = SHAPE_DEFINITION_REPRESENTATION(#4,#10);
#4 = PRODUCT_DEFINITION_SHAPE('','',#5);
#5 = PRODUCT_DEFINITION('design','',#6,#9);
#6 = PRODUCT_DEFINITION_FORMATION('','',#7);
#7 = PRODUCT('Open CASCADE STEP translator 7.8 4',
  'Open CASCADE STEP translator 7.8 4','',(#8));
#8 = PRODUCT_CONTEXT('',#2,'mechanical');
#9 = PRODUCT_DEFINITION_CONTEXT('part definition',#2,'design');
#10 = ADVANCED_BREP_SHAPE_REPRESENTATION('',(#11,#15),#6976);
#11 = AXIS2_PLACEMENT_3D('',#12,#13,#14);
#12 = CARTESIAN_POINT('',(0.,0.,0.));
#13 = DIRECTION('',(0.,0.,1.));
#14 = DIRECTION('',(1.,0.,-0.));
#15 = MANIFOLD_SOLID_BREP('',#16);
#16 = CLOSED_SHELL('',(#17,#43,#68,#93,#118,#143,#168,#193,#218,#243,
    #268,#293,#318,#343,#368,#393,#418,#443,#468,#493,#518,#543,#568,
    #593,#618,#643,#668,#693,#718,#743,#768,#793,#818,#843,#868,#893,
    #913,#938,#963,#1042,#1258,#1898,#2113,#2328,#2360,#2392,#2416,#2440
    ,#2464,#2488,#2512,#2536,#2560,#2584,#2608,#2632,#2656,#2680,#2704,
    #2728,#2752,#2776,#2800,#2824,#2848,#2872,#2896,#2920,#2944,#2961,
    #2985,#3009,#3033,#3057,#3081,#3105,#3129,#3153,#3177,#3201,#3225,
    #3249,#3273,#3297,#3321,#3345,#3369,#3393,#3417,#3441,#3465,#3489,
    #3513,#3530,#3562,#3586,#3610,#3634,#3658,#3682,#3706,#3730,#3754,
    #3778,#3802,#3826,#3850,#3874,#3898,#3922,#3946,#3970,#3994,#4018,
    #4042,#4066,#4090,#4114,#4138,#4163,#4195,#4219,#4243,#4267,#4291,
    #4315,#4339,#4363,#4387,#4411,#4435,#4459,#4483,#4507,#4531,#4555,
    #4579,#4603,#4627,#4651,#4675,#4699,#4723,#4747,#4771,#4796,#4821,
    #4845,#4869,#4893,#4917,#4941,#4965,#4989,#5013,#5037,#5061,#5085,
    #5109,#5133,#5157,#5181,#5205,#5229,#5253,#5277,#5301,#5325,#5349,
    #5373,#5390,#5414,#5438,#5462,#5486,#5510,#5534,#5558,#5582,#5606,
    #5630,#5654,#5678,#5702,#5726,#5750,#5774,#5798,#5822,#5846,#5870,
    #5894,#5918,#5942,#5959,#6017,#6075,#6133,#6158,#6183,#6208,#6233,
    #6258,#6283,#6308,#6333,#6358,#6383,#6408,#6433,#6458,#6483,#6508,
    #6533,#6558,#6583,#6608,#6633,#6658,#6683,#6708,#6733,#6758,#6783,
    #6808,#6833,#6858,#6883,#6908,#6933,#6958));
#17 = ADVANCED_FACE('',(#18),#38,.T.);
#18 = FACE_BOUND('',#19,.T.);
#19 = EDGE_LOOP('',(#20,#30,#37));
#20 = ORIENTED_EDGE('',*,*,#21,.T.);
#21 = EDGE_CURVE('',#22,#24,#26,.T.);
#22 = VERTEX_POINT('',#23);
#23 = CARTESIAN_POINT('',(0.,0.,0.));
#24 = VERTEX_POINT('',#25);
#25 = CARTESIAN_POINT('',(4.E-02,0.,1.E-03));
#26 = LINE('',#27,#28);
#27 = CARTESIAN_POINT('',(0.,0.,0.));
#28 = VECTOR('',#29,1.);
#29 = DIRECTION('',(0.999687646408,0.,2.49921911602E-02));
#30 = ORIENTED_EDGE('',*,*,#31,.F.);
#31 = EDGE_CURVE('',#24,#24,#32,.T.);
#32 = CIRCLE('',#33,4.E-02);
#33 = AXIS2_PLACEMENT_3D('',#34,#35,#36);
#34 = CARTESIAN_POINT('',(0.,0.,1.E-03));
#35 = DIRECTION('',(0.,0.,1.));
#36 = DIRECTION('',(1.,0.,-0.));
#37 = ORIENTED_EDGE('',*,*,#21,.F.);
#38 = CONICAL_SURFACE('',#39,0.,1.545801533176);
#39 = AXIS2_PLACEMENT_3D('',#40,#41,#42);
#40 = CARTESIAN_POINT('',(0.,0.,0.));
#41 = DIRECTION('',(0.,0.,1.));
#42 = DIRECTION('',(1.,0.,-0.));
#43 = ADVANCED_FACE('',(#44),#63,.T.);
#44 = FACE_BOUND('',#45,.T.);
#45 = EDGE_LOOP('',(#46,#47,#55,#62));
#46 = ORIENTED_EDGE('',*,*,#31,.T.);
#47 = ORIENTED_EDGE('',*,*,#48,.T.);
#48 = EDGE_CURVE('',#24,#49,#51,.T.);
#49 = VERTEX_POINT('',#50);
#50 = CARTESIAN_POINT('',(0.235,0.,4.E-03));
#51 = LINE('',#52,#53);
#52 = CARTESIAN_POINT('',(4.E-02,0.,1.E-03));
#53 = VECTOR('',#54,1.);
#54 = DIRECTION('',(0.999881677808,0.,1.53827950432E-02));
#55 = ORIENTED_EDGE('',*,*,#56,.F.);
#56 = EDGE_CURVE('',#49,#49,#57,.T.);
#57 = CIRCLE('',#58,0.235);
#58 = AXIS2_PLACEMENT_3D('',#59,#60,#61);
#59 = CARTESIAN_POINT('',(0.,0.,4.E-03));
#60 = DIRECTION('',(0.,0.,1.));
#61 = DIRECTION('',(1.,0.,-0.));
#62 = ORIENTED_EDGE('',*,*,#48,.F.);
#63 = CONICAL_SURFACE('',#64,4.E-02,1.555412925014);
#64 = AXIS2_PLACEMENT_3D('',#65,#66,#67);
#65 = CARTESIAN_POINT('',(0.,0.,1.E-03));
#66 = DIRECTION('',(0.,0.,1.));
#67 = DIRECTION('',(1.,0.,-0.));
#68 = ADVANCED_FACE('',(#69),#88,.T.);
#69 = FACE_BOUND('',#70,.T.);
#70 = EDGE_LOOP('',(#71,#72,#80,#87));
#71 = ORIENTED_EDGE('',*,*,#56,.T.);
#72 = ORIENTED_EDGE('',*,*,#73,.T.);
#73 = EDGE_CURVE('',#49,#74,#76,.T.);
#74 = VERTEX_POINT('',#75);
#75 = CARTESIAN_POINT('',(0.59,0.,8.E-03));
#76 = LINE('',#77,#78);
#77 = CARTESIAN_POINT('',(0.235,0.,4.E-03));
#78 = VECTOR('',#79,1.);
#79 = DIRECTION('',(0.999936526575,0.,1.126689044029E-02));
#80 = ORIENTED_EDGE('',*,*,#81,.F.);
#81 = EDGE_CURVE('',#74,#74,#82,.T.);
#82 = CIRCLE('',#83,0.59);
#83 = AXIS2_PLACEMENT_3D('',#84,#85,#86);
#84 = CARTESIAN_POINT('',(0.,0.,8.E-03));
#85 = DIRECTION('',(0.,0.,1.));
#86 = DIRECTION('',(1.,0.,-0.));
#87 = ORIENTED_EDGE('',*,*,#73,.F.);
#88 = CONICAL_SURFACE('',#89,0.235,1.559529197966);
#89 = AXIS2_PLACEMENT_3D('',#90,#91,#92);
#90 = CARTESIAN_POINT('',(0.,0.,4.E-03));
#91 = DIRECTION('',(0.,0.,1.));
#92 = DIRECTION('',(1.,0.,-0.));
#93 = ADVANCED_FACE('',(#94),#113,.T.);
#94 = FACE_BOUND('',#95,.T.);
#95 = EDGE_LOOP('',(#96,#97,#105,#112));
#96 = ORIENTED_EDGE('',*,*,#81,.T.);
#97 = ORIENTED_EDGE('',*,*,#98,.T.);
#98 = EDGE_CURVE('',#74,#99,#101,.T.);
#99 = VERTEX_POINT('',#100);
#100 = CARTESIAN_POINT('',(0.98,0.,1.E-02));
#101 = LINE('',#102,#103);
#102 = CARTESIAN_POINT('',(0.59,0.,8.E-03));
#103 = VECTOR('',#104,1.);
#104 = DIRECTION('',(0.999986851015,0.,5.128137697515E-03));
#105 = ORIENTED_EDGE('',*,*,#106,.F.);
#106 = EDGE_CURVE('',#99,#99,#107,.T.);
#107 = CIRCLE('',#108,0.98);
#108 = AXIS2_PLACEMENT_3D('',#109,#110,#111);
#109 = CARTESIAN_POINT('',(0.,0.,1.E-02));
#110 = DIRECTION('',(0.,0.,1.));
#111 = DIRECTION('',(1.,0.,-0.));
#112 = ORIENTED_EDGE('',*,*,#98,.F.);
#113 = CONICAL_SURFACE('',#114,0.59,1.565668166621);
#114 = AXIS2_PLACEMENT_3D('',#115,#116,#117);
#115 = CARTESIAN_POINT('',(0.,0.,8.E-03));
#116 = DIRECTION('',(0.,0.,1.));
#117 = DIRECTION('',(1.,0.,-0.));
#118 = ADVANCED_FACE('',(#119),#138,.T.);
#119 = FACE_BOUND('',#120,.T.);
#120 = EDGE_LOOP('',(#121,#122,#130,#137));
#121 = ORIENTED_EDGE('',*,*,#106,.T.);
#122 = ORIENTED_EDGE('',*,*,#123,.T.);
#123 = EDGE_CURVE('',#99,#124,#126,.T.);
#124 = VERTEX_POINT('',#125);
#125 = CARTESIAN_POINT('',(1.37,0.,1.2E-02));
#126 = LINE('',#127,#128);
#127 = CARTESIAN_POINT('',(0.98,0.,1.E-02));
#128 = VECTOR('',#129,1.);
#129 = DIRECTION('',(0.999986851015,0.,5.128137697515E-03));
#130 = ORIENTED_EDGE('',*,*,#131,.F.);
#131 = EDGE_CURVE('',#124,#124,#132,.T.);
#132 = CIRCLE('',#133,1.37);
#133 = AXIS2_PLACEMENT_3D('',#134,#135,#136);
#134 = CARTESIAN_POINT('',(0.,0.,1.2E-02));
#135 = DIRECTION('',(0.,0.,1.));
#136 = DIRECTION('',(1.,0.,-0.));
#137 = ORIENTED_EDGE('',*,*,#123,.F.);
#138 = CONICAL_SURFACE('',#139,0.98,1.565668166621);
#139 = AXIS2_PLACEMENT_3D('',#140,#141,#142);
#140 = CARTESIAN_POINT('',(0.,0.,1.E-02));
#141 = DIRECTION('',(0.,0.,1.));
#142 = DIRECTION('',(1.,0.,-0.));
#143 = ADVANCED_FACE('',(#144),#163,.T.);
#144 = FACE_BOUND('',#145,.T.);
#145 = EDGE_LOOP('',(#146,#147,#155,#162));
#146 = ORIENTED_EDGE('',*,*,#131,.T.);
#147 = ORIENTED_EDGE('',*,*,#148,.T.);
#148 = EDGE_CURVE('',#124,#149,#151,.T.);
#149 = VERTEX_POINT('',#150);
#150 = CARTESIAN_POINT('',(1.765,0.,1.6E-02));
#151 = LINE('',#152,#153);
#152 = CARTESIAN_POINT('',(1.37,0.,1.2E-02));
#153 = VECTOR('',#154,1.);
#154 = DIRECTION('',(0.999948730109,0.,1.012606308971E-02));
#155 = ORIENTED_EDGE('',*,*,#156,.F.);
#156 = EDGE_CURVE('',#149,#149,#157,.T.);
#157 = CIRCLE('',#158,1.765);
#158 = AXIS2_PLACEMENT_3D('',#159,#160,#161);
#159 = CARTESIAN_POINT('',(0.,0.,1.6E-02));
#160 = DIRECTION('',(0.,0.,1.));
#161 = DIRECTION('',(1.,0.,-0.));
#162 = ORIENTED_EDGE('',*,*,#148,.F.);
#163 = CONICAL_SURFACE('',#164,1.37,1.560670090648);
#164 = AXIS2_PLACEMENT_3D('',#165,#166,#167);
#165 = CARTESIAN_POINT('',(0.,0.,1.2E-02));
#166 = DIRECTION('',(0.,0.,1.));
#167 = DIRECTION('',(1.,0.,-0.));
#168 = ADVANCED_FACE('',(#169),#188,.T.);
#169 = FACE_BOUND('',#170,.T.);
#170 = EDGE_LOOP('',(#171,#172,#180,#187));
#171 = ORIENTED_EDGE('',*,*,#156,.T.);
#172 = ORIENTED_EDGE('',*,*,#173,.T.);
#173 = EDGE_CURVE('',#149,#174,#176,.T.);
#174 = VERTEX_POINT('',#175);
#175 = CARTESIAN_POINT('',(2.16,0.,2.5E-02));
#176 = LINE('',#177,#178);
#177 = CARTESIAN_POINT('',(1.765,0.,1.6E-02));
#178 = VECTOR('',#179,1.);
#179 = DIRECTION('',(0.999740527238,0.,2.277889808896E-02));
#180 = ORIENTED_EDGE('',*,*,#181,.F.);
#181 = EDGE_CURVE('',#174,#174,#182,.T.);
#182 = CIRCLE('',#183,2.16);
#183 = AXIS2_PLACEMENT_3D('',#184,#185,#186);
#184 = CARTESIAN_POINT('',(0.,0.,2.5E-02));
#185 = DIRECTION('',(0.,0.,1.));
#186 = DIRECTION('',(1.,0.,-0.));
#187 = ORIENTED_EDGE('',*,*,#173,.F.);
#188 = CONICAL_SURFACE('',#189,1.765,1.548015458334);
#189 = AXIS2_PLACEMENT_3D('',#190,#191,#192);
#190 = CARTESIAN_POINT('',(0.,0.,1.6E-02));
#191 = DIRECTION('',(0.,0.,1.));
#192 = DIRECTION('',(1.,0.,-0.));
#193 = ADVANCED_FACE('',(#194),#213,.T.);
#194 = FACE_BOUND('',#195,.T.);
#195 = EDGE_LOOP('',(#196,#197,#205,#212));
#196 = ORIENTED_EDGE('',*,*,#181,.T.);
#197 = ORIENTED_EDGE('',*,*,#198,.T.);
#198 = EDGE_CURVE('',#174,#199,#201,.T.);
#199 = VERTEX_POINT('',#200);
#200 = CARTESIAN_POINT('',(2.555,0.,3.7E-02));
#201 = LINE('',#202,#203);
#202 = CARTESIAN_POINT('',(2.16,0.,2.5E-02));
#203 = VECTOR('',#204,1.);
#204 = DIRECTION('',(0.99953885467,0.,3.036573735706E-02));
#205 = ORIENTED_EDGE('',*,*,#206,.F.);
#206 = EDGE_CURVE('',#199,#199,#207,.T.);
#207 = CIRCLE('',#208,2.555);
#208 = AXIS2_PLACEMENT_3D('',#209,#210,#211);
#209 = CARTESIAN_POINT('',(0.,0.,3.7E-02));
#210 = DIRECTION('',(0.,0.,1.));
#211 = DIRECTION('',(1.,0.,-0.));
#212 = ORIENTED_EDGE('',*,*,#198,.F.);
#213 = CONICAL_SURFACE('',#214,2.16,1.540425920904);
#214 = AXIS2_PLACEMENT_3D('',#215,#216,#217);
#215 = CARTESIAN_POINT('',(0.,0.,2.5E-02));
#216 = DIRECTION('',(0.,0.,1.));
#217 = DIRECTION('',(1.,0.,-0.));
#218 = ADVANCED_FACE('',(#219),#238,.T.);
#219 = FACE_BOUND('',#220,.T.);
#220 = EDGE_LOOP('',(#221,#222,#230,#237));
#221 = ORIENTED_EDGE('',*,*,#206,.T.);
#222 = ORIENTED_EDGE('',*,*,#223,.T.);
#223 = EDGE_CURVE('',#199,#224,#226,.T.);
#224 = VERTEX_POINT('',#225);
#225 = CARTESIAN_POINT('',(2.95,0.,5.E-02));
#226 = LINE('',#227,#228);
#227 = CARTESIAN_POINT('',(2.555,0.,3.7E-02));
#228 = VECTOR('',#229,1.);
#229 = DIRECTION('',(0.999458859691,0.,3.289358272402E-02));
#230 = ORIENTED_EDGE('',*,*,#231,.F.);
#231 = EDGE_CURVE('',#224,#224,#232,.T.);
#232 = CIRCLE('',#233,2.95);
#233 = AXIS2_PLACEMENT_3D('',#234,#235,#236);
#234 = CARTESIAN_POINT('',(0.,0.,5.E-02));
#235 = DIRECTION('',(0.,0.,1.));
#236 = DIRECTION('',(1.,0.,-0.));
#237 = ORIENTED_EDGE('',*,*,#223,.F.);
#238 = CONICAL_SURFACE('',#239,2.555,1.537896809438);
#239 = AXIS2_PLACEMENT_3D('',#240,#241,#242);
#240 = CARTESIAN_POINT('',(0.,0.,3.7E-02));
#241 = DIRECTION('',(0.,0.,1.));
#242 = DIRECTION('',(1.,0.,-0.));
#243 = ADVANCED_FACE('',(#244),#263,.T.);
#244 = FACE_BOUND('',#245,.T.);
#245 = EDGE_LOOP('',(#246,#247,#255,#262));
#246 = ORIENTED_EDGE('',*,*,#231,.T.);
#247 = ORIENTED_EDGE('',*,*,#248,.T.);
#248 = EDGE_CURVE('',#224,#249,#251,.T.);
#249 = VERTEX_POINT('',#250);
#250 = CARTESIAN_POINT('',(3.34,0.,6.1E-02));
#251 = LINE('',#252,#253);
#252 = CARTESIAN_POINT('',(2.95,0.,5.E-02));
#253 = VECTOR('',#254,1.);
#254 = DIRECTION('',(0.999602472539,0.,2.819391589213E-02));
#255 = ORIENTED_EDGE('',*,*,#256,.F.);
#256 = EDGE_CURVE('',#249,#249,#257,.T.);
#257 = CIRCLE('',#258,3.34);
#258 = AXIS2_PLACEMENT_3D('',#259,#260,#261);
#259 = CARTESIAN_POINT('',(0.,0.,6.1E-02));
#260 = DIRECTION('',(0.,0.,1.));
#261 = DIRECTION('',(1.,0.,-0.));
#262 = ORIENTED_EDGE('',*,*,#248,.F.);
#263 = CONICAL_SURFACE('',#264,2.95,1.542598674357);
#264 = AXIS2_PLACEMENT_3D('',#265,#266,#267);
#265 = CARTESIAN_POINT('',(0.,0.,5.E-02));
#266 = DIRECTION('',(0.,0.,1.));
#267 = DIRECTION('',(1.,0.,-0.));
#268 = ADVANCED_FACE('',(#269),#288,.T.);
#269 = FACE_BOUND('',#270,.T.);
#270 = EDGE_LOOP('',(#271,#272,#280,#287));
#271 = ORIENTED_EDGE('',*,*,#256,.T.);
#272 = ORIENTED_EDGE('',*,*,#273,.T.);
#273 = EDGE_CURVE('',#249,#274,#276,.T.);
#274 = VERTEX_POINT('',#275);
#275 = CARTESIAN_POINT('',(3.73,0.,7.3E-02));
#276 = LINE('',#277,#278);
#277 = CARTESIAN_POINT('',(3.34,0.,6.1E-02));
#278 = VECTOR('',#279,1.);
#279 = DIRECTION('',(0.999526963077,0.,3.075467578697E-02));
#280 = ORIENTED_EDGE('',*,*,#281,.F.);
#281 = EDGE_CURVE('',#274,#274,#282,.T.);
#282 = CIRCLE('',#283,3.73);
#283 = AXIS2_PLACEMENT_3D('',#284,#285,#286);
#284 = CARTESIAN_POINT('',(0.,0.,7.3E-02));
#285 = DIRECTION('',(0.,0.,1.));
#286 = DIRECTION('',(1.,0.,-0.));
#287 = ORIENTED_EDGE('',*,*,#273,.F.);
#288 = CONICAL_SURFACE('',#289,3.34,1.540036800724);
#289 = AXIS2_PLACEMENT_3D('',#290,#291,#292);
#290 = CARTESIAN_POINT('',(0.,0.,6.1E-02));
#291 = DIRECTION('',(0.,0.,1.));
#292 = DIRECTION('',(1.,0.,-0.));
#293 = ADVANCED_FACE('',(#294),#313,.T.);
#294 = FACE_BOUND('',#295,.T.);
#295 = EDGE_LOOP('',(#296,#297,#305,#312));
#296 = ORIENTED_EDGE('',*,*,#281,.T.);
#297 = ORIENTED_EDGE('',*,*,#298,.T.);
#298 = EDGE_CURVE('',#274,#299,#301,.T.);
#299 = VERTEX_POINT('',#300);
#300 = CARTESIAN_POINT('',(4.125,0.,8.8E-02));
#301 = LINE('',#302,#303);
#302 = CARTESIAN_POINT('',(3.73,0.,7.3E-02));
#303 = VECTOR('',#304,1.);
#304 = DIRECTION('',(0.999279740613,0.,3.794733192202E-02));
#305 = ORIENTED_EDGE('',*,*,#306,.F.);
#306 = EDGE_CURVE('',#299,#299,#307,.T.);
#307 = CIRCLE('',#308,4.125);
#308 = AXIS2_PLACEMENT_3D('',#309,#310,#311);
#309 = CARTESIAN_POINT('',(0.,0.,8.8E-02));
#310 = DIRECTION('',(0.,0.,1.));
#311 = DIRECTION('',(1.,0.,-0.));
#312 = ORIENTED_EDGE('',*,*,#298,.F.);
#313 = CONICAL_SURFACE('',#314,3.73,1.532839881607);
#314 = AXIS2_PLACEMENT_3D('',#315,#316,#317);
#315 = CARTESIAN_POINT('',(0.,0.,7.3E-02));
#316 = DIRECTION('',(0.,0.,1.));
#317 = DIRECTION('',(1.,0.,-0.));
#318 = ADVANCED_FACE('',(#319),#338,.T.);
#319 = FACE_BOUND('',#320,.T.);
#320 = EDGE_LOOP('',(#321,#322,#330,#337));
#321 = ORIENTED_EDGE('',*,*,#306,.T.);
#322 = ORIENTED_EDGE('',*,*,#323,.T.);
#323 = EDGE_CURVE('',#299,#324,#326,.T.);
#324 = VERTEX_POINT('',#325);
#325 = CARTESIAN_POINT('',(4.515,0.,0.108));
#326 = LINE('',#327,#328);
#327 = CARTESIAN_POINT('',(4.125,0.,8.8E-02));
#328 = VECTOR('',#329,1.);
#329 = DIRECTION('',(0.998687663477,0.,5.121475197316E-02));
#330 = ORIENTED_EDGE('',*,*,#331,.F.);
#331 = EDGE_CURVE('',#324,#324,#332,.T.);
#332 = CIRCLE('',#333,4.515);
#333 = AXIS2_PLACEMENT_3D('',#334,#335,#336);
#334 = CARTESIAN_POINT('',(0.,0.,0.108));
#335 = DIRECTION('',(0.,0.,1.));
#336 = DIRECTION('',(1.,0.,-0.));
#337 = ORIENTED_EDGE('',*,*,#323,.F.);
#338 = CONICAL_SURFACE('',#339,4.125,1.519559159391);
#339 = AXIS2_PLACEMENT_3D('',#340,#341,#342);
#340 = CARTESIAN_POINT('',(0.,0.,8.8E-02));
#341 = DIRECTION('',(0.,0.,1.));
#342 = DIRECTION('',(1.,0.,-0.));
#343 = ADVANCED_FACE('',(#344),#363,.T.);
#344 = FACE_BOUND('',#345,.T.);
#345 = EDGE_LOOP('',(#346,#347,#355,#362));
#346 = ORIENTED_EDGE('',*,*,#331,.T.);
#347 = ORIENTED_EDGE('',*,*,#348,.T.);
#348 = EDGE_CURVE('',#324,#349,#351,.T.);
#349 = VERTEX_POINT('',#350);
#350 = CARTESIAN_POINT('',(4.91,0.,0.13));
#351 = LINE('',#352,#353);
#352 = CARTESIAN_POINT('',(4.515,0.,0.108));
#353 = VECTOR('',#354,1.);
#354 = DIRECTION('',(0.998452565766,0.,5.561001632115E-02));
#355 = ORIENTED_EDGE('',*,*,#356,.F.);
#356 = EDGE_CURVE('',#349,#349,#357,.T.);
#357 = CIRCLE('',#358,4.91);
#358 = AXIS2_PLACEMENT_3D('',#359,#360,#361);
#359 = CARTESIAN_POINT('',(0.,0.,0.13));
#360 = DIRECTION('',(0.,0.,1.));
#361 = DIRECTION('',(1.,0.,-0.));
#362 = ORIENTED_EDGE('',*,*,#348,.F.);
#363 = CONICAL_SURFACE('',#364,4.515,1.515157608426);
#364 = AXIS2_PLACEMENT_3D('',#365,#366,#367);
#365 = CARTESIAN_POINT('',(0.,0.,0.108));
#366 = DIRECTION('',(0.,0.,1.));
#367 = DIRECTION('',(1.,0.,-0.));
#368 = ADVANCED_FACE('',(#369),#388,.T.);
#369 = FACE_BOUND('',#370,.T.);
#370 = EDGE_LOOP('',(#371,#372,#380,#387));
#371 = ORIENTED_EDGE('',*,*,#356,.T.);
#372 = ORIENTED_EDGE('',*,*,#373,.T.);
#373 = EDGE_CURVE('',#349,#374,#376,.T.);
#374 = VERTEX_POINT('',#375);
#375 = CARTESIAN_POINT('',(5.3,0.,0.153));
#376 = LINE('',#377,#378);
#377 = CARTESIAN_POINT('',(4.91,0.,0.13));
#378 = VECTOR('',#379,1.);
#379 = DIRECTION('',(0.998265535501,0.,5.887207004236E-02));
#380 = ORIENTED_EDGE('',*,*,#381,.F.);
#381 = EDGE_CURVE('',#374,#374,#382,.T.);
#382 = CIRCLE('',#383,5.3);
#383 = AXIS2_PLACEMENT_3D('',#384,#385,#386);
#384 = CARTESIAN_POINT('',(0.,0.,0.153));
#385 = DIRECTION('',(0.,0.,1.));
#386 = DIRECTION('',(1.,0.,-0.));
#387 = ORIENTED_EDGE('',*,*,#373,.F.);
#388 = CONICAL_SURFACE('',#389,4.91,1.511890195949);
#389 = AXIS2_PLACEMENT_3D('',#390,#391,#392);
#390 = CARTESIAN_POINT('',(0.,0.,0.13));
#391 = DIRECTION('',(0.,0.,1.));
#392 = DIRECTION('',(1.,0.,-0.));
#393 = ADVANCED_FACE('',(#394),#413,.T.);
#394 = FACE_BOUND('',#395,.T.);
#395 = EDGE_LOOP('',(#396,#397,#405,#412));
#396 = ORIENTED_EDGE('',*,*,#381,.T.);
#397 = ORIENTED_EDGE('',*,*,#398,.T.);
#398 = EDGE_CURVE('',#374,#399,#401,.T.);
#399 = VERTEX_POINT('',#400);
#400 = CARTESIAN_POINT('',(5.695,0.,0.177));
#401 = LINE('',#402,#403);
#402 = CARTESIAN_POINT('',(5.3,0.,0.153));
#403 = VECTOR('',#404,1.);
#404 = DIRECTION('',(0.99815923708,0.,6.064764984789E-02));
#405 = ORIENTED_EDGE('',*,*,#406,.F.);
#406 = EDGE_CURVE('',#399,#399,#407,.T.);
#407 = CIRCLE('',#408,5.695);
#408 = AXIS2_PLACEMENT_3D('',#409,#410,#411);
#409 = CARTESIAN_POINT('',(0.,0.,0.177));
#410 = DIRECTION('',(0.,0.,1.));
#411 = DIRECTION('',(1.,0.,-0.));
#412 = ORIENTED_EDGE('',*,*,#398,.F.);
#413 = CONICAL_SURFACE('',#414,5.3,1.510111436877);
#414 = AXIS2_PLACEMENT_3D('',#415,#416,#417);
#415 = CARTESIAN_POINT('',(0.,0.,0.153));
#416 = DIRECTION('',(0.,0.,1.));
#417 = DIRECTION('',(1.,0.,-0.));
#418 = ADVANCED_FACE('',(#419),#438,.T.);
#419 = FACE_BOUND('',#420,.T.);
#420 = EDGE_LOOP('',(#421,#422,#430,#437));
#421 = ORIENTED_EDGE('',*,*,#406,.T.);
#422 = ORIENTED_EDGE('',*,*,#423,.T.);
#423 = EDGE_CURVE('',#399,#424,#426,.T.);
#424 = VERTEX_POINT('',#425);
#425 = CARTESIAN_POINT('',(6.085,0.,0.203));
#426 = LINE('',#427,#428);
#427 = CARTESIAN_POINT('',(5.695,0.,0.177));
#428 = VECTOR('',#429,1.);
#429 = DIRECTION('',(0.997785157857,0.,6.651901052377E-02));
#430 = ORIENTED_EDGE('',*,*,#431,.F.);
#431 = EDGE_CURVE('',#424,#424,#432,.T.);
#432 = CIRCLE('',#433,6.085);
#433 = AXIS2_PLACEMENT_3D('',#434,#435,#436);
#434 = CARTESIAN_POINT('',(0.,0.,0.203));
#435 = DIRECTION('',(0.,0.,1.));
#436 = DIRECTION('',(1.,0.,-0.));
#437 = ORIENTED_EDGE('',*,*,#423,.F.);
#438 = CONICAL_SURFACE('',#439,5.695,1.504228163019);
#439 = AXIS2_PLACEMENT_3D('',#440,#441,#442);
#440 = CARTESIAN_POINT('',(0.,0.,0.177));
#441 = DIRECTION('',(0.,0.,1.));
#442 = DIRECTION('',(1.,0.,-0.));
#443 = ADVANCED_FACE('',(#444),#463,.T.);
#444 = FACE_BOUND('',#445,.T.);
#445 = EDGE_LOOP('',(#446,#447,#455,#462));
#446 = ORIENTED_EDGE('',*,*,#431,.T.);
#447 = ORIENTED_EDGE('',*,*,#448,.T.);
#448 = EDGE_CURVE('',#424,#449,#451,.T.);
#449 = VERTEX_POINT('',#450);
#450 = CARTESIAN_POINT('',(6.47,0.,0.232));
#451 = LINE('',#452,#453);
#452 = CARTESIAN_POINT('',(6.085,0.,0.203));
#453 = VECTOR('',#454,1.);
#454 = DIRECTION('',(0.997175111878,0.,7.511189154405E-02));
#455 = ORIENTED_EDGE('',*,*,#456,.F.);
#456 = EDGE_CURVE('',#449,#449,#457,.T.);
#457 = CIRCLE('',#458,6.47);
#458 = AXIS2_PLACEMENT_3D('',#459,#460,#461);
#459 = CARTESIAN_POINT('',(0.,0.,0.232));
#460 = DIRECTION('',(0.,0.,1.));
#461 = DIRECTION('',(1.,0.,-0.));
#462 = ORIENTED_EDGE('',*,*,#448,.F.);
#463 = CONICAL_SURFACE('',#464,6.085,1.495613627672);
#464 = AXIS2_PLACEMENT_3D('',#465,#466,#467);
#465 = CARTESIAN_POINT('',(0.,0.,0.203));
#466 = DIRECTION('',(0.,0.,1.));
#467 = DIRECTION('',(1.,0.,-0.));
#468 = ADVANCED_FACE('',(#469),#488,.T.);
#469 = FACE_BOUND('',#470,.T.);
#470 = EDGE_LOOP('',(#471,#472,#480,#487));
#471 = ORIENTED_EDGE('',*,*,#456,.T.);
#472 = ORIENTED_EDGE('',*,*,#473,.T.);
#473 = EDGE_CURVE('',#449,#474,#476,.T.);
#474 = VERTEX_POINT('',#475);
#475 = CARTESIAN_POINT('',(6.86,0.,0.26));
#476 = LINE('',#477,#478);
#477 = CARTESIAN_POINT('',(6.47,0.,0.232));
#478 = VECTOR('',#479,1.);
#479 = DIRECTION('',(0.997432668928,0.,7.161055058968E-02));
#480 = ORIENTED_EDGE('',*,*,#481,.F.);
#481 = EDGE_CURVE('',#474,#474,#482,.T.);
#482 = CIRCLE('',#483,6.86);
#483 = AXIS2_PLACEMENT_3D('',#484,#485,#486);
#484 = CARTESIAN_POINT('',(0.,0.,0.26));
#485 = DIRECTION('',(0.,0.,1.));
#486 = DIRECTION('',(1.,0.,-0.));
#487 = ORIENTED_EDGE('',*,*,#473,.F.);
#488 = CONICAL_SURFACE('',#489,6.47,1.499124430539);
#489 = AXIS2_PLACEMENT_3D('',#490,#491,#492);
#490 = CARTESIAN_POINT('',(0.,0.,0.232));
#491 = DIRECTION('',(0.,0.,1.));
#492 = DIRECTION('',(1.,0.,-0.));
#493 = ADVANCED_FACE('',(#494),#513,.T.);
#494 = FACE_BOUND('',#495,.T.);
#495 = EDGE_LOOP('',(#496,#497,#505,#512));
#496 = ORIENTED_EDGE('',*,*,#481,.T.);
#497 = ORIENTED_EDGE('',*,*,#498,.T.);
#498 = EDGE_CURVE('',#474,#499,#501,.T.);
#499 = VERTEX_POINT('',#500);
#500 = CARTESIAN_POINT('',(7.255,0.,0.287));
#501 = LINE('',#502,#503);
#502 = CARTESIAN_POINT('',(6.86,0.,0.26));
#503 = VECTOR('',#504,1.);
#504 = DIRECTION('',(0.997671990672,0.,6.819530062824E-02));
#505 = ORIENTED_EDGE('',*,*,#506,.F.);
#506 = EDGE_CURVE('',#499,#499,#507,.T.);
#507 = CIRCLE('',#508,7.255);
#508 = AXIS2_PLACEMENT_3D('',#509,#510,#511);
#509 = CARTESIAN_POINT('',(0.,0.,0.287));
#510 = DIRECTION('',(0.,0.,1.));
#511 = DIRECTION('',(1.,0.,-0.));
#512 = ORIENTED_EDGE('',*,*,#498,.F.);
#513 = CONICAL_SURFACE('',#514,6.86,1.502548057073);
#514 = AXIS2_PLACEMENT_3D('',#515,#516,#517);
#515 = CARTESIAN_POINT('',(0.,0.,0.26));
#516 = DIRECTION('',(0.,0.,1.));
#517 = DIRECTION('',(1.,0.,-0.));
#518 = ADVANCED_FACE('',(#519),#538,.T.);
#519 = FACE_BOUND('',#520,.T.);
#520 = EDGE_LOOP('',(#521,#522,#530,#537));
#521 = ORIENTED_EDGE('',*,*,#506,.T.);
#522 = ORIENTED_EDGE('',*,*,#523,.T.);
#523 = EDGE_CURVE('',#499,#524,#526,.T.);
#524 = VERTEX_POINT('',#525);
#525 = CARTESIAN_POINT('',(7.645,0.,0.315));
#526 = LINE('',#527,#528);
#527 = CARTESIAN_POINT('',(7.255,0.,0.287));
#528 = VECTOR('',#529,1.);
#529 = DIRECTION('',(0.997432668928,0.,7.161055058968E-02));
#530 = ORIENTED_EDGE('',*,*,#531,.F.);
#531 = EDGE_CURVE('',#524,#524,#532,.T.);
#532 = CIRCLE('',#533,7.645);
#533 = AXIS2_PLACEMENT_3D('',#534,#535,#536);
#534 = CARTESIAN_POINT('',(0.,0.,0.315));
#535 = DIRECTION('',(0.,0.,1.));
#536 = DIRECTION('',(1.,0.,-0.));
#537 = ORIENTED_EDGE('',*,*,#523,.F.);
#538 = CONICAL_SURFACE('',#539,7.255,1.499124430539);
#539 = AXIS2_PLACEMENT_3D('',#540,#541,#542);
#540 = CARTESIAN_POINT('',(0.,0.,0.287));
#541 = DIRECTION('',(0.,0.,1.));
#542 = DIRECTION('',(1.,0.,-0.));
#543 = ADVANCED_FACE('',(#544),#563,.T.);
#544 = FACE_BOUND('',#545,.T.);
#545 = EDGE_LOOP('',(#546,#547,#555,#562));
#546 = ORIENTED_EDGE('',*,*,#531,.T.);
#547 = ORIENTED_EDGE('',*,*,#548,.T.);
#548 = EDGE_CURVE('',#524,#549,#551,.T.);
#549 = VERTEX_POINT('',#550);
#550 = CARTESIAN_POINT('',(8.035,0.,0.346));
#551 = LINE('',#552,#553);
#552 = CARTESIAN_POINT('',(7.645,0.,0.315));
#553 = VECTOR('',#554,1.);
#554 = DIRECTION('',(0.996855785687,0.,7.923725475976E-02));
#555 = ORIENTED_EDGE('',*,*,#556,.F.);
#556 = EDGE_CURVE('',#549,#549,#557,.T.);
#557 = CIRCLE('',#558,8.035);
#558 = AXIS2_PLACEMENT_3D('',#559,#560,#561);
#559 = CARTESIAN_POINT('',(0.,0.,0.346));
#560 = DIRECTION('',(0.,0.,1.));
#561 = DIRECTION('',(1.,0.,-0.));
#562 = ORIENTED_EDGE('',*,*,#548,.F.);
#563 = CONICAL_SURFACE('',#564,7.645,1.491475921145);
#564 = AXIS2_PLACEMENT_3D('',#565,#566,#567);
#565 = CARTESIAN_POINT('',(0.,0.,0.315));
#566 = DIRECTION('',(0.,0.,1.));
#567 = DIRECTION('',(1.,0.,-0.));
#568 = ADVANCED_FACE('',(#569),#588,.T.);
#569 = FACE_BOUND('',#570,.T.);
#570 = EDGE_LOOP('',(#571,#572,#580,#587));
#571 = ORIENTED_EDGE('',*,*,#556,.T.);
#572 = ORIENTED_EDGE('',*,*,#573,.T.);
#573 = EDGE_CURVE('',#549,#574,#576,.T.);
#574 = VERTEX_POINT('',#575);
#575 = CARTESIAN_POINT('',(8.43,0.,0.382));
#576 = LINE('',#577,#578);
#577 = CARTESIAN_POINT('',(8.035,0.,0.346));
#578 = VECTOR('',#579,1.);
#579 = DIRECTION('',(0.995872514981,0.,9.076306465648E-02));
#580 = ORIENTED_EDGE('',*,*,#581,.F.);
#581 = EDGE_CURVE('',#574,#574,#582,.T.);
#582 = CIRCLE('',#583,8.43);
#583 = AXIS2_PLACEMENT_3D('',#584,#585,#586);
#584 = CARTESIAN_POINT('',(0.,0.,0.382));
#585 = DIRECTION('',(0.,0.,1.));
#586 = DIRECTION('',(1.,0.,-0.));
#587 = ORIENTED_EDGE('',*,*,#573,.F.);
#588 = CONICAL_SURFACE('',#589,8.035,1.47990818121);
#589 = AXIS2_PLACEMENT_3D('',#590,#591,#592);
#590 = CARTESIAN_POINT('',(0.,0.,0.346));
#591 = DIRECTION('',(0.,0.,1.));
#592 = DIRECTION('',(1.,0.,-0.));
#593 = ADVANCED_FACE('',(#594),#613,.T.);
#594 = FACE_BOUND('',#595,.T.);
#595 = EDGE_LOOP('',(#596,#597,#605,#612));
#596 = ORIENTED_EDGE('',*,*,#581,.T.);
#597 = ORIENTED_EDGE('',*,*,#598,.T.);
#598 = EDGE_CURVE('',#574,#599,#601,.T.);
#599 = VERTEX_POINT('',#600);
#600 = CARTESIAN_POINT('',(8.82,0.,0.42));
#601 = LINE('',#602,#603);
#602 = CARTESIAN_POINT('',(8.43,0.,0.382));
#603 = VECTOR('',#604,1.);
#604 = DIRECTION('',(0.995286657009,0.,9.697664863165E-02));
#605 = ORIENTED_EDGE('',*,*,#606,.F.);
#606 = EDGE_CURVE('',#599,#599,#607,.T.);
#607 = CIRCLE('',#608,8.82);
#608 = AXIS2_PLACEMENT_3D('',#609,#610,#611);
#609 = CARTESIAN_POINT('',(0.,0.,0.42));
#610 = DIRECTION('',(0.,0.,1.));
#611 = DIRECTION('',(1.,0.,-0.));
#612 = ORIENTED_EDGE('',*,*,#598,.F.);
#613 = CONICAL_SURFACE('',#614,8.43,1.473667028927);
#614 = AXIS2_PLACEMENT_3D('',#615,#616,#617);
#615 = CARTESIAN_POINT('',(0.,0.,0.382));
#616 = DIRECTION('',(0.,0.,1.));
#617 = DIRECTION('',(1.,0.,-0.));
#618 = ADVANCED_FACE('',(#619),#638,.T.);
#619 = FACE_BOUND('',#620,.T.);
#620 = EDGE_LOOP('',(#621,#622,#630,#637));
#621 = ORIENTED_EDGE('',*,*,#606,.T.);
#622 = ORIENTED_EDGE('',*,*,#623,.T.);
#623 = EDGE_CURVE('',#599,#624,#626,.T.);
#624 = VERTEX_POINT('',#625);
#625 = CARTESIAN_POINT('',(9.21,0.,0.459));
#626 = LINE('',#627,#628);
#627 = CARTESIAN_POINT('',(8.82,0.,0.42));
#628 = VECTOR('',#629,1.);
#629 = DIRECTION('',(0.99503719021,0.,9.9503719021E-02));
#630 = ORIENTED_EDGE('',*,*,#631,.F.);
#631 = EDGE_CURVE('',#624,#624,#632,.T.);
#632 = CIRCLE('',#633,9.21);
#633 = AXIS2_PLACEMENT_3D('',#634,#635,#636);
#634 = CARTESIAN_POINT('',(0.,0.,0.459));
#635 = DIRECTION('',(0.,0.,1.));
#636 = DIRECTION('',(1.,0.,-0.));
#637 = ORIENTED_EDGE('',*,*,#623,.F.);
#638 = CONICAL_SURFACE('',#639,8.82,1.471127674304);
#639 = AXIS2_PLACEMENT_3D('',#640,#641,#642);
#640 = CARTESIAN_POINT('',(0.,0.,0.42));
#641 = DIRECTION('',(0.,0.,1.));
#642 = DIRECTION('',(1.,0.,-0.));
#643 = ADVANCED_FACE('',(#644),#663,.T.);
#644 = FACE_BOUND('',#645,.T.);
#645 = EDGE_LOOP('',(#646,#647,#655,#662));
#646 = ORIENTED_EDGE('',*,*,#631,.T.);
#647 = ORIENTED_EDGE('',*,*,#648,.T.);
#648 = EDGE_CURVE('',#624,#649,#651,.T.);
#649 = VERTEX_POINT('',#650);
#650 = CARTESIAN_POINT('',(9.605,0.,0.499));
#651 = LINE('',#652,#653);
#652 = CARTESIAN_POINT('',(9.21,0.,0.459));
#653 = VECTOR('',#654,1.);
#654 = DIRECTION('',(0.994911717657,0.,0.100750553687));
#655 = ORIENTED_EDGE('',*,*,#656,.F.);
#656 = EDGE_CURVE('',#649,#649,#657,.T.);
#657 = CIRCLE('',#658,9.605);
#658 = AXIS2_PLACEMENT_3D('',#659,#660,#661);
#659 = CARTESIAN_POINT('',(0.,0.,0.499));
#660 = DIRECTION('',(0.,0.,1.));
#661 = DIRECTION('',(1.,0.,-0.));
#662 = ORIENTED_EDGE('',*,*,#648,.F.);
#663 = CONICAL_SURFACE('',#664,9.21,1.469874542128);
#664 = AXIS2_PLACEMENT_3D('',#665,#666,#667);
#665 = CARTESIAN_POINT('',(0.,0.,0.459));
#666 = DIRECTION('',(0.,0.,1.));
#667 = DIRECTION('',(1.,0.,-0.));
#668 = ADVANCED_FACE('',(#669),#688,.T.);
#669 = FACE_BOUND('',#670,.T.);
#670 = EDGE_LOOP('',(#671,#672,#680,#687));
#671 = ORIENTED_EDGE('',*,*,#656,.T.);
#672 = ORIENTED_EDGE('',*,*,#673,.T.);
#673 = EDGE_CURVE('',#649,#674,#676,.T.);
#674 = VERTEX_POINT('',#675);
#675 = CARTESIAN_POINT('',(9.995,0.,0.541));
#676 = LINE('',#677,#678);
#677 = CARTESIAN_POINT('',(9.605,0.,0.499));
#678 = VECTOR('',#679,1.);
#679 = DIRECTION('',(0.994251140257,0.,0.10707319972));
#680 = ORIENTED_EDGE('',*,*,#681,.F.);
#681 = EDGE_CURVE('',#674,#674,#682,.T.);
#682 = CIRCLE('',#683,9.995);
#683 = AXIS2_PLACEMENT_3D('',#684,#685,#686);
#684 = CARTESIAN_POINT('',(0.,0.,0.541));
#685 = DIRECTION('',(0.,0.,1.));
#686 = DIRECTION('',(1.,0.,-0.));
#687 = ORIENTED_EDGE('',*,*,#673,.F.);
#688 = CONICAL_SURFACE('',#689,9.605,1.463517471146);
#689 = AXIS2_PLACEMENT_3D('',#690,#691,#692);
#690 = CARTESIAN_POINT('',(0.,0.,0.499));
#691 = DIRECTION('',(0.,0.,1.));
#692 = DIRECTION('',(1.,0.,-0.));
#693 = ADVANCED_FACE('',(#694),#713,.T.);
#694 = FACE_BOUND('',#695,.T.);
#695 = EDGE_LOOP('',(#696,#697,#705,#712));
#696 = ORIENTED_EDGE('',*,*,#681,.T.);
#697 = ORIENTED_EDGE('',*,*,#698,.T.);
#698 = EDGE_CURVE('',#674,#699,#701,.T.);
#699 = VERTEX_POINT('',#700);
#700 = CARTESIAN_POINT('',(10.38,0.,0.585));
#701 = LINE('',#702,#703);
#702 = CARTESIAN_POINT('',(9.995,0.,0.541));
#703 = VECTOR('',#704,1.);
#704 = DIRECTION('',(0.993532672656,0.,0.113546591161));
#705 = ORIENTED_EDGE('',*,*,#706,.F.);
#706 = EDGE_CURVE('',#699,#699,#707,.T.);
#707 = CIRCLE('',#708,10.38);
#708 = AXIS2_PLACEMENT_3D('',#709,#710,#711);
#709 = CARTESIAN_POINT('',(0.,0.,0.585));
#710 = DIRECTION('',(0.,0.,1.));
#711 = DIRECTION('',(1.,0.,-0.));
#712 = ORIENTED_EDGE('',*,*,#698,.F.);
#713 = CONICAL_SURFACE('',#714,9.995,1.457004319651);
#714 = AXIS2_PLACEMENT_3D('',#715,#716,#717);
#715 = CARTESIAN_POINT('',(0.,0.,0.541));
#716 = DIRECTION('',(0.,0.,1.));
#717 = DIRECTION('',(1.,0.,-0.));
#718 = ADVANCED_FACE('',(#719),#738,.T.);
#719 = FACE_BOUND('',#720,.T.);
#720 = EDGE_LOOP('',(#721,#722,#730,#737));
#721 = ORIENTED_EDGE('',*,*,#706,.T.);
#722 = ORIENTED_EDGE('',*,*,#723,.T.);
#723 = EDGE_CURVE('',#699,#724,#726,.T.);
#724 = VERTEX_POINT('',#725);
#725 = CARTESIAN_POINT('',(10.77,0.,0.63));
#726 = LINE('',#727,#728);
#727 = CARTESIAN_POINT('',(10.38,0.,0.585));
#728 = VECTOR('',#729,1.);
#729 = DIRECTION('',(0.993408935871,0.,0.114624107985));
#730 = ORIENTED_EDGE('',*,*,#731,.F.);
#731 = EDGE_CURVE('',#724,#724,#732,.T.);
#732 = CIRCLE('',#733,10.77);
#733 = AXIS2_PLACEMENT_3D('',#734,#735,#736);
#734 = CARTESIAN_POINT('',(0.,0.,0.63));
#735 = DIRECTION('',(0.,0.,1.));
#736 = DIRECTION('',(1.,0.,-0.));
#737 = ORIENTED_EDGE('',*,*,#723,.F.);
#738 = CONICAL_SURFACE('',#739,10.38,1.455919721378);
#739 = AXIS2_PLACEMENT_3D('',#740,#741,#742);
#740 = CARTESIAN_POINT('',(0.,0.,0.585));
#741 = DIRECTION('',(0.,0.,1.));
#742 = DIRECTION('',(1.,0.,-0.));
#743 = ADVANCED_FACE('',(#744),#763,.T.);
#744 = FACE_BOUND('',#745,.T.);
#745 = EDGE_LOOP('',(#746,#747,#755,#762));
#746 = ORIENTED_EDGE('',*,*,#731,.T.);
#747 = ORIENTED_EDGE('',*,*,#748,.T.);
#748 = EDGE_CURVE('',#724,#749,#751,.T.);
#749 = VERTEX_POINT('',#750);
#750 = CARTESIAN_POINT('',(11.16,0.,0.677));
#751 = LINE('',#752,#753);
#752 = CARTESIAN_POINT('',(10.77,0.,0.63));
#753 = VECTOR('',#754,1.);
#754 = DIRECTION('',(0.992816482527,0.,0.119647114561));
#755 = ORIENTED_EDGE('',*,*,#756,.F.);
#756 = EDGE_CURVE('',#749,#749,#757,.T.);
#757 = CIRCLE('',#758,11.16);
#758 = AXIS2_PLACEMENT_3D('',#759,#760,#761);
#759 = CARTESIAN_POINT('',(0.,0.,0.677));
#760 = DIRECTION('',(0.,0.,1.));
#761 = DIRECTION('',(1.,0.,-0.));
#762 = ORIENTED_EDGE('',*,*,#748,.F.);
#763 = CONICAL_SURFACE('',#764,10.77,1.45086189076);
#764 = AXIS2_PLACEMENT_3D('',#765,#766,#767);
#765 = CARTESIAN_POINT('',(0.,0.,0.63));
#766 = DIRECTION('',(0.,0.,1.));
#767 = DIRECTION('',(1.,0.,-0.));
#768 = ADVANCED_FACE('',(#769),#788,.T.);
#769 = FACE_BOUND('',#770,.T.);
#770 = EDGE_LOOP('',(#771,#772,#780,#787));
#771 = ORIENTED_EDGE('',*,*,#756,.T.);
#772 = ORIENTED_EDGE('',*,*,#773,.T.);
#773 = EDGE_CURVE('',#749,#774,#776,.T.);
#774 = VERTEX_POINT('',#775);
#775 = CARTESIAN_POINT('',(11.555,0.,0.725));
#776 = LINE('',#777,#778);
#777 = CARTESIAN_POINT('',(11.16,0.,0.677));
#778 = VECTOR('',#779,1.);
#779 = DIRECTION('',(0.992697347024,0.,0.120631576347));
#780 = ORIENTED_EDGE('',*,*,#781,.F.);
#781 = EDGE_CURVE('',#774,#774,#782,.T.);
#782 = CIRCLE('',#783,11.555);
#783 = AXIS2_PLACEMENT_3D('',#784,#785,#786);
#784 = CARTESIAN_POINT('',(0.,0.,0.725));
#785 = DIRECTION('',(0.,0.,1.));
#786 = DIRECTION('',(1.,0.,-0.));
#787 = ORIENTED_EDGE('',*,*,#773,.F.);
#788 = CONICAL_SURFACE('',#789,11.16,1.44987024649);
#789 = AXIS2_PLACEMENT_3D('',#790,#791,#792);
#790 = CARTESIAN_POINT('',(0.,0.,0.677));
#791 = DIRECTION('',(0.,0.,1.));
#792 = DIRECTION('',(1.,0.,-0.));
#793 = ADVANCED_FACE('',(#794),#813,.T.);
#794 = FACE_BOUND('',#795,.T.);
#795 = EDGE_LOOP('',(#796,#797,#805,#812));
#796 = ORIENTED_EDGE('',*,*,#781,.T.);
#797 = ORIENTED_EDGE('',*,*,#798,.T.);
#798 = EDGE_CURVE('',#774,#799,#801,.T.);
#799 = VERTEX_POINT('',#800);
#800 = CARTESIAN_POINT('',(11.945,0.,0.775));
#801 = LINE('',#802,#803);
#802 = CARTESIAN_POINT('',(11.555,0.,0.725));
#803 = VECTOR('',#804,1.);
#804 = DIRECTION('',(0.991881664686,0.,0.127164315985));
#805 = ORIENTED_EDGE('',*,*,#806,.F.);
#806 = EDGE_CURVE('',#799,#799,#807,.T.);
#807 = CIRCLE('',#808,11.945);
#808 = AXIS2_PLACEMENT_3D('',#809,#810,#811);
#809 = CARTESIAN_POINT('',(0.,0.,0.775));
#810 = DIRECTION('',(0.,0.,1.));
#811 = DIRECTION('',(1.,0.,-0.));
#812 = ORIENTED_EDGE('',*,*,#798,.F.);
#813 = CONICAL_SURFACE('',#814,11.555,1.44328676858);
#814 = AXIS2_PLACEMENT_3D('',#815,#816,#817);
#815 = CARTESIAN_POINT('',(0.,0.,0.725));
#816 = DIRECTION('',(0.,0.,1.));
#817 = DIRECTION('',(1.,0.,-0.));
#818 = ADVANCED_FACE('',(#819),#838,.T.);
#819 = FACE_BOUND('',#820,.T.);
#820 = EDGE_LOOP('',(#821,#822,#830,#837));
#821 = ORIENTED_EDGE('',*,*,#806,.T.);
#822 = ORIENTED_EDGE('',*,*,#823,.T.);
#823 = EDGE_CURVE('',#799,#824,#826,.T.);
#824 = VERTEX_POINT('',#825);
#825 = CARTESIAN_POINT('',(12.335,0.,0.826));
#826 = LINE('',#827,#828);
#827 = CARTESIAN_POINT('',(11.945,0.,0.775));
#828 = VECTOR('',#829,1.);
#829 = DIRECTION('',(0.991557825782,0.,0.129665254141));
#830 = ORIENTED_EDGE('',*,*,#831,.F.);
#831 = EDGE_CURVE('',#824,#824,#832,.T.);
#832 = CIRCLE('',#833,12.335);
#833 = AXIS2_PLACEMENT_3D('',#834,#835,#836);
#834 = CARTESIAN_POINT('',(0.,0.,0.826));
#835 = DIRECTION('',(0.,0.,1.));
#836 = DIRECTION('',(1.,0.,-0.));
#837 = ORIENTED_EDGE('',*,*,#823,.F.);
#838 = CONICAL_SURFACE('',#839,11.945,1.440764950453);
#839 = AXIS2_PLACEMENT_3D('',#840,#841,#842);
#840 = CARTESIAN_POINT('',(0.,0.,0.775));
#841 = DIRECTION('',(0.,0.,1.));
#842 = DIRECTION('',(1.,0.,-0.));
#843 = ADVANCED_FACE('',(#844),#863,.T.);
#844 = FACE_BOUND('',#845,.T.);
#845 = EDGE_LOOP('',(#846,#847,#855,#862));
#846 = ORIENTED_EDGE('',*,*,#831,.T.);
#847 = ORIENTED_EDGE('',*,*,#848,.T.);
#848 = EDGE_CURVE('',#824,#849,#851,.T.);
#849 = VERTEX_POINT('',#850);
#850 = CARTESIAN_POINT('',(12.605,0.,0.864));
#851 = LINE('',#852,#853);
#852 = CARTESIAN_POINT('',(12.335,0.,0.826));
#853 = VECTOR('',#854,1.);
#854 = DIRECTION('',(0.990240767804,0.,0.139367219172));
#855 = ORIENTED_EDGE('',*,*,#856,.F.);
#856 = EDGE_CURVE('',#849,#849,#857,.T.);
#857 = CIRCLE('',#858,12.605);
#858 = AXIS2_PLACEMENT_3D('',#859,#860,#861);
#859 = CARTESIAN_POINT('',(0.,0.,0.864));
#860 = DIRECTION('',(0.,0.,1.));
#861 = DIRECTION('',(1.,0.,-0.));
#862 = ORIENTED_EDGE('',*,*,#848,.F.);
#863 = CONICAL_SURFACE('',#864,12.335,1.430973958011);
#864 = AXIS2_PLACEMENT_3D('',#865,#866,#867);
#865 = CARTESIAN_POINT('',(0.,0.,0.826));
#866 = DIRECTION('',(0.,0.,1.));
#867 = DIRECTION('',(1.,0.,-0.));
#868 = ADVANCED_FACE('',(#869),#888,.T.);
#869 = FACE_BOUND('',#870,.T.);
#870 = EDGE_LOOP('',(#871,#872,#880,#887));
#871 = ORIENTED_EDGE('',*,*,#856,.T.);
#872 = ORIENTED_EDGE('',*,*,#873,.T.);
#873 = EDGE_CURVE('',#849,#874,#876,.T.);
#874 = VERTEX_POINT('',#875);
#875 = CARTESIAN_POINT('',(12.72,0.,0.88));
#876 = LINE('',#877,#878);
#877 = CARTESIAN_POINT('',(12.605,0.,0.864));
#878 = VECTOR('',#879,1.);
#879 = DIRECTION('',(0.990459646229,0.,0.137803081214));
#880 = ORIENTED_EDGE('',*,*,#881,.F.);
#881 = EDGE_CURVE('',#874,#874,#882,.T.);
#882 = CIRCLE('',#883,12.72);
#883 = AXIS2_PLACEMENT_3D('',#884,#885,#886);
#884 = CARTESIAN_POINT('',(0.,0.,0.88));
#885 = DIRECTION('',(0.,0.,1.));
#886 = DIRECTION('',(1.,0.,-0.));
#887 = ORIENTED_EDGE('',*,*,#873,.F.);
#888 = CONICAL_SURFACE('',#889,12.605,1.432553336317);
#889 = AXIS2_PLACEMENT_3D('',#890,#891,#892);
#890 = CARTESIAN_POINT('',(0.,0.,0.864));
#891 = DIRECTION('',(0.,0.,1.));
#892 = DIRECTION('',(1.,0.,-0.));
#893 = ADVANCED_FACE('',(#894,#897),#908,.F.);
#894 = FACE_BOUND('',#895,.T.);
#895 = EDGE_LOOP('',(#896));
#896 = ORIENTED_EDGE('',*,*,#881,.T.);
#897 = FACE_BOUND('',#898,.T.);
#898 = EDGE_LOOP('',(#899));
#899 = ORIENTED_EDGE('',*,*,#900,.F.);
#900 = EDGE_CURVE('',#901,#901,#903,.T.);
#901 = VERTEX_POINT('',#902);
#902 = CARTESIAN_POINT('',(12.725,0.,0.88));
#903 = CIRCLE('',#904,12.725);
#904 = AXIS2_PLACEMENT_3D('',#905,#906,#907);
#905 = CARTESIAN_POINT('',(0.,0.,0.88));
#906 = DIRECTION('',(0.,0.,1.));
#907 = DIRECTION('',(1.,0.,-0.));
#908 = PLANE('',#909);
#909 = AXIS2_PLACEMENT_3D('',#910,#911,#912);
#910 = CARTESIAN_POINT('',(0.,0.,0.88));
#911 = DIRECTION('',(0.,0.,1.));
#912 = DIRECTION('',(1.,0.,-0.));
#913 = ADVANCED_FACE('',(#914),#933,.T.);
#914 = FACE_BOUND('',#915,.T.);
#915 = EDGE_LOOP('',(#916,#917,#925,#932));
#916 = ORIENTED_EDGE('',*,*,#900,.T.);
#917 = ORIENTED_EDGE('',*,*,#918,.T.);
#918 = EDGE_CURVE('',#901,#919,#921,.T.);
#919 = VERTEX_POINT('',#920);
#920 = CARTESIAN_POINT('',(12.775,0.,0.93));
#921 = LINE('',#922,#923);
#922 = CARTESIAN_POINT('',(12.725,0.,0.88));
#923 = VECTOR('',#924,1.);
#924 = DIRECTION('',(0.707106781187,0.,0.707106781187));
#925 = ORIENTED_EDGE('',*,*,#926,.F.);
#926 = EDGE_CURVE('',#919,#919,#927,.T.);
#927 = CIRCLE('',#928,12.775);
#928 = AXIS2_PLACEMENT_3D('',#929,#930,#931);
#929 = CARTESIAN_POINT('',(0.,0.,0.93));
#930 = DIRECTION('',(0.,0.,1.));
#931 = DIRECTION('',(1.,0.,-0.));
#932 = ORIENTED_EDGE('',*,*,#918,.F.);
#933 = CONICAL_SURFACE('',#934,12.725,0.785398163397);
#934 = AXIS2_PLACEMENT_3D('',#935,#936,#937);
#935 = CARTESIAN_POINT('',(0.,0.,0.88));
#936 = DIRECTION('',(0.,0.,1.));
#937 = DIRECTION('',(1.,0.,-0.));
#938 = ADVANCED_FACE('',(#939),#958,.T.);
#939 = FACE_BOUND('',#940,.T.);
#940 = EDGE_LOOP('',(#941,#942,#950,#957));
#941 = ORIENTED_EDGE('',*,*,#926,.T.);
#942 = ORIENTED_EDGE('',*,*,#943,.T.);
#943 = EDGE_CURVE('',#919,#944,#946,.T.);
#944 = VERTEX_POINT('',#945);
#945 = CARTESIAN_POINT('',(12.775,0.,1.84));
#946 = LINE('',#947,#948);
#947 = CARTESIAN_POINT('',(12.775,0.,0.93));
#948 = VECTOR('',#949,1.);
#949 = DIRECTION('',(0.,0.,1.));
#950 = ORIENTED_EDGE('',*,*,#951,.F.);
#951 = EDGE_CURVE('',#944,#944,#952,.T.);
#952 = CIRCLE('',#953,12.775);
#953 = AXIS2_PLACEMENT_3D('',#954,#955,#956);
#954 = CARTESIAN_POINT('',(0.,0.,1.84));
#955 = DIRECTION('',(0.,0.,1.));
#956 = DIRECTION('',(1.,0.,-0.));
#957 = ORIENTED_EDGE('',*,*,#943,.F.);
#958 = CYLINDRICAL_SURFACE('',#959,12.775);
#959 = AXIS2_PLACEMENT_3D('',#960,#961,#962);
#960 = CARTESIAN_POINT('',(0.,0.,0.93));
#961 = DIRECTION('',(0.,0.,1.));
#962 = DIRECTION('',(1.,0.,-0.));
#963 = ADVANCED_FACE('',(#964),#1037,.T.);
#964 = FACE_BOUND('',#965,.T.);
#965 = EDGE_LOOP('',(#966,#974,#975,#976,#985,#994,#1003,#1012,#1021,
    #1030));
#966 = ORIENTED_EDGE('',*,*,#967,.F.);
#967 = EDGE_CURVE('',#944,#968,#970,.T.);
#968 = VERTEX_POINT('',#969);
#969 = CARTESIAN_POINT('',(12.725,0.,1.89));
#970 = LINE('',#971,#972);
#971 = CARTESIAN_POINT('',(12.775,0.,1.84));
#972 = VECTOR('',#973,1.);
#973 = DIRECTION('',(-0.707106781187,0.,0.707106781187));
#974 = ORIENTED_EDGE('',*,*,#951,.T.);
#975 = ORIENTED_EDGE('',*,*,#967,.T.);
#976 = ORIENTED_EDGE('',*,*,#977,.F.);
#977 = EDGE_CURVE('',#978,#968,#980,.T.);
#978 = VERTEX_POINT('',#979);
#979 = CARTESIAN_POINT('',(11.756367051206,-4.869646676846,1.89));
#980 = CIRCLE('',#981,12.725);
#981 = AXIS2_PLACEMENT_3D('',#982,#983,#984);
#982 = CARTESIAN_POINT('',(0.,0.,1.89));
#983 = DIRECTION('',(0.,0.,1.));
#984 = DIRECTION('',(1.,0.,-0.));
#985 = ORIENTED_EDGE('',*,*,#986,.F.);
#986 = EDGE_CURVE('',#987,#978,#989,.T.);
#987 = VERTEX_POINT('',#988);
#988 = CARTESIAN_POINT('',(-1.660945796,-12.61613586098,1.89));
#989 = CIRCLE('',#990,12.725);
#990 = AXIS2_PLACEMENT_3D('',#991,#992,#993);
#991 = CARTESIAN_POINT('',(0.,0.,1.89));
#992 = DIRECTION('',(0.,0.,1.));
#993 = DIRECTION('',(1.,0.,-0.));
#994 = ORIENTED_EDGE('',*,*,#995,.F.);
#995 = EDGE_CURVE('',#996,#987,#998,.T.);
#996 = VERTEX_POINT('',#997);
#997 = CARTESIAN_POINT('',(-10.0954212552,-7.746489184136,1.89));
#998 = CIRCLE('',#999,12.725);
#999 = AXIS2_PLACEMENT_3D('',#1000,#1001,#1002);
#1000 = CARTESIAN_POINT('',(0.,0.,1.89));
#1001 = DIRECTION('',(0.,0.,1.));
#1002 = DIRECTION('',(1.,0.,-0.));
#1003 = ORIENTED_EDGE('',*,*,#1004,.F.);
#1004 = EDGE_CURVE('',#1005,#996,#1007,.T.);
#1005 = VERTEX_POINT('',#1006);
#1006 = CARTESIAN_POINT('',(-10.0954212552,7.746489184136,1.89));
#1007 = CIRCLE('',#1008,12.725);
#1008 = AXIS2_PLACEMENT_3D('',#1009,#1010,#1011);
#1009 = CARTESIAN_POINT('',(0.,0.,1.89));
#1010 = DIRECTION('',(0.,0.,1.));
#1011 = DIRECTION('',(1.,0.,-0.));
#1012 = ORIENTED_EDGE('',*,*,#1013,.F.);
#1013 = EDGE_CURVE('',#1014,#1005,#1016,.T.);
#1014 = VERTEX_POINT('',#1015);
#1015 = CARTESIAN_POINT('',(-1.660945796,12.616135860982,1.89));
#1016 = CIRCLE('',#1017,12.725);
#1017 = AXIS2_PLACEMENT_3D('',#1018,#1019,#1020);
#1018 = CARTESIAN_POINT('',(0.,0.,1.89));
#1019 = DIRECTION('',(0.,0.,1.));
#1020 = DIRECTION('',(1.,0.,-0.));
#1021 = ORIENTED_EDGE('',*,*,#1022,.F.);
#1022 = EDGE_CURVE('',#1023,#1014,#1025,.T.);
#1023 = VERTEX_POINT('',#1024);
#1024 = CARTESIAN_POINT('',(11.756367051206,4.869646676846,1.89));
#1025 = CIRCLE('',#1026,12.725);
#1026 = AXIS2_PLACEMENT_3D('',#1027,#1028,#1029);
#1027 = CARTESIAN_POINT('',(0.,0.,1.89));
#1028 = DIRECTION('',(0.,0.,1.));
#1029 = DIRECTION('',(1.,0.,-0.));
#1030 = ORIENTED_EDGE('',*,*,#1031,.F.);
#1031 = EDGE_CURVE('',#968,#1023,#1032,.T.);
#1032 = CIRCLE('',#1033,12.725);
#1033 = AXIS2_PLACEMENT_3D('',#1034,#1035,#1036);
#1034 = CARTESIAN_POINT('',(0.,0.,1.89));
#1035 = DIRECTION('',(0.,0.,1.));
#1036 = DIRECTION('',(1.,0.,-0.));
#1037 = CONICAL_SURFACE('',#1038,12.775,0.785398163397);
#1038 = AXIS2_PLACEMENT_3D('',#1039,#1040,#1041);
#1039 = CARTESIAN_POINT('',(0.,0.,1.84));
#1040 = DIRECTION('',(-0.,-0.,-1.));
#1041 = DIRECTION('',(1.,0.,-0.));
#1042 = ADVANCED_FACE('',(#1043),#1253,.F.);
#1043 = FACE_BOUND('',#1044,.F.);
#1044 = EDGE_LOOP('',(#1045,#1053,#1061,#1069,#1077,#1085,#1093,#1101,
    #1109,#1117,#1125,#1133,#1141,#1149,#1157,#1165,#1173,#1181,#1189,
    #1197,#1205,#1213,#1221,#1229,#1237,#1245,#1251,#1252));
#1045 = ORIENTED_EDGE('',*,*,#1046,.T.);
#1046 = EDGE_CURVE('',#978,#1047,#1049,.T.);
#1047 = VERTEX_POINT('',#1048);
#1048 = CARTESIAN_POINT('',(12.2875977824,-5.089689650456,1.89));
#1049 = LINE('',#1050,#1051);
#1050 = CARTESIAN_POINT('',(11.617785121329,-4.812244161991,1.89));
#1051 = VECTOR('',#1052,1.);
#1052 = DIRECTION('',(0.923879532511,-0.382683432365,0.));
#1053 = ORIENTED_EDGE('',*,*,#1054,.T.);
#1054 = EDGE_CURVE('',#1047,#1055,#1057,.T.);
#1055 = VERTEX_POINT('',#1056);
#1056 = CARTESIAN_POINT('',(12.447548825872,-4.684925637352,1.89));
#1057 = LINE('',#1058,#1059);
#1058 = CARTESIAN_POINT('',(12.2875977824,-5.089689650456,1.89));
#1059 = VECTOR('',#1060,1.);
#1060 = DIRECTION('',(0.367515936595,0.930017223684,0.));
#1061 = ORIENTED_EDGE('',*,*,#1062,.T.);
#1062 = EDGE_CURVE('',#1055,#1063,#1065,.T.);
#1063 = VERTEX_POINT('',#1064);
#1064 = CARTESIAN_POINT('',(12.594170722285,-4.275144888532,1.89));
#1065 = LINE('',#1066,#1067);
#1066 = CARTESIAN_POINT('',(12.447548825872,-4.684925637352,1.89));
#1067 = VECTOR('',#1068,1.);
#1068 = DIRECTION('',(0.336889853392,0.941544065183,0.));
#1069 = ORIENTED_EDGE('',*,*,#1070,.T.);
#1070 = EDGE_CURVE('',#1063,#1071,#1073,.T.);
#1071 = VERTEX_POINT('',#1072);
#1072 = CARTESIAN_POINT('',(12.727306465238,-3.860786207484,1.89));
#1073 = LINE('',#1074,#1075);
#1074 = CARTESIAN_POINT('',(12.594170722285,-4.275144888532,1.89));
#1075 = VECTOR('',#1076,1.);
#1076 = DIRECTION('',(0.305903020097,0.952062677714,0.));
#1077 = ORIENTED_EDGE('',*,*,#1078,.T.);
#1078 = EDGE_CURVE('',#1071,#1079,#1081,.T.);
#1079 = VERTEX_POINT('',#1080);
#1080 = CARTESIAN_POINT('',(12.846813489645,-3.442293299864,1.89));
#1081 = LINE('',#1082,#1083);
#1082 = CARTESIAN_POINT('',(12.727306465238,-3.860786207484,1.89));
#1083 = VECTOR('',#1084,1.);
#1084 = DIRECTION('',(0.274588618185,0.961561797683,0.));
#1085 = ORIENTED_EDGE('',*,*,#1086,.T.);
#1086 = EDGE_CURVE('',#1079,#1087,#1089,.T.);
#1087 = VERTEX_POINT('',#1088);
#1088 = CARTESIAN_POINT('',(12.952563824389,-3.020114298357,1.89));
#1089 = LINE('',#1090,#1091);
#1090 = CARTESIAN_POINT('',(12.846813489645,-3.442293299864,1.89));
#1091 = VECTOR('',#1092,1.);
#1092 = DIRECTION('',(0.242980179903,0.970031253195,0.));
#1093 = ORIENTED_EDGE('',*,*,#1094,.T.);
#1094 = EDGE_CURVE('',#1087,#1095,#1097,.T.);
#1095 = VERTEX_POINT('',#1096);
#1096 = CARTESIAN_POINT('',(13.044444229363,-2.594701282815,1.89));
#1097 = LINE('',#1098,#1099);
#1098 = CARTESIAN_POINT('',(12.952563824389,-3.020114298357,1.89));
#1099 = VECTOR('',#1100,1.);
#1100 = DIRECTION('',(0.211111552359,0.977461974944,0.));
#1101 = ORIENTED_EDGE('',*,*,#1102,.T.);
#1102 = EDGE_CURVE('',#1095,#1103,#1105,.T.);
#1103 = VERTEX_POINT('',#1104);
#1104 = CARTESIAN_POINT('',(13.122356316729,-2.166509796148,1.89));
#1105 = LINE('',#1106,#1107);
#1106 = CARTESIAN_POINT('',(13.044444229363,-2.594701282815,1.89));
#1107 = VECTOR('',#1108,1.);
#1108 = DIRECTION('',(0.179016861277,0.983846005927,0.));
#1109 = ORIENTED_EDGE('',*,*,#1110,.T.);
#1110 = EDGE_CURVE('',#1103,#1111,#1113,.T.);
#1111 = VERTEX_POINT('',#1112);
#1112 = CARTESIAN_POINT('',(13.186216656272,-1.735998356527,1.89));
#1113 = LINE('',#1114,#1115);
#1114 = CARTESIAN_POINT('',(13.122356316729,-2.166509796148,1.89));
#1115 = VECTOR('',#1116,1.);
#1116 = DIRECTION('',(0.146730474455,0.989176509965,0.));
#1117 = ORIENTED_EDGE('',*,*,#1118,.T.);
#1118 = EDGE_CURVE('',#1111,#1119,#1121,.T.);
#1119 = VERTEX_POINT('',#1120);
#1120 = CARTESIAN_POINT('',(13.23595686474,-1.303627966383,1.89));
#1121 = LINE('',#1122,#1123);
#1122 = CARTESIAN_POINT('',(13.186216656272,-1.735998356527,1.89));
#1123 = VECTOR('',#1124,1.);
#1124 = DIRECTION('',(0.114286964967,0.993447779019,0.));
#1125 = ORIENTED_EDGE('',*,*,#1126,.T.);
#1126 = EDGE_CURVE('',#1119,#1127,#1129,.T.);
#1127 = VERTEX_POINT('',#1128);
#1128 = CARTESIAN_POINT('',(13.271523679073,-0.869861618761,1.89));
#1129 = LINE('',#1130,#1131);
#1130 = CARTESIAN_POINT('',(13.23595686474,-1.303627966383,1.89));
#1131 = VECTOR('',#1132,1.);
#1132 = DIRECTION('',(8.172107413366E-02,0.996655239309,0.));
#1133 = ORIENTED_EDGE('',*,*,#1134,.T.);
#1134 = EDGE_CURVE('',#1127,#1135,#1137,.T.);
#1135 = VERTEX_POINT('',#1136);
#1136 = CARTESIAN_POINT('',(13.292879013436,-0.43516380153,1.89));
#1137 = LINE('',#1138,#1139);
#1138 = CARTESIAN_POINT('',(13.271523679073,-0.869861618761,1.89));
#1139 = VECTOR('',#1140,1.);
#1140 = DIRECTION('',(4.906767432742E-02,0.998795456205,0.));
#1141 = ORIENTED_EDGE('',*,*,#1142,.T.);
#1142 = EDGE_CURVE('',#1135,#1143,#1145,.T.);
#1143 = VERTEX_POINT('',#1144);
#1144 = CARTESIAN_POINT('',(13.3,0.,1.89));
#1145 = LINE('',#1146,#1147);
#1146 = CARTESIAN_POINT('',(13.292879013436,-0.43516380153,1.89));
#1147 = VECTOR('',#1148,1.);
#1148 = DIRECTION('',(1.636173162649E-02,0.99986613791,0.));
#1149 = ORIENTED_EDGE('',*,*,#1150,.T.);
#1150 = EDGE_CURVE('',#1143,#1151,#1153,.T.);
#1151 = VERTEX_POINT('',#1152);
#1152 = CARTESIAN_POINT('',(13.292879013436,0.43516380153,1.89));
#1153 = LINE('',#1154,#1155);
#1154 = CARTESIAN_POINT('',(13.3,0.,1.89));
#1155 = VECTOR('',#1156,1.);
#1156 = DIRECTION('',(-1.636173162649E-02,0.99986613791,0.));
#1157 = ORIENTED_EDGE('',*,*,#1158,.T.);
#1158 = EDGE_CURVE('',#1151,#1159,#1161,.T.);
#1159 = VERTEX_POINT('',#1160);
#1160 = CARTESIAN_POINT('',(13.271523679073,0.869861618761,1.89));
#1161 = LINE('',#1162,#1163);
#1162 = CARTESIAN_POINT('',(13.292879013436,0.43516380153,1.89));
#1163 = VECTOR('',#1164,1.);
#1164 = DIRECTION('',(-4.906767432742E-02,0.998795456205,0.));
#1165 = ORIENTED_EDGE('',*,*,#1166,.T.);
#1166 = EDGE_CURVE('',#1159,#1167,#1169,.T.);
#1167 = VERTEX_POINT('',#1168);
#1168 = CARTESIAN_POINT('',(13.23595686474,1.303627966383,1.89));
#1169 = LINE('',#1170,#1171);
#1170 = CARTESIAN_POINT('',(13.271523679073,0.869861618761,1.89));
#1171 = VECTOR('',#1172,1.);
#1172 = DIRECTION('',(-8.172107413366E-02,0.996655239309,0.));
#1173 = ORIENTED_EDGE('',*,*,#1174,.T.);
#1174 = EDGE_CURVE('',#1167,#1175,#1177,.T.);
#1175 = VERTEX_POINT('',#1176);
#1176 = CARTESIAN_POINT('',(13.186216656272,1.735998356527,1.89));
#1177 = LINE('',#1178,#1179);
#1178 = CARTESIAN_POINT('',(13.23595686474,1.303627966383,1.89));
#1179 = VECTOR('',#1180,1.);
#1180 = DIRECTION('',(-0.114286964967,0.993447779019,0.));
#1181 = ORIENTED_EDGE('',*,*,#1182,.T.);
#1182 = EDGE_CURVE('',#1175,#1183,#1185,.T.);
#1183 = VERTEX_POINT('',#1184);
#1184 = CARTESIAN_POINT('',(13.122356316729,2.166509796148,1.89));
#1185 = LINE('',#1186,#1187);
#1186 = CARTESIAN_POINT('',(13.186216656272,1.735998356527,1.89));
#1187 = VECTOR('',#1188,1.);
#1188 = DIRECTION('',(-0.146730474455,0.989176509965,0.));
#1189 = ORIENTED_EDGE('',*,*,#1190,.T.);
#1190 = EDGE_CURVE('',#1183,#1191,#1193,.T.);
#1191 = VERTEX_POINT('',#1192);
#1192 = CARTESIAN_POINT('',(13.044444229363,2.594701282815,1.89));
#1193 = LINE('',#1194,#1195);
#1194 = CARTESIAN_POINT('',(13.122356316729,2.166509796148,1.89));
#1195 = VECTOR('',#1196,1.);
#1196 = DIRECTION('',(-0.179016861277,0.983846005927,0.));
#1197 = ORIENTED_EDGE('',*,*,#1198,.T.);
#1198 = EDGE_CURVE('',#1191,#1199,#1201,.T.);
#1199 = VERTEX_POINT('',#1200);
#1200 = CARTESIAN_POINT('',(12.952563824389,3.020114298357,1.89));
#1201 = LINE('',#1202,#1203);
#1202 = CARTESIAN_POINT('',(13.044444229363,2.594701282815,1.89));
#1203 = VECTOR('',#1204,1.);
#1204 = DIRECTION('',(-0.211111552359,0.977461974944,0.));
#1205 = ORIENTED_EDGE('',*,*,#1206,.T.);
#1206 = EDGE_CURVE('',#1199,#1207,#1209,.T.);
#1207 = VERTEX_POINT('',#1208);
#1208 = CARTESIAN_POINT('',(12.846813489645,3.442293299864,1.89));
#1209 = LINE('',#1210,#1211);
#1210 = CARTESIAN_POINT('',(12.952563824389,3.020114298357,1.89));
#1211 = VECTOR('',#1212,1.);
#1212 = DIRECTION('',(-0.242980179903,0.970031253195,0.));
#1213 = ORIENTED_EDGE('',*,*,#1214,.T.);
#1214 = EDGE_CURVE('',#1207,#1215,#1217,.T.);
#1215 = VERTEX_POINT('',#1216);
#1216 = CARTESIAN_POINT('',(12.727306465238,3.860786207484,1.89));
#1217 = LINE('',#1218,#1219);
#1218 = CARTESIAN_POINT('',(12.846813489645,3.442293299864,1.89));
#1219 = VECTOR('',#1220,1.);
#1220 = DIRECTION('',(-0.274588618185,0.961561797683,0.));
#1221 = ORIENTED_EDGE('',*,*,#1222,.T.);
#1222 = EDGE_CURVE('',#1215,#1223,#1225,.T.);
#1223 = VERTEX_POINT('',#1224);
#1224 = CARTESIAN_POINT('',(12.594170722285,4.275144888532,1.89));
#1225 = LINE('',#1226,#1227);
#1226 = CARTESIAN_POINT('',(12.727306465238,3.860786207484,1.89));
#1227 = VECTOR('',#1228,1.);
#1228 = DIRECTION('',(-0.305903020097,0.952062677714,0.));
#1229 = ORIENTED_EDGE('',*,*,#1230,.T.);
#1230 = EDGE_CURVE('',#1223,#1231,#1233,.T.);
#1231 = VERTEX_POINT('',#1232);
#1232 = CARTESIAN_POINT('',(12.447548825872,4.684925637352,1.89));
#1233 = LINE('',#1234,#1235);
#1234 = CARTESIAN_POINT('',(12.594170722285,4.275144888532,1.89));
#1235 = VECTOR('',#1236,1.);
#1236 = DIRECTION('',(-0.336889853392,0.941544065183,0.));
#1237 = ORIENTED_EDGE('',*,*,#1238,.T.);
#1238 = EDGE_CURVE('',#1231,#1239,#1241,.T.);
#1239 = VERTEX_POINT('',#1240);
#1240 = CARTESIAN_POINT('',(12.2875977824,5.089689650456,1.89));
#1241 = LINE('',#1242,#1243);
#1242 = CARTESIAN_POINT('',(12.447548825872,4.684925637352,1.89));
#1243 = VECTOR('',#1244,1.);
#1244 = DIRECTION('',(-0.367515936595,0.930017223684,0.));
#1245 = ORIENTED_EDGE('',*,*,#1246,.T.);
#1246 = EDGE_CURVE('',#1239,#1023,#1247,.T.);
#1247 = LINE('',#1248,#1249);
#1248 = CARTESIAN_POINT('',(12.2875977824,5.089689650456,1.89));
#1249 = VECTOR('',#1250,1.);
#1250 = DIRECTION('',(-0.923879532511,-0.382683432365,0.));
#1251 = ORIENTED_EDGE('',*,*,#1031,.F.);
#1252 = ORIENTED_EDGE('',*,*,#977,.F.);
#1253 = PLANE('',#1254);
#1254 = AXIS2_PLACEMENT_3D('',#1255,#1256,#1257);
#1255 = CARTESIAN_POINT('',(12.572107890776,1.83581516549E-16,1.89));
#1256 = DIRECTION('',(0.,0.,1.));
#1257 = DIRECTION('',(1.,0.,-0.));
#1258 = ADVANCED_FACE('',(#1259,#1882),#1893,.T.);
#1259 = FACE_BOUND('',#1260,.T.);
#1260 = EDGE_LOOP('',(#1261,#1269,#1270,#1278,#1286,#1294,#1302,#1310,
    #1318,#1326,#1334,#1342,#1350,#1358,#1366,#1374,#1382,#1390,#1398,
    #1406,#1414,#1422,#1430,#1438,#1446,#1454,#1462,#1470,#1476,#1477,
    #1485,#1493,#1501,#1509,#1517,#1525,#1533,#1541,#1549,#1557,#1565,
    #1573,#1581,#1589,#1597,#1605,#1613,#1621,#1629,#1637,#1645,#1653,
    #1661,#1669,#1677,#1683,#1684,#1692,#1700,#1708,#1716,#1724,#1732,
    #1740,#1748,#1756,#1764,#1772,#1780,#1788,#1796,#1804,#1812,#1820,
    #1828,#1836,#1844,#1852,#1860,#1868,#1876));
#1261 = ORIENTED_EDGE('',*,*,#1262,.F.);
#1262 = EDGE_CURVE('',#1023,#1263,#1265,.T.);
#1263 = VERTEX_POINT('',#1264);
#1264 = CARTESIAN_POINT('',(11.617785121329,4.812244161991,1.89));
#1265 = LINE('',#1266,#1267);
#1266 = CARTESIAN_POINT('',(12.2875977824,5.089689650456,1.89));
#1267 = VECTOR('',#1268,1.);
#1268 = DIRECTION('',(-0.923879532511,-0.382683432365,0.));
#1269 = ORIENTED_EDGE('',*,*,#1022,.T.);
#1270 = ORIENTED_EDGE('',*,*,#1271,.F.);
#1271 = EDGE_CURVE('',#1272,#1014,#1274,.T.);
#1272 = VERTEX_POINT('',#1273);
#1273 = CARTESIAN_POINT('',(-1.641366867167,12.467419131776,1.89));
#1274 = LINE('',#1275,#1276);
#1275 = CARTESIAN_POINT('',(-1.641366867167,12.467419131776,1.89));
#1276 = VECTOR('',#1277,1.);
#1277 = DIRECTION('',(-0.13052619222,0.991444861374,0.));
#1278 = ORIENTED_EDGE('',*,*,#1279,.F.);
#1279 = EDGE_CURVE('',#1280,#1272,#1282,.T.);
#1280 = VERTEX_POINT('',#1281);
#1281 = CARTESIAN_POINT('',(-2.048410577937,12.407039900967,1.89));
#1282 = LINE('',#1283,#1284);
#1283 = CARTESIAN_POINT('',(-2.048410577937,12.407039900967,1.89));
#1284 = VECTOR('',#1285,1.);
#1285 = DIRECTION('',(0.989176509965,0.146730474455,0.));
#1286 = ORIENTED_EDGE('',*,*,#1287,.F.);
#1287 = EDGE_CURVE('',#1288,#1280,#1290,.T.);
#1288 = VERTEX_POINT('',#1289);
#1289 = CARTESIAN_POINT('',(-2.453260799353,12.333374901071,1.89));
#1290 = LINE('',#1291,#1292);
#1291 = CARTESIAN_POINT('',(-2.453260799353,12.333374901071,1.89));
#1292 = VECTOR('',#1293,1.);
#1293 = DIRECTION('',(0.983846005927,0.179016861277,0.));
#1294 = ORIENTED_EDGE('',*,*,#1295,.F.);
#1295 = EDGE_CURVE('',#1296,#1288,#1298,.T.);
#1296 = VERTEX_POINT('',#1297);
#1297 = CARTESIAN_POINT('',(-2.855484007657,12.246503014412,1.89));
#1298 = LINE('',#1299,#1300);
#1299 = CARTESIAN_POINT('',(-2.855484007657,12.246503014412,1.89));
#1300 = VECTOR('',#1301,1.);
#1301 = DIRECTION('',(0.977461974944,0.211111552359,0.));
#1302 = ORIENTED_EDGE('',*,*,#1303,.F.);
#1303 = EDGE_CURVE('',#1304,#1296,#1306,.T.);
#1304 = VERTEX_POINT('',#1305);
#1305 = CARTESIAN_POINT('',(-3.254649492164,12.146517265585,1.89));
#1306 = LINE('',#1307,#1308);
#1307 = CARTESIAN_POINT('',(-3.254649492164,12.146517265585,1.89));
#1308 = VECTOR('',#1309,1.);
#1309 = DIRECTION('',(0.970031253195,0.242980179903,0.));
#1310 = ORIENTED_EDGE('',*,*,#1311,.F.);
#1311 = EDGE_CURVE('',#1312,#1304,#1314,.T.);
#1312 = VERTEX_POINT('',#1313);
#1313 = CARTESIAN_POINT('',(-3.650329816475,12.033524721833,1.89));
#1314 = LINE('',#1315,#1316);
#1315 = CARTESIAN_POINT('',(-3.650329816475,12.033524721833,1.89));
#1316 = VECTOR('',#1317,1.);
#1317 = DIRECTION('',(0.961561797683,0.274588618185,0.));
#1318 = ORIENTED_EDGE('',*,*,#1319,.F.);
#1319 = EDGE_CURVE('',#1320,#1312,#1322,.T.);
#1320 = VERTEX_POINT('',#1321);
#1321 = CARTESIAN_POINT('',(-4.042101276187,11.907646378401,1.89));
#1322 = LINE('',#1323,#1324);
#1323 = CARTESIAN_POINT('',(-4.042101276187,11.907646378401,1.89));
#1324 = VECTOR('',#1325,1.);
#1325 = DIRECTION('',(0.952062677714,0.305903020097,0.));
#1326 = ORIENTED_EDGE('',*,*,#1327,.F.);
#1327 = EDGE_CURVE('',#1328,#1320,#1330,.T.);
#1328 = VERTEX_POINT('',#1329);
#1329 = CARTESIAN_POINT('',(-4.42954435261,11.769017028973,1.89));
#1330 = LINE('',#1331,#1332);
#1331 = CARTESIAN_POINT('',(-4.42954435261,11.769017028973,1.89));
#1332 = VECTOR('',#1333,1.);
#1333 = DIRECTION('',(0.941544065183,0.336889853392,0.));
#1334 = ORIENTED_EDGE('',*,*,#1335,.F.);
#1335 = EDGE_CURVE('',#1336,#1328,#1338,.T.);
#1336 = VERTEX_POINT('',#1337);
#1337 = CARTESIAN_POINT('',(-4.812244161991,11.617785121329,1.89));
#1338 = LINE('',#1339,#1340);
#1339 = CARTESIAN_POINT('',(-4.812244161991,11.617785121329,1.89));
#1340 = VECTOR('',#1341,1.);
#1341 = DIRECTION('',(0.930017223684,0.367515936595,0.));
#1342 = ORIENTED_EDGE('',*,*,#1343,.F.);
#1343 = EDGE_CURVE('',#1344,#1336,#1346,.T.);
#1344 = VERTEX_POINT('',#1345);
#1345 = CARTESIAN_POINT('',(-5.18979089979,11.454112598384,1.89));
#1346 = LINE('',#1347,#1348);
#1347 = CARTESIAN_POINT('',(-5.18979089979,11.454112598384,1.89));
#1348 = VECTOR('',#1349,1.);
#1349 = DIRECTION('',(0.917494496447,0.397748474527,0.));
#1350 = ORIENTED_EDGE('',*,*,#1351,.F.);
#1351 = EDGE_CURVE('',#1352,#1344,#1354,.T.);
#1352 = VERTEX_POINT('',#1353);
#1353 = CARTESIAN_POINT('',(-5.561780279504,11.278174724774,1.89));
#1354 = LINE('',#1355,#1356);
#1355 = CARTESIAN_POINT('',(-5.561780279504,11.278174724774,1.89));
#1356 = VECTOR('',#1357,1.);
#1357 = DIRECTION('',(0.903989293123,0.42755509343,0.));
#1358 = ORIENTED_EDGE('',*,*,#1359,.F.);
#1359 = EDGE_CURVE('',#1360,#1352,#1362,.T.);
#1360 = VERTEX_POINT('',#1361);
#1361 = CARTESIAN_POINT('',(-5.927813965587,11.090159899181,1.89));
#1362 = LINE('',#1363,#1364);
#1363 = CARTESIAN_POINT('',(-5.927813965587,11.090159899181,1.89));
#1364 = VECTOR('',#1365,1.);
#1365 = DIRECTION('',(0.889516075422,0.45690387563,0.));
#1366 = ORIENTED_EDGE('',*,*,#1367,.F.);
#1367 = EDGE_CURVE('',#1368,#1360,#1370,.T.);
#1368 = VERTEX_POINT('',#1369);
#1369 = CARTESIAN_POINT('',(-6.2875,10.890269452589,1.89));
#1370 = LINE('',#1371,#1372);
#1371 = CARTESIAN_POINT('',(-6.2875,10.890269452589,1.89));
#1372 = VECTOR('',#1373,1.);
#1373 = DIRECTION('',(0.874090341627,0.485763393716,0.));
#1374 = ORIENTED_EDGE('',*,*,#1375,.F.);
#1375 = EDGE_CURVE('',#1376,#1368,#1378,.T.);
#1376 = VERTEX_POINT('',#1377);
#1377 = CARTESIAN_POINT('',(-6.640453221928,10.678717432697,1.89));
#1378 = LINE('',#1379,#1380);
#1379 = CARTESIAN_POINT('',(-6.640453221928,10.678717432697,1.89));
#1380 = VECTOR('',#1381,1.);
#1381 = DIRECTION('',(0.85772861,0.514102744193,0.));
#1382 = ORIENTED_EDGE('',*,*,#1383,.F.);
#1383 = EDGE_CURVE('',#1384,#1376,#1386,.T.);
#1384 = VERTEX_POINT('',#1385);
#1385 = CARTESIAN_POINT('',(-6.986295680221,10.455730374705,1.89));
#1386 = LINE('',#1387,#1388);
#1387 = CARTESIAN_POINT('',(-6.986295680221,10.455730374705,1.89));
#1388 = VECTOR('',#1389,1.);
#1389 = DIRECTION('',(0.840448401094,0.541891580575,0.));
#1390 = ORIENTED_EDGE('',*,*,#1391,.F.);
#1391 = EDGE_CURVE('',#1392,#1384,#1394,.T.);
#1392 = VERTEX_POINT('',#1393);
#1393 = CARTESIAN_POINT('',(-7.324657038113,10.22154705874,1.89));
#1394 = LINE('',#1395,#1396);
#1395 = CARTESIAN_POINT('',(-7.324657038113,10.22154705874,1.89));
#1396 = VECTOR('',#1397,1.);
#1397 = DIRECTION('',(0.82226821899,0.569100145879,0.));
#1398 = ORIENTED_EDGE('',*,*,#1399,.F.);
#1399 = EDGE_CURVE('',#1400,#1392,#1402,.T.);
#1400 = VERTEX_POINT('',#1401);
#1401 = CARTESIAN_POINT('',(-7.655174969785,9.976418254162,1.89));
#1402 = LINE('',#1403,#1404);
#1403 = CARTESIAN_POINT('',(-7.655174969785,9.976418254162,1.89));
#1404 = VECTOR('',#1405,1.);
#1405 = DIRECTION('',(0.803207531481,0.595699304492,0.));
#1406 = ORIENTED_EDGE('',*,*,#1407,.F.);
#1407 = EDGE_CURVE('',#1408,#1400,#1410,.T.);
#1408 = VERTEX_POINT('',#1409);
#1409 = CARTESIAN_POINT('',(-7.977495548358,9.720606451036,1.89));
#1410 = LINE('',#1411,#1412);
#1411 = CARTESIAN_POINT('',(-7.977495548358,9.720606451036,1.89));
#1412 = VECTOR('',#1413,1.);
#1413 = DIRECTION('',(0.783286749229,0.62166057337,0.));
#1414 = ORIENTED_EDGE('',*,*,#1415,.F.);
#1415 = EDGE_CURVE('',#1416,#1408,#1418,.T.);
#1416 = VERTEX_POINT('',#1417);
#1417 = CARTESIAN_POINT('',(-8.291273624883,9.454385579048,1.89));
#1418 = LINE('',#1419,#1420);
#1419 = CARTESIAN_POINT('',(-8.291273624883,9.454385579048,1.89));
#1420 = VECTOR('',#1421,1.);
#1421 = DIRECTION('',(0.762527203906,0.646956152535,0.));
#1422 = ORIENTED_EDGE('',*,*,#1423,.F.);
#1423 = EDGE_CURVE('',#1424,#1416,#1426,.T.);
#1424 = VERTEX_POINT('',#1425);
#1425 = CARTESIAN_POINT('',(-8.596173197938,9.178040714175,1.89));
#1426 = LINE('',#1427,#1428);
#1427 = CARTESIAN_POINT('',(-8.596173197938,9.178040714175,1.89));
#1428 = VECTOR('',#1429,1.);
#1429 = DIRECTION('',(0.740951125355,0.671558954847,0.));
#1430 = ORIENTED_EDGE('',*,*,#1431,.F.);
#1431 = EDGE_CURVE('',#1432,#1424,#1434,.T.);
#1432 = VERTEX_POINT('',#1433);
#1433 = CARTESIAN_POINT('',(-8.891867773421,8.891867773421,1.89));
#1434 = LINE('',#1435,#1436);
#1435 = CARTESIAN_POINT('',(-8.891867773421,8.891867773421,1.89));
#1436 = VECTOR('',#1437,1.);
#1437 = DIRECTION('',(0.71858161778,0.69544263501,0.));
#1438 = ORIENTED_EDGE('',*,*,#1439,.F.);
#1439 = EDGE_CURVE('',#1440,#1432,#1442,.T.);
#1440 = VERTEX_POINT('',#1441);
#1441 = CARTESIAN_POINT('',(-9.178040714175,8.596173197938,1.89));
#1442 = LINE('',#1443,#1444);
#1443 = CARTESIAN_POINT('',(-9.178040714175,8.596173197938,1.89));
#1444 = VECTOR('',#1445,1.);
#1445 = DIRECTION('',(0.69544263501,0.71858161778,0.));
#1446 = ORIENTED_EDGE('',*,*,#1447,.F.);
#1447 = EDGE_CURVE('',#1448,#1440,#1450,.T.);
#1448 = VERTEX_POINT('',#1449);
#1449 = CARTESIAN_POINT('',(-9.454385579048,8.291273624883,1.89));
#1450 = LINE('',#1451,#1452);
#1451 = CARTESIAN_POINT('',(-9.454385579048,8.291273624883,1.89));
#1452 = VECTOR('',#1453,1.);
#1453 = DIRECTION('',(0.671558954847,0.740951125355,0.));
#1454 = ORIENTED_EDGE('',*,*,#1455,.F.);
#1455 = EDGE_CURVE('',#1456,#1448,#1458,.T.);
#1456 = VERTEX_POINT('',#1457);
#1457 = CARTESIAN_POINT('',(-9.720606451036,7.977495548358,1.89));
#1458 = LINE('',#1459,#1460);
#1459 = CARTESIAN_POINT('',(-9.720606451036,7.977495548358,1.89));
#1460 = VECTOR('',#1461,1.);
#1461 = DIRECTION('',(0.646956152535,0.762527203906,0.));
#1462 = ORIENTED_EDGE('',*,*,#1463,.F.);
#1463 = EDGE_CURVE('',#1464,#1456,#1466,.T.);
#1464 = VERTEX_POINT('',#1465);
#1465 = CARTESIAN_POINT('',(-9.976418254162,7.655174969785,1.89));
#1466 = LINE('',#1467,#1468);
#1467 = CARTESIAN_POINT('',(-9.976418254162,7.655174969785,1.89));
#1468 = VECTOR('',#1469,1.);
#1469 = DIRECTION('',(0.62166057337,0.783286749229,0.));
#1470 = ORIENTED_EDGE('',*,*,#1471,.F.);
#1471 = EDGE_CURVE('',#1005,#1464,#1472,.T.);
#1472 = LINE('',#1473,#1474);
#1473 = CARTESIAN_POINT('',(-10.55159942587,8.096527005816,1.89));
#1474 = VECTOR('',#1475,1.);
#1475 = DIRECTION('',(0.793353340291,-0.608761429009,0.));
#1476 = ORIENTED_EDGE('',*,*,#1004,.T.);
#1477 = ORIENTED_EDGE('',*,*,#1478,.F.);
#1478 = EDGE_CURVE('',#1479,#996,#1481,.T.);
#1479 = VERTEX_POINT('',#1480);
#1480 = CARTESIAN_POINT('',(-9.976418254162,-7.655174969785,1.89));
#1481 = LINE('',#1482,#1483);
#1482 = CARTESIAN_POINT('',(-9.976418254162,-7.655174969785,1.89));
#1483 = VECTOR('',#1484,1.);
#1484 = DIRECTION('',(-0.793353340291,-0.608761429009,0.));
#1485 = ORIENTED_EDGE('',*,*,#1486,.F.);
#1486 = EDGE_CURVE('',#1487,#1479,#1489,.T.);
#1487 = VERTEX_POINT('',#1488);
#1488 = CARTESIAN_POINT('',(-9.720606451036,-7.977495548358,1.89));
#1489 = LINE('',#1490,#1491);
#1490 = CARTESIAN_POINT('',(-9.720606451036,-7.977495548358,1.89));
#1491 = VECTOR('',#1492,1.);
#1492 = DIRECTION('',(-0.62166057337,0.783286749229,0.));
#1493 = ORIENTED_EDGE('',*,*,#1494,.F.);
#1494 = EDGE_CURVE('',#1495,#1487,#1497,.T.);
#1495 = VERTEX_POINT('',#1496);
#1496 = CARTESIAN_POINT('',(-9.454385579048,-8.291273624883,1.89));
#1497 = LINE('',#1498,#1499);
#1498 = CARTESIAN_POINT('',(-9.454385579048,-8.291273624883,1.89));
#1499 = VECTOR('',#1500,1.);
#1500 = DIRECTION('',(-0.646956152535,0.762527203906,0.));
#1501 = ORIENTED_EDGE('',*,*,#1502,.F.);
#1502 = EDGE_CURVE('',#1503,#1495,#1505,.T.);
#1503 = VERTEX_POINT('',#1504);
#1504 = CARTESIAN_POINT('',(-9.178040714175,-8.596173197938,1.89));
#1505 = LINE('',#1506,#1507);
#1506 = CARTESIAN_POINT('',(-9.178040714175,-8.596173197938,1.89));
#1507 = VECTOR('',#1508,1.);
#1508 = DIRECTION('',(-0.671558954847,0.740951125355,0.));
#1509 = ORIENTED_EDGE('',*,*,#1510,.F.);
#1510 = EDGE_CURVE('',#1511,#1503,#1513,.T.);
#1511 = VERTEX_POINT('',#1512);
#1512 = CARTESIAN_POINT('',(-8.891867773421,-8.891867773421,1.89));
#1513 = LINE('',#1514,#1515);
#1514 = CARTESIAN_POINT('',(-8.891867773421,-8.891867773421,1.89));
#1515 = VECTOR('',#1516,1.);
#1516 = DIRECTION('',(-0.69544263501,0.71858161778,0.));
#1517 = ORIENTED_EDGE('',*,*,#1518,.F.);
#1518 = EDGE_CURVE('',#1519,#1511,#1521,.T.);
#1519 = VERTEX_POINT('',#1520);
#1520 = CARTESIAN_POINT('',(-8.596173197938,-9.178040714175,1.89));
#1521 = LINE('',#1522,#1523);
#1522 = CARTESIAN_POINT('',(-8.596173197938,-9.178040714175,1.89));
#1523 = VECTOR('',#1524,1.);
#1524 = DIRECTION('',(-0.71858161778,0.69544263501,0.));
#1525 = ORIENTED_EDGE('',*,*,#1526,.F.);
#1526 = EDGE_CURVE('',#1527,#1519,#1529,.T.);
#1527 = VERTEX_POINT('',#1528);
#1528 = CARTESIAN_POINT('',(-8.291273624883,-9.454385579048,1.89));
#1529 = LINE('',#1530,#1531);
#1530 = CARTESIAN_POINT('',(-8.291273624883,-9.454385579048,1.89));
#1531 = VECTOR('',#1532,1.);
#1532 = DIRECTION('',(-0.740951125355,0.671558954847,0.));
#1533 = ORIENTED_EDGE('',*,*,#1534,.F.);
#1534 = EDGE_CURVE('',#1535,#1527,#1537,.T.);
#1535 = VERTEX_POINT('',#1536);
#1536 = CARTESIAN_POINT('',(-7.977495548358,-9.720606451036,1.89));
#1537 = LINE('',#1538,#1539);
#1538 = CARTESIAN_POINT('',(-7.977495548358,-9.720606451036,1.89));
#1539 = VECTOR('',#1540,1.);
#1540 = DIRECTION('',(-0.762527203906,0.646956152535,0.));
#1541 = ORIENTED_EDGE('',*,*,#1542,.F.);
#1542 = EDGE_CURVE('',#1543,#1535,#1545,.T.);
#1543 = VERTEX_POINT('',#1544);
#1544 = CARTESIAN_POINT('',(-7.655174969785,-9.976418254162,1.89));
#1545 = LINE('',#1546,#1547);
#1546 = CARTESIAN_POINT('',(-7.655174969785,-9.976418254162,1.89));
#1547 = VECTOR('',#1548,1.);
#1548 = DIRECTION('',(-0.783286749229,0.62166057337,0.));
#1549 = ORIENTED_EDGE('',*,*,#1550,.F.);
#1550 = EDGE_CURVE('',#1551,#1543,#1553,.T.);
#1551 = VERTEX_POINT('',#1552);
#1552 = CARTESIAN_POINT('',(-7.324657038113,-10.22154705874,1.89));
#1553 = LINE('',#1554,#1555);
#1554 = CARTESIAN_POINT('',(-7.324657038113,-10.22154705874,1.89));
#1555 = VECTOR('',#1556,1.);
#1556 = DIRECTION('',(-0.803207531481,0.595699304492,0.));
#1557 = ORIENTED_EDGE('',*,*,#1558,.F.);
#1558 = EDGE_CURVE('',#1559,#1551,#1561,.T.);
#1559 = VERTEX_POINT('',#1560);
#1560 = CARTESIAN_POINT('',(-6.986295680221,-10.4557303747,1.89));
#1561 = LINE('',#1562,#1563);
#1562 = CARTESIAN_POINT('',(-6.986295680221,-10.4557303747,1.89));
#1563 = VECTOR('',#1564,1.);
#1564 = DIRECTION('',(-0.82226821899,0.569100145879,0.));
#1565 = ORIENTED_EDGE('',*,*,#1566,.F.);
#1566 = EDGE_CURVE('',#1567,#1559,#1569,.T.);
#1567 = VERTEX_POINT('',#1568);
#1568 = CARTESIAN_POINT('',(-6.640453221928,-10.67871743269,1.89));
#1569 = LINE('',#1570,#1571);
#1570 = CARTESIAN_POINT('',(-6.640453221928,-10.67871743269,1.89));
#1571 = VECTOR('',#1572,1.);
#1572 = DIRECTION('',(-0.840448401094,0.541891580575,0.));
#1573 = ORIENTED_EDGE('',*,*,#1574,.F.);
#1574 = EDGE_CURVE('',#1575,#1567,#1577,.T.);
#1575 = VERTEX_POINT('',#1576);
#1576 = CARTESIAN_POINT('',(-6.2875,-10.89026945258,1.89));
#1577 = LINE('',#1578,#1579);
#1578 = CARTESIAN_POINT('',(-6.2875,-10.89026945258,1.89));
#1579 = VECTOR('',#1580,1.);
#1580 = DIRECTION('',(-0.85772861,0.514102744193,0.));
#1581 = ORIENTED_EDGE('',*,*,#1582,.F.);
#1582 = EDGE_CURVE('',#1583,#1575,#1585,.T.);
#1583 = VERTEX_POINT('',#1584);
#1584 = CARTESIAN_POINT('',(-5.927813965587,-11.09015989918,1.89));
#1585 = LINE('',#1586,#1587);
#1586 = CARTESIAN_POINT('',(-5.927813965587,-11.09015989918,1.89));
#1587 = VECTOR('',#1588,1.);
#1588 = DIRECTION('',(-0.874090341627,0.485763393716,0.));
#1589 = ORIENTED_EDGE('',*,*,#1590,.F.);
#1590 = EDGE_CURVE('',#1591,#1583,#1593,.T.);
#1591 = VERTEX_POINT('',#1592);
#1592 = CARTESIAN_POINT('',(-5.561780279504,-11.27817472477,1.89));
#1593 = LINE('',#1594,#1595);
#1594 = CARTESIAN_POINT('',(-5.561780279504,-11.27817472477,1.89));
#1595 = VECTOR('',#1596,1.);
#1596 = DIRECTION('',(-0.889516075422,0.45690387563,0.));
#1597 = ORIENTED_EDGE('',*,*,#1598,.F.);
#1598 = EDGE_CURVE('',#1599,#1591,#1601,.T.);
#1599 = VERTEX_POINT('',#1600);
#1600 = CARTESIAN_POINT('',(-5.18979089979,-11.45411259838,1.89));
#1601 = LINE('',#1602,#1603);
#1602 = CARTESIAN_POINT('',(-5.18979089979,-11.45411259838,1.89));
#1603 = VECTOR('',#1604,1.);
#1604 = DIRECTION('',(-0.903989293123,0.42755509343,0.));
#1605 = ORIENTED_EDGE('',*,*,#1606,.F.);
#1606 = EDGE_CURVE('',#1607,#1599,#1609,.T.);
#1607 = VERTEX_POINT('',#1608);
#1608 = CARTESIAN_POINT('',(-4.812244161991,-11.61778512132,1.89));
#1609 = LINE('',#1610,#1611);
#1610 = CARTESIAN_POINT('',(-4.812244161991,-11.61778512132,1.89));
#1611 = VECTOR('',#1612,1.);
#1612 = DIRECTION('',(-0.917494496447,0.397748474527,0.));
#1613 = ORIENTED_EDGE('',*,*,#1614,.F.);
#1614 = EDGE_CURVE('',#1615,#1607,#1617,.T.);
#1615 = VERTEX_POINT('',#1616);
#1616 = CARTESIAN_POINT('',(-4.42954435261,-11.76901702897,1.89));
#1617 = LINE('',#1618,#1619);
#1618 = CARTESIAN_POINT('',(-4.42954435261,-11.76901702897,1.89));
#1619 = VECTOR('',#1620,1.);
#1620 = DIRECTION('',(-0.930017223684,0.367515936595,0.));
#1621 = ORIENTED_EDGE('',*,*,#1622,.F.);
#1622 = EDGE_CURVE('',#1623,#1615,#1625,.T.);
#1623 = VERTEX_POINT('',#1624);
#1624 = CARTESIAN_POINT('',(-4.042101276187,-11.9076463784,1.89));
#1625 = LINE('',#1626,#1627);
#1626 = CARTESIAN_POINT('',(-4.042101276187,-11.9076463784,1.89));
#1627 = VECTOR('',#1628,1.);
#1628 = DIRECTION('',(-0.941544065183,0.336889853392,0.));
#1629 = ORIENTED_EDGE('',*,*,#1630,.F.);
#1630 = EDGE_CURVE('',#1631,#1623,#1633,.T.);
#1631 = VERTEX_POINT('',#1632);
#1632 = CARTESIAN_POINT('',(-3.650329816475,-12.03352472183,1.89));
#1633 = LINE('',#1634,#1635);
#1634 = CARTESIAN_POINT('',(-3.650329816475,-12.03352472183,1.89));
#1635 = VECTOR('',#1636,1.);
#1636 = DIRECTION('',(-0.952062677714,0.305903020097,0.));
#1637 = ORIENTED_EDGE('',*,*,#1638,.F.);
#1638 = EDGE_CURVE('',#1639,#1631,#1641,.T.);
#1639 = VERTEX_POINT('',#1640);
#1640 = CARTESIAN_POINT('',(-3.254649492164,-12.14651726558,1.89));
#1641 = LINE('',#1642,#1643);
#1642 = CARTESIAN_POINT('',(-3.254649492164,-12.14651726558,1.89));
#1643 = VECTOR('',#1644,1.);
#1644 = DIRECTION('',(-0.961561797683,0.274588618185,0.));
#1645 = ORIENTED_EDGE('',*,*,#1646,.F.);
#1646 = EDGE_CURVE('',#1647,#1639,#1649,.T.);
#1647 = VERTEX_POINT('',#1648);
#1648 = CARTESIAN_POINT('',(-2.855484007657,-12.24650301441,1.89));
#1649 = LINE('',#1650,#1651);
#1650 = CARTESIAN_POINT('',(-2.855484007657,-12.24650301441,1.89));
#1651 = VECTOR('',#1652,1.);
#1652 = DIRECTION('',(-0.970031253195,0.242980179903,0.));
#1653 = ORIENTED_EDGE('',*,*,#1654,.F.);
#1654 = EDGE_CURVE('',#1655,#1647,#1657,.T.);
#1655 = VERTEX_POINT('',#1656);
#1656 = CARTESIAN_POINT('',(-2.453260799353,-12.33337490107,1.89));
#1657 = LINE('',#1658,#1659);
#1658 = CARTESIAN_POINT('',(-2.453260799353,-12.33337490107,1.89));
#1659 = VECTOR('',#1660,1.);
#1660 = DIRECTION('',(-0.977461974944,0.211111552359,0.));
#1661 = ORIENTED_EDGE('',*,*,#1662,.F.);
#1662 = EDGE_CURVE('',#1663,#1655,#1665,.T.);
#1663 = VERTEX_POINT('',#1664);
#1664 = CARTESIAN_POINT('',(-2.048410577937,-12.40703990096,1.89));
#1665 = LINE('',#1666,#1667);
#1666 = CARTESIAN_POINT('',(-2.048410577937,-12.40703990096,1.89));
#1667 = VECTOR('',#1668,1.);
#1668 = DIRECTION('',(-0.983846005927,0.179016861277,0.));
#1669 = ORIENTED_EDGE('',*,*,#1670,.F.);
#1670 = EDGE_CURVE('',#1671,#1663,#1673,.T.);
#1671 = VERTEX_POINT('',#1672);
#1672 = CARTESIAN_POINT('',(-1.641366867167,-12.46741913177,1.89));
#1673 = LINE('',#1674,#1675);
#1674 = CARTESIAN_POINT('',(-1.641366867167,-12.46741913177,1.89));
#1675 = VECTOR('',#1676,1.);
#1676 = DIRECTION('',(-0.989176509965,0.146730474455,0.));
#1677 = ORIENTED_EDGE('',*,*,#1678,.F.);
#1678 = EDGE_CURVE('',#987,#1671,#1679,.T.);
#1679 = LINE('',#1680,#1681);
#1680 = CARTESIAN_POINT('',(-1.735998356527,-13.18621665627,1.89));
#1681 = VECTOR('',#1682,1.);
#1682 = DIRECTION('',(0.13052619222,0.991444861374,0.));
#1683 = ORIENTED_EDGE('',*,*,#986,.T.);
#1684 = ORIENTED_EDGE('',*,*,#1685,.F.);
#1685 = EDGE_CURVE('',#1686,#978,#1688,.T.);
#1686 = VERTEX_POINT('',#1687);
#1687 = CARTESIAN_POINT('',(11.617785121329,-4.812244161991,1.89));
#1688 = LINE('',#1689,#1690);
#1689 = CARTESIAN_POINT('',(11.617785121329,-4.812244161991,1.89));
#1690 = VECTOR('',#1691,1.);
#1691 = DIRECTION('',(0.923879532511,-0.382683432365,0.));
#1692 = ORIENTED_EDGE('',*,*,#1693,.F.);
#1693 = EDGE_CURVE('',#1694,#1686,#1696,.T.);
#1694 = VERTEX_POINT('',#1695);
#1695 = CARTESIAN_POINT('',(11.769017028973,-4.42954435261,1.89));
#1696 = LINE('',#1697,#1698);
#1697 = CARTESIAN_POINT('',(11.769017028973,-4.42954435261,1.89));
#1698 = VECTOR('',#1699,1.);
#1699 = DIRECTION('',(-0.367515936595,-0.930017223684,0.));
#1700 = ORIENTED_EDGE('',*,*,#1701,.F.);
#1701 = EDGE_CURVE('',#1702,#1694,#1704,.T.);
#1702 = VERTEX_POINT('',#1703);
#1703 = CARTESIAN_POINT('',(11.907646378401,-4.042101276187,1.89));
#1704 = LINE('',#1705,#1706);
#1705 = CARTESIAN_POINT('',(11.907646378401,-4.042101276187,1.89));
#1706 = VECTOR('',#1707,1.);
#1707 = DIRECTION('',(-0.336889853392,-0.941544065183,0.));
#1708 = ORIENTED_EDGE('',*,*,#1709,.F.);
#1709 = EDGE_CURVE('',#1710,#1702,#1712,.T.);
#1710 = VERTEX_POINT('',#1711);
#1711 = CARTESIAN_POINT('',(12.033524721833,-3.650329816475,1.89));
#1712 = LINE('',#1713,#1714);
#1713 = CARTESIAN_POINT('',(12.033524721833,-3.650329816475,1.89));
#1714 = VECTOR('',#1715,1.);
#1715 = DIRECTION('',(-0.305903020097,-0.952062677714,0.));
#1716 = ORIENTED_EDGE('',*,*,#1717,.F.);
#1717 = EDGE_CURVE('',#1718,#1710,#1720,.T.);
#1718 = VERTEX_POINT('',#1719);
#1719 = CARTESIAN_POINT('',(12.146517265585,-3.254649492164,1.89));
#1720 = LINE('',#1721,#1722);
#1721 = CARTESIAN_POINT('',(12.146517265585,-3.254649492164,1.89));
#1722 = VECTOR('',#1723,1.);
#1723 = DIRECTION('',(-0.274588618185,-0.961561797683,0.));
#1724 = ORIENTED_EDGE('',*,*,#1725,.F.);
#1725 = EDGE_CURVE('',#1726,#1718,#1728,.T.);
#1726 = VERTEX_POINT('',#1727);
#1727 = CARTESIAN_POINT('',(12.246503014412,-2.855484007657,1.89));
#1728 = LINE('',#1729,#1730);
#1729 = CARTESIAN_POINT('',(12.246503014412,-2.855484007657,1.89));
#1730 = VECTOR('',#1731,1.);
#1731 = DIRECTION('',(-0.242980179903,-0.970031253195,0.));
#1732 = ORIENTED_EDGE('',*,*,#1733,.F.);
#1733 = EDGE_CURVE('',#1734,#1726,#1736,.T.);
#1734 = VERTEX_POINT('',#1735);
#1735 = CARTESIAN_POINT('',(12.333374901071,-2.453260799353,1.89));
#1736 = LINE('',#1737,#1738);
#1737 = CARTESIAN_POINT('',(12.333374901071,-2.453260799353,1.89));
#1738 = VECTOR('',#1739,1.);
#1739 = DIRECTION('',(-0.211111552359,-0.977461974944,0.));
#1740 = ORIENTED_EDGE('',*,*,#1741,.F.);
#1741 = EDGE_CURVE('',#1742,#1734,#1744,.T.);
#1742 = VERTEX_POINT('',#1743);
#1743 = CARTESIAN_POINT('',(12.407039900967,-2.048410577937,1.89));
#1744 = LINE('',#1745,#1746);
#1745 = CARTESIAN_POINT('',(12.407039900967,-2.048410577937,1.89));
#1746 = VECTOR('',#1747,1.);
#1747 = DIRECTION('',(-0.179016861277,-0.983846005927,0.));
#1748 = ORIENTED_EDGE('',*,*,#1749,.F.);
#1749 = EDGE_CURVE('',#1750,#1742,#1752,.T.);
#1750 = VERTEX_POINT('',#1751);
#1751 = CARTESIAN_POINT('',(12.467419131776,-1.641366867167,1.89));
#1752 = LINE('',#1753,#1754);
#1753 = CARTESIAN_POINT('',(12.467419131776,-1.641366867167,1.89));
#1754 = VECTOR('',#1755,1.);
#1755 = DIRECTION('',(-0.146730474455,-0.989176509965,0.));
#1756 = ORIENTED_EDGE('',*,*,#1757,.F.);
#1757 = EDGE_CURVE('',#1758,#1750,#1760,.T.);
#1758 = VERTEX_POINT('',#1759);
#1759 = CARTESIAN_POINT('',(12.514447937903,-1.232565539644,1.89));
#1760 = LINE('',#1761,#1762);
#1761 = CARTESIAN_POINT('',(12.514447937903,-1.232565539644,1.89));
#1762 = VECTOR('',#1763,1.);
#1763 = DIRECTION('',(-0.114286964967,-0.993447779019,0.));
#1764 = ORIENTED_EDGE('',*,*,#1765,.F.);
#1765 = EDGE_CURVE('',#1766,#1758,#1768,.T.);
#1766 = VERTEX_POINT('',#1767);
#1767 = CARTESIAN_POINT('',(12.548075959725,-0.822444350069,1.89));
#1768 = LINE('',#1769,#1770);
#1769 = CARTESIAN_POINT('',(12.548075959725,-0.822444350069,1.89));
#1770 = VECTOR('',#1771,1.);
#1771 = DIRECTION('',(-8.172107413366E-02,-0.996655239309,0.));
#1772 = ORIENTED_EDGE('',*,*,#1773,.F.);
#1773 = EDGE_CURVE('',#1774,#1766,#1776,.T.);
#1774 = VERTEX_POINT('',#1775);
#1775 = CARTESIAN_POINT('',(12.568267187515,-0.411442466484,1.89));
#1776 = LINE('',#1777,#1778);
#1777 = CARTESIAN_POINT('',(12.568267187515,-0.411442466484,1.89));
#1778 = VECTOR('',#1779,1.);
#1779 = DIRECTION('',(-4.906767432742E-02,-0.998795456205,0.));
#1780 = ORIENTED_EDGE('',*,*,#1781,.F.);
#1781 = EDGE_CURVE('',#1782,#1774,#1784,.T.);
#1782 = VERTEX_POINT('',#1783);
#1783 = CARTESIAN_POINT('',(12.575,0.,1.89));
#1784 = LINE('',#1785,#1786);
#1785 = CARTESIAN_POINT('',(12.575,0.,1.89));
#1786 = VECTOR('',#1787,1.);
#1787 = DIRECTION('',(-1.636173162648E-02,-0.99986613791,0.));
#1788 = ORIENTED_EDGE('',*,*,#1789,.F.);
#1789 = EDGE_CURVE('',#1790,#1782,#1792,.T.);
#1790 = VERTEX_POINT('',#1791);
#1791 = CARTESIAN_POINT('',(12.568267187515,0.411442466484,1.89));
#1792 = LINE('',#1793,#1794);
#1793 = CARTESIAN_POINT('',(12.568267187515,0.411442466484,1.89));
#1794 = VECTOR('',#1795,1.);
#1795 = DIRECTION('',(1.636173162648E-02,-0.99986613791,0.));
#1796 = ORIENTED_EDGE('',*,*,#1797,.F.);
#1797 = EDGE_CURVE('',#1798,#1790,#1800,.T.);
#1798 = VERTEX_POINT('',#1799);
#1799 = CARTESIAN_POINT('',(12.548075959725,0.822444350069,1.89));
#1800 = LINE('',#1801,#1802);
#1801 = CARTESIAN_POINT('',(12.548075959725,0.822444350069,1.89));
#1802 = VECTOR('',#1803,1.);
#1803 = DIRECTION('',(4.906767432742E-02,-0.998795456205,0.));
#1804 = ORIENTED_EDGE('',*,*,#1805,.F.);
#1805 = EDGE_CURVE('',#1806,#1798,#1808,.T.);
#1806 = VERTEX_POINT('',#1807);
#1807 = CARTESIAN_POINT('',(12.514447937903,1.232565539644,1.89));
#1808 = LINE('',#1809,#1810);
#1809 = CARTESIAN_POINT('',(12.514447937903,1.232565539644,1.89));
#1810 = VECTOR('',#1811,1.);
#1811 = DIRECTION('',(8.172107413366E-02,-0.996655239309,0.));
#1812 = ORIENTED_EDGE('',*,*,#1813,.F.);
#1813 = EDGE_CURVE('',#1814,#1806,#1816,.T.);
#1814 = VERTEX_POINT('',#1815);
#1815 = CARTESIAN_POINT('',(12.467419131776,1.641366867167,1.89));
#1816 = LINE('',#1817,#1818);
#1817 = CARTESIAN_POINT('',(12.467419131776,1.641366867167,1.89));
#1818 = VECTOR('',#1819,1.);
#1819 = DIRECTION('',(0.114286964967,-0.993447779019,0.));
#1820 = ORIENTED_EDGE('',*,*,#1821,.F.);
#1821 = EDGE_CURVE('',#1822,#1814,#1824,.T.);
#1822 = VERTEX_POINT('',#1823);
#1823 = CARTESIAN_POINT('',(12.407039900967,2.048410577937,1.89));
#1824 = LINE('',#1825,#1826);
#1825 = CARTESIAN_POINT('',(12.407039900967,2.048410577937,1.89));
#1826 = VECTOR('',#1827,1.);
#1827 = DIRECTION('',(0.146730474455,-0.989176509965,0.));
#1828 = ORIENTED_EDGE('',*,*,#1829,.F.);
#1829 = EDGE_CURVE('',#1830,#1822,#1832,.T.);
#1830 = VERTEX_POINT('',#1831);
#1831 = CARTESIAN_POINT('',(12.333374901071,2.453260799353,1.89));
#1832 = LINE('',#1833,#1834);
#1833 = CARTESIAN_POINT('',(12.333374901071,2.453260799353,1.89));
#1834 = VECTOR('',#1835,1.);
#1835 = DIRECTION('',(0.179016861277,-0.983846005927,0.));
#1836 = ORIENTED_EDGE('',*,*,#1837,.F.);
#1837 = EDGE_CURVE('',#1838,#1830,#1840,.T.);
#1838 = VERTEX_POINT('',#1839);
#1839 = CARTESIAN_POINT('',(12.246503014412,2.855484007657,1.89));
#1840 = LINE('',#1841,#1842);
#1841 = CARTESIAN_POINT('',(12.246503014412,2.855484007657,1.89));
#1842 = VECTOR('',#1843,1.);
#1843 = DIRECTION('',(0.211111552359,-0.977461974944,0.));
#1844 = ORIENTED_EDGE('',*,*,#1845,.F.);
#1845 = EDGE_CURVE('',#1846,#1838,#1848,.T.);
#1846 = VERTEX_POINT('',#1847);
#1847 = CARTESIAN_POINT('',(12.146517265585,3.254649492164,1.89));
#1848 = LINE('',#1849,#1850);
#1849 = CARTESIAN_POINT('',(12.146517265585,3.254649492164,1.89));
#1850 = VECTOR('',#1851,1.);
#1851 = DIRECTION('',(0.242980179903,-0.970031253195,0.));
#1852 = ORIENTED_EDGE('',*,*,#1853,.F.);
#1853 = EDGE_CURVE('',#1854,#1846,#1856,.T.);
#1854 = VERTEX_POINT('',#1855);
#1855 = CARTESIAN_POINT('',(12.033524721833,3.650329816475,1.89));
#1856 = LINE('',#1857,#1858);
#1857 = CARTESIAN_POINT('',(12.033524721833,3.650329816475,1.89));
#1858 = VECTOR('',#1859,1.);
#1859 = DIRECTION('',(0.274588618185,-0.961561797683,0.));
#1860 = ORIENTED_EDGE('',*,*,#1861,.F.);
#1861 = EDGE_CURVE('',#1862,#1854,#1864,.T.);
#1862 = VERTEX_POINT('',#1863);
#1863 = CARTESIAN_POINT('',(11.907646378401,4.042101276187,1.89));
#1864 = LINE('',#1865,#1866);
#1865 = CARTESIAN_POINT('',(11.907646378401,4.042101276187,1.89));
#1866 = VECTOR('',#1867,1.);
#1867 = DIRECTION('',(0.305903020097,-0.952062677714,0.));
#1868 = ORIENTED_EDGE('',*,*,#1869,.F.);
#1869 = EDGE_CURVE('',#1870,#1862,#1872,.T.);
#1870 = VERTEX_POINT('',#1871);
#1871 = CARTESIAN_POINT('',(11.769017028973,4.42954435261,1.89));
#1872 = LINE('',#1873,#1874);
#1873 = CARTESIAN_POINT('',(11.769017028973,4.42954435261,1.89));
#1874 = VECTOR('',#1875,1.);
#1875 = DIRECTION('',(0.336889853392,-0.941544065183,0.));
#1876 = ORIENTED_EDGE('',*,*,#1877,.F.);
#1877 = EDGE_CURVE('',#1263,#1870,#1878,.T.);
#1878 = LINE('',#1879,#1880);
#1879 = CARTESIAN_POINT('',(11.617785121329,4.812244161991,1.89));
#1880 = VECTOR('',#1881,1.);
#1881 = DIRECTION('',(0.367515936595,-0.930017223684,0.));
#1882 = FACE_BOUND('',#1883,.T.);
#1883 = EDGE_LOOP('',(#1884));
#1884 = ORIENTED_EDGE('',*,*,#1885,.F.);
#1885 = EDGE_CURVE('',#1886,#1886,#1888,.T.);
#1886 = VERTEX_POINT('',#1887);
#1887 = CARTESIAN_POINT('',(12.475,0.,1.89));
#1888 = CIRCLE('',#1889,12.475);
#1889 = AXIS2_PLACEMENT_3D('',#1890,#1891,#1892);
#1890 = CARTESIAN_POINT('',(0.,0.,1.89));
#1891 = DIRECTION('',(0.,0.,1.));
#1892 = DIRECTION('',(1.,0.,-0.));
#1893 = PLANE('',#1894);
#1894 = AXIS2_PLACEMENT_3D('',#1895,#1896,#1897);
#1895 = CARTESIAN_POINT('',(0.,0.,1.89));
#1896 = DIRECTION('',(0.,0.,1.));
#1897 = DIRECTION('',(1.,0.,-0.));
#1898 = ADVANCED_FACE('',(#1899),#2108,.F.);
#1899 = FACE_BOUND('',#1900,.F.);
#1900 = EDGE_LOOP('',(#1901,#1909,#1917,#1925,#1933,#1941,#1949,#1957,
    #1965,#1973,#1981,#1989,#1997,#2005,#2013,#2021,#2029,#2037,#2045,
    #2053,#2061,#2069,#2077,#2085,#2093,#2101,#2107));
#1901 = ORIENTED_EDGE('',*,*,#1902,.T.);
#1902 = EDGE_CURVE('',#1014,#1903,#1905,.T.);
#1903 = VERTEX_POINT('',#1904);
#1904 = CARTESIAN_POINT('',(-1.735998356527,13.186216656272,1.89));
#1905 = LINE('',#1906,#1907);
#1906 = CARTESIAN_POINT('',(-1.641366867167,12.467419131776,1.89));
#1907 = VECTOR('',#1908,1.);
#1908 = DIRECTION('',(-0.13052619222,0.991444861374,0.));
#1909 = ORIENTED_EDGE('',*,*,#1910,.T.);
#1910 = EDGE_CURVE('',#1903,#1911,#1913,.T.);
#1911 = VERTEX_POINT('',#1912);
#1912 = CARTESIAN_POINT('',(-2.166509796148,13.122356316729,1.89));
#1913 = LINE('',#1914,#1915);
#1914 = CARTESIAN_POINT('',(-1.735998356527,13.186216656272,1.89));
#1915 = VECTOR('',#1916,1.);
#1916 = DIRECTION('',(-0.989176509965,-0.146730474455,0.));
#1917 = ORIENTED_EDGE('',*,*,#1918,.T.);
#1918 = EDGE_CURVE('',#1911,#1919,#1921,.T.);
#1919 = VERTEX_POINT('',#1920);
#1920 = CARTESIAN_POINT('',(-2.594701282815,13.044444229363,1.89));
#1921 = LINE('',#1922,#1923);
#1922 = CARTESIAN_POINT('',(-2.166509796148,13.122356316729,1.89));
#1923 = VECTOR('',#1924,1.);
#1924 = DIRECTION('',(-0.983846005927,-0.179016861277,0.));
#1925 = ORIENTED_EDGE('',*,*,#1926,.T.);
#1926 = EDGE_CURVE('',#1919,#1927,#1929,.T.);
#1927 = VERTEX_POINT('',#1928);
#1928 = CARTESIAN_POINT('',(-3.020114298357,12.952563824389,1.89));
#1929 = LINE('',#1930,#1931);
#1930 = CARTESIAN_POINT('',(-2.594701282815,13.044444229363,1.89));
#1931 = VECTOR('',#1932,1.);
#1932 = DIRECTION('',(-0.977461974944,-0.211111552359,0.));
#1933 = ORIENTED_EDGE('',*,*,#1934,.T.);
#1934 = EDGE_CURVE('',#1927,#1935,#1937,.T.);
#1935 = VERTEX_POINT('',#1936);
#1936 = CARTESIAN_POINT('',(-3.442293299864,12.846813489645,1.89));
#1937 = LINE('',#1938,#1939);
#1938 = CARTESIAN_POINT('',(-3.020114298357,12.952563824389,1.89));
#1939 = VECTOR('',#1940,1.);
#1940 = DIRECTION('',(-0.970031253195,-0.242980179903,0.));
#1941 = ORIENTED_EDGE('',*,*,#1942,.T.);
#1942 = EDGE_CURVE('',#1935,#1943,#1945,.T.);
#1943 = VERTEX_POINT('',#1944);
#1944 = CARTESIAN_POINT('',(-3.860786207484,12.727306465238,1.89));
#1945 = LINE('',#1946,#1947);
#1946 = CARTESIAN_POINT('',(-3.442293299864,12.846813489645,1.89));
#1947 = VECTOR('',#1948,1.);
#1948 = DIRECTION('',(-0.961561797683,-0.274588618185,0.));
#1949 = ORIENTED_EDGE('',*,*,#1950,.T.);
#1950 = EDGE_CURVE('',#1943,#1951,#1953,.T.);
#1951 = VERTEX_POINT('',#1952);
#1952 = CARTESIAN_POINT('',(-4.275144888532,12.594170722285,1.89));
#1953 = LINE('',#1954,#1955);
#1954 = CARTESIAN_POINT('',(-3.860786207484,12.727306465238,1.89));
#1955 = VECTOR('',#1956,1.);
#1956 = DIRECTION('',(-0.952062677714,-0.305903020097,0.));
#1957 = ORIENTED_EDGE('',*,*,#1958,.T.);
#1958 = EDGE_CURVE('',#1951,#1959,#1961,.T.);
#1959 = VERTEX_POINT('',#1960);
#1960 = CARTESIAN_POINT('',(-4.684925637352,12.447548825872,1.89));
#1961 = LINE('',#1962,#1963);
#1962 = CARTESIAN_POINT('',(-4.275144888532,12.594170722285,1.89));
#1963 = VECTOR('',#1964,1.);
#1964 = DIRECTION('',(-0.941544065183,-0.336889853392,0.));
#1965 = ORIENTED_EDGE('',*,*,#1966,.T.);
#1966 = EDGE_CURVE('',#1959,#1967,#1969,.T.);
#1967 = VERTEX_POINT('',#1968);
#1968 = CARTESIAN_POINT('',(-5.089689650456,12.2875977824,1.89));
#1969 = LINE('',#1970,#1971);
#1970 = CARTESIAN_POINT('',(-4.684925637352,12.447548825872,1.89));
#1971 = VECTOR('',#1972,1.);
#1972 = DIRECTION('',(-0.930017223684,-0.367515936595,0.));
#1973 = ORIENTED_EDGE('',*,*,#1974,.T.);
#1974 = EDGE_CURVE('',#1967,#1975,#1977,.T.);
#1975 = VERTEX_POINT('',#1976);
#1976 = CARTESIAN_POINT('',(-5.489003496398,12.114488871452,1.89));
#1977 = LINE('',#1978,#1979);
#1978 = CARTESIAN_POINT('',(-5.089689650456,12.2875977824,1.89));
#1979 = VECTOR('',#1980,1.);
#1980 = DIRECTION('',(-0.917494496447,-0.397748474527,0.));
#1981 = ORIENTED_EDGE('',*,*,#1982,.T.);
#1982 = EDGE_CURVE('',#1975,#1983,#1985,.T.);
#1983 = VERTEX_POINT('',#1984);
#1984 = CARTESIAN_POINT('',(-5.882439579913,11.928407462385,1.89));
#1985 = LINE('',#1986,#1987);
#1986 = CARTESIAN_POINT('',(-5.489003496398,12.114488871452,1.89));
#1987 = VECTOR('',#1988,1.);
#1988 = DIRECTION('',(-0.903989293123,-0.42755509343,0.));
#1989 = ORIENTED_EDGE('',*,*,#1990,.T.);
#1990 = EDGE_CURVE('',#1983,#1991,#1993,.T.);
#1991 = VERTEX_POINT('',#1992);
#1992 = CARTESIAN_POINT('',(-6.269576599786,11.729552815833,1.89));
#1993 = LINE('',#1994,#1995);
#1994 = CARTESIAN_POINT('',(-5.882439579913,11.928407462385,1.89));
#1995 = VECTOR('',#1996,1.);
#1996 = DIRECTION('',(-0.889516075422,-0.45690387563,0.));
#1997 = ORIENTED_EDGE('',*,*,#1998,.T.);
#1998 = EDGE_CURVE('',#1991,#1999,#2001,.T.);
#1999 = VERTEX_POINT('',#2000);
#2000 = CARTESIAN_POINT('',(-6.65,11.518137870333,1.89));
#2001 = LINE('',#2002,#2003);
#2002 = CARTESIAN_POINT('',(-6.269576599786,11.729552815833,1.89));
#2003 = VECTOR('',#2004,1.);
#2004 = DIRECTION('',(-0.874090341627,-0.485763393716,0.));
#2005 = ORIENTED_EDGE('',*,*,#2006,.T.);
#2006 = EDGE_CURVE('',#1999,#2007,#2009,.T.);
#2007 = VERTEX_POINT('',#2008);
#2008 = CARTESIAN_POINT('',(-7.02330241365,11.294389014303,1.89));
#2009 = LINE('',#2010,#2011);
#2010 = CARTESIAN_POINT('',(-6.65,11.518137870333,1.89));
#2011 = VECTOR('',#2012,1.);
#2012 = DIRECTION('',(-0.85772861,-0.514102744193,0.));
#2013 = ORIENTED_EDGE('',*,*,#2014,.T.);
#2014 = EDGE_CURVE('',#2007,#2015,#2017,.T.);
#2015 = VERTEX_POINT('',#2016);
#2016 = CARTESIAN_POINT('',(-7.389084099161,11.058545843624,1.89));
#2017 = LINE('',#2018,#2019);
#2018 = CARTESIAN_POINT('',(-7.02330241365,11.294389014303,1.89));
#2019 = VECTOR('',#2020,1.);
#2020 = DIRECTION('',(-0.840448401094,-0.541891580575,0.));
#2021 = ORIENTED_EDGE('',*,*,#2022,.T.);
#2022 = EDGE_CURVE('',#2015,#2023,#2025,.T.);
#2023 = VERTEX_POINT('',#2024);
#2024 = CARTESIAN_POINT('',(-7.746953368342,10.810860905068,1.89));
#2025 = LINE('',#2026,#2027);
#2026 = CARTESIAN_POINT('',(-7.389084099161,11.058545843624,1.89));
#2027 = VECTOR('',#2028,1.);
#2028 = DIRECTION('',(-0.82226821899,-0.569100145879,0.));
#2029 = ORIENTED_EDGE('',*,*,#2030,.T.);
#2030 = EDGE_CURVE('',#2023,#2031,#2033,.T.);
#2031 = VERTEX_POINT('',#2032);
#2032 = CARTESIAN_POINT('',(-8.096527005816,10.551599425873,1.89));
#2033 = LINE('',#2034,#2035);
#2034 = CARTESIAN_POINT('',(-7.746953368342,10.810860905068,1.89));
#2035 = VECTOR('',#2036,1.);
#2036 = DIRECTION('',(-0.803207531481,-0.595699304492,0.));
#2037 = ORIENTED_EDGE('',*,*,#2038,.T.);
#2038 = EDGE_CURVE('',#2031,#2039,#2041,.T.);
#2039 = VERTEX_POINT('',#2040);
#2040 = CARTESIAN_POINT('',(-8.437430679376,10.281039029724,1.89));
#2041 = LINE('',#2042,#2043);
#2042 = CARTESIAN_POINT('',(-8.096527005816,10.551599425873,1.89));
#2043 = VECTOR('',#2044,1.);
#2044 = DIRECTION('',(-0.783286749229,-0.62166057337,0.));
#2045 = ORIENTED_EDGE('',*,*,#2046,.T.);
#2046 = EDGE_CURVE('',#2039,#2047,#2049,.T.);
#2047 = VERTEX_POINT('',#2048);
#2048 = CARTESIAN_POINT('',(-8.769299340831,9.99946943947,1.89));
#2049 = LINE('',#2050,#2051);
#2050 = CARTESIAN_POINT('',(-8.437430679376,10.281039029724,1.89));
#2051 = VECTOR('',#2052,1.);
#2052 = DIRECTION('',(-0.762527203906,-0.646956152535,0.));
#2053 = ORIENTED_EDGE('',*,*,#2054,.T.);
#2054 = EDGE_CURVE('',#2047,#2055,#2057,.T.);
#2055 = VERTEX_POINT('',#2056);
#2056 = CARTESIAN_POINT('',(-9.091777616904,9.707192166881,1.89));
#2057 = LINE('',#2058,#2059);
#2058 = CARTESIAN_POINT('',(-8.769299340831,9.99946943947,1.89));
#2059 = VECTOR('',#2060,1.);
#2060 = DIRECTION('',(-0.740951125355,-0.671558954847,0.));
#2061 = ORIENTED_EDGE('',*,*,#2062,.T.);
#2062 = EDGE_CURVE('',#2055,#2063,#2065,.T.);
#2063 = VERTEX_POINT('',#2064);
#2064 = CARTESIAN_POINT('',(-9.404520189781,9.404520189781,1.89));
#2065 = LINE('',#2066,#2067);
#2066 = CARTESIAN_POINT('',(-9.091777616904,9.707192166881,1.89));
#2067 = VECTOR('',#2068,1.);
#2068 = DIRECTION('',(-0.71858161778,-0.69544263501,0.));
#2069 = ORIENTED_EDGE('',*,*,#2070,.T.);
#2070 = EDGE_CURVE('',#2063,#2071,#2073,.T.);
#2071 = VERTEX_POINT('',#2072);
#2072 = CARTESIAN_POINT('',(-9.707192166881,9.091777616904,1.89));
#2073 = LINE('',#2074,#2075);
#2074 = CARTESIAN_POINT('',(-9.404520189781,9.404520189781,1.89));
#2075 = VECTOR('',#2076,1.);
#2076 = DIRECTION('',(-0.69544263501,-0.71858161778,0.));
#2077 = ORIENTED_EDGE('',*,*,#2078,.T.);
#2078 = EDGE_CURVE('',#2071,#2079,#2081,.T.);
#2079 = VERTEX_POINT('',#2080);
#2080 = CARTESIAN_POINT('',(-9.99946943947,8.769299340831,1.89));
#2081 = LINE('',#2082,#2083);
#2082 = CARTESIAN_POINT('',(-9.707192166881,9.091777616904,1.89));
#2083 = VECTOR('',#2084,1.);
#2084 = DIRECTION('',(-0.671558954847,-0.740951125355,0.));
#2085 = ORIENTED_EDGE('',*,*,#2086,.T.);
#2086 = EDGE_CURVE('',#2079,#2087,#2089,.T.);
#2087 = VERTEX_POINT('',#2088);
#2088 = CARTESIAN_POINT('',(-10.28103902972,8.437430679376,1.89));
#2089 = LINE('',#2090,#2091);
#2090 = CARTESIAN_POINT('',(-9.99946943947,8.769299340831,1.89));
#2091 = VECTOR('',#2092,1.);
#2092 = DIRECTION('',(-0.646956152535,-0.762527203906,0.));
#2093 = ORIENTED_EDGE('',*,*,#2094,.T.);
#2094 = EDGE_CURVE('',#2087,#2095,#2097,.T.);
#2095 = VERTEX_POINT('',#2096);
#2096 = CARTESIAN_POINT('',(-10.55159942587,8.096527005816,1.89));
#2097 = LINE('',#2098,#2099);
#2098 = CARTESIAN_POINT('',(-10.28103902972,8.437430679376,1.89));
#2099 = VECTOR('',#2100,1.);
#2100 = DIRECTION('',(-0.62166057337,-0.783286749229,0.));
#2101 = ORIENTED_EDGE('',*,*,#2102,.T.);
#2102 = EDGE_CURVE('',#2095,#1005,#2103,.T.);
#2103 = LINE('',#2104,#2105);
#2104 = CARTESIAN_POINT('',(-10.55159942587,8.096527005816,1.89));
#2105 = VECTOR('',#2106,1.);
#2106 = DIRECTION('',(0.793353340291,-0.608761429009,0.));
#2107 = ORIENTED_EDGE('',*,*,#1013,.F.);
#2108 = PLANE('',#2109);
#2109 = AXIS2_PLACEMENT_3D('',#2110,#2111,#2112);
#2110 = CARTESIAN_POINT('',(-6.286053945388,10.887764812531,1.89));
#2111 = DIRECTION('',(0.,0.,1.));
#2112 = DIRECTION('',(1.,0.,-0.));
#2113 = ADVANCED_FACE('',(#2114),#2323,.F.);
#2114 = FACE_BOUND('',#2115,.F.);
#2115 = EDGE_LOOP('',(#2116,#2124,#2132,#2140,#2148,#2156,#2164,#2172,
    #2180,#2188,#2196,#2204,#2212,#2220,#2228,#2236,#2244,#2252,#2260,
    #2268,#2276,#2284,#2292,#2300,#2308,#2316,#2322));
#2116 = ORIENTED_EDGE('',*,*,#2117,.T.);
#2117 = EDGE_CURVE('',#996,#2118,#2120,.T.);
#2118 = VERTEX_POINT('',#2119);
#2119 = CARTESIAN_POINT('',(-10.55159942587,-8.096527005816,1.89));
#2120 = LINE('',#2121,#2122);
#2121 = CARTESIAN_POINT('',(-9.976418254162,-7.655174969785,1.89));
#2122 = VECTOR('',#2123,1.);
#2123 = DIRECTION('',(-0.793353340291,-0.608761429009,0.));
#2124 = ORIENTED_EDGE('',*,*,#2125,.T.);
#2125 = EDGE_CURVE('',#2118,#2126,#2128,.T.);
#2126 = VERTEX_POINT('',#2127);
#2127 = CARTESIAN_POINT('',(-10.28103902972,-8.437430679376,1.89));
#2128 = LINE('',#2129,#2130);
#2129 = CARTESIAN_POINT('',(-10.55159942587,-8.096527005816,1.89));
#2130 = VECTOR('',#2131,1.);
#2131 = DIRECTION('',(0.62166057337,-0.783286749229,0.));
#2132 = ORIENTED_EDGE('',*,*,#2133,.T.);
#2133 = EDGE_CURVE('',#2126,#2134,#2136,.T.);
#2134 = VERTEX_POINT('',#2135);
#2135 = CARTESIAN_POINT('',(-9.99946943947,-8.769299340831,1.89));
#2136 = LINE('',#2137,#2138);
#2137 = CARTESIAN_POINT('',(-10.28103902972,-8.437430679376,1.89));
#2138 = VECTOR('',#2139,1.);
#2139 = DIRECTION('',(0.646956152535,-0.762527203906,0.));
#2140 = ORIENTED_EDGE('',*,*,#2141,.T.);
#2141 = EDGE_CURVE('',#2134,#2142,#2144,.T.);
#2142 = VERTEX_POINT('',#2143);
#2143 = CARTESIAN_POINT('',(-9.707192166881,-9.091777616904,1.89));
#2144 = LINE('',#2145,#2146);
#2145 = CARTESIAN_POINT('',(-9.99946943947,-8.769299340831,1.89));
#2146 = VECTOR('',#2147,1.);
#2147 = DIRECTION('',(0.671558954847,-0.740951125355,0.));
#2148 = ORIENTED_EDGE('',*,*,#2149,.T.);
#2149 = EDGE_CURVE('',#2142,#2150,#2152,.T.);
#2150 = VERTEX_POINT('',#2151);
#2151 = CARTESIAN_POINT('',(-9.404520189781,-9.404520189781,1.89));
#2152 = LINE('',#2153,#2154);
#2153 = CARTESIAN_POINT('',(-9.707192166881,-9.091777616904,1.89));
#2154 = VECTOR('',#2155,1.);
#2155 = DIRECTION('',(0.69544263501,-0.71858161778,0.));
#2156 = ORIENTED_EDGE('',*,*,#2157,.T.);
#2157 = EDGE_CURVE('',#2150,#2158,#2160,.T.);
#2158 = VERTEX_POINT('',#2159);
#2159 = CARTESIAN_POINT('',(-9.091777616904,-9.707192166881,1.89));
#2160 = LINE('',#2161,#2162);
#2161 = CARTESIAN_POINT('',(-9.404520189781,-9.404520189781,1.89));
#2162 = VECTOR('',#2163,1.);
#2163 = DIRECTION('',(0.71858161778,-0.69544263501,0.));
#2164 = ORIENTED_EDGE('',*,*,#2165,.T.);
#2165 = EDGE_CURVE('',#2158,#2166,#2168,.T.);
#2166 = VERTEX_POINT('',#2167);
#2167 = CARTESIAN_POINT('',(-8.769299340831,-9.99946943947,1.89));
#2168 = LINE('',#2169,#2170);
#2169 = CARTESIAN_POINT('',(-9.091777616904,-9.707192166881,1.89));
#2170 = VECTOR('',#2171,1.);
#2171 = DIRECTION('',(0.740951125355,-0.671558954847,0.));
#2172 = ORIENTED_EDGE('',*,*,#2173,.T.);
#2173 = EDGE_CURVE('',#2166,#2174,#2176,.T.);
#2174 = VERTEX_POINT('',#2175);
#2175 = CARTESIAN_POINT('',(-8.437430679376,-10.28103902972,1.89));
#2176 = LINE('',#2177,#2178);
#2177 = CARTESIAN_POINT('',(-8.769299340831,-9.99946943947,1.89));
#2178 = VECTOR('',#2179,1.);
#2179 = DIRECTION('',(0.762527203906,-0.646956152535,0.));
#2180 = ORIENTED_EDGE('',*,*,#2181,.T.);
#2181 = EDGE_CURVE('',#2174,#2182,#2184,.T.);
#2182 = VERTEX_POINT('',#2183);
#2183 = CARTESIAN_POINT('',(-8.096527005816,-10.55159942587,1.89));
#2184 = LINE('',#2185,#2186);
#2185 = CARTESIAN_POINT('',(-8.437430679376,-10.28103902972,1.89));
#2186 = VECTOR('',#2187,1.);
#2187 = DIRECTION('',(0.783286749229,-0.62166057337,0.));
#2188 = ORIENTED_EDGE('',*,*,#2189,.T.);
#2189 = EDGE_CURVE('',#2182,#2190,#2192,.T.);
#2190 = VERTEX_POINT('',#2191);
#2191 = CARTESIAN_POINT('',(-7.746953368342,-10.81086090506,1.89));
#2192 = LINE('',#2193,#2194);
#2193 = CARTESIAN_POINT('',(-8.096527005816,-10.55159942587,1.89));
#2194 = VECTOR('',#2195,1.);
#2195 = DIRECTION('',(0.803207531481,-0.595699304492,0.));
#2196 = ORIENTED_EDGE('',*,*,#2197,.T.);
#2197 = EDGE_CURVE('',#2190,#2198,#2200,.T.);
#2198 = VERTEX_POINT('',#2199);
#2199 = CARTESIAN_POINT('',(-7.389084099161,-11.05854584362,1.89));
#2200 = LINE('',#2201,#2202);
#2201 = CARTESIAN_POINT('',(-7.746953368342,-10.81086090506,1.89));
#2202 = VECTOR('',#2203,1.);
#2203 = DIRECTION('',(0.82226821899,-0.569100145879,0.));
#2204 = ORIENTED_EDGE('',*,*,#2205,.T.);
#2205 = EDGE_CURVE('',#2198,#2206,#2208,.T.);
#2206 = VERTEX_POINT('',#2207);
#2207 = CARTESIAN_POINT('',(-7.02330241365,-11.2943890143,1.89));
#2208 = LINE('',#2209,#2210);
#2209 = CARTESIAN_POINT('',(-7.389084099161,-11.05854584362,1.89));
#2210 = VECTOR('',#2211,1.);
#2211 = DIRECTION('',(0.840448401094,-0.541891580575,0.));
#2212 = ORIENTED_EDGE('',*,*,#2213,.T.);
#2213 = EDGE_CURVE('',#2206,#2214,#2216,.T.);
#2214 = VERTEX_POINT('',#2215);
#2215 = CARTESIAN_POINT('',(-6.65,-11.51813787033,1.89));
#2216 = LINE('',#2217,#2218);
#2217 = CARTESIAN_POINT('',(-7.02330241365,-11.2943890143,1.89));
#2218 = VECTOR('',#2219,1.);
#2219 = DIRECTION('',(0.85772861,-0.514102744193,0.));
#2220 = ORIENTED_EDGE('',*,*,#2221,.T.);
#2221 = EDGE_CURVE('',#2214,#2222,#2224,.T.);
#2222 = VERTEX_POINT('',#2223);
#2223 = CARTESIAN_POINT('',(-6.269576599786,-11.72955281583,1.89));
#2224 = LINE('',#2225,#2226);
#2225 = CARTESIAN_POINT('',(-6.65,-11.51813787033,1.89));
#2226 = VECTOR('',#2227,1.);
#2227 = DIRECTION('',(0.874090341627,-0.485763393716,0.));
#2228 = ORIENTED_EDGE('',*,*,#2229,.T.);
#2229 = EDGE_CURVE('',#2222,#2230,#2232,.T.);
#2230 = VERTEX_POINT('',#2231);
#2231 = CARTESIAN_POINT('',(-5.882439579913,-11.92840746238,1.89));
#2232 = LINE('',#2233,#2234);
#2233 = CARTESIAN_POINT('',(-6.269576599786,-11.72955281583,1.89));
#2234 = VECTOR('',#2235,1.);
#2235 = DIRECTION('',(0.889516075422,-0.45690387563,0.));
#2236 = ORIENTED_EDGE('',*,*,#2237,.T.);
#2237 = EDGE_CURVE('',#2230,#2238,#2240,.T.);
#2238 = VERTEX_POINT('',#2239);
#2239 = CARTESIAN_POINT('',(-5.489003496398,-12.11448887145,1.89));
#2240 = LINE('',#2241,#2242);
#2241 = CARTESIAN_POINT('',(-5.882439579913,-11.92840746238,1.89));
#2242 = VECTOR('',#2243,1.);
#2243 = DIRECTION('',(0.903989293123,-0.42755509343,0.));
#2244 = ORIENTED_EDGE('',*,*,#2245,.T.);
#2245 = EDGE_CURVE('',#2238,#2246,#2248,.T.);
#2246 = VERTEX_POINT('',#2247);
#2247 = CARTESIAN_POINT('',(-5.089689650456,-12.2875977824,1.89));
#2248 = LINE('',#2249,#2250);
#2249 = CARTESIAN_POINT('',(-5.489003496398,-12.11448887145,1.89));
#2250 = VECTOR('',#2251,1.);
#2251 = DIRECTION('',(0.917494496447,-0.397748474527,0.));
#2252 = ORIENTED_EDGE('',*,*,#2253,.T.);
#2253 = EDGE_CURVE('',#2246,#2254,#2256,.T.);
#2254 = VERTEX_POINT('',#2255);
#2255 = CARTESIAN_POINT('',(-4.684925637352,-12.44754882587,1.89));
#2256 = LINE('',#2257,#2258);
#2257 = CARTESIAN_POINT('',(-5.089689650456,-12.2875977824,1.89));
#2258 = VECTOR('',#2259,1.);
#2259 = DIRECTION('',(0.930017223684,-0.367515936595,0.));
#2260 = ORIENTED_EDGE('',*,*,#2261,.T.);
#2261 = EDGE_CURVE('',#2254,#2262,#2264,.T.);
#2262 = VERTEX_POINT('',#2263);
#2263 = CARTESIAN_POINT('',(-4.275144888532,-12.59417072228,1.89));
#2264 = LINE('',#2265,#2266);
#2265 = CARTESIAN_POINT('',(-4.684925637352,-12.44754882587,1.89));
#2266 = VECTOR('',#2267,1.);
#2267 = DIRECTION('',(0.941544065183,-0.336889853392,0.));
#2268 = ORIENTED_EDGE('',*,*,#2269,.T.);
#2269 = EDGE_CURVE('',#2262,#2270,#2272,.T.);
#2270 = VERTEX_POINT('',#2271);
#2271 = CARTESIAN_POINT('',(-3.860786207484,-12.72730646523,1.89));
#2272 = LINE('',#2273,#2274);
#2273 = CARTESIAN_POINT('',(-4.275144888532,-12.59417072228,1.89));
#2274 = VECTOR('',#2275,1.);
#2275 = DIRECTION('',(0.952062677714,-0.305903020097,0.));
#2276 = ORIENTED_EDGE('',*,*,#2277,.T.);
#2277 = EDGE_CURVE('',#2270,#2278,#2280,.T.);
#2278 = VERTEX_POINT('',#2279);
#2279 = CARTESIAN_POINT('',(-3.442293299864,-12.84681348964,1.89));
#2280 = LINE('',#2281,#2282);
#2281 = CARTESIAN_POINT('',(-3.860786207484,-12.72730646523,1.89));
#2282 = VECTOR('',#2283,1.);
#2283 = DIRECTION('',(0.961561797683,-0.274588618185,0.));
#2284 = ORIENTED_EDGE('',*,*,#2285,.T.);
#2285 = EDGE_CURVE('',#2278,#2286,#2288,.T.);
#2286 = VERTEX_POINT('',#2287);
#2287 = CARTESIAN_POINT('',(-3.020114298357,-12.95256382438,1.89));
#2288 = LINE('',#2289,#2290);
#2289 = CARTESIAN_POINT('',(-3.442293299864,-12.84681348964,1.89));
#2290 = VECTOR('',#2291,1.);
#2291 = DIRECTION('',(0.970031253195,-0.242980179903,0.));
#2292 = ORIENTED_EDGE('',*,*,#2293,.T.);
#2293 = EDGE_CURVE('',#2286,#2294,#2296,.T.);
#2294 = VERTEX_POINT('',#2295);
#2295 = CARTESIAN_POINT('',(-2.594701282815,-13.04444422936,1.89));
#2296 = LINE('',#2297,#2298);
#2297 = CARTESIAN_POINT('',(-3.020114298357,-12.95256382438,1.89));
#2298 = VECTOR('',#2299,1.);
#2299 = DIRECTION('',(0.977461974944,-0.211111552359,0.));
#2300 = ORIENTED_EDGE('',*,*,#2301,.T.);
#2301 = EDGE_CURVE('',#2294,#2302,#2304,.T.);
#2302 = VERTEX_POINT('',#2303);
#2303 = CARTESIAN_POINT('',(-2.166509796148,-13.12235631672,1.89));
#2304 = LINE('',#2305,#2306);
#2305 = CARTESIAN_POINT('',(-2.594701282815,-13.04444422936,1.89));
#2306 = VECTOR('',#2307,1.);
#2307 = DIRECTION('',(0.983846005927,-0.179016861277,0.));
#2308 = ORIENTED_EDGE('',*,*,#2309,.T.);
#2309 = EDGE_CURVE('',#2302,#2310,#2312,.T.);
#2310 = VERTEX_POINT('',#2311);
#2311 = CARTESIAN_POINT('',(-1.735998356527,-13.18621665627,1.89));
#2312 = LINE('',#2313,#2314);
#2313 = CARTESIAN_POINT('',(-2.166509796148,-13.12235631672,1.89));
#2314 = VECTOR('',#2315,1.);
#2315 = DIRECTION('',(0.989176509965,-0.146730474455,0.));
#2316 = ORIENTED_EDGE('',*,*,#2317,.T.);
#2317 = EDGE_CURVE('',#2310,#987,#2318,.T.);
#2318 = LINE('',#2319,#2320);
#2319 = CARTESIAN_POINT('',(-1.735998356527,-13.18621665627,1.89));
#2320 = VECTOR('',#2321,1.);
#2321 = DIRECTION('',(0.13052619222,0.991444861374,0.));
#2322 = ORIENTED_EDGE('',*,*,#995,.F.);
#2323 = PLANE('',#2324);
#2324 = AXIS2_PLACEMENT_3D('',#2325,#2326,#2327);
#2325 = CARTESIAN_POINT('',(-6.286053945388,-10.88776481253,1.89));
#2326 = DIRECTION('',(0.,0.,1.));
#2327 = DIRECTION('',(1.,0.,-0.));
#2328 = ADVANCED_FACE('',(#2329),#2355,.F.);
#2329 = FACE_BOUND('',#2330,.F.);
#2330 = EDGE_LOOP('',(#2331,#2339,#2347,#2353,#2354));
#2331 = ORIENTED_EDGE('',*,*,#2332,.T.);
#2332 = EDGE_CURVE('',#1686,#2333,#2335,.T.);
#2333 = VERTEX_POINT('',#2334);
#2334 = CARTESIAN_POINT('',(11.617785121329,-4.812244161991,2.19));
#2335 = LINE('',#2336,#2337);
#2336 = CARTESIAN_POINT('',(11.617785121329,-4.812244161991,1.89));
#2337 = VECTOR('',#2338,1.);
#2338 = DIRECTION('',(0.,0.,1.));
#2339 = ORIENTED_EDGE('',*,*,#2340,.T.);
#2340 = EDGE_CURVE('',#2333,#2341,#2343,.T.);
#2341 = VERTEX_POINT('',#2342);
#2342 = CARTESIAN_POINT('',(12.2875977824,-5.089689650456,2.19));
#2343 = LINE('',#2344,#2345);
#2344 = CARTESIAN_POINT('',(11.617785121329,-4.812244161991,2.19));
#2345 = VECTOR('',#2346,1.);
#2346 = DIRECTION('',(0.923879532511,-0.382683432365,0.));
#2347 = ORIENTED_EDGE('',*,*,#2348,.F.);
#2348 = EDGE_CURVE('',#1047,#2341,#2349,.T.);
#2349 = LINE('',#2350,#2351);
#2350 = CARTESIAN_POINT('',(12.2875977824,-5.089689650456,1.89));
#2351 = VECTOR('',#2352,1.);
#2352 = DIRECTION('',(0.,0.,1.));
#2353 = ORIENTED_EDGE('',*,*,#1046,.F.);
#2354 = ORIENTED_EDGE('',*,*,#1685,.F.);
#2355 = PLANE('',#2356);
#2356 = AXIS2_PLACEMENT_3D('',#2357,#2358,#2359);
#2357 = CARTESIAN_POINT('',(11.617785121329,-4.812244161991,1.89));
#2358 = DIRECTION('',(0.382683432365,0.923879532511,-0.));
#2359 = DIRECTION('',(0.923879532511,-0.382683432365,0.));
#2360 = ADVANCED_FACE('',(#2361),#2387,.F.);
#2361 = FACE_BOUND('',#2362,.F.);
#2362 = EDGE_LOOP('',(#2363,#2371,#2379,#2385,#2386));
#2363 = ORIENTED_EDGE('',*,*,#2364,.T.);
#2364 = EDGE_CURVE('',#1239,#2365,#2367,.T.);
#2365 = VERTEX_POINT('',#2366);
#2366 = CARTESIAN_POINT('',(12.2875977824,5.089689650456,2.19));
#2367 = LINE('',#2368,#2369);
#2368 = CARTESIAN_POINT('',(12.2875977824,5.089689650456,1.89));
#2369 = VECTOR('',#2370,1.);
#2370 = DIRECTION('',(0.,0.,1.));
#2371 = ORIENTED_EDGE('',*,*,#2372,.T.);
#2372 = EDGE_CURVE('',#2365,#2373,#2375,.T.);
#2373 = VERTEX_POINT('',#2374);
#2374 = CARTESIAN_POINT('',(11.617785121329,4.812244161991,2.19));
#2375 = LINE('',#2376,#2377);
#2376 = CARTESIAN_POINT('',(12.2875977824,5.089689650456,2.19));
#2377 = VECTOR('',#2378,1.);
#2378 = DIRECTION('',(-0.923879532511,-0.382683432365,0.));
#2379 = ORIENTED_EDGE('',*,*,#2380,.F.);
#2380 = EDGE_CURVE('',#1263,#2373,#2381,.T.);
#2381 = LINE('',#2382,#2383);
#2382 = CARTESIAN_POINT('',(11.617785121329,4.812244161991,1.89));
#2383 = VECTOR('',#2384,1.);
#2384 = DIRECTION('',(0.,0.,1.));
#2385 = ORIENTED_EDGE('',*,*,#1262,.F.);
#2386 = ORIENTED_EDGE('',*,*,#1246,.F.);
#2387 = PLANE('',#2388);
#2388 = AXIS2_PLACEMENT_3D('',#2389,#2390,#2391);
#2389 = CARTESIAN_POINT('',(12.2875977824,5.089689650456,1.89));
#2390 = DIRECTION('',(0.382683432365,-0.923879532511,0.));
#2391 = DIRECTION('',(-0.923879532511,-0.382683432365,0.));
#2392 = ADVANCED_FACE('',(#2393),#2411,.F.);
#2393 = FACE_BOUND('',#2394,.F.);
#2394 = EDGE_LOOP('',(#2395,#2403,#2409,#2410));
#2395 = ORIENTED_EDGE('',*,*,#2396,.T.);
#2396 = EDGE_CURVE('',#1231,#2397,#2399,.T.);
#2397 = VERTEX_POINT('',#2398);
#2398 = CARTESIAN_POINT('',(12.447548825872,4.684925637352,2.19));
#2399 = LINE('',#2400,#2401);
#2400 = CARTESIAN_POINT('',(12.447548825872,4.684925637352,1.89));
#2401 = VECTOR('',#2402,1.);
#2402 = DIRECTION('',(0.,0.,1.));
#2403 = ORIENTED_EDGE('',*,*,#2404,.T.);
#2404 = EDGE_CURVE('',#2397,#2365,#2405,.T.);
#2405 = LINE('',#2406,#2407);
#2406 = CARTESIAN_POINT('',(12.447548825872,4.684925637352,2.19));
#2407 = VECTOR('',#2408,1.);
#2408 = DIRECTION('',(-0.367515936595,0.930017223684,0.));
#2409 = ORIENTED_EDGE('',*,*,#2364,.F.);
#2410 = ORIENTED_EDGE('',*,*,#1238,.F.);
#2411 = PLANE('',#2412);
#2412 = AXIS2_PLACEMENT_3D('',#2413,#2414,#2415);
#2413 = CARTESIAN_POINT('',(12.447548825872,4.684925637352,1.89));
#2414 = DIRECTION('',(-0.930017223684,-0.367515936595,0.));
#2415 = DIRECTION('',(-0.367515936595,0.930017223684,0.));
#2416 = ADVANCED_FACE('',(#2417),#2435,.F.);
#2417 = FACE_BOUND('',#2418,.F.);
#2418 = EDGE_LOOP('',(#2419,#2427,#2433,#2434));
#2419 = ORIENTED_EDGE('',*,*,#2420,.T.);
#2420 = EDGE_CURVE('',#1223,#2421,#2423,.T.);
#2421 = VERTEX_POINT('',#2422);
#2422 = CARTESIAN_POINT('',(12.594170722285,4.275144888532,2.19));
#2423 = LINE('',#2424,#2425);
#2424 = CARTESIAN_POINT('',(12.594170722285,4.275144888532,1.89));
#2425 = VECTOR('',#2426,1.);
#2426 = DIRECTION('',(0.,0.,1.));
#2427 = ORIENTED_EDGE('',*,*,#2428,.T.);
#2428 = EDGE_CURVE('',#2421,#2397,#2429,.T.);
#2429 = LINE('',#2430,#2431);
#2430 = CARTESIAN_POINT('',(12.594170722285,4.275144888532,2.19));
#2431 = VECTOR('',#2432,1.);
#2432 = DIRECTION('',(-0.336889853392,0.941544065183,0.));
#2433 = ORIENTED_EDGE('',*,*,#2396,.F.);
#2434 = ORIENTED_EDGE('',*,*,#1230,.F.);
#2435 = PLANE('',#2436);
#2436 = AXIS2_PLACEMENT_3D('',#2437,#2438,#2439);
#2437 = CARTESIAN_POINT('',(12.594170722285,4.275144888532,1.89));
#2438 = DIRECTION('',(-0.941544065183,-0.336889853392,0.));
#2439 = DIRECTION('',(-0.336889853392,0.941544065183,0.));
#2440 = ADVANCED_FACE('',(#2441),#2459,.F.);
#2441 = FACE_BOUND('',#2442,.F.);
#2442 = EDGE_LOOP('',(#2443,#2451,#2457,#2458));
#2443 = ORIENTED_EDGE('',*,*,#2444,.T.);
#2444 = EDGE_CURVE('',#1215,#2445,#2447,.T.);
#2445 = VERTEX_POINT('',#2446);
#2446 = CARTESIAN_POINT('',(12.727306465238,3.860786207484,2.19));
#2447 = LINE('',#2448,#2449);
#2448 = CARTESIAN_POINT('',(12.727306465238,3.860786207484,1.89));
#2449 = VECTOR('',#2450,1.);
#2450 = DIRECTION('',(0.,0.,1.));
#2451 = ORIENTED_EDGE('',*,*,#2452,.T.);
#2452 = EDGE_CURVE('',#2445,#2421,#2453,.T.);
#2453 = LINE('',#2454,#2455);
#2454 = CARTESIAN_POINT('',(12.727306465238,3.860786207484,2.19));
#2455 = VECTOR('',#2456,1.);
#2456 = DIRECTION('',(-0.305903020097,0.952062677714,0.));
#2457 = ORIENTED_EDGE('',*,*,#2420,.F.);
#2458 = ORIENTED_EDGE('',*,*,#1222,.F.);
#2459 = PLANE('',#2460);
#2460 = AXIS2_PLACEMENT_3D('',#2461,#2462,#2463);
#2461 = CARTESIAN_POINT('',(12.727306465238,3.860786207484,1.89));
#2462 = DIRECTION('',(-0.952062677714,-0.305903020097,0.));
#2463 = DIRECTION('',(-0.305903020097,0.952062677714,0.));
#2464 = ADVANCED_FACE('',(#2465),#2483,.F.);
#2465 = FACE_BOUND('',#2466,.F.);
#2466 = EDGE_LOOP('',(#2467,#2475,#2481,#2482));
#2467 = ORIENTED_EDGE('',*,*,#2468,.T.);
#2468 = EDGE_CURVE('',#1207,#2469,#2471,.T.);
#2469 = VERTEX_POINT('',#2470);
#2470 = CARTESIAN_POINT('',(12.846813489645,3.442293299864,2.19));
#2471 = LINE('',#2472,#2473);
#2472 = CARTESIAN_POINT('',(12.846813489645,3.442293299864,1.89));
#2473 = VECTOR('',#2474,1.);
#2474 = DIRECTION('',(0.,0.,1.));
#2475 = ORIENTED_EDGE('',*,*,#2476,.T.);
#2476 = EDGE_CURVE('',#2469,#2445,#2477,.T.);
#2477 = LINE('',#2478,#2479);
#2478 = CARTESIAN_POINT('',(12.846813489645,3.442293299864,2.19));
#2479 = VECTOR('',#2480,1.);
#2480 = DIRECTION('',(-0.274588618185,0.961561797683,0.));
#2481 = ORIENTED_EDGE('',*,*,#2444,.F.);
#2482 = ORIENTED_EDGE('',*,*,#1214,.F.);
#2483 = PLANE('',#2484);
#2484 = AXIS2_PLACEMENT_3D('',#2485,#2486,#2487);
#2485 = CARTESIAN_POINT('',(12.846813489645,3.442293299864,1.89));
#2486 = DIRECTION('',(-0.961561797683,-0.274588618185,0.));
#2487 = DIRECTION('',(-0.274588618185,0.961561797683,0.));
#2488 = ADVANCED_FACE('',(#2489),#2507,.F.);
#2489 = FACE_BOUND('',#2490,.F.);
#2490 = EDGE_LOOP('',(#2491,#2499,#2505,#2506));
#2491 = ORIENTED_EDGE('',*,*,#2492,.T.);
#2492 = EDGE_CURVE('',#1199,#2493,#2495,.T.);
#2493 = VERTEX_POINT('',#2494);
#2494 = CARTESIAN_POINT('',(12.952563824389,3.020114298357,2.19));
#2495 = LINE('',#2496,#2497);
#2496 = CARTESIAN_POINT('',(12.952563824389,3.020114298357,1.89));
#2497 = VECTOR('',#2498,1.);
#2498 = DIRECTION('',(0.,0.,1.));
#2499 = ORIENTED_EDGE('',*,*,#2500,.T.);
#2500 = EDGE_CURVE('',#2493,#2469,#2501,.T.);
#2501 = LINE('',#2502,#2503);
#2502 = CARTESIAN_POINT('',(12.952563824389,3.020114298357,2.19));
#2503 = VECTOR('',#2504,1.);
#2504 = DIRECTION('',(-0.242980179903,0.970031253195,0.));
#2505 = ORIENTED_EDGE('',*,*,#2468,.F.);
#2506 = ORIENTED_EDGE('',*,*,#1206,.F.);
#2507 = PLANE('',#2508);
#2508 = AXIS2_PLACEMENT_3D('',#2509,#2510,#2511);
#2509 = CARTESIAN_POINT('',(12.952563824389,3.020114298357,1.89));
#2510 = DIRECTION('',(-0.970031253195,-0.242980179903,0.));
#2511 = DIRECTION('',(-0.242980179903,0.970031253195,0.));
#2512 = ADVANCED_FACE('',(#2513),#2531,.F.);
#2513 = FACE_BOUND('',#2514,.F.);
#2514 = EDGE_LOOP('',(#2515,#2523,#2529,#2530));
#2515 = ORIENTED_EDGE('',*,*,#2516,.T.);
#2516 = EDGE_CURVE('',#1191,#2517,#2519,.T.);
#2517 = VERTEX_POINT('',#2518);
#2518 = CARTESIAN_POINT('',(13.044444229363,2.594701282815,2.19));
#2519 = LINE('',#2520,#2521);
#2520 = CARTESIAN_POINT('',(13.044444229363,2.594701282815,1.89));
#2521 = VECTOR('',#2522,1.);
#2522 = DIRECTION('',(0.,0.,1.));
#2523 = ORIENTED_EDGE('',*,*,#2524,.T.);
#2524 = EDGE_CURVE('',#2517,#2493,#2525,.T.);
#2525 = LINE('',#2526,#2527);
#2526 = CARTESIAN_POINT('',(13.044444229363,2.594701282815,2.19));
#2527 = VECTOR('',#2528,1.);
#2528 = DIRECTION('',(-0.211111552359,0.977461974944,0.));
#2529 = ORIENTED_EDGE('',*,*,#2492,.F.);
#2530 = ORIENTED_EDGE('',*,*,#1198,.F.);
#2531 = PLANE('',#2532);
#2532 = AXIS2_PLACEMENT_3D('',#2533,#2534,#2535);
#2533 = CARTESIAN_POINT('',(13.044444229363,2.594701282815,1.89));
#2534 = DIRECTION('',(-0.977461974944,-0.211111552359,0.));
#2535 = DIRECTION('',(-0.211111552359,0.977461974944,0.));
#2536 = ADVANCED_FACE('',(#2537),#2555,.F.);
#2537 = FACE_BOUND('',#2538,.F.);
#2538 = EDGE_LOOP('',(#2539,#2547,#2553,#2554));
#2539 = ORIENTED_EDGE('',*,*,#2540,.T.);
#2540 = EDGE_CURVE('',#1183,#2541,#2543,.T.);
#2541 = VERTEX_POINT('',#2542);
#2542 = CARTESIAN_POINT('',(13.122356316729,2.166509796148,2.19));
#2543 = LINE('',#2544,#2545);
#2544 = CARTESIAN_POINT('',(13.122356316729,2.166509796148,1.89));
#2545 = VECTOR('',#2546,1.);
#2546 = DIRECTION('',(0.,0.,1.));
#2547 = ORIENTED_EDGE('',*,*,#2548,.T.);
#2548 = EDGE_CURVE('',#2541,#2517,#2549,.T.);
#2549 = LINE('',#2550,#2551);
#2550 = CARTESIAN_POINT('',(13.122356316729,2.166509796148,2.19));
#2551 = VECTOR('',#2552,1.);
#2552 = DIRECTION('',(-0.179016861277,0.983846005927,0.));
#2553 = ORIENTED_EDGE('',*,*,#2516,.F.);
#2554 = ORIENTED_EDGE('',*,*,#1190,.F.);
#2555 = PLANE('',#2556);
#2556 = AXIS2_PLACEMENT_3D('',#2557,#2558,#2559);
#2557 = CARTESIAN_POINT('',(13.122356316729,2.166509796148,1.89));
#2558 = DIRECTION('',(-0.983846005927,-0.179016861277,0.));
#2559 = DIRECTION('',(-0.179016861277,0.983846005927,0.));
#2560 = ADVANCED_FACE('',(#2561),#2579,.F.);
#2561 = FACE_BOUND('',#2562,.F.);
#2562 = EDGE_LOOP('',(#2563,#2571,#2577,#2578));
#2563 = ORIENTED_EDGE('',*,*,#2564,.T.);
#2564 = EDGE_CURVE('',#1175,#2565,#2567,.T.);
#2565 = VERTEX_POINT('',#2566);
#2566 = CARTESIAN_POINT('',(13.186216656272,1.735998356527,2.19));
#2567 = LINE('',#2568,#2569);
#2568 = CARTESIAN_POINT('',(13.186216656272,1.735998356527,1.89));
#2569 = VECTOR('',#2570,1.);
#2570 = DIRECTION('',(0.,0.,1.));
#2571 = ORIENTED_EDGE('',*,*,#2572,.T.);
#2572 = EDGE_CURVE('',#2565,#2541,#2573,.T.);
#2573 = LINE('',#2574,#2575);
#2574 = CARTESIAN_POINT('',(13.186216656272,1.735998356527,2.19));
#2575 = VECTOR('',#2576,1.);
#2576 = DIRECTION('',(-0.146730474455,0.989176509965,0.));
#2577 = ORIENTED_EDGE('',*,*,#2540,.F.);
#2578 = ORIENTED_EDGE('',*,*,#1182,.F.);
#2579 = PLANE('',#2580);
#2580 = AXIS2_PLACEMENT_3D('',#2581,#2582,#2583);
#2581 = CARTESIAN_POINT('',(13.186216656272,1.735998356527,1.89));
#2582 = DIRECTION('',(-0.989176509965,-0.146730474455,0.));
#2583 = DIRECTION('',(-0.146730474455,0.989176509965,0.));
#2584 = ADVANCED_FACE('',(#2585),#2603,.F.);
#2585 = FACE_BOUND('',#2586,.F.);
#2586 = EDGE_LOOP('',(#2587,#2595,#2601,#2602));
#2587 = ORIENTED_EDGE('',*,*,#2588,.T.);
#2588 = EDGE_CURVE('',#1167,#2589,#2591,.T.);
#2589 = VERTEX_POINT('',#2590);
#2590 = CARTESIAN_POINT('',(13.23595686474,1.303627966383,2.19));
#2591 = LINE('',#2592,#2593);
#2592 = CARTESIAN_POINT('',(13.23595686474,1.303627966383,1.89));
#2593 = VECTOR('',#2594,1.);
#2594 = DIRECTION('',(0.,0.,1.));
#2595 = ORIENTED_EDGE('',*,*,#2596,.T.);
#2596 = EDGE_CURVE('',#2589,#2565,#2597,.T.);
#2597 = LINE('',#2598,#2599);
#2598 = CARTESIAN_POINT('',(13.23595686474,1.303627966383,2.19));
#2599 = VECTOR('',#2600,1.);
#2600 = DIRECTION('',(-0.114286964967,0.993447779019,0.));
#2601 = ORIENTED_EDGE('',*,*,#2564,.F.);
#2602 = ORIENTED_EDGE('',*,*,#1174,.F.);
#2603 = PLANE('',#2604);
#2604 = AXIS2_PLACEMENT_3D('',#2605,#2606,#2607);
#2605 = CARTESIAN_POINT('',(13.23595686474,1.303627966383,1.89));
#2606 = DIRECTION('',(-0.993447779019,-0.114286964967,0.));
#2607 = DIRECTION('',(-0.114286964967,0.993447779019,0.));
#2608 = ADVANCED_FACE('',(#2609),#2627,.F.);
#2609 = FACE_BOUND('',#2610,.F.);
#2610 = EDGE_LOOP('',(#2611,#2619,#2625,#2626));
#2611 = ORIENTED_EDGE('',*,*,#2612,.T.);
#2612 = EDGE_CURVE('',#1159,#2613,#2615,.T.);
#2613 = VERTEX_POINT('',#2614);
#2614 = CARTESIAN_POINT('',(13.271523679073,0.869861618761,2.19));
#2615 = LINE('',#2616,#2617);
#2616 = CARTESIAN_POINT('',(13.271523679073,0.869861618761,1.89));
#2617 = VECTOR('',#2618,1.);
#2618 = DIRECTION('',(0.,0.,1.));
#2619 = ORIENTED_EDGE('',*,*,#2620,.T.);
#2620 = EDGE_CURVE('',#2613,#2589,#2621,.T.);
#2621 = LINE('',#2622,#2623);
#2622 = CARTESIAN_POINT('',(13.271523679073,0.869861618761,2.19));
#2623 = VECTOR('',#2624,1.);
#2624 = DIRECTION('',(-8.172107413366E-02,0.996655239309,0.));
#2625 = ORIENTED_EDGE('',*,*,#2588,.F.);
#2626 = ORIENTED_EDGE('',*,*,#1166,.F.);
#2627 = PLANE('',#2628);
#2628 = AXIS2_PLACEMENT_3D('',#2629,#2630,#2631);
#2629 = CARTESIAN_POINT('',(13.271523679073,0.869861618761,1.89));
#2630 = DIRECTION('',(-0.996655239309,-8.172107413366E-02,0.));
#2631 = DIRECTION('',(-8.172107413366E-02,0.996655239309,0.));
#2632 = ADVANCED_FACE('',(#2633),#2651,.F.);
#2633 = FACE_BOUND('',#2634,.F.);
#2634 = EDGE_LOOP('',(#2635,#2643,#2649,#2650));
#2635 = ORIENTED_EDGE('',*,*,#2636,.T.);
#2636 = EDGE_CURVE('',#1151,#2637,#2639,.T.);
#2637 = VERTEX_POINT('',#2638);
#2638 = CARTESIAN_POINT('',(13.292879013436,0.43516380153,2.19));
#2639 = LINE('',#2640,#2641);
#2640 = CARTESIAN_POINT('',(13.292879013436,0.43516380153,1.89));
#2641 = VECTOR('',#2642,1.);
#2642 = DIRECTION('',(0.,0.,1.));
#2643 = ORIENTED_EDGE('',*,*,#2644,.T.);
#2644 = EDGE_CURVE('',#2637,#2613,#2645,.T.);
#2645 = LINE('',#2646,#2647);
#2646 = CARTESIAN_POINT('',(13.292879013436,0.43516380153,2.19));
#2647 = VECTOR('',#2648,1.);
#2648 = DIRECTION('',(-4.906767432742E-02,0.998795456205,0.));
#2649 = ORIENTED_EDGE('',*,*,#2612,.F.);
#2650 = ORIENTED_EDGE('',*,*,#1158,.F.);
#2651 = PLANE('',#2652);
#2652 = AXIS2_PLACEMENT_3D('',#2653,#2654,#2655);
#2653 = CARTESIAN_POINT('',(13.292879013436,0.43516380153,1.89));
#2654 = DIRECTION('',(-0.998795456205,-4.906767432742E-02,0.));
#2655 = DIRECTION('',(-4.906767432742E-02,0.998795456205,0.));
#2656 = ADVANCED_FACE('',(#2657),#2675,.F.);
#2657 = FACE_BOUND('',#2658,.F.);
#2658 = EDGE_LOOP('',(#2659,#2667,#2673,#2674));
#2659 = ORIENTED_EDGE('',*,*,#2660,.T.);
#2660 = EDGE_CURVE('',#1143,#2661,#2663,.T.);
#2661 = VERTEX_POINT('',#2662);
#2662 = CARTESIAN_POINT('',(13.3,0.,2.19));
#2663 = LINE('',#2664,#2665);
#2664 = CARTESIAN_POINT('',(13.3,0.,1.89));
#2665 = VECTOR('',#2666,1.);
#2666 = DIRECTION('',(0.,0.,1.));
#2667 = ORIENTED_EDGE('',*,*,#2668,.T.);
#2668 = EDGE_CURVE('',#2661,#2637,#2669,.T.);
#2669 = LINE('',#2670,#2671);
#2670 = CARTESIAN_POINT('',(13.3,0.,2.19));
#2671 = VECTOR('',#2672,1.);
#2672 = DIRECTION('',(-1.636173162649E-02,0.99986613791,0.));
#2673 = ORIENTED_EDGE('',*,*,#2636,.F.);
#2674 = ORIENTED_EDGE('',*,*,#1150,.F.);
#2675 = PLANE('',#2676);
#2676 = AXIS2_PLACEMENT_3D('',#2677,#2678,#2679);
#2677 = CARTESIAN_POINT('',(13.3,0.,1.89));
#2678 = DIRECTION('',(-0.99986613791,-1.636173162649E-02,0.));
#2679 = DIRECTION('',(-1.636173162649E-02,0.99986613791,0.));
#2680 = ADVANCED_FACE('',(#2681),#2699,.F.);
#2681 = FACE_BOUND('',#2682,.F.);
#2682 = EDGE_LOOP('',(#2683,#2691,#2697,#2698));
#2683 = ORIENTED_EDGE('',*,*,#2684,.T.);
#2684 = EDGE_CURVE('',#1135,#2685,#2687,.T.);
#2685 = VERTEX_POINT('',#2686);
#2686 = CARTESIAN_POINT('',(13.292879013436,-0.43516380153,2.19));
#2687 = LINE('',#2688,#2689);
#2688 = CARTESIAN_POINT('',(13.292879013436,-0.43516380153,1.89));
#2689 = VECTOR('',#2690,1.);
#2690 = DIRECTION('',(0.,0.,1.));
#2691 = ORIENTED_EDGE('',*,*,#2692,.T.);
#2692 = EDGE_CURVE('',#2685,#2661,#2693,.T.);
#2693 = LINE('',#2694,#2695);
#2694 = CARTESIAN_POINT('',(13.292879013436,-0.43516380153,2.19));
#2695 = VECTOR('',#2696,1.);
#2696 = DIRECTION('',(1.636173162649E-02,0.99986613791,0.));
#2697 = ORIENTED_EDGE('',*,*,#2660,.F.);
#2698 = ORIENTED_EDGE('',*,*,#1142,.F.);
#2699 = PLANE('',#2700);
#2700 = AXIS2_PLACEMENT_3D('',#2701,#2702,#2703);
#2701 = CARTESIAN_POINT('',(13.292879013436,-0.43516380153,1.89));
#2702 = DIRECTION('',(-0.99986613791,1.636173162649E-02,0.));
#2703 = DIRECTION('',(1.636173162649E-02,0.99986613791,0.));
#2704 = ADVANCED_FACE('',(#2705),#2723,.F.);
#2705 = FACE_BOUND('',#2706,.F.);
#2706 = EDGE_LOOP('',(#2707,#2715,#2721,#2722));
#2707 = ORIENTED_EDGE('',*,*,#2708,.T.);
#2708 = EDGE_CURVE('',#1127,#2709,#2711,.T.);
#2709 = VERTEX_POINT('',#2710);
#2710 = CARTESIAN_POINT('',(13.271523679073,-0.869861618761,2.19));
#2711 = LINE('',#2712,#2713);
#2712 = CARTESIAN_POINT('',(13.271523679073,-0.869861618761,1.89));
#2713 = VECTOR('',#2714,1.);
#2714 = DIRECTION('',(0.,0.,1.));
#2715 = ORIENTED_EDGE('',*,*,#2716,.T.);
#2716 = EDGE_CURVE('',#2709,#2685,#2717,.T.);
#2717 = LINE('',#2718,#2719);
#2718 = CARTESIAN_POINT('',(13.271523679073,-0.869861618761,2.19));
#2719 = VECTOR('',#2720,1.);
#2720 = DIRECTION('',(4.906767432742E-02,0.998795456205,0.));
#2721 = ORIENTED_EDGE('',*,*,#2684,.F.);
#2722 = ORIENTED_EDGE('',*,*,#1134,.F.);
#2723 = PLANE('',#2724);
#2724 = AXIS2_PLACEMENT_3D('',#2725,#2726,#2727);
#2725 = CARTESIAN_POINT('',(13.271523679073,-0.869861618761,1.89));
#2726 = DIRECTION('',(-0.998795456205,4.906767432742E-02,0.));
#2727 = DIRECTION('',(4.906767432742E-02,0.998795456205,0.));
#2728 = ADVANCED_FACE('',(#2729),#2747,.F.);
#2729 = FACE_BOUND('',#2730,.F.);
#2730 = EDGE_LOOP('',(#2731,#2739,#2745,#2746));
#2731 = ORIENTED_EDGE('',*,*,#2732,.T.);
#2732 = EDGE_CURVE('',#1119,#2733,#2735,.T.);
#2733 = VERTEX_POINT('',#2734);
#2734 = CARTESIAN_POINT('',(13.23595686474,-1.303627966383,2.19));
#2735 = LINE('',#2736,#2737);
#2736 = CARTESIAN_POINT('',(13.23595686474,-1.303627966383,1.89));
#2737 = VECTOR('',#2738,1.);
#2738 = DIRECTION('',(0.,0.,1.));
#2739 = ORIENTED_EDGE('',*,*,#2740,.T.);
#2740 = EDGE_CURVE('',#2733,#2709,#2741,.T.);
#2741 = LINE('',#2742,#2743);
#2742 = CARTESIAN_POINT('',(13.23595686474,-1.303627966383,2.19));
#2743 = VECTOR('',#2744,1.);
#2744 = DIRECTION('',(8.172107413366E-02,0.996655239309,0.));
#2745 = ORIENTED_EDGE('',*,*,#2708,.F.);
#2746 = ORIENTED_EDGE('',*,*,#1126,.F.);
#2747 = PLANE('',#2748);
#2748 = AXIS2_PLACEMENT_3D('',#2749,#2750,#2751);
#2749 = CARTESIAN_POINT('',(13.23595686474,-1.303627966383,1.89));
#2750 = DIRECTION('',(-0.996655239309,8.172107413366E-02,0.));
#2751 = DIRECTION('',(8.172107413366E-02,0.996655239309,0.));
#2752 = ADVANCED_FACE('',(#2753),#2771,.F.);
#2753 = FACE_BOUND('',#2754,.F.);
#2754 = EDGE_LOOP('',(#2755,#2763,#2769,#2770));
#2755 = ORIENTED_EDGE('',*,*,#2756,.T.);
#2756 = EDGE_CURVE('',#1111,#2757,#2759,.T.);
#2757 = VERTEX_POINT('',#2758);
#2758 = CARTESIAN_POINT('',(13.186216656272,-1.735998356527,2.19));
#2759 = LINE('',#2760,#2761);
#2760 = CARTESIAN_POINT('',(13.186216656272,-1.735998356527,1.89));
#2761 = VECTOR('',#2762,1.);
#2762 = DIRECTION('',(0.,0.,1.));
#2763 = ORIENTED_EDGE('',*,*,#2764,.T.);
#2764 = EDGE_CURVE('',#2757,#2733,#2765,.T.);
#2765 = LINE('',#2766,#2767);
#2766 = CARTESIAN_POINT('',(13.186216656272,-1.735998356527,2.19));
#2767 = VECTOR('',#2768,1.);
#2768 = DIRECTION('',(0.114286964967,0.993447779019,0.));
#2769 = ORIENTED_EDGE('',*,*,#2732,.F.);
#2770 = ORIENTED_EDGE('',*,*,#1118,.F.);
#2771 = PLANE('',#2772);
#2772 = AXIS2_PLACEMENT_3D('',#2773,#2774,#2775);
#2773 = CARTESIAN_POINT('',(13.186216656272,-1.735998356527,1.89));
#2774 = DIRECTION('',(-0.993447779019,0.114286964967,0.));
#2775 = DIRECTION('',(0.114286964967,0.993447779019,0.));
#2776 = ADVANCED_FACE('',(#2777),#2795,.F.);
#2777 = FACE_BOUND('',#2778,.F.);
#2778 = EDGE_LOOP('',(#2779,#2787,#2793,#2794));
#2779 = ORIENTED_EDGE('',*,*,#2780,.T.);
#2780 = EDGE_CURVE('',#1103,#2781,#2783,.T.);
#2781 = VERTEX_POINT('',#2782);
#2782 = CARTESIAN_POINT('',(13.122356316729,-2.166509796148,2.19));
#2783 = LINE('',#2784,#2785);
#2784 = CARTESIAN_POINT('',(13.122356316729,-2.166509796148,1.89));
#2785 = VECTOR('',#2786,1.);
#2786 = DIRECTION('',(0.,0.,1.));
#2787 = ORIENTED_EDGE('',*,*,#2788,.T.);
#2788 = EDGE_CURVE('',#2781,#2757,#2789,.T.);
#2789 = LINE('',#2790,#2791);
#2790 = CARTESIAN_POINT('',(13.122356316729,-2.166509796148,2.19));
#2791 = VECTOR('',#2792,1.);
#2792 = DIRECTION('',(0.146730474455,0.989176509965,0.));
#2793 = ORIENTED_EDGE('',*,*,#2756,.F.);
#2794 = ORIENTED_EDGE('',*,*,#1110,.F.);
#2795 = PLANE('',#2796);
#2796 = AXIS2_PLACEMENT_3D('',#2797,#2798,#2799);
#2797 = CARTESIAN_POINT('',(13.122356316729,-2.166509796148,1.89));
#2798 = DIRECTION('',(-0.989176509965,0.146730474455,0.));
#2799 = DIRECTION('',(0.146730474455,0.989176509965,0.));
#2800 = ADVANCED_FACE('',(#2801),#2819,.F.);
#2801 = FACE_BOUND('',#2802,.F.);
#2802 = EDGE_LOOP('',(#2803,#2811,#2817,#2818));
#2803 = ORIENTED_EDGE('',*,*,#2804,.T.);
#2804 = EDGE_CURVE('',#1095,#2805,#2807,.T.);
#2805 = VERTEX_POINT('',#2806);
#2806 = CARTESIAN_POINT('',(13.044444229363,-2.594701282815,2.19));
#2807 = LINE('',#2808,#2809);
#2808 = CARTESIAN_POINT('',(13.044444229363,-2.594701282815,1.89));
#2809 = VECTOR('',#2810,1.);
#2810 = DIRECTION('',(0.,0.,1.));
#2811 = ORIENTED_EDGE('',*,*,#2812,.T.);
#2812 = EDGE_CURVE('',#2805,#2781,#2813,.T.);
#2813 = LINE('',#2814,#2815);
#2814 = CARTESIAN_POINT('',(13.044444229363,-2.594701282815,2.19));
#2815 = VECTOR('',#2816,1.);
#2816 = DIRECTION('',(0.179016861277,0.983846005927,0.));
#2817 = ORIENTED_EDGE('',*,*,#2780,.F.);
#2818 = ORIENTED_EDGE('',*,*,#1102,.F.);
#2819 = PLANE('',#2820);
#2820 = AXIS2_PLACEMENT_3D('',#2821,#2822,#2823);
#2821 = CARTESIAN_POINT('',(13.044444229363,-2.594701282815,1.89));
#2822 = DIRECTION('',(-0.983846005927,0.179016861277,0.));
#2823 = DIRECTION('',(0.179016861277,0.983846005927,0.));
#2824 = ADVANCED_FACE('',(#2825),#2843,.F.);
#2825 = FACE_BOUND('',#2826,.F.);
#2826 = EDGE_LOOP('',(#2827,#2835,#2841,#2842));
#2827 = ORIENTED_EDGE('',*,*,#2828,.T.);
#2828 = EDGE_CURVE('',#1087,#2829,#2831,.T.);
#2829 = VERTEX_POINT('',#2830);
#2830 = CARTESIAN_POINT('',(12.952563824389,-3.020114298357,2.19));
#2831 = LINE('',#2832,#2833);
#2832 = CARTESIAN_POINT('',(12.952563824389,-3.020114298357,1.89));
#2833 = VECTOR('',#2834,1.);
#2834 = DIRECTION('',(0.,0.,1.));
#2835 = ORIENTED_EDGE('',*,*,#2836,.T.);
#2836 = EDGE_CURVE('',#2829,#2805,#2837,.T.);
#2837 = LINE('',#2838,#2839);
#2838 = CARTESIAN_POINT('',(12.952563824389,-3.020114298357,2.19));
#2839 = VECTOR('',#2840,1.);
#2840 = DIRECTION('',(0.211111552359,0.977461974944,0.));
#2841 = ORIENTED_EDGE('',*,*,#2804,.F.);
#2842 = ORIENTED_EDGE('',*,*,#1094,.F.);
#2843 = PLANE('',#2844);
#2844 = AXIS2_PLACEMENT_3D('',#2845,#2846,#2847);
#2845 = CARTESIAN_POINT('',(12.952563824389,-3.020114298357,1.89));
#2846 = DIRECTION('',(-0.977461974944,0.211111552359,0.));
#2847 = DIRECTION('',(0.211111552359,0.977461974944,0.));
#2848 = ADVANCED_FACE('',(#2849),#2867,.F.);
#2849 = FACE_BOUND('',#2850,.F.);
#2850 = EDGE_LOOP('',(#2851,#2859,#2865,#2866));
#2851 = ORIENTED_EDGE('',*,*,#2852,.T.);
#2852 = EDGE_CURVE('',#1079,#2853,#2855,.T.);
#2853 = VERTEX_POINT('',#2854);
#2854 = CARTESIAN_POINT('',(12.846813489645,-3.442293299864,2.19));
#2855 = LINE('',#2856,#2857);
#2856 = CARTESIAN_POINT('',(12.846813489645,-3.442293299864,1.89));
#2857 = VECTOR('',#2858,1.);
#2858 = DIRECTION('',(0.,0.,1.));
#2859 = ORIENTED_EDGE('',*,*,#2860,.T.);
#2860 = EDGE_CURVE('',#2853,#2829,#2861,.T.);
#2861 = LINE('',#2862,#2863);
#2862 = CARTESIAN_POINT('',(12.846813489645,-3.442293299864,2.19));
#2863 = VECTOR('',#2864,1.);
#2864 = DIRECTION('',(0.242980179903,0.970031253195,0.));
#2865 = ORIENTED_EDGE('',*,*,#2828,.F.);
#2866 = ORIENTED_EDGE('',*,*,#1086,.F.);
#2867 = PLANE('',#2868);
#2868 = AXIS2_PLACEMENT_3D('',#2869,#2870,#2871);
#2869 = CARTESIAN_POINT('',(12.846813489645,-3.442293299864,1.89));
#2870 = DIRECTION('',(-0.970031253195,0.242980179903,0.));
#2871 = DIRECTION('',(0.242980179903,0.970031253195,0.));
#2872 = ADVANCED_FACE('',(#2873),#2891,.F.);
#2873 = FACE_BOUND('',#2874,.F.);
#2874 = EDGE_LOOP('',(#2875,#2883,#2889,#2890));
#2875 = ORIENTED_EDGE('',*,*,#2876,.T.);
#2876 = EDGE_CURVE('',#1071,#2877,#2879,.T.);
#2877 = VERTEX_POINT('',#2878);
#2878 = CARTESIAN_POINT('',(12.727306465238,-3.860786207484,2.19));
#2879 = LINE('',#2880,#2881);
#2880 = CARTESIAN_POINT('',(12.727306465238,-3.860786207484,1.89));
#2881 = VECTOR('',#2882,1.);
#2882 = DIRECTION('',(0.,0.,1.));
#2883 = ORIENTED_EDGE('',*,*,#2884,.T.);
#2884 = EDGE_CURVE('',#2877,#2853,#2885,.T.);
#2885 = LINE('',#2886,#2887);
#2886 = CARTESIAN_POINT('',(12.727306465238,-3.860786207484,2.19));
#2887 = VECTOR('',#2888,1.);
#2888 = DIRECTION('',(0.274588618185,0.961561797683,0.));
#2889 = ORIENTED_EDGE('',*,*,#2852,.F.);
#2890 = ORIENTED_EDGE('',*,*,#1078,.F.);
#2891 = PLANE('',#2892);
#2892 = AXIS2_PLACEMENT_3D('',#2893,#2894,#2895);
#2893 = CARTESIAN_POINT('',(12.727306465238,-3.860786207484,1.89));
#2894 = DIRECTION('',(-0.961561797683,0.274588618185,0.));
#2895 = DIRECTION('',(0.274588618185,0.961561797683,0.));
#2896 = ADVANCED_FACE('',(#2897),#2915,.F.);
#2897 = FACE_BOUND('',#2898,.F.);
#2898 = EDGE_LOOP('',(#2899,#2907,#2913,#2914));
#2899 = ORIENTED_EDGE('',*,*,#2900,.T.);
#2900 = EDGE_CURVE('',#1063,#2901,#2903,.T.);
#2901 = VERTEX_POINT('',#2902);
#2902 = CARTESIAN_POINT('',(12.594170722285,-4.275144888532,2.19));
#2903 = LINE('',#2904,#2905);
#2904 = CARTESIAN_POINT('',(12.594170722285,-4.275144888532,1.89));
#2905 = VECTOR('',#2906,1.);
#2906 = DIRECTION('',(0.,0.,1.));
#2907 = ORIENTED_EDGE('',*,*,#2908,.T.);
#2908 = EDGE_CURVE('',#2901,#2877,#2909,.T.);
#2909 = LINE('',#2910,#2911);
#2910 = CARTESIAN_POINT('',(12.594170722285,-4.275144888532,2.19));
#2911 = VECTOR('',#2912,1.);
#2912 = DIRECTION('',(0.305903020097,0.952062677714,0.));
#2913 = ORIENTED_EDGE('',*,*,#2876,.F.);
#2914 = ORIENTED_EDGE('',*,*,#1070,.F.);
#2915 = PLANE('',#2916);
#2916 = AXIS2_PLACEMENT_3D('',#2917,#2918,#2919);
#2917 = CARTESIAN_POINT('',(12.594170722285,-4.275144888532,1.89));
#2918 = DIRECTION('',(-0.952062677714,0.305903020097,0.));
#2919 = DIRECTION('',(0.305903020097,0.952062677714,0.));
#2920 = ADVANCED_FACE('',(#2921),#2939,.F.);
#2921 = FACE_BOUND('',#2922,.F.);
#2922 = EDGE_LOOP('',(#2923,#2931,#2937,#2938));
#2923 = ORIENTED_EDGE('',*,*,#2924,.T.);
#2924 = EDGE_CURVE('',#1055,#2925,#2927,.T.);
#2925 = VERTEX_POINT('',#2926);
#2926 = CARTESIAN_POINT('',(12.447548825872,-4.684925637352,2.19));
#2927 = LINE('',#2928,#2929);
#2928 = CARTESIAN_POINT('',(12.447548825872,-4.684925637352,1.89));
#2929 = VECTOR('',#2930,1.);
#2930 = DIRECTION('',(0.,0.,1.));
#2931 = ORIENTED_EDGE('',*,*,#2932,.T.);
#2932 = EDGE_CURVE('',#2925,#2901,#2933,.T.);
#2933 = LINE('',#2934,#2935);
#2934 = CARTESIAN_POINT('',(12.447548825872,-4.684925637352,2.19));
#2935 = VECTOR('',#2936,1.);
#2936 = DIRECTION('',(0.336889853392,0.941544065183,0.));
#2937 = ORIENTED_EDGE('',*,*,#2900,.F.);
#2938 = ORIENTED_EDGE('',*,*,#1062,.F.);
#2939 = PLANE('',#2940);
#2940 = AXIS2_PLACEMENT_3D('',#2941,#2942,#2943);
#2941 = CARTESIAN_POINT('',(12.447548825872,-4.684925637352,1.89));
#2942 = DIRECTION('',(-0.941544065183,0.336889853392,0.));
#2943 = DIRECTION('',(0.336889853392,0.941544065183,0.));
#2944 = ADVANCED_FACE('',(#2945),#2956,.F.);
#2945 = FACE_BOUND('',#2946,.F.);
#2946 = EDGE_LOOP('',(#2947,#2948,#2954,#2955));
#2947 = ORIENTED_EDGE('',*,*,#2348,.T.);
#2948 = ORIENTED_EDGE('',*,*,#2949,.T.);
#2949 = EDGE_CURVE('',#2341,#2925,#2950,.T.);
#2950 = LINE('',#2951,#2952);
#2951 = CARTESIAN_POINT('',(12.2875977824,-5.089689650456,2.19));
#2952 = VECTOR('',#2953,1.);
#2953 = DIRECTION('',(0.367515936595,0.930017223684,0.));
#2954 = ORIENTED_EDGE('',*,*,#2924,.F.);
#2955 = ORIENTED_EDGE('',*,*,#1054,.F.);
#2956 = PLANE('',#2957);
#2957 = AXIS2_PLACEMENT_3D('',#2958,#2959,#2960);
#2958 = CARTESIAN_POINT('',(12.2875977824,-5.089689650456,1.89));
#2959 = DIRECTION('',(-0.930017223684,0.367515936595,0.));
#2960 = DIRECTION('',(0.367515936595,0.930017223684,0.));
#2961 = ADVANCED_FACE('',(#2962),#2980,.F.);
#2962 = FACE_BOUND('',#2963,.F.);
#2963 = EDGE_LOOP('',(#2964,#2965,#2973,#2979));
#2964 = ORIENTED_EDGE('',*,*,#2380,.T.);
#2965 = ORIENTED_EDGE('',*,*,#2966,.T.);
#2966 = EDGE_CURVE('',#2373,#2967,#2969,.T.);
#2967 = VERTEX_POINT('',#2968);
#2968 = CARTESIAN_POINT('',(11.769017028973,4.42954435261,2.19));
#2969 = LINE('',#2970,#2971);
#2970 = CARTESIAN_POINT('',(11.617785121329,4.812244161991,2.19));
#2971 = VECTOR('',#2972,1.);
#2972 = DIRECTION('',(0.367515936595,-0.930017223684,0.));
#2973 = ORIENTED_EDGE('',*,*,#2974,.F.);
#2974 = EDGE_CURVE('',#1870,#2967,#2975,.T.);
#2975 = LINE('',#2976,#2977);
#2976 = CARTESIAN_POINT('',(11.769017028973,4.42954435261,1.89));
#2977 = VECTOR('',#2978,1.);
#2978 = DIRECTION('',(0.,0.,1.));
#2979 = ORIENTED_EDGE('',*,*,#1877,.F.);
#2980 = PLANE('',#2981);
#2981 = AXIS2_PLACEMENT_3D('',#2982,#2983,#2984);
#2982 = CARTESIAN_POINT('',(11.617785121329,4.812244161991,1.89));
#2983 = DIRECTION('',(0.930017223684,0.367515936595,-0.));
#2984 = DIRECTION('',(0.367515936595,-0.930017223684,0.));
#2985 = ADVANCED_FACE('',(#2986),#3004,.F.);
#2986 = FACE_BOUND('',#2987,.F.);
#2987 = EDGE_LOOP('',(#2988,#2989,#2997,#3003));
#2988 = ORIENTED_EDGE('',*,*,#2974,.T.);
#2989 = ORIENTED_EDGE('',*,*,#2990,.T.);
#2990 = EDGE_CURVE('',#2967,#2991,#2993,.T.);
#2991 = VERTEX_POINT('',#2992);
#2992 = CARTESIAN_POINT('',(11.907646378401,4.042101276187,2.19));
#2993 = LINE('',#2994,#2995);
#2994 = CARTESIAN_POINT('',(11.769017028973,4.42954435261,2.19));
#2995 = VECTOR('',#2996,1.);
#2996 = DIRECTION('',(0.336889853392,-0.941544065183,0.));
#2997 = ORIENTED_EDGE('',*,*,#2998,.F.);
#2998 = EDGE_CURVE('',#1862,#2991,#2999,.T.);
#2999 = LINE('',#3000,#3001);
#3000 = CARTESIAN_POINT('',(11.907646378401,4.042101276187,1.89));
#3001 = VECTOR('',#3002,1.);
#3002 = DIRECTION('',(0.,0.,1.));
#3003 = ORIENTED_EDGE('',*,*,#1869,.F.);
#3004 = PLANE('',#3005);
#3005 = AXIS2_PLACEMENT_3D('',#3006,#3007,#3008);
#3006 = CARTESIAN_POINT('',(11.769017028973,4.42954435261,1.89));
#3007 = DIRECTION('',(0.941544065183,0.336889853392,-0.));
#3008 = DIRECTION('',(0.336889853392,-0.941544065183,0.));
#3009 = ADVANCED_FACE('',(#3010),#3028,.F.);
#3010 = FACE_BOUND('',#3011,.F.);
#3011 = EDGE_LOOP('',(#3012,#3013,#3021,#3027));
#3012 = ORIENTED_EDGE('',*,*,#2998,.T.);
#3013 = ORIENTED_EDGE('',*,*,#3014,.T.);
#3014 = EDGE_CURVE('',#2991,#3015,#3017,.T.);
#3015 = VERTEX_POINT('',#3016);
#3016 = CARTESIAN_POINT('',(12.033524721833,3.650329816475,2.19));
#3017 = LINE('',#3018,#3019);
#3018 = CARTESIAN_POINT('',(11.907646378401,4.042101276187,2.19));
#3019 = VECTOR('',#3020,1.);
#3020 = DIRECTION('',(0.305903020097,-0.952062677714,0.));
#3021 = ORIENTED_EDGE('',*,*,#3022,.F.);
#3022 = EDGE_CURVE('',#1854,#3015,#3023,.T.);
#3023 = LINE('',#3024,#3025);
#3024 = CARTESIAN_POINT('',(12.033524721833,3.650329816475,1.89));
#3025 = VECTOR('',#3026,1.);
#3026 = DIRECTION('',(0.,0.,1.));
#3027 = ORIENTED_EDGE('',*,*,#1861,.F.);
#3028 = PLANE('',#3029);
#3029 = AXIS2_PLACEMENT_3D('',#3030,#3031,#3032);
#3030 = CARTESIAN_POINT('',(11.907646378401,4.042101276187,1.89));
#3031 = DIRECTION('',(0.952062677714,0.305903020097,-0.));
#3032 = DIRECTION('',(0.305903020097,-0.952062677714,0.));
#3033 = ADVANCED_FACE('',(#3034),#3052,.F.);
#3034 = FACE_BOUND('',#3035,.F.);
#3035 = EDGE_LOOP('',(#3036,#3037,#3045,#3051));
#3036 = ORIENTED_EDGE('',*,*,#3022,.T.);
#3037 = ORIENTED_EDGE('',*,*,#3038,.T.);
#3038 = EDGE_CURVE('',#3015,#3039,#3041,.T.);
#3039 = VERTEX_POINT('',#3040);
#3040 = CARTESIAN_POINT('',(12.146517265585,3.254649492164,2.19));
#3041 = LINE('',#3042,#3043);
#3042 = CARTESIAN_POINT('',(12.033524721833,3.650329816475,2.19));
#3043 = VECTOR('',#3044,1.);
#3044 = DIRECTION('',(0.274588618185,-0.961561797683,0.));
#3045 = ORIENTED_EDGE('',*,*,#3046,.F.);
#3046 = EDGE_CURVE('',#1846,#3039,#3047,.T.);
#3047 = LINE('',#3048,#3049);
#3048 = CARTESIAN_POINT('',(12.146517265585,3.254649492164,1.89));
#3049 = VECTOR('',#3050,1.);
#3050 = DIRECTION('',(0.,0.,1.));
#3051 = ORIENTED_EDGE('',*,*,#1853,.F.);
#3052 = PLANE('',#3053);
#3053 = AXIS2_PLACEMENT_3D('',#3054,#3055,#3056);
#3054 = CARTESIAN_POINT('',(12.033524721833,3.650329816475,1.89));
#3055 = DIRECTION('',(0.961561797683,0.274588618185,-0.));
#3056 = DIRECTION('',(0.274588618185,-0.961561797683,0.));
#3057 = ADVANCED_FACE('',(#3058),#3076,.F.);
#3058 = FACE_BOUND('',#3059,.F.);
#3059 = EDGE_LOOP('',(#3060,#3061,#3069,#3075));
#3060 = ORIENTED_EDGE('',*,*,#3046,.T.);
#3061 = ORIENTED_EDGE('',*,*,#3062,.T.);
#3062 = EDGE_CURVE('',#3039,#3063,#3065,.T.);
#3063 = VERTEX_POINT('',#3064);
#3064 = CARTESIAN_POINT('',(12.246503014412,2.855484007657,2.19));
#3065 = LINE('',#3066,#3067);
#3066 = CARTESIAN_POINT('',(12.146517265585,3.254649492164,2.19));
#3067 = VECTOR('',#3068,1.);
#3068 = DIRECTION('',(0.242980179903,-0.970031253195,0.));
#3069 = ORIENTED_EDGE('',*,*,#3070,.F.);
#3070 = EDGE_CURVE('',#1838,#3063,#3071,.T.);
#3071 = LINE('',#3072,#3073);
#3072 = CARTESIAN_POINT('',(12.246503014412,2.855484007657,1.89));
#3073 = VECTOR('',#3074,1.);
#3074 = DIRECTION('',(0.,0.,1.));
#3075 = ORIENTED_EDGE('',*,*,#1845,.F.);
#3076 = PLANE('',#3077);
#3077 = AXIS2_PLACEMENT_3D('',#3078,#3079,#3080);
#3078 = CARTESIAN_POINT('',(12.146517265585,3.254649492164,1.89));
#3079 = DIRECTION('',(0.970031253195,0.242980179903,-0.));
#3080 = DIRECTION('',(0.242980179903,-0.970031253195,0.));
#3081 = ADVANCED_FACE('',(#3082),#3100,.F.);
#3082 = FACE_BOUND('',#3083,.F.);
#3083 = EDGE_LOOP('',(#3084,#3085,#3093,#3099));
#3084 = ORIENTED_EDGE('',*,*,#3070,.T.);
#3085 = ORIENTED_EDGE('',*,*,#3086,.T.);
#3086 = EDGE_CURVE('',#3063,#3087,#3089,.T.);
#3087 = VERTEX_POINT('',#3088);
#3088 = CARTESIAN_POINT('',(12.333374901071,2.453260799353,2.19));
#3089 = LINE('',#3090,#3091);
#3090 = CARTESIAN_POINT('',(12.246503014412,2.855484007657,2.19));
#3091 = VECTOR('',#3092,1.);
#3092 = DIRECTION('',(0.211111552359,-0.977461974944,0.));
#3093 = ORIENTED_EDGE('',*,*,#3094,.F.);
#3094 = EDGE_CURVE('',#1830,#3087,#3095,.T.);
#3095 = LINE('',#3096,#3097);
#3096 = CARTESIAN_POINT('',(12.333374901071,2.453260799353,1.89));
#3097 = VECTOR('',#3098,1.);
#3098 = DIRECTION('',(0.,0.,1.));
#3099 = ORIENTED_EDGE('',*,*,#1837,.F.);
#3100 = PLANE('',#3101);
#3101 = AXIS2_PLACEMENT_3D('',#3102,#3103,#3104);
#3102 = CARTESIAN_POINT('',(12.246503014412,2.855484007657,1.89));
#3103 = DIRECTION('',(0.977461974944,0.211111552359,-0.));
#3104 = DIRECTION('',(0.211111552359,-0.977461974944,0.));
#3105 = ADVANCED_FACE('',(#3106),#3124,.F.);
#3106 = FACE_BOUND('',#3107,.F.);
#3107 = EDGE_LOOP('',(#3108,#3109,#3117,#3123));
#3108 = ORIENTED_EDGE('',*,*,#3094,.T.);
#3109 = ORIENTED_EDGE('',*,*,#3110,.T.);
#3110 = EDGE_CURVE('',#3087,#3111,#3113,.T.);
#3111 = VERTEX_POINT('',#3112);
#3112 = CARTESIAN_POINT('',(12.407039900967,2.048410577937,2.19));
#3113 = LINE('',#3114,#3115);
#3114 = CARTESIAN_POINT('',(12.333374901071,2.453260799353,2.19));
#3115 = VECTOR('',#3116,1.);
#3116 = DIRECTION('',(0.179016861277,-0.983846005927,0.));
#3117 = ORIENTED_EDGE('',*,*,#3118,.F.);
#3118 = EDGE_CURVE('',#1822,#3111,#3119,.T.);
#3119 = LINE('',#3120,#3121);
#3120 = CARTESIAN_POINT('',(12.407039900967,2.048410577937,1.89));
#3121 = VECTOR('',#3122,1.);
#3122 = DIRECTION('',(0.,0.,1.));
#3123 = ORIENTED_EDGE('',*,*,#1829,.F.);
#3124 = PLANE('',#3125);
#3125 = AXIS2_PLACEMENT_3D('',#3126,#3127,#3128);
#3126 = CARTESIAN_POINT('',(12.333374901071,2.453260799353,1.89));
#3127 = DIRECTION('',(0.983846005927,0.179016861277,-0.));
#3128 = DIRECTION('',(0.179016861277,-0.983846005927,0.));
#3129 = ADVANCED_FACE('',(#3130),#3148,.F.);
#3130 = FACE_BOUND('',#3131,.F.);
#3131 = EDGE_LOOP('',(#3132,#3133,#3141,#3147));
#3132 = ORIENTED_EDGE('',*,*,#3118,.T.);
#3133 = ORIENTED_EDGE('',*,*,#3134,.T.);
#3134 = EDGE_CURVE('',#3111,#3135,#3137,.T.);
#3135 = VERTEX_POINT('',#3136);
#3136 = CARTESIAN_POINT('',(12.467419131776,1.641366867167,2.19));
#3137 = LINE('',#3138,#3139);
#3138 = CARTESIAN_POINT('',(12.407039900967,2.048410577937,2.19));
#3139 = VECTOR('',#3140,1.);
#3140 = DIRECTION('',(0.146730474455,-0.989176509965,0.));
#3141 = ORIENTED_EDGE('',*,*,#3142,.F.);
#3142 = EDGE_CURVE('',#1814,#3135,#3143,.T.);
#3143 = LINE('',#3144,#3145);
#3144 = CARTESIAN_POINT('',(12.467419131776,1.641366867167,1.89));
#3145 = VECTOR('',#3146,1.);
#3146 = DIRECTION('',(0.,0.,1.));
#3147 = ORIENTED_EDGE('',*,*,#1821,.F.);
#3148 = PLANE('',#3149);
#3149 = AXIS2_PLACEMENT_3D('',#3150,#3151,#3152);
#3150 = CARTESIAN_POINT('',(12.407039900967,2.048410577937,1.89));
#3151 = DIRECTION('',(0.989176509965,0.146730474455,-0.));
#3152 = DIRECTION('',(0.146730474455,-0.989176509965,0.));
#3153 = ADVANCED_FACE('',(#3154),#3172,.F.);
#3154 = FACE_BOUND('',#3155,.F.);
#3155 = EDGE_LOOP('',(#3156,#3157,#3165,#3171));
#3156 = ORIENTED_EDGE('',*,*,#3142,.T.);
#3157 = ORIENTED_EDGE('',*,*,#3158,.T.);
#3158 = EDGE_CURVE('',#3135,#3159,#3161,.T.);
#3159 = VERTEX_POINT('',#3160);
#3160 = CARTESIAN_POINT('',(12.514447937903,1.232565539644,2.19));
#3161 = LINE('',#3162,#3163);
#3162 = CARTESIAN_POINT('',(12.467419131776,1.641366867167,2.19));
#3163 = VECTOR('',#3164,1.);
#3164 = DIRECTION('',(0.114286964967,-0.993447779019,0.));
#3165 = ORIENTED_EDGE('',*,*,#3166,.F.);
#3166 = EDGE_CURVE('',#1806,#3159,#3167,.T.);
#3167 = LINE('',#3168,#3169);
#3168 = CARTESIAN_POINT('',(12.514447937903,1.232565539644,1.89));
#3169 = VECTOR('',#3170,1.);
#3170 = DIRECTION('',(0.,0.,1.));
#3171 = ORIENTED_EDGE('',*,*,#1813,.F.);
#3172 = PLANE('',#3173);
#3173 = AXIS2_PLACEMENT_3D('',#3174,#3175,#3176);
#3174 = CARTESIAN_POINT('',(12.467419131776,1.641366867167,1.89));
#3175 = DIRECTION('',(0.993447779019,0.114286964967,-0.));
#3176 = DIRECTION('',(0.114286964967,-0.993447779019,0.));
#3177 = ADVANCED_FACE('',(#3178),#3196,.F.);
#3178 = FACE_BOUND('',#3179,.F.);
#3179 = EDGE_LOOP('',(#3180,#3181,#3189,#3195));
#3180 = ORIENTED_EDGE('',*,*,#3166,.T.);
#3181 = ORIENTED_EDGE('',*,*,#3182,.T.);
#3182 = EDGE_CURVE('',#3159,#3183,#3185,.T.);
#3183 = VERTEX_POINT('',#3184);
#3184 = CARTESIAN_POINT('',(12.548075959725,0.822444350069,2.19));
#3185 = LINE('',#3186,#3187);
#3186 = CARTESIAN_POINT('',(12.514447937903,1.232565539644,2.19));
#3187 = VECTOR('',#3188,1.);
#3188 = DIRECTION('',(8.172107413366E-02,-0.996655239309,0.));
#3189 = ORIENTED_EDGE('',*,*,#3190,.F.);
#3190 = EDGE_CURVE('',#1798,#3183,#3191,.T.);
#3191 = LINE('',#3192,#3193);
#3192 = CARTESIAN_POINT('',(12.548075959725,0.822444350069,1.89));
#3193 = VECTOR('',#3194,1.);
#3194 = DIRECTION('',(0.,0.,1.));
#3195 = ORIENTED_EDGE('',*,*,#1805,.F.);
#3196 = PLANE('',#3197);
#3197 = AXIS2_PLACEMENT_3D('',#3198,#3199,#3200);
#3198 = CARTESIAN_POINT('',(12.514447937903,1.232565539644,1.89));
#3199 = DIRECTION('',(0.996655239309,8.172107413366E-02,-0.));
#3200 = DIRECTION('',(8.172107413366E-02,-0.996655239309,0.));
#3201 = ADVANCED_FACE('',(#3202),#3220,.F.);
#3202 = FACE_BOUND('',#3203,.F.);
#3203 = EDGE_LOOP('',(#3204,#3205,#3213,#3219));
#3204 = ORIENTED_EDGE('',*,*,#3190,.T.);
#3205 = ORIENTED_EDGE('',*,*,#3206,.T.);
#3206 = EDGE_CURVE('',#3183,#3207,#3209,.T.);
#3207 = VERTEX_POINT('',#3208);
#3208 = CARTESIAN_POINT('',(12.568267187515,0.411442466484,2.19));
#3209 = LINE('',#3210,#3211);
#3210 = CARTESIAN_POINT('',(12.548075959725,0.822444350069,2.19));
#3211 = VECTOR('',#3212,1.);
#3212 = DIRECTION('',(4.906767432742E-02,-0.998795456205,0.));
#3213 = ORIENTED_EDGE('',*,*,#3214,.F.);
#3214 = EDGE_CURVE('',#1790,#3207,#3215,.T.);
#3215 = LINE('',#3216,#3217);
#3216 = CARTESIAN_POINT('',(12.568267187515,0.411442466484,1.89));
#3217 = VECTOR('',#3218,1.);
#3218 = DIRECTION('',(0.,0.,1.));
#3219 = ORIENTED_EDGE('',*,*,#1797,.F.);
#3220 = PLANE('',#3221);
#3221 = AXIS2_PLACEMENT_3D('',#3222,#3223,#3224);
#3222 = CARTESIAN_POINT('',(12.548075959725,0.822444350069,1.89));
#3223 = DIRECTION('',(0.998795456205,4.906767432742E-02,-0.));
#3224 = DIRECTION('',(4.906767432742E-02,-0.998795456205,0.));
#3225 = ADVANCED_FACE('',(#3226),#3244,.F.);
#3226 = FACE_BOUND('',#3227,.F.);
#3227 = EDGE_LOOP('',(#3228,#3229,#3237,#3243));
#3228 = ORIENTED_EDGE('',*,*,#3214,.T.);
#3229 = ORIENTED_EDGE('',*,*,#3230,.T.);
#3230 = EDGE_CURVE('',#3207,#3231,#3233,.T.);
#3231 = VERTEX_POINT('',#3232);
#3232 = CARTESIAN_POINT('',(12.575,0.,2.19));
#3233 = LINE('',#3234,#3235);
#3234 = CARTESIAN_POINT('',(12.568267187515,0.411442466484,2.19));
#3235 = VECTOR('',#3236,1.);
#3236 = DIRECTION('',(1.636173162648E-02,-0.99986613791,0.));
#3237 = ORIENTED_EDGE('',*,*,#3238,.F.);
#3238 = EDGE_CURVE('',#1782,#3231,#3239,.T.);
#3239 = LINE('',#3240,#3241);
#3240 = CARTESIAN_POINT('',(12.575,0.,1.89));
#3241 = VECTOR('',#3242,1.);
#3242 = DIRECTION('',(0.,0.,1.));
#3243 = ORIENTED_EDGE('',*,*,#1789,.F.);
#3244 = PLANE('',#3245);
#3245 = AXIS2_PLACEMENT_3D('',#3246,#3247,#3248);
#3246 = CARTESIAN_POINT('',(12.568267187515,0.411442466484,1.89));
#3247 = DIRECTION('',(0.99986613791,1.636173162648E-02,-0.));
#3248 = DIRECTION('',(1.636173162648E-02,-0.99986613791,0.));
#3249 = ADVANCED_FACE('',(#3250),#3268,.F.);
#3250 = FACE_BOUND('',#3251,.F.);
#3251 = EDGE_LOOP('',(#3252,#3253,#3261,#3267));
#3252 = ORIENTED_EDGE('',*,*,#3238,.T.);
#3253 = ORIENTED_EDGE('',*,*,#3254,.T.);
#3254 = EDGE_CURVE('',#3231,#3255,#3257,.T.);
#3255 = VERTEX_POINT('',#3256);
#3256 = CARTESIAN_POINT('',(12.568267187515,-0.411442466484,2.19));
#3257 = LINE('',#3258,#3259);
#3258 = CARTESIAN_POINT('',(12.575,0.,2.19));
#3259 = VECTOR('',#3260,1.);
#3260 = DIRECTION('',(-1.636173162648E-02,-0.99986613791,0.));
#3261 = ORIENTED_EDGE('',*,*,#3262,.F.);
#3262 = EDGE_CURVE('',#1774,#3255,#3263,.T.);
#3263 = LINE('',#3264,#3265);
#3264 = CARTESIAN_POINT('',(12.568267187515,-0.411442466484,1.89));
#3265 = VECTOR('',#3266,1.);
#3266 = DIRECTION('',(0.,0.,1.));
#3267 = ORIENTED_EDGE('',*,*,#1781,.F.);
#3268 = PLANE('',#3269);
#3269 = AXIS2_PLACEMENT_3D('',#3270,#3271,#3272);
#3270 = CARTESIAN_POINT('',(12.575,0.,1.89));
#3271 = DIRECTION('',(0.99986613791,-1.636173162648E-02,0.));
#3272 = DIRECTION('',(-1.636173162648E-02,-0.99986613791,0.));
#3273 = ADVANCED_FACE('',(#3274),#3292,.F.);
#3274 = FACE_BOUND('',#3275,.F.);
#3275 = EDGE_LOOP('',(#3276,#3277,#3285,#3291));
#3276 = ORIENTED_EDGE('',*,*,#3262,.T.);
#3277 = ORIENTED_EDGE('',*,*,#3278,.T.);
#3278 = EDGE_CURVE('',#3255,#3279,#3281,.T.);
#3279 = VERTEX_POINT('',#3280);
#3280 = CARTESIAN_POINT('',(12.548075959725,-0.822444350069,2.19));
#3281 = LINE('',#3282,#3283);
#3282 = CARTESIAN_POINT('',(12.568267187515,-0.411442466484,2.19));
#3283 = VECTOR('',#3284,1.);
#3284 = DIRECTION('',(-4.906767432742E-02,-0.998795456205,0.));
#3285 = ORIENTED_EDGE('',*,*,#3286,.F.);
#3286 = EDGE_CURVE('',#1766,#3279,#3287,.T.);
#3287 = LINE('',#3288,#3289);
#3288 = CARTESIAN_POINT('',(12.548075959725,-0.822444350069,1.89));
#3289 = VECTOR('',#3290,1.);
#3290 = DIRECTION('',(0.,0.,1.));
#3291 = ORIENTED_EDGE('',*,*,#1773,.F.);
#3292 = PLANE('',#3293);
#3293 = AXIS2_PLACEMENT_3D('',#3294,#3295,#3296);
#3294 = CARTESIAN_POINT('',(12.568267187515,-0.411442466484,1.89));
#3295 = DIRECTION('',(0.998795456205,-4.906767432742E-02,0.));
#3296 = DIRECTION('',(-4.906767432742E-02,-0.998795456205,0.));
#3297 = ADVANCED_FACE('',(#3298),#3316,.F.);
#3298 = FACE_BOUND('',#3299,.F.);
#3299 = EDGE_LOOP('',(#3300,#3301,#3309,#3315));
#3300 = ORIENTED_EDGE('',*,*,#3286,.T.);
#3301 = ORIENTED_EDGE('',*,*,#3302,.T.);
#3302 = EDGE_CURVE('',#3279,#3303,#3305,.T.);
#3303 = VERTEX_POINT('',#3304);
#3304 = CARTESIAN_POINT('',(12.514447937903,-1.232565539644,2.19));
#3305 = LINE('',#3306,#3307);
#3306 = CARTESIAN_POINT('',(12.548075959725,-0.822444350069,2.19));
#3307 = VECTOR('',#3308,1.);
#3308 = DIRECTION('',(-8.172107413366E-02,-0.996655239309,0.));
#3309 = ORIENTED_EDGE('',*,*,#3310,.F.);
#3310 = EDGE_CURVE('',#1758,#3303,#3311,.T.);
#3311 = LINE('',#3312,#3313);
#3312 = CARTESIAN_POINT('',(12.514447937903,-1.232565539644,1.89));
#3313 = VECTOR('',#3314,1.);
#3314 = DIRECTION('',(0.,0.,1.));
#3315 = ORIENTED_EDGE('',*,*,#1765,.F.);
#3316 = PLANE('',#3317);
#3317 = AXIS2_PLACEMENT_3D('',#3318,#3319,#3320);
#3318 = CARTESIAN_POINT('',(12.548075959725,-0.822444350069,1.89));
#3319 = DIRECTION('',(0.996655239309,-8.172107413366E-02,0.));
#3320 = DIRECTION('',(-8.172107413366E-02,-0.996655239309,0.));
#3321 = ADVANCED_FACE('',(#3322),#3340,.F.);
#3322 = FACE_BOUND('',#3323,.F.);
#3323 = EDGE_LOOP('',(#3324,#3325,#3333,#3339));
#3324 = ORIENTED_EDGE('',*,*,#3310,.T.);
#3325 = ORIENTED_EDGE('',*,*,#3326,.T.);
#3326 = EDGE_CURVE('',#3303,#3327,#3329,.T.);
#3327 = VERTEX_POINT('',#3328);
#3328 = CARTESIAN_POINT('',(12.467419131776,-1.641366867167,2.19));
#3329 = LINE('',#3330,#3331);
#3330 = CARTESIAN_POINT('',(12.514447937903,-1.232565539644,2.19));
#3331 = VECTOR('',#3332,1.);
#3332 = DIRECTION('',(-0.114286964967,-0.993447779019,0.));
#3333 = ORIENTED_EDGE('',*,*,#3334,.F.);
#3334 = EDGE_CURVE('',#1750,#3327,#3335,.T.);
#3335 = LINE('',#3336,#3337);
#3336 = CARTESIAN_POINT('',(12.467419131776,-1.641366867167,1.89));
#3337 = VECTOR('',#3338,1.);
#3338 = DIRECTION('',(0.,0.,1.));
#3339 = ORIENTED_EDGE('',*,*,#1757,.F.);
#3340 = PLANE('',#3341);
#3341 = AXIS2_PLACEMENT_3D('',#3342,#3343,#3344);
#3342 = CARTESIAN_POINT('',(12.514447937903,-1.232565539644,1.89));
#3343 = DIRECTION('',(0.993447779019,-0.114286964967,0.));
#3344 = DIRECTION('',(-0.114286964967,-0.993447779019,0.));
#3345 = ADVANCED_FACE('',(#3346),#3364,.F.);
#3346 = FACE_BOUND('',#3347,.F.);
#3347 = EDGE_LOOP('',(#3348,#3349,#3357,#3363));
#3348 = ORIENTED_EDGE('',*,*,#3334,.T.);
#3349 = ORIENTED_EDGE('',*,*,#3350,.T.);
#3350 = EDGE_CURVE('',#3327,#3351,#3353,.T.);
#3351 = VERTEX_POINT('',#3352);
#3352 = CARTESIAN_POINT('',(12.407039900967,-2.048410577937,2.19));
#3353 = LINE('',#3354,#3355);
#3354 = CARTESIAN_POINT('',(12.467419131776,-1.641366867167,2.19));
#3355 = VECTOR('',#3356,1.);
#3356 = DIRECTION('',(-0.146730474455,-0.989176509965,0.));
#3357 = ORIENTED_EDGE('',*,*,#3358,.F.);
#3358 = EDGE_CURVE('',#1742,#3351,#3359,.T.);
#3359 = LINE('',#3360,#3361);
#3360 = CARTESIAN_POINT('',(12.407039900967,-2.048410577937,1.89));
#3361 = VECTOR('',#3362,1.);
#3362 = DIRECTION('',(0.,0.,1.));
#3363 = ORIENTED_EDGE('',*,*,#1749,.F.);
#3364 = PLANE('',#3365);
#3365 = AXIS2_PLACEMENT_3D('',#3366,#3367,#3368);
#3366 = CARTESIAN_POINT('',(12.467419131776,-1.641366867167,1.89));
#3367 = DIRECTION('',(0.989176509965,-0.146730474455,0.));
#3368 = DIRECTION('',(-0.146730474455,-0.989176509965,0.));
#3369 = ADVANCED_FACE('',(#3370),#3388,.F.);
#3370 = FACE_BOUND('',#3371,.F.);
#3371 = EDGE_LOOP('',(#3372,#3373,#3381,#3387));
#3372 = ORIENTED_EDGE('',*,*,#3358,.T.);
#3373 = ORIENTED_EDGE('',*,*,#3374,.T.);
#3374 = EDGE_CURVE('',#3351,#3375,#3377,.T.);
#3375 = VERTEX_POINT('',#3376);
#3376 = CARTESIAN_POINT('',(12.333374901071,-2.453260799353,2.19));
#3377 = LINE('',#3378,#3379);
#3378 = CARTESIAN_POINT('',(12.407039900967,-2.048410577937,2.19));
#3379 = VECTOR('',#3380,1.);
#3380 = DIRECTION('',(-0.179016861277,-0.983846005927,0.));
#3381 = ORIENTED_EDGE('',*,*,#3382,.F.);
#3382 = EDGE_CURVE('',#1734,#3375,#3383,.T.);
#3383 = LINE('',#3384,#3385);
#3384 = CARTESIAN_POINT('',(12.333374901071,-2.453260799353,1.89));
#3385 = VECTOR('',#3386,1.);
#3386 = DIRECTION('',(0.,0.,1.));
#3387 = ORIENTED_EDGE('',*,*,#1741,.F.);
#3388 = PLANE('',#3389);
#3389 = AXIS2_PLACEMENT_3D('',#3390,#3391,#3392);
#3390 = CARTESIAN_POINT('',(12.407039900967,-2.048410577937,1.89));
#3391 = DIRECTION('',(0.983846005927,-0.179016861277,0.));
#3392 = DIRECTION('',(-0.179016861277,-0.983846005927,0.));
#3393 = ADVANCED_FACE('',(#3394),#3412,.F.);
#3394 = FACE_BOUND('',#3395,.F.);
#3395 = EDGE_LOOP('',(#3396,#3397,#3405,#3411));
#3396 = ORIENTED_EDGE('',*,*,#3382,.T.);
#3397 = ORIENTED_EDGE('',*,*,#3398,.T.);
#3398 = EDGE_CURVE('',#3375,#3399,#3401,.T.);
#3399 = VERTEX_POINT('',#3400);
#3400 = CARTESIAN_POINT('',(12.246503014412,-2.855484007657,2.19));
#3401 = LINE('',#3402,#3403);
#3402 = CARTESIAN_POINT('',(12.333374901071,-2.453260799353,2.19));
#3403 = VECTOR('',#3404,1.);
#3404 = DIRECTION('',(-0.211111552359,-0.977461974944,0.));
#3405 = ORIENTED_EDGE('',*,*,#3406,.F.);
#3406 = EDGE_CURVE('',#1726,#3399,#3407,.T.);
#3407 = LINE('',#3408,#3409);
#3408 = CARTESIAN_POINT('',(12.246503014412,-2.855484007657,1.89));
#3409 = VECTOR('',#3410,1.);
#3410 = DIRECTION('',(0.,0.,1.));
#3411 = ORIENTED_EDGE('',*,*,#1733,.F.);
#3412 = PLANE('',#3413);
#3413 = AXIS2_PLACEMENT_3D('',#3414,#3415,#3416);
#3414 = CARTESIAN_POINT('',(12.333374901071,-2.453260799353,1.89));
#3415 = DIRECTION('',(0.977461974944,-0.211111552359,0.));
#3416 = DIRECTION('',(-0.211111552359,-0.977461974944,0.));
#3417 = ADVANCED_FACE('',(#3418),#3436,.F.);
#3418 = FACE_BOUND('',#3419,.F.);
#3419 = EDGE_LOOP('',(#3420,#3421,#3429,#3435));
#3420 = ORIENTED_EDGE('',*,*,#3406,.T.);
#3421 = ORIENTED_EDGE('',*,*,#3422,.T.);
#3422 = EDGE_CURVE('',#3399,#3423,#3425,.T.);
#3423 = VERTEX_POINT('',#3424);
#3424 = CARTESIAN_POINT('',(12.146517265585,-3.254649492164,2.19));
#3425 = LINE('',#3426,#3427);
#3426 = CARTESIAN_POINT('',(12.246503014412,-2.855484007657,2.19));
#3427 = VECTOR('',#3428,1.);
#3428 = DIRECTION('',(-0.242980179903,-0.970031253195,0.));
#3429 = ORIENTED_EDGE('',*,*,#3430,.F.);
#3430 = EDGE_CURVE('',#1718,#3423,#3431,.T.);
#3431 = LINE('',#3432,#3433);
#3432 = CARTESIAN_POINT('',(12.146517265585,-3.254649492164,1.89));
#3433 = VECTOR('',#3434,1.);
#3434 = DIRECTION('',(0.,0.,1.));
#3435 = ORIENTED_EDGE('',*,*,#1725,.F.);
#3436 = PLANE('',#3437);
#3437 = AXIS2_PLACEMENT_3D('',#3438,#3439,#3440);
#3438 = CARTESIAN_POINT('',(12.246503014412,-2.855484007657,1.89));
#3439 = DIRECTION('',(0.970031253195,-0.242980179903,0.));
#3440 = DIRECTION('',(-0.242980179903,-0.970031253195,0.));
#3441 = ADVANCED_FACE('',(#3442),#3460,.F.);
#3442 = FACE_BOUND('',#3443,.F.);
#3443 = EDGE_LOOP('',(#3444,#3445,#3453,#3459));
#3444 = ORIENTED_EDGE('',*,*,#3430,.T.);
#3445 = ORIENTED_EDGE('',*,*,#3446,.T.);
#3446 = EDGE_CURVE('',#3423,#3447,#3449,.T.);
#3447 = VERTEX_POINT('',#3448);
#3448 = CARTESIAN_POINT('',(12.033524721833,-3.650329816475,2.19));
#3449 = LINE('',#3450,#3451);
#3450 = CARTESIAN_POINT('',(12.146517265585,-3.254649492164,2.19));
#3451 = VECTOR('',#3452,1.);
#3452 = DIRECTION('',(-0.274588618185,-0.961561797683,0.));
#3453 = ORIENTED_EDGE('',*,*,#3454,.F.);
#3454 = EDGE_CURVE('',#1710,#3447,#3455,.T.);
#3455 = LINE('',#3456,#3457);
#3456 = CARTESIAN_POINT('',(12.033524721833,-3.650329816475,1.89));
#3457 = VECTOR('',#3458,1.);
#3458 = DIRECTION('',(0.,0.,1.));
#3459 = ORIENTED_EDGE('',*,*,#1717,.F.);
#3460 = PLANE('',#3461);
#3461 = AXIS2_PLACEMENT_3D('',#3462,#3463,#3464);
#3462 = CARTESIAN_POINT('',(12.146517265585,-3.254649492164,1.89));
#3463 = DIRECTION('',(0.961561797683,-0.274588618185,0.));
#3464 = DIRECTION('',(-0.274588618185,-0.961561797683,0.));
#3465 = ADVANCED_FACE('',(#3466),#3484,.F.);
#3466 = FACE_BOUND('',#3467,.F.);
#3467 = EDGE_LOOP('',(#3468,#3469,#3477,#3483));
#3468 = ORIENTED_EDGE('',*,*,#3454,.T.);
#3469 = ORIENTED_EDGE('',*,*,#3470,.T.);
#3470 = EDGE_CURVE('',#3447,#3471,#3473,.T.);
#3471 = VERTEX_POINT('',#3472);
#3472 = CARTESIAN_POINT('',(11.907646378401,-4.042101276187,2.19));
#3473 = LINE('',#3474,#3475);
#3474 = CARTESIAN_POINT('',(12.033524721833,-3.650329816475,2.19));
#3475 = VECTOR('',#3476,1.);
#3476 = DIRECTION('',(-0.305903020097,-0.952062677714,0.));
#3477 = ORIENTED_EDGE('',*,*,#3478,.F.);
#3478 = EDGE_CURVE('',#1702,#3471,#3479,.T.);
#3479 = LINE('',#3480,#3481);
#3480 = CARTESIAN_POINT('',(11.907646378401,-4.042101276187,1.89));
#3481 = VECTOR('',#3482,1.);
#3482 = DIRECTION('',(0.,0.,1.));
#3483 = ORIENTED_EDGE('',*,*,#1709,.F.);
#3484 = PLANE('',#3485);
#3485 = AXIS2_PLACEMENT_3D('',#3486,#3487,#3488);
#3486 = CARTESIAN_POINT('',(12.033524721833,-3.650329816475,1.89));
#3487 = DIRECTION('',(0.952062677714,-0.305903020097,0.));
#3488 = DIRECTION('',(-0.305903020097,-0.952062677714,0.));
#3489 = ADVANCED_FACE('',(#3490),#3508,.F.);
#3490 = FACE_BOUND('',#3491,.F.);
#3491 = EDGE_LOOP('',(#3492,#3493,#3501,#3507));
#3492 = ORIENTED_EDGE('',*,*,#3478,.T.);
#3493 = ORIENTED_EDGE('',*,*,#3494,.T.);
#3494 = EDGE_CURVE('',#3471,#3495,#3497,.T.);
#3495 = VERTEX_POINT('',#3496);
#3496 = CARTESIAN_POINT('',(11.769017028973,-4.42954435261,2.19));
#3497 = LINE('',#3498,#3499);
#3498 = CARTESIAN_POINT('',(11.907646378401,-4.042101276187,2.19));
#3499 = VECTOR('',#3500,1.);
#3500 = DIRECTION('',(-0.336889853392,-0.941544065183,0.));
#3501 = ORIENTED_EDGE('',*,*,#3502,.F.);
#3502 = EDGE_CURVE('',#1694,#3495,#3503,.T.);
#3503 = LINE('',#3504,#3505);
#3504 = CARTESIAN_POINT('',(11.769017028973,-4.42954435261,1.89));
#3505 = VECTOR('',#3506,1.);
#3506 = DIRECTION('',(0.,0.,1.));
#3507 = ORIENTED_EDGE('',*,*,#1701,.F.);
#3508 = PLANE('',#3509);
#3509 = AXIS2_PLACEMENT_3D('',#3510,#3511,#3512);
#3510 = CARTESIAN_POINT('',(11.907646378401,-4.042101276187,1.89));
#3511 = DIRECTION('',(0.941544065183,-0.336889853392,0.));
#3512 = DIRECTION('',(-0.336889853392,-0.941544065183,0.));
#3513 = ADVANCED_FACE('',(#3514),#3525,.F.);
#3514 = FACE_BOUND('',#3515,.F.);
#3515 = EDGE_LOOP('',(#3516,#3517,#3523,#3524));
#3516 = ORIENTED_EDGE('',*,*,#3502,.T.);
#3517 = ORIENTED_EDGE('',*,*,#3518,.T.);
#3518 = EDGE_CURVE('',#3495,#2333,#3519,.T.);
#3519 = LINE('',#3520,#3521);
#3520 = CARTESIAN_POINT('',(11.769017028973,-4.42954435261,2.19));
#3521 = VECTOR('',#3522,1.);
#3522 = DIRECTION('',(-0.367515936595,-0.930017223684,0.));
#3523 = ORIENTED_EDGE('',*,*,#2332,.F.);
#3524 = ORIENTED_EDGE('',*,*,#1693,.F.);
#3525 = PLANE('',#3526);
#3526 = AXIS2_PLACEMENT_3D('',#3527,#3528,#3529);
#3527 = CARTESIAN_POINT('',(11.769017028973,-4.42954435261,1.89));
#3528 = DIRECTION('',(0.930017223684,-0.367515936595,0.));
#3529 = DIRECTION('',(-0.367515936595,-0.930017223684,0.));
#3530 = ADVANCED_FACE('',(#3531),#3557,.F.);
#3531 = FACE_BOUND('',#3532,.F.);
#3532 = EDGE_LOOP('',(#3533,#3541,#3549,#3555,#3556));
#3533 = ORIENTED_EDGE('',*,*,#3534,.T.);
#3534 = EDGE_CURVE('',#2310,#3535,#3537,.T.);
#3535 = VERTEX_POINT('',#3536);
#3536 = CARTESIAN_POINT('',(-1.735998356527,-13.18621665627,2.19));
#3537 = LINE('',#3538,#3539);
#3538 = CARTESIAN_POINT('',(-1.735998356527,-13.18621665627,1.89));
#3539 = VECTOR('',#3540,1.);
#3540 = DIRECTION('',(0.,0.,1.));
#3541 = ORIENTED_EDGE('',*,*,#3542,.T.);
#3542 = EDGE_CURVE('',#3535,#3543,#3545,.T.);
#3543 = VERTEX_POINT('',#3544);
#3544 = CARTESIAN_POINT('',(-1.641366867167,-12.46741913177,2.19));
#3545 = LINE('',#3546,#3547);
#3546 = CARTESIAN_POINT('',(-1.735998356527,-13.18621665627,2.19));
#3547 = VECTOR('',#3548,1.);
#3548 = DIRECTION('',(0.13052619222,0.991444861374,0.));
#3549 = ORIENTED_EDGE('',*,*,#3550,.F.);
#3550 = EDGE_CURVE('',#1671,#3543,#3551,.T.);
#3551 = LINE('',#3552,#3553);
#3552 = CARTESIAN_POINT('',(-1.641366867167,-12.46741913177,1.89));
#3553 = VECTOR('',#3554,1.);
#3554 = DIRECTION('',(0.,0.,1.));
#3555 = ORIENTED_EDGE('',*,*,#1678,.F.);
#3556 = ORIENTED_EDGE('',*,*,#2317,.F.);
#3557 = PLANE('',#3558);
#3558 = AXIS2_PLACEMENT_3D('',#3559,#3560,#3561);
#3559 = CARTESIAN_POINT('',(-1.735998356527,-13.18621665627,1.89));
#3560 = DIRECTION('',(-0.991444861374,0.13052619222,0.));
#3561 = DIRECTION('',(0.13052619222,0.991444861374,0.));
#3562 = ADVANCED_FACE('',(#3563),#3581,.F.);
#3563 = FACE_BOUND('',#3564,.F.);
#3564 = EDGE_LOOP('',(#3565,#3566,#3574,#3580));
#3565 = ORIENTED_EDGE('',*,*,#3550,.T.);
#3566 = ORIENTED_EDGE('',*,*,#3567,.T.);
#3567 = EDGE_CURVE('',#3543,#3568,#3570,.T.);
#3568 = VERTEX_POINT('',#3569);
#3569 = CARTESIAN_POINT('',(-2.048410577937,-12.40703990096,2.19));
#3570 = LINE('',#3571,#3572);
#3571 = CARTESIAN_POINT('',(-1.641366867167,-12.46741913177,2.19));
#3572 = VECTOR('',#3573,1.);
#3573 = DIRECTION('',(-0.989176509965,0.146730474455,0.));
#3574 = ORIENTED_EDGE('',*,*,#3575,.F.);
#3575 = EDGE_CURVE('',#1663,#3568,#3576,.T.);
#3576 = LINE('',#3577,#3578);
#3577 = CARTESIAN_POINT('',(-2.048410577937,-12.40703990096,1.89));
#3578 = VECTOR('',#3579,1.);
#3579 = DIRECTION('',(0.,0.,1.));
#3580 = ORIENTED_EDGE('',*,*,#1670,.F.);
#3581 = PLANE('',#3582);
#3582 = AXIS2_PLACEMENT_3D('',#3583,#3584,#3585);
#3583 = CARTESIAN_POINT('',(-1.641366867167,-12.46741913177,1.89));
#3584 = DIRECTION('',(-0.146730474455,-0.989176509965,0.));
#3585 = DIRECTION('',(-0.989176509965,0.146730474455,0.));
#3586 = ADVANCED_FACE('',(#3587),#3605,.F.);
#3587 = FACE_BOUND('',#3588,.F.);
#3588 = EDGE_LOOP('',(#3589,#3590,#3598,#3604));
#3589 = ORIENTED_EDGE('',*,*,#3575,.T.);
#3590 = ORIENTED_EDGE('',*,*,#3591,.T.);
#3591 = EDGE_CURVE('',#3568,#3592,#3594,.T.);
#3592 = VERTEX_POINT('',#3593);
#3593 = CARTESIAN_POINT('',(-2.453260799353,-12.33337490107,2.19));
#3594 = LINE('',#3595,#3596);
#3595 = CARTESIAN_POINT('',(-2.048410577937,-12.40703990096,2.19));
#3596 = VECTOR('',#3597,1.);
#3597 = DIRECTION('',(-0.983846005927,0.179016861277,0.));
#3598 = ORIENTED_EDGE('',*,*,#3599,.F.);
#3599 = EDGE_CURVE('',#1655,#3592,#3600,.T.);
#3600 = LINE('',#3601,#3602);
#3601 = CARTESIAN_POINT('',(-2.453260799353,-12.33337490107,1.89));
#3602 = VECTOR('',#3603,1.);
#3603 = DIRECTION('',(0.,0.,1.));
#3604 = ORIENTED_EDGE('',*,*,#1662,.F.);
#3605 = PLANE('',#3606);
#3606 = AXIS2_PLACEMENT_3D('',#3607,#3608,#3609);
#3607 = CARTESIAN_POINT('',(-2.048410577937,-12.40703990096,1.89));
#3608 = DIRECTION('',(-0.179016861277,-0.983846005927,0.));
#3609 = DIRECTION('',(-0.983846005927,0.179016861277,0.));
#3610 = ADVANCED_FACE('',(#3611),#3629,.F.);
#3611 = FACE_BOUND('',#3612,.F.);
#3612 = EDGE_LOOP('',(#3613,#3614,#3622,#3628));
#3613 = ORIENTED_EDGE('',*,*,#3599,.T.);
#3614 = ORIENTED_EDGE('',*,*,#3615,.T.);
#3615 = EDGE_CURVE('',#3592,#3616,#3618,.T.);
#3616 = VERTEX_POINT('',#3617);
#3617 = CARTESIAN_POINT('',(-2.855484007657,-12.24650301441,2.19));
#3618 = LINE('',#3619,#3620);
#3619 = CARTESIAN_POINT('',(-2.453260799353,-12.33337490107,2.19));
#3620 = VECTOR('',#3621,1.);
#3621 = DIRECTION('',(-0.977461974944,0.211111552359,0.));
#3622 = ORIENTED_EDGE('',*,*,#3623,.F.);
#3623 = EDGE_CURVE('',#1647,#3616,#3624,.T.);
#3624 = LINE('',#3625,#3626);
#3625 = CARTESIAN_POINT('',(-2.855484007657,-12.24650301441,1.89));
#3626 = VECTOR('',#3627,1.);
#3627 = DIRECTION('',(0.,0.,1.));
#3628 = ORIENTED_EDGE('',*,*,#1654,.F.);
#3629 = PLANE('',#3630);
#3630 = AXIS2_PLACEMENT_3D('',#3631,#3632,#3633);
#3631 = CARTESIAN_POINT('',(-2.453260799353,-12.33337490107,1.89));
#3632 = DIRECTION('',(-0.211111552359,-0.977461974944,0.));
#3633 = DIRECTION('',(-0.977461974944,0.211111552359,0.));
#3634 = ADVANCED_FACE('',(#3635),#3653,.F.);
#3635 = FACE_BOUND('',#3636,.F.);
#3636 = EDGE_LOOP('',(#3637,#3638,#3646,#3652));
#3637 = ORIENTED_EDGE('',*,*,#3623,.T.);
#3638 = ORIENTED_EDGE('',*,*,#3639,.T.);
#3639 = EDGE_CURVE('',#3616,#3640,#3642,.T.);
#3640 = VERTEX_POINT('',#3641);
#3641 = CARTESIAN_POINT('',(-3.254649492164,-12.14651726558,2.19));
#3642 = LINE('',#3643,#3644);
#3643 = CARTESIAN_POINT('',(-2.855484007657,-12.24650301441,2.19));
#3644 = VECTOR('',#3645,1.);
#3645 = DIRECTION('',(-0.970031253195,0.242980179903,0.));
#3646 = ORIENTED_EDGE('',*,*,#3647,.F.);
#3647 = EDGE_CURVE('',#1639,#3640,#3648,.T.);
#3648 = LINE('',#3649,#3650);
#3649 = CARTESIAN_POINT('',(-3.254649492164,-12.14651726558,1.89));
#3650 = VECTOR('',#3651,1.);
#3651 = DIRECTION('',(0.,0.,1.));
#3652 = ORIENTED_EDGE('',*,*,#1646,.F.);
#3653 = PLANE('',#3654);
#3654 = AXIS2_PLACEMENT_3D('',#3655,#3656,#3657);
#3655 = CARTESIAN_POINT('',(-2.855484007657,-12.24650301441,1.89));
#3656 = DIRECTION('',(-0.242980179903,-0.970031253195,0.));
#3657 = DIRECTION('',(-0.970031253195,0.242980179903,0.));
#3658 = ADVANCED_FACE('',(#3659),#3677,.F.);
#3659 = FACE_BOUND('',#3660,.F.);
#3660 = EDGE_LOOP('',(#3661,#3662,#3670,#3676));
#3661 = ORIENTED_EDGE('',*,*,#3647,.T.);
#3662 = ORIENTED_EDGE('',*,*,#3663,.T.);
#3663 = EDGE_CURVE('',#3640,#3664,#3666,.T.);
#3664 = VERTEX_POINT('',#3665);
#3665 = CARTESIAN_POINT('',(-3.650329816475,-12.03352472183,2.19));
#3666 = LINE('',#3667,#3668);
#3667 = CARTESIAN_POINT('',(-3.254649492164,-12.14651726558,2.19));
#3668 = VECTOR('',#3669,1.);
#3669 = DIRECTION('',(-0.961561797683,0.274588618185,0.));
#3670 = ORIENTED_EDGE('',*,*,#3671,.F.);
#3671 = EDGE_CURVE('',#1631,#3664,#3672,.T.);
#3672 = LINE('',#3673,#3674);
#3673 = CARTESIAN_POINT('',(-3.650329816475,-12.03352472183,1.89));
#3674 = VECTOR('',#3675,1.);
#3675 = DIRECTION('',(0.,0.,1.));
#3676 = ORIENTED_EDGE('',*,*,#1638,.F.);
#3677 = PLANE('',#3678);
#3678 = AXIS2_PLACEMENT_3D('',#3679,#3680,#3681);
#3679 = CARTESIAN_POINT('',(-3.254649492164,-12.14651726558,1.89));
#3680 = DIRECTION('',(-0.274588618185,-0.961561797683,0.));
#3681 = DIRECTION('',(-0.961561797683,0.274588618185,0.));
#3682 = ADVANCED_FACE('',(#3683),#3701,.F.);
#3683 = FACE_BOUND('',#3684,.F.);
#3684 = EDGE_LOOP('',(#3685,#3686,#3694,#3700));
#3685 = ORIENTED_EDGE('',*,*,#3671,.T.);
#3686 = ORIENTED_EDGE('',*,*,#3687,.T.);
#3687 = EDGE_CURVE('',#3664,#3688,#3690,.T.);
#3688 = VERTEX_POINT('',#3689);
#3689 = CARTESIAN_POINT('',(-4.042101276187,-11.9076463784,2.19));
#3690 = LINE('',#3691,#3692);
#3691 = CARTESIAN_POINT('',(-3.650329816475,-12.03352472183,2.19));
#3692 = VECTOR('',#3693,1.);
#3693 = DIRECTION('',(-0.952062677714,0.305903020097,0.));
#3694 = ORIENTED_EDGE('',*,*,#3695,.F.);
#3695 = EDGE_CURVE('',#1623,#3688,#3696,.T.);
#3696 = LINE('',#3697,#3698);
#3697 = CARTESIAN_POINT('',(-4.042101276187,-11.9076463784,1.89));
#3698 = VECTOR('',#3699,1.);
#3699 = DIRECTION('',(0.,0.,1.));
#3700 = ORIENTED_EDGE('',*,*,#1630,.F.);
#3701 = PLANE('',#3702);
#3702 = AXIS2_PLACEMENT_3D('',#3703,#3704,#3705);
#3703 = CARTESIAN_POINT('',(-3.650329816475,-12.03352472183,1.89));
#3704 = DIRECTION('',(-0.305903020097,-0.952062677714,0.));
#3705 = DIRECTION('',(-0.952062677714,0.305903020097,0.));
#3706 = ADVANCED_FACE('',(#3707),#3725,.F.);
#3707 = FACE_BOUND('',#3708,.F.);
#3708 = EDGE_LOOP('',(#3709,#3710,#3718,#3724));
#3709 = ORIENTED_EDGE('',*,*,#3695,.T.);
#3710 = ORIENTED_EDGE('',*,*,#3711,.T.);
#3711 = EDGE_CURVE('',#3688,#3712,#3714,.T.);
#3712 = VERTEX_POINT('',#3713);
#3713 = CARTESIAN_POINT('',(-4.42954435261,-11.76901702897,2.19));
#3714 = LINE('',#3715,#3716);
#3715 = CARTESIAN_POINT('',(-4.042101276187,-11.9076463784,2.19));
#3716 = VECTOR('',#3717,1.);
#3717 = DIRECTION('',(-0.941544065183,0.336889853392,0.));
#3718 = ORIENTED_EDGE('',*,*,#3719,.F.);
#3719 = EDGE_CURVE('',#1615,#3712,#3720,.T.);
#3720 = LINE('',#3721,#3722);
#3721 = CARTESIAN_POINT('',(-4.42954435261,-11.76901702897,1.89));
#3722 = VECTOR('',#3723,1.);
#3723 = DIRECTION('',(0.,0.,1.));
#3724 = ORIENTED_EDGE('',*,*,#1622,.F.);
#3725 = PLANE('',#3726);
#3726 = AXIS2_PLACEMENT_3D('',#3727,#3728,#3729);
#3727 = CARTESIAN_POINT('',(-4.042101276187,-11.9076463784,1.89));
#3728 = DIRECTION('',(-0.336889853392,-0.941544065183,0.));
#3729 = DIRECTION('',(-0.941544065183,0.336889853392,0.));
#3730 = ADVANCED_FACE('',(#3731),#3749,.F.);
#3731 = FACE_BOUND('',#3732,.F.);
#3732 = EDGE_LOOP('',(#3733,#3734,#3742,#3748));
#3733 = ORIENTED_EDGE('',*,*,#3719,.T.);
#3734 = ORIENTED_EDGE('',*,*,#3735,.T.);
#3735 = EDGE_CURVE('',#3712,#3736,#3738,.T.);
#3736 = VERTEX_POINT('',#3737);
#3737 = CARTESIAN_POINT('',(-4.812244161991,-11.61778512132,2.19));
#3738 = LINE('',#3739,#3740);
#3739 = CARTESIAN_POINT('',(-4.42954435261,-11.76901702897,2.19));
#3740 = VECTOR('',#3741,1.);
#3741 = DIRECTION('',(-0.930017223684,0.367515936595,0.));
#3742 = ORIENTED_EDGE('',*,*,#3743,.F.);
#3743 = EDGE_CURVE('',#1607,#3736,#3744,.T.);
#3744 = LINE('',#3745,#3746);
#3745 = CARTESIAN_POINT('',(-4.812244161991,-11.61778512132,1.89));
#3746 = VECTOR('',#3747,1.);
#3747 = DIRECTION('',(0.,0.,1.));
#3748 = ORIENTED_EDGE('',*,*,#1614,.F.);
#3749 = PLANE('',#3750);
#3750 = AXIS2_PLACEMENT_3D('',#3751,#3752,#3753);
#3751 = CARTESIAN_POINT('',(-4.42954435261,-11.76901702897,1.89));
#3752 = DIRECTION('',(-0.367515936595,-0.930017223684,0.));
#3753 = DIRECTION('',(-0.930017223684,0.367515936595,0.));
#3754 = ADVANCED_FACE('',(#3755),#3773,.F.);
#3755 = FACE_BOUND('',#3756,.F.);
#3756 = EDGE_LOOP('',(#3757,#3758,#3766,#3772));
#3757 = ORIENTED_EDGE('',*,*,#3743,.T.);
#3758 = ORIENTED_EDGE('',*,*,#3759,.T.);
#3759 = EDGE_CURVE('',#3736,#3760,#3762,.T.);
#3760 = VERTEX_POINT('',#3761);
#3761 = CARTESIAN_POINT('',(-5.18979089979,-11.45411259838,2.19));
#3762 = LINE('',#3763,#3764);
#3763 = CARTESIAN_POINT('',(-4.812244161991,-11.61778512132,2.19));
#3764 = VECTOR('',#3765,1.);
#3765 = DIRECTION('',(-0.917494496447,0.397748474527,0.));
#3766 = ORIENTED_EDGE('',*,*,#3767,.F.);
#3767 = EDGE_CURVE('',#1599,#3760,#3768,.T.);
#3768 = LINE('',#3769,#3770);
#3769 = CARTESIAN_POINT('',(-5.18979089979,-11.45411259838,1.89));
#3770 = VECTOR('',#3771,1.);
#3771 = DIRECTION('',(0.,0.,1.));
#3772 = ORIENTED_EDGE('',*,*,#1606,.F.);
#3773 = PLANE('',#3774);
#3774 = AXIS2_PLACEMENT_3D('',#3775,#3776,#3777);
#3775 = CARTESIAN_POINT('',(-4.812244161991,-11.61778512132,1.89));
#3776 = DIRECTION('',(-0.397748474527,-0.917494496447,0.));
#3777 = DIRECTION('',(-0.917494496447,0.397748474527,0.));
#3778 = ADVANCED_FACE('',(#3779),#3797,.F.);
#3779 = FACE_BOUND('',#3780,.F.);
#3780 = EDGE_LOOP('',(#3781,#3782,#3790,#3796));
#3781 = ORIENTED_EDGE('',*,*,#3767,.T.);
#3782 = ORIENTED_EDGE('',*,*,#3783,.T.);
#3783 = EDGE_CURVE('',#3760,#3784,#3786,.T.);
#3784 = VERTEX_POINT('',#3785);
#3785 = CARTESIAN_POINT('',(-5.561780279504,-11.27817472477,2.19));
#3786 = LINE('',#3787,#3788);
#3787 = CARTESIAN_POINT('',(-5.18979089979,-11.45411259838,2.19));
#3788 = VECTOR('',#3789,1.);
#3789 = DIRECTION('',(-0.903989293123,0.42755509343,0.));
#3790 = ORIENTED_EDGE('',*,*,#3791,.F.);
#3791 = EDGE_CURVE('',#1591,#3784,#3792,.T.);
#3792 = LINE('',#3793,#3794);
#3793 = CARTESIAN_POINT('',(-5.561780279504,-11.27817472477,1.89));
#3794 = VECTOR('',#3795,1.);
#3795 = DIRECTION('',(0.,0.,1.));
#3796 = ORIENTED_EDGE('',*,*,#1598,.F.);
#3797 = PLANE('',#3798);
#3798 = AXIS2_PLACEMENT_3D('',#3799,#3800,#3801);
#3799 = CARTESIAN_POINT('',(-5.18979089979,-11.45411259838,1.89));
#3800 = DIRECTION('',(-0.42755509343,-0.903989293123,0.));
#3801 = DIRECTION('',(-0.903989293123,0.42755509343,0.));
#3802 = ADVANCED_FACE('',(#3803),#3821,.F.);
#3803 = FACE_BOUND('',#3804,.F.);
#3804 = EDGE_LOOP('',(#3805,#3806,#3814,#3820));
#3805 = ORIENTED_EDGE('',*,*,#3791,.T.);
#3806 = ORIENTED_EDGE('',*,*,#3807,.T.);
#3807 = EDGE_CURVE('',#3784,#3808,#3810,.T.);
#3808 = VERTEX_POINT('',#3809);
#3809 = CARTESIAN_POINT('',(-5.927813965587,-11.09015989918,2.19));
#3810 = LINE('',#3811,#3812);
#3811 = CARTESIAN_POINT('',(-5.561780279504,-11.27817472477,2.19));
#3812 = VECTOR('',#3813,1.);
#3813 = DIRECTION('',(-0.889516075422,0.45690387563,0.));
#3814 = ORIENTED_EDGE('',*,*,#3815,.F.);
#3815 = EDGE_CURVE('',#1583,#3808,#3816,.T.);
#3816 = LINE('',#3817,#3818);
#3817 = CARTESIAN_POINT('',(-5.927813965587,-11.09015989918,1.89));
#3818 = VECTOR('',#3819,1.);
#3819 = DIRECTION('',(0.,0.,1.));
#3820 = ORIENTED_EDGE('',*,*,#1590,.F.);
#3821 = PLANE('',#3822);
#3822 = AXIS2_PLACEMENT_3D('',#3823,#3824,#3825);
#3823 = CARTESIAN_POINT('',(-5.561780279504,-11.27817472477,1.89));
#3824 = DIRECTION('',(-0.45690387563,-0.889516075422,0.));
#3825 = DIRECTION('',(-0.889516075422,0.45690387563,0.));
#3826 = ADVANCED_FACE('',(#3827),#3845,.F.);
#3827 = FACE_BOUND('',#3828,.F.);
#3828 = EDGE_LOOP('',(#3829,#3830,#3838,#3844));
#3829 = ORIENTED_EDGE('',*,*,#3815,.T.);
#3830 = ORIENTED_EDGE('',*,*,#3831,.T.);
#3831 = EDGE_CURVE('',#3808,#3832,#3834,.T.);
#3832 = VERTEX_POINT('',#3833);
#3833 = CARTESIAN_POINT('',(-6.2875,-10.89026945258,2.19));
#3834 = LINE('',#3835,#3836);
#3835 = CARTESIAN_POINT('',(-5.927813965587,-11.09015989918,2.19));
#3836 = VECTOR('',#3837,1.);
#3837 = DIRECTION('',(-0.874090341627,0.485763393716,0.));
#3838 = ORIENTED_EDGE('',*,*,#3839,.F.);
#3839 = EDGE_CURVE('',#1575,#3832,#3840,.T.);
#3840 = LINE('',#3841,#3842);
#3841 = CARTESIAN_POINT('',(-6.2875,-10.89026945258,1.89));
#3842 = VECTOR('',#3843,1.);
#3843 = DIRECTION('',(0.,0.,1.));
#3844 = ORIENTED_EDGE('',*,*,#1582,.F.);
#3845 = PLANE('',#3846);
#3846 = AXIS2_PLACEMENT_3D('',#3847,#3848,#3849);
#3847 = CARTESIAN_POINT('',(-5.927813965587,-11.09015989918,1.89));
#3848 = DIRECTION('',(-0.485763393716,-0.874090341627,0.));
#3849 = DIRECTION('',(-0.874090341627,0.485763393716,0.));
#3850 = ADVANCED_FACE('',(#3851),#3869,.F.);
#3851 = FACE_BOUND('',#3852,.F.);
#3852 = EDGE_LOOP('',(#3853,#3854,#3862,#3868));
#3853 = ORIENTED_EDGE('',*,*,#3839,.T.);
#3854 = ORIENTED_EDGE('',*,*,#3855,.T.);
#3855 = EDGE_CURVE('',#3832,#3856,#3858,.T.);
#3856 = VERTEX_POINT('',#3857);
#3857 = CARTESIAN_POINT('',(-6.640453221928,-10.67871743269,2.19));
#3858 = LINE('',#3859,#3860);
#3859 = CARTESIAN_POINT('',(-6.2875,-10.89026945258,2.19));
#3860 = VECTOR('',#3861,1.);
#3861 = DIRECTION('',(-0.85772861,0.514102744193,0.));
#3862 = ORIENTED_EDGE('',*,*,#3863,.F.);
#3863 = EDGE_CURVE('',#1567,#3856,#3864,.T.);
#3864 = LINE('',#3865,#3866);
#3865 = CARTESIAN_POINT('',(-6.640453221928,-10.67871743269,1.89));
#3866 = VECTOR('',#3867,1.);
#3867 = DIRECTION('',(0.,0.,1.));
#3868 = ORIENTED_EDGE('',*,*,#1574,.F.);
#3869 = PLANE('',#3870);
#3870 = AXIS2_PLACEMENT_3D('',#3871,#3872,#3873);
#3871 = CARTESIAN_POINT('',(-6.2875,-10.89026945258,1.89));
#3872 = DIRECTION('',(-0.514102744193,-0.85772861,0.));
#3873 = DIRECTION('',(-0.85772861,0.514102744193,0.));
#3874 = ADVANCED_FACE('',(#3875),#3893,.F.);
#3875 = FACE_BOUND('',#3876,.F.);
#3876 = EDGE_LOOP('',(#3877,#3878,#3886,#3892));
#3877 = ORIENTED_EDGE('',*,*,#3863,.T.);
#3878 = ORIENTED_EDGE('',*,*,#3879,.T.);
#3879 = EDGE_CURVE('',#3856,#3880,#3882,.T.);
#3880 = VERTEX_POINT('',#3881);
#3881 = CARTESIAN_POINT('',(-6.986295680221,-10.4557303747,2.19));
#3882 = LINE('',#3883,#3884);
#3883 = CARTESIAN_POINT('',(-6.640453221928,-10.67871743269,2.19));
#3884 = VECTOR('',#3885,1.);
#3885 = DIRECTION('',(-0.840448401094,0.541891580575,0.));
#3886 = ORIENTED_EDGE('',*,*,#3887,.F.);
#3887 = EDGE_CURVE('',#1559,#3880,#3888,.T.);
#3888 = LINE('',#3889,#3890);
#3889 = CARTESIAN_POINT('',(-6.986295680221,-10.4557303747,1.89));
#3890 = VECTOR('',#3891,1.);
#3891 = DIRECTION('',(0.,0.,1.));
#3892 = ORIENTED_EDGE('',*,*,#1566,.F.);
#3893 = PLANE('',#3894);
#3894 = AXIS2_PLACEMENT_3D('',#3895,#3896,#3897);
#3895 = CARTESIAN_POINT('',(-6.640453221928,-10.67871743269,1.89));
#3896 = DIRECTION('',(-0.541891580575,-0.840448401094,0.));
#3897 = DIRECTION('',(-0.840448401094,0.541891580575,0.));
#3898 = ADVANCED_FACE('',(#3899),#3917,.F.);
#3899 = FACE_BOUND('',#3900,.F.);
#3900 = EDGE_LOOP('',(#3901,#3902,#3910,#3916));
#3901 = ORIENTED_EDGE('',*,*,#3887,.T.);
#3902 = ORIENTED_EDGE('',*,*,#3903,.T.);
#3903 = EDGE_CURVE('',#3880,#3904,#3906,.T.);
#3904 = VERTEX_POINT('',#3905);
#3905 = CARTESIAN_POINT('',(-7.324657038113,-10.22154705874,2.19));
#3906 = LINE('',#3907,#3908);
#3907 = CARTESIAN_POINT('',(-6.986295680221,-10.4557303747,2.19));
#3908 = VECTOR('',#3909,1.);
#3909 = DIRECTION('',(-0.82226821899,0.569100145879,0.));
#3910 = ORIENTED_EDGE('',*,*,#3911,.F.);
#3911 = EDGE_CURVE('',#1551,#3904,#3912,.T.);
#3912 = LINE('',#3913,#3914);
#3913 = CARTESIAN_POINT('',(-7.324657038113,-10.22154705874,1.89));
#3914 = VECTOR('',#3915,1.);
#3915 = DIRECTION('',(0.,0.,1.));
#3916 = ORIENTED_EDGE('',*,*,#1558,.F.);
#3917 = PLANE('',#3918);
#3918 = AXIS2_PLACEMENT_3D('',#3919,#3920,#3921);
#3919 = CARTESIAN_POINT('',(-6.986295680221,-10.4557303747,1.89));
#3920 = DIRECTION('',(-0.569100145879,-0.82226821899,0.));
#3921 = DIRECTION('',(-0.82226821899,0.569100145879,0.));
#3922 = ADVANCED_FACE('',(#3923),#3941,.F.);
#3923 = FACE_BOUND('',#3924,.F.);
#3924 = EDGE_LOOP('',(#3925,#3926,#3934,#3940));
#3925 = ORIENTED_EDGE('',*,*,#3911,.T.);
#3926 = ORIENTED_EDGE('',*,*,#3927,.T.);
#3927 = EDGE_CURVE('',#3904,#3928,#3930,.T.);
#3928 = VERTEX_POINT('',#3929);
#3929 = CARTESIAN_POINT('',(-7.655174969785,-9.976418254162,2.19));
#3930 = LINE('',#3931,#3932);
#3931 = CARTESIAN_POINT('',(-7.324657038113,-10.22154705874,2.19));
#3932 = VECTOR('',#3933,1.);
#3933 = DIRECTION('',(-0.803207531481,0.595699304492,0.));
#3934 = ORIENTED_EDGE('',*,*,#3935,.F.);
#3935 = EDGE_CURVE('',#1543,#3928,#3936,.T.);
#3936 = LINE('',#3937,#3938);
#3937 = CARTESIAN_POINT('',(-7.655174969785,-9.976418254162,1.89));
#3938 = VECTOR('',#3939,1.);
#3939 = DIRECTION('',(0.,0.,1.));
#3940 = ORIENTED_EDGE('',*,*,#1550,.F.);
#3941 = PLANE('',#3942);
#3942 = AXIS2_PLACEMENT_3D('',#3943,#3944,#3945);
#3943 = CARTESIAN_POINT('',(-7.324657038113,-10.22154705874,1.89));
#3944 = DIRECTION('',(-0.595699304492,-0.803207531481,0.));
#3945 = DIRECTION('',(-0.803207531481,0.595699304492,0.));
#3946 = ADVANCED_FACE('',(#3947),#3965,.F.);
#3947 = FACE_BOUND('',#3948,.F.);
#3948 = EDGE_LOOP('',(#3949,#3950,#3958,#3964));
#3949 = ORIENTED_EDGE('',*,*,#3935,.T.);
#3950 = ORIENTED_EDGE('',*,*,#3951,.T.);
#3951 = EDGE_CURVE('',#3928,#3952,#3954,.T.);
#3952 = VERTEX_POINT('',#3953);
#3953 = CARTESIAN_POINT('',(-7.977495548358,-9.720606451036,2.19));
#3954 = LINE('',#3955,#3956);
#3955 = CARTESIAN_POINT('',(-7.655174969785,-9.976418254162,2.19));
#3956 = VECTOR('',#3957,1.);
#3957 = DIRECTION('',(-0.783286749229,0.62166057337,0.));
#3958 = ORIENTED_EDGE('',*,*,#3959,.F.);
#3959 = EDGE_CURVE('',#1535,#3952,#3960,.T.);
#3960 = LINE('',#3961,#3962);
#3961 = CARTESIAN_POINT('',(-7.977495548358,-9.720606451036,1.89));
#3962 = VECTOR('',#3963,1.);
#3963 = DIRECTION('',(0.,0.,1.));
#3964 = ORIENTED_EDGE('',*,*,#1542,.F.);
#3965 = PLANE('',#3966);
#3966 = AXIS2_PLACEMENT_3D('',#3967,#3968,#3969);
#3967 = CARTESIAN_POINT('',(-7.655174969785,-9.976418254162,1.89));
#3968 = DIRECTION('',(-0.62166057337,-0.783286749229,0.));
#3969 = DIRECTION('',(-0.783286749229,0.62166057337,0.));
#3970 = ADVANCED_FACE('',(#3971),#3989,.F.);
#3971 = FACE_BOUND('',#3972,.F.);
#3972 = EDGE_LOOP('',(#3973,#3974,#3982,#3988));
#3973 = ORIENTED_EDGE('',*,*,#3959,.T.);
#3974 = ORIENTED_EDGE('',*,*,#3975,.T.);
#3975 = EDGE_CURVE('',#3952,#3976,#3978,.T.);
#3976 = VERTEX_POINT('',#3977);
#3977 = CARTESIAN_POINT('',(-8.291273624883,-9.454385579048,2.19));
#3978 = LINE('',#3979,#3980);
#3979 = CARTESIAN_POINT('',(-7.977495548358,-9.720606451036,2.19));
#3980 = VECTOR('',#3981,1.);
#3981 = DIRECTION('',(-0.762527203906,0.646956152535,0.));
#3982 = ORIENTED_EDGE('',*,*,#3983,.F.);
#3983 = EDGE_CURVE('',#1527,#3976,#3984,.T.);
#3984 = LINE('',#3985,#3986);
#3985 = CARTESIAN_POINT('',(-8.291273624883,-9.454385579048,1.89));
#3986 = VECTOR('',#3987,1.);
#3987 = DIRECTION('',(0.,0.,1.));
#3988 = ORIENTED_EDGE('',*,*,#1534,.F.);
#3989 = PLANE('',#3990);
#3990 = AXIS2_PLACEMENT_3D('',#3991,#3992,#3993);
#3991 = CARTESIAN_POINT('',(-7.977495548358,-9.720606451036,1.89));
#3992 = DIRECTION('',(-0.646956152535,-0.762527203906,0.));
#3993 = DIRECTION('',(-0.762527203906,0.646956152535,0.));
#3994 = ADVANCED_FACE('',(#3995),#4013,.F.);
#3995 = FACE_BOUND('',#3996,.F.);
#3996 = EDGE_LOOP('',(#3997,#3998,#4006,#4012));
#3997 = ORIENTED_EDGE('',*,*,#3983,.T.);
#3998 = ORIENTED_EDGE('',*,*,#3999,.T.);
#3999 = EDGE_CURVE('',#3976,#4000,#4002,.T.);
#4000 = VERTEX_POINT('',#4001);
#4001 = CARTESIAN_POINT('',(-8.596173197938,-9.178040714175,2.19));
#4002 = LINE('',#4003,#4004);
#4003 = CARTESIAN_POINT('',(-8.291273624883,-9.454385579048,2.19));
#4004 = VECTOR('',#4005,1.);
#4005 = DIRECTION('',(-0.740951125355,0.671558954847,0.));
#4006 = ORIENTED_EDGE('',*,*,#4007,.F.);
#4007 = EDGE_CURVE('',#1519,#4000,#4008,.T.);
#4008 = LINE('',#4009,#4010);
#4009 = CARTESIAN_POINT('',(-8.596173197938,-9.178040714175,1.89));
#4010 = VECTOR('',#4011,1.);
#4011 = DIRECTION('',(0.,0.,1.));
#4012 = ORIENTED_EDGE('',*,*,#1526,.F.);
#4013 = PLANE('',#4014);
#4014 = AXIS2_PLACEMENT_3D('',#4015,#4016,#4017);
#4015 = CARTESIAN_POINT('',(-8.291273624883,-9.454385579048,1.89));
#4016 = DIRECTION('',(-0.671558954847,-0.740951125355,0.));
#4017 = DIRECTION('',(-0.740951125355,0.671558954847,0.));
#4018 = ADVANCED_FACE('',(#4019),#4037,.F.);
#4019 = FACE_BOUND('',#4020,.F.);
#4020 = EDGE_LOOP('',(#4021,#4022,#4030,#4036));
#4021 = ORIENTED_EDGE('',*,*,#4007,.T.);
#4022 = ORIENTED_EDGE('',*,*,#4023,.T.);
#4023 = EDGE_CURVE('',#4000,#4024,#4026,.T.);
#4024 = VERTEX_POINT('',#4025);
#4025 = CARTESIAN_POINT('',(-8.891867773421,-8.891867773421,2.19));
#4026 = LINE('',#4027,#4028);
#4027 = CARTESIAN_POINT('',(-8.596173197938,-9.178040714175,2.19));
#4028 = VECTOR('',#4029,1.);
#4029 = DIRECTION('',(-0.71858161778,0.69544263501,0.));
#4030 = ORIENTED_EDGE('',*,*,#4031,.F.);
#4031 = EDGE_CURVE('',#1511,#4024,#4032,.T.);
#4032 = LINE('',#4033,#4034);
#4033 = CARTESIAN_POINT('',(-8.891867773421,-8.891867773421,1.89));
#4034 = VECTOR('',#4035,1.);
#4035 = DIRECTION('',(0.,0.,1.));
#4036 = ORIENTED_EDGE('',*,*,#1518,.F.);
#4037 = PLANE('',#4038);
#4038 = AXIS2_PLACEMENT_3D('',#4039,#4040,#4041);
#4039 = CARTESIAN_POINT('',(-8.596173197938,-9.178040714175,1.89));
#4040 = DIRECTION('',(-0.69544263501,-0.71858161778,0.));
#4041 = DIRECTION('',(-0.71858161778,0.69544263501,0.));
#4042 = ADVANCED_FACE('',(#4043),#4061,.F.);
#4043 = FACE_BOUND('',#4044,.F.);
#4044 = EDGE_LOOP('',(#4045,#4046,#4054,#4060));
#4045 = ORIENTED_EDGE('',*,*,#4031,.T.);
#4046 = ORIENTED_EDGE('',*,*,#4047,.T.);
#4047 = EDGE_CURVE('',#4024,#4048,#4050,.T.);
#4048 = VERTEX_POINT('',#4049);
#4049 = CARTESIAN_POINT('',(-9.178040714175,-8.596173197938,2.19));
#4050 = LINE('',#4051,#4052);
#4051 = CARTESIAN_POINT('',(-8.891867773421,-8.891867773421,2.19));
#4052 = VECTOR('',#4053,1.);
#4053 = DIRECTION('',(-0.69544263501,0.71858161778,0.));
#4054 = ORIENTED_EDGE('',*,*,#4055,.F.);
#4055 = EDGE_CURVE('',#1503,#4048,#4056,.T.);
#4056 = LINE('',#4057,#4058);
#4057 = CARTESIAN_POINT('',(-9.178040714175,-8.596173197938,1.89));
#4058 = VECTOR('',#4059,1.);
#4059 = DIRECTION('',(0.,0.,1.));
#4060 = ORIENTED_EDGE('',*,*,#1510,.F.);
#4061 = PLANE('',#4062);
#4062 = AXIS2_PLACEMENT_3D('',#4063,#4064,#4065);
#4063 = CARTESIAN_POINT('',(-8.891867773421,-8.891867773421,1.89));
#4064 = DIRECTION('',(-0.71858161778,-0.69544263501,0.));
#4065 = DIRECTION('',(-0.69544263501,0.71858161778,0.));
#4066 = ADVANCED_FACE('',(#4067),#4085,.F.);
#4067 = FACE_BOUND('',#4068,.F.);
#4068 = EDGE_LOOP('',(#4069,#4070,#4078,#4084));
#4069 = ORIENTED_EDGE('',*,*,#4055,.T.);
#4070 = ORIENTED_EDGE('',*,*,#4071,.T.);
#4071 = EDGE_CURVE('',#4048,#4072,#4074,.T.);
#4072 = VERTEX_POINT('',#4073);
#4073 = CARTESIAN_POINT('',(-9.454385579048,-8.291273624883,2.19));
#4074 = LINE('',#4075,#4076);
#4075 = CARTESIAN_POINT('',(-9.178040714175,-8.596173197938,2.19));
#4076 = VECTOR('',#4077,1.);
#4077 = DIRECTION('',(-0.671558954847,0.740951125355,0.));
#4078 = ORIENTED_EDGE('',*,*,#4079,.F.);
#4079 = EDGE_CURVE('',#1495,#4072,#4080,.T.);
#4080 = LINE('',#4081,#4082);
#4081 = CARTESIAN_POINT('',(-9.454385579048,-8.291273624883,1.89));
#4082 = VECTOR('',#4083,1.);
#4083 = DIRECTION('',(0.,0.,1.));
#4084 = ORIENTED_EDGE('',*,*,#1502,.F.);
#4085 = PLANE('',#4086);
#4086 = AXIS2_PLACEMENT_3D('',#4087,#4088,#4089);
#4087 = CARTESIAN_POINT('',(-9.178040714175,-8.596173197938,1.89));
#4088 = DIRECTION('',(-0.740951125355,-0.671558954847,0.));
#4089 = DIRECTION('',(-0.671558954847,0.740951125355,0.));
#4090 = ADVANCED_FACE('',(#4091),#4109,.F.);
#4091 = FACE_BOUND('',#4092,.F.);
#4092 = EDGE_LOOP('',(#4093,#4094,#4102,#4108));
#4093 = ORIENTED_EDGE('',*,*,#4079,.T.);
#4094 = ORIENTED_EDGE('',*,*,#4095,.T.);
#4095 = EDGE_CURVE('',#4072,#4096,#4098,.T.);
#4096 = VERTEX_POINT('',#4097);
#4097 = CARTESIAN_POINT('',(-9.720606451036,-7.977495548358,2.19));
#4098 = LINE('',#4099,#4100);
#4099 = CARTESIAN_POINT('',(-9.454385579048,-8.291273624883,2.19));
#4100 = VECTOR('',#4101,1.);
#4101 = DIRECTION('',(-0.646956152535,0.762527203906,0.));
#4102 = ORIENTED_EDGE('',*,*,#4103,.F.);
#4103 = EDGE_CURVE('',#1487,#4096,#4104,.T.);
#4104 = LINE('',#4105,#4106);
#4105 = CARTESIAN_POINT('',(-9.720606451036,-7.977495548358,1.89));
#4106 = VECTOR('',#4107,1.);
#4107 = DIRECTION('',(0.,0.,1.));
#4108 = ORIENTED_EDGE('',*,*,#1494,.F.);
#4109 = PLANE('',#4110);
#4110 = AXIS2_PLACEMENT_3D('',#4111,#4112,#4113);
#4111 = CARTESIAN_POINT('',(-9.454385579048,-8.291273624883,1.89));
#4112 = DIRECTION('',(-0.762527203906,-0.646956152535,0.));
#4113 = DIRECTION('',(-0.646956152535,0.762527203906,0.));
#4114 = ADVANCED_FACE('',(#4115),#4133,.F.);
#4115 = FACE_BOUND('',#4116,.F.);
#4116 = EDGE_LOOP('',(#4117,#4118,#4126,#4132));
#4117 = ORIENTED_EDGE('',*,*,#4103,.T.);
#4118 = ORIENTED_EDGE('',*,*,#4119,.T.);
#4119 = EDGE_CURVE('',#4096,#4120,#4122,.T.);
#4120 = VERTEX_POINT('',#4121);
#4121 = CARTESIAN_POINT('',(-9.976418254162,-7.655174969785,2.19));
#4122 = LINE('',#4123,#4124);
#4123 = CARTESIAN_POINT('',(-9.720606451036,-7.977495548358,2.19));
#4124 = VECTOR('',#4125,1.);
#4125 = DIRECTION('',(-0.62166057337,0.783286749229,0.));
#4126 = ORIENTED_EDGE('',*,*,#4127,.F.);
#4127 = EDGE_CURVE('',#1479,#4120,#4128,.T.);
#4128 = LINE('',#4129,#4130);
#4129 = CARTESIAN_POINT('',(-9.976418254162,-7.655174969785,1.89));
#4130 = VECTOR('',#4131,1.);
#4131 = DIRECTION('',(0.,0.,1.));
#4132 = ORIENTED_EDGE('',*,*,#1486,.F.);
#4133 = PLANE('',#4134);
#4134 = AXIS2_PLACEMENT_3D('',#4135,#4136,#4137);
#4135 = CARTESIAN_POINT('',(-9.720606451036,-7.977495548358,1.89));
#4136 = DIRECTION('',(-0.783286749229,-0.62166057337,0.));
#4137 = DIRECTION('',(-0.62166057337,0.783286749229,0.));
#4138 = ADVANCED_FACE('',(#4139),#4158,.F.);
#4139 = FACE_BOUND('',#4140,.F.);
#4140 = EDGE_LOOP('',(#4141,#4142,#4150,#4156,#4157));
#4141 = ORIENTED_EDGE('',*,*,#4127,.T.);
#4142 = ORIENTED_EDGE('',*,*,#4143,.T.);
#4143 = EDGE_CURVE('',#4120,#4144,#4146,.T.);
#4144 = VERTEX_POINT('',#4145);
#4145 = CARTESIAN_POINT('',(-10.55159942587,-8.096527005816,2.19));
#4146 = LINE('',#4147,#4148);
#4147 = CARTESIAN_POINT('',(-9.976418254162,-7.655174969785,2.19));
#4148 = VECTOR('',#4149,1.);
#4149 = DIRECTION('',(-0.793353340291,-0.608761429009,0.));
#4150 = ORIENTED_EDGE('',*,*,#4151,.F.);
#4151 = EDGE_CURVE('',#2118,#4144,#4152,.T.);
#4152 = LINE('',#4153,#4154);
#4153 = CARTESIAN_POINT('',(-10.55159942587,-8.096527005816,1.89));
#4154 = VECTOR('',#4155,1.);
#4155 = DIRECTION('',(0.,0.,1.));
#4156 = ORIENTED_EDGE('',*,*,#2117,.F.);
#4157 = ORIENTED_EDGE('',*,*,#1478,.F.);
#4158 = PLANE('',#4159);
#4159 = AXIS2_PLACEMENT_3D('',#4160,#4161,#4162);
#4160 = CARTESIAN_POINT('',(-9.976418254162,-7.655174969785,1.89));
#4161 = DIRECTION('',(0.608761429009,-0.793353340291,0.));
#4162 = DIRECTION('',(-0.793353340291,-0.608761429009,0.));
#4163 = ADVANCED_FACE('',(#4164),#4190,.F.);
#4164 = FACE_BOUND('',#4165,.F.);
#4165 = EDGE_LOOP('',(#4166,#4174,#4182,#4188,#4189));
#4166 = ORIENTED_EDGE('',*,*,#4167,.T.);
#4167 = EDGE_CURVE('',#2095,#4168,#4170,.T.);
#4168 = VERTEX_POINT('',#4169);
#4169 = CARTESIAN_POINT('',(-10.55159942587,8.096527005816,2.19));
#4170 = LINE('',#4171,#4172);
#4171 = CARTESIAN_POINT('',(-10.55159942587,8.096527005816,1.89));
#4172 = VECTOR('',#4173,1.);
#4173 = DIRECTION('',(0.,0.,1.));
#4174 = ORIENTED_EDGE('',*,*,#4175,.T.);
#4175 = EDGE_CURVE('',#4168,#4176,#4178,.T.);
#4176 = VERTEX_POINT('',#4177);
#4177 = CARTESIAN_POINT('',(-9.976418254162,7.655174969785,2.19));
#4178 = LINE('',#4179,#4180);
#4179 = CARTESIAN_POINT('',(-10.55159942587,8.096527005816,2.19));
#4180 = VECTOR('',#4181,1.);
#4181 = DIRECTION('',(0.793353340291,-0.608761429009,0.));
#4182 = ORIENTED_EDGE('',*,*,#4183,.F.);
#4183 = EDGE_CURVE('',#1464,#4176,#4184,.T.);
#4184 = LINE('',#4185,#4186);
#4185 = CARTESIAN_POINT('',(-9.976418254162,7.655174969785,1.89));
#4186 = VECTOR('',#4187,1.);
#4187 = DIRECTION('',(0.,0.,1.));
#4188 = ORIENTED_EDGE('',*,*,#1471,.F.);
#4189 = ORIENTED_EDGE('',*,*,#2102,.F.);
#4190 = PLANE('',#4191);
#4191 = AXIS2_PLACEMENT_3D('',#4192,#4193,#4194);
#4192 = CARTESIAN_POINT('',(-10.55159942587,8.096527005816,1.89));
#4193 = DIRECTION('',(0.608761429009,0.793353340291,-0.));
#4194 = DIRECTION('',(0.793353340291,-0.608761429009,0.));
#4195 = ADVANCED_FACE('',(#4196),#4214,.F.);
#4196 = FACE_BOUND('',#4197,.F.);
#4197 = EDGE_LOOP('',(#4198,#4199,#4207,#4213));
#4198 = ORIENTED_EDGE('',*,*,#4183,.T.);
#4199 = ORIENTED_EDGE('',*,*,#4200,.T.);
#4200 = EDGE_CURVE('',#4176,#4201,#4203,.T.);
#4201 = VERTEX_POINT('',#4202);
#4202 = CARTESIAN_POINT('',(-9.720606451036,7.977495548358,2.19));
#4203 = LINE('',#4204,#4205);
#4204 = CARTESIAN_POINT('',(-9.976418254162,7.655174969785,2.19));
#4205 = VECTOR('',#4206,1.);
#4206 = DIRECTION('',(0.62166057337,0.783286749229,0.));
#4207 = ORIENTED_EDGE('',*,*,#4208,.F.);
#4208 = EDGE_CURVE('',#1456,#4201,#4209,.T.);
#4209 = LINE('',#4210,#4211);
#4210 = CARTESIAN_POINT('',(-9.720606451036,7.977495548358,1.89));
#4211 = VECTOR('',#4212,1.);
#4212 = DIRECTION('',(0.,0.,1.));
#4213 = ORIENTED_EDGE('',*,*,#1463,.F.);
#4214 = PLANE('',#4215);
#4215 = AXIS2_PLACEMENT_3D('',#4216,#4217,#4218);
#4216 = CARTESIAN_POINT('',(-9.976418254162,7.655174969785,1.89));
#4217 = DIRECTION('',(-0.783286749229,0.62166057337,0.));
#4218 = DIRECTION('',(0.62166057337,0.783286749229,0.));
#4219 = ADVANCED_FACE('',(#4220),#4238,.F.);
#4220 = FACE_BOUND('',#4221,.F.);
#4221 = EDGE_LOOP('',(#4222,#4223,#4231,#4237));
#4222 = ORIENTED_EDGE('',*,*,#4208,.T.);
#4223 = ORIENTED_EDGE('',*,*,#4224,.T.);
#4224 = EDGE_CURVE('',#4201,#4225,#4227,.T.);
#4225 = VERTEX_POINT('',#4226);
#4226 = CARTESIAN_POINT('',(-9.454385579048,8.291273624883,2.19));
#4227 = LINE('',#4228,#4229);
#4228 = CARTESIAN_POINT('',(-9.720606451036,7.977495548358,2.19));
#4229 = VECTOR('',#4230,1.);
#4230 = DIRECTION('',(0.646956152535,0.762527203906,0.));
#4231 = ORIENTED_EDGE('',*,*,#4232,.F.);
#4232 = EDGE_CURVE('',#1448,#4225,#4233,.T.);
#4233 = LINE('',#4234,#4235);
#4234 = CARTESIAN_POINT('',(-9.454385579048,8.291273624883,1.89));
#4235 = VECTOR('',#4236,1.);
#4236 = DIRECTION('',(0.,0.,1.));
#4237 = ORIENTED_EDGE('',*,*,#1455,.F.);
#4238 = PLANE('',#4239);
#4239 = AXIS2_PLACEMENT_3D('',#4240,#4241,#4242);
#4240 = CARTESIAN_POINT('',(-9.720606451036,7.977495548358,1.89));
#4241 = DIRECTION('',(-0.762527203906,0.646956152535,0.));
#4242 = DIRECTION('',(0.646956152535,0.762527203906,0.));
#4243 = ADVANCED_FACE('',(#4244),#4262,.F.);
#4244 = FACE_BOUND('',#4245,.F.);
#4245 = EDGE_LOOP('',(#4246,#4247,#4255,#4261));
#4246 = ORIENTED_EDGE('',*,*,#4232,.T.);
#4247 = ORIENTED_EDGE('',*,*,#4248,.T.);
#4248 = EDGE_CURVE('',#4225,#4249,#4251,.T.);
#4249 = VERTEX_POINT('',#4250);
#4250 = CARTESIAN_POINT('',(-9.178040714175,8.596173197938,2.19));
#4251 = LINE('',#4252,#4253);
#4252 = CARTESIAN_POINT('',(-9.454385579048,8.291273624883,2.19));
#4253 = VECTOR('',#4254,1.);
#4254 = DIRECTION('',(0.671558954847,0.740951125355,0.));
#4255 = ORIENTED_EDGE('',*,*,#4256,.F.);
#4256 = EDGE_CURVE('',#1440,#4249,#4257,.T.);
#4257 = LINE('',#4258,#4259);
#4258 = CARTESIAN_POINT('',(-9.178040714175,8.596173197938,1.89));
#4259 = VECTOR('',#4260,1.);
#4260 = DIRECTION('',(0.,0.,1.));
#4261 = ORIENTED_EDGE('',*,*,#1447,.F.);
#4262 = PLANE('',#4263);
#4263 = AXIS2_PLACEMENT_3D('',#4264,#4265,#4266);
#4264 = CARTESIAN_POINT('',(-9.454385579048,8.291273624883,1.89));
#4265 = DIRECTION('',(-0.740951125355,0.671558954847,0.));
#4266 = DIRECTION('',(0.671558954847,0.740951125355,0.));
#4267 = ADVANCED_FACE('',(#4268),#4286,.F.);
#4268 = FACE_BOUND('',#4269,.F.);
#4269 = EDGE_LOOP('',(#4270,#4271,#4279,#4285));
#4270 = ORIENTED_EDGE('',*,*,#4256,.T.);
#4271 = ORIENTED_EDGE('',*,*,#4272,.T.);
#4272 = EDGE_CURVE('',#4249,#4273,#4275,.T.);
#4273 = VERTEX_POINT('',#4274);
#4274 = CARTESIAN_POINT('',(-8.891867773421,8.891867773421,2.19));
#4275 = LINE('',#4276,#4277);
#4276 = CARTESIAN_POINT('',(-9.178040714175,8.596173197938,2.19));
#4277 = VECTOR('',#4278,1.);
#4278 = DIRECTION('',(0.69544263501,0.71858161778,0.));
#4279 = ORIENTED_EDGE('',*,*,#4280,.F.);
#4280 = EDGE_CURVE('',#1432,#4273,#4281,.T.);
#4281 = LINE('',#4282,#4283);
#4282 = CARTESIAN_POINT('',(-8.891867773421,8.891867773421,1.89));
#4283 = VECTOR('',#4284,1.);
#4284 = DIRECTION('',(0.,0.,1.));
#4285 = ORIENTED_EDGE('',*,*,#1439,.F.);
#4286 = PLANE('',#4287);
#4287 = AXIS2_PLACEMENT_3D('',#4288,#4289,#4290);
#4288 = CARTESIAN_POINT('',(-9.178040714175,8.596173197938,1.89));
#4289 = DIRECTION('',(-0.71858161778,0.69544263501,0.));
#4290 = DIRECTION('',(0.69544263501,0.71858161778,0.));
#4291 = ADVANCED_FACE('',(#4292),#4310,.F.);
#4292 = FACE_BOUND('',#4293,.F.);
#4293 = EDGE_LOOP('',(#4294,#4295,#4303,#4309));
#4294 = ORIENTED_EDGE('',*,*,#4280,.T.);
#4295 = ORIENTED_EDGE('',*,*,#4296,.T.);
#4296 = EDGE_CURVE('',#4273,#4297,#4299,.T.);
#4297 = VERTEX_POINT('',#4298);
#4298 = CARTESIAN_POINT('',(-8.596173197938,9.178040714175,2.19));
#4299 = LINE('',#4300,#4301);
#4300 = CARTESIAN_POINT('',(-8.891867773421,8.891867773421,2.19));
#4301 = VECTOR('',#4302,1.);
#4302 = DIRECTION('',(0.71858161778,0.69544263501,0.));
#4303 = ORIENTED_EDGE('',*,*,#4304,.F.);
#4304 = EDGE_CURVE('',#1424,#4297,#4305,.T.);
#4305 = LINE('',#4306,#4307);
#4306 = CARTESIAN_POINT('',(-8.596173197938,9.178040714175,1.89));
#4307 = VECTOR('',#4308,1.);
#4308 = DIRECTION('',(0.,0.,1.));
#4309 = ORIENTED_EDGE('',*,*,#1431,.F.);
#4310 = PLANE('',#4311);
#4311 = AXIS2_PLACEMENT_3D('',#4312,#4313,#4314);
#4312 = CARTESIAN_POINT('',(-8.891867773421,8.891867773421,1.89));
#4313 = DIRECTION('',(-0.69544263501,0.71858161778,0.));
#4314 = DIRECTION('',(0.71858161778,0.69544263501,0.));
#4315 = ADVANCED_FACE('',(#4316),#4334,.F.);
#4316 = FACE_BOUND('',#4317,.F.);
#4317 = EDGE_LOOP('',(#4318,#4319,#4327,#4333));
#4318 = ORIENTED_EDGE('',*,*,#4304,.T.);
#4319 = ORIENTED_EDGE('',*,*,#4320,.T.);
#4320 = EDGE_CURVE('',#4297,#4321,#4323,.T.);
#4321 = VERTEX_POINT('',#4322);
#4322 = CARTESIAN_POINT('',(-8.291273624883,9.454385579048,2.19));
#4323 = LINE('',#4324,#4325);
#4324 = CARTESIAN_POINT('',(-8.596173197938,9.178040714175,2.19));
#4325 = VECTOR('',#4326,1.);
#4326 = DIRECTION('',(0.740951125355,0.671558954847,0.));
#4327 = ORIENTED_EDGE('',*,*,#4328,.F.);
#4328 = EDGE_CURVE('',#1416,#4321,#4329,.T.);
#4329 = LINE('',#4330,#4331);
#4330 = CARTESIAN_POINT('',(-8.291273624883,9.454385579048,1.89));
#4331 = VECTOR('',#4332,1.);
#4332 = DIRECTION('',(0.,0.,1.));
#4333 = ORIENTED_EDGE('',*,*,#1423,.F.);
#4334 = PLANE('',#4335);
#4335 = AXIS2_PLACEMENT_3D('',#4336,#4337,#4338);
#4336 = CARTESIAN_POINT('',(-8.596173197938,9.178040714175,1.89));
#4337 = DIRECTION('',(-0.671558954847,0.740951125355,0.));
#4338 = DIRECTION('',(0.740951125355,0.671558954847,0.));
#4339 = ADVANCED_FACE('',(#4340),#4358,.F.);
#4340 = FACE_BOUND('',#4341,.F.);
#4341 = EDGE_LOOP('',(#4342,#4343,#4351,#4357));
#4342 = ORIENTED_EDGE('',*,*,#4328,.T.);
#4343 = ORIENTED_EDGE('',*,*,#4344,.T.);
#4344 = EDGE_CURVE('',#4321,#4345,#4347,.T.);
#4345 = VERTEX_POINT('',#4346);
#4346 = CARTESIAN_POINT('',(-7.977495548358,9.720606451036,2.19));
#4347 = LINE('',#4348,#4349);
#4348 = CARTESIAN_POINT('',(-8.291273624883,9.454385579048,2.19));
#4349 = VECTOR('',#4350,1.);
#4350 = DIRECTION('',(0.762527203906,0.646956152535,0.));
#4351 = ORIENTED_EDGE('',*,*,#4352,.F.);
#4352 = EDGE_CURVE('',#1408,#4345,#4353,.T.);
#4353 = LINE('',#4354,#4355);
#4354 = CARTESIAN_POINT('',(-7.977495548358,9.720606451036,1.89));
#4355 = VECTOR('',#4356,1.);
#4356 = DIRECTION('',(0.,0.,1.));
#4357 = ORIENTED_EDGE('',*,*,#1415,.F.);
#4358 = PLANE('',#4359);
#4359 = AXIS2_PLACEMENT_3D('',#4360,#4361,#4362);
#4360 = CARTESIAN_POINT('',(-8.291273624883,9.454385579048,1.89));
#4361 = DIRECTION('',(-0.646956152535,0.762527203906,0.));
#4362 = DIRECTION('',(0.762527203906,0.646956152535,0.));
#4363 = ADVANCED_FACE('',(#4364),#4382,.F.);
#4364 = FACE_BOUND('',#4365,.F.);
#4365 = EDGE_LOOP('',(#4366,#4367,#4375,#4381));
#4366 = ORIENTED_EDGE('',*,*,#4352,.T.);
#4367 = ORIENTED_EDGE('',*,*,#4368,.T.);
#4368 = EDGE_CURVE('',#4345,#4369,#4371,.T.);
#4369 = VERTEX_POINT('',#4370);
#4370 = CARTESIAN_POINT('',(-7.655174969785,9.976418254162,2.19));
#4371 = LINE('',#4372,#4373);
#4372 = CARTESIAN_POINT('',(-7.977495548358,9.720606451036,2.19));
#4373 = VECTOR('',#4374,1.);
#4374 = DIRECTION('',(0.783286749229,0.62166057337,0.));
#4375 = ORIENTED_EDGE('',*,*,#4376,.F.);
#4376 = EDGE_CURVE('',#1400,#4369,#4377,.T.);
#4377 = LINE('',#4378,#4379);
#4378 = CARTESIAN_POINT('',(-7.655174969785,9.976418254162,1.89));
#4379 = VECTOR('',#4380,1.);
#4380 = DIRECTION('',(0.,0.,1.));
#4381 = ORIENTED_EDGE('',*,*,#1407,.F.);
#4382 = PLANE('',#4383);
#4383 = AXIS2_PLACEMENT_3D('',#4384,#4385,#4386);
#4384 = CARTESIAN_POINT('',(-7.977495548358,9.720606451036,1.89));
#4385 = DIRECTION('',(-0.62166057337,0.783286749229,0.));
#4386 = DIRECTION('',(0.783286749229,0.62166057337,0.));
#4387 = ADVANCED_FACE('',(#4388),#4406,.F.);
#4388 = FACE_BOUND('',#4389,.F.);
#4389 = EDGE_LOOP('',(#4390,#4391,#4399,#4405));
#4390 = ORIENTED_EDGE('',*,*,#4376,.T.);
#4391 = ORIENTED_EDGE('',*,*,#4392,.T.);
#4392 = EDGE_CURVE('',#4369,#4393,#4395,.T.);
#4393 = VERTEX_POINT('',#4394);
#4394 = CARTESIAN_POINT('',(-7.324657038113,10.22154705874,2.19));
#4395 = LINE('',#4396,#4397);
#4396 = CARTESIAN_POINT('',(-7.655174969785,9.976418254162,2.19));
#4397 = VECTOR('',#4398,1.);
#4398 = DIRECTION('',(0.803207531481,0.595699304492,0.));
#4399 = ORIENTED_EDGE('',*,*,#4400,.F.);
#4400 = EDGE_CURVE('',#1392,#4393,#4401,.T.);
#4401 = LINE('',#4402,#4403);
#4402 = CARTESIAN_POINT('',(-7.324657038113,10.22154705874,1.89));
#4403 = VECTOR('',#4404,1.);
#4404 = DIRECTION('',(0.,0.,1.));
#4405 = ORIENTED_EDGE('',*,*,#1399,.F.);
#4406 = PLANE('',#4407);
#4407 = AXIS2_PLACEMENT_3D('',#4408,#4409,#4410);
#4408 = CARTESIAN_POINT('',(-7.655174969785,9.976418254162,1.89));
#4409 = DIRECTION('',(-0.595699304492,0.803207531481,0.));
#4410 = DIRECTION('',(0.803207531481,0.595699304492,0.));
#4411 = ADVANCED_FACE('',(#4412),#4430,.F.);
#4412 = FACE_BOUND('',#4413,.F.);
#4413 = EDGE_LOOP('',(#4414,#4415,#4423,#4429));
#4414 = ORIENTED_EDGE('',*,*,#4400,.T.);
#4415 = ORIENTED_EDGE('',*,*,#4416,.T.);
#4416 = EDGE_CURVE('',#4393,#4417,#4419,.T.);
#4417 = VERTEX_POINT('',#4418);
#4418 = CARTESIAN_POINT('',(-6.986295680221,10.455730374705,2.19));
#4419 = LINE('',#4420,#4421);
#4420 = CARTESIAN_POINT('',(-7.324657038113,10.22154705874,2.19));
#4421 = VECTOR('',#4422,1.);
#4422 = DIRECTION('',(0.82226821899,0.569100145879,0.));
#4423 = ORIENTED_EDGE('',*,*,#4424,.F.);
#4424 = EDGE_CURVE('',#1384,#4417,#4425,.T.);
#4425 = LINE('',#4426,#4427);
#4426 = CARTESIAN_POINT('',(-6.986295680221,10.455730374705,1.89));
#4427 = VECTOR('',#4428,1.);
#4428 = DIRECTION('',(0.,0.,1.));
#4429 = ORIENTED_EDGE('',*,*,#1391,.F.);
#4430 = PLANE('',#4431);
#4431 = AXIS2_PLACEMENT_3D('',#4432,#4433,#4434);
#4432 = CARTESIAN_POINT('',(-7.324657038113,10.22154705874,1.89));
#4433 = DIRECTION('',(-0.569100145879,0.82226821899,0.));
#4434 = DIRECTION('',(0.82226821899,0.569100145879,0.));
#4435 = ADVANCED_FACE('',(#4436),#4454,.F.);
#4436 = FACE_BOUND('',#4437,.F.);
#4437 = EDGE_LOOP('',(#4438,#4439,#4447,#4453));
#4438 = ORIENTED_EDGE('',*,*,#4424,.T.);
#4439 = ORIENTED_EDGE('',*,*,#4440,.T.);
#4440 = EDGE_CURVE('',#4417,#4441,#4443,.T.);
#4441 = VERTEX_POINT('',#4442);
#4442 = CARTESIAN_POINT('',(-6.640453221928,10.678717432697,2.19));
#4443 = LINE('',#4444,#4445);
#4444 = CARTESIAN_POINT('',(-6.986295680221,10.455730374705,2.19));
#4445 = VECTOR('',#4446,1.);
#4446 = DIRECTION('',(0.840448401094,0.541891580575,0.));
#4447 = ORIENTED_EDGE('',*,*,#4448,.F.);
#4448 = EDGE_CURVE('',#1376,#4441,#4449,.T.);
#4449 = LINE('',#4450,#4451);
#4450 = CARTESIAN_POINT('',(-6.640453221928,10.678717432697,1.89));
#4451 = VECTOR('',#4452,1.);
#4452 = DIRECTION('',(0.,0.,1.));
#4453 = ORIENTED_EDGE('',*,*,#1383,.F.);
#4454 = PLANE('',#4455);
#4455 = AXIS2_PLACEMENT_3D('',#4456,#4457,#4458);
#4456 = CARTESIAN_POINT('',(-6.986295680221,10.455730374705,1.89));
#4457 = DIRECTION('',(-0.541891580575,0.840448401094,0.));
#4458 = DIRECTION('',(0.840448401094,0.541891580575,0.));
#4459 = ADVANCED_FACE('',(#4460),#4478,.F.);
#4460 = FACE_BOUND('',#4461,.F.);
#4461 = EDGE_LOOP('',(#4462,#4463,#4471,#4477));
#4462 = ORIENTED_EDGE('',*,*,#4448,.T.);
#4463 = ORIENTED_EDGE('',*,*,#4464,.T.);
#4464 = EDGE_CURVE('',#4441,#4465,#4467,.T.);
#4465 = VERTEX_POINT('',#4466);
#4466 = CARTESIAN_POINT('',(-6.2875,10.890269452589,2.19));
#4467 = LINE('',#4468,#4469);
#4468 = CARTESIAN_POINT('',(-6.640453221928,10.678717432697,2.19));
#4469 = VECTOR('',#4470,1.);
#4470 = DIRECTION('',(0.85772861,0.514102744193,0.));
#4471 = ORIENTED_EDGE('',*,*,#4472,.F.);
#4472 = EDGE_CURVE('',#1368,#4465,#4473,.T.);
#4473 = LINE('',#4474,#4475);
#4474 = CARTESIAN_POINT('',(-6.2875,10.890269452589,1.89));
#4475 = VECTOR('',#4476,1.);
#4476 = DIRECTION('',(0.,0.,1.));
#4477 = ORIENTED_EDGE('',*,*,#1375,.F.);
#4478 = PLANE('',#4479);
#4479 = AXIS2_PLACEMENT_3D('',#4480,#4481,#4482);
#4480 = CARTESIAN_POINT('',(-6.640453221928,10.678717432697,1.89));
#4481 = DIRECTION('',(-0.514102744193,0.85772861,0.));
#4482 = DIRECTION('',(0.85772861,0.514102744193,0.));
#4483 = ADVANCED_FACE('',(#4484),#4502,.F.);
#4484 = FACE_BOUND('',#4485,.F.);
#4485 = EDGE_LOOP('',(#4486,#4487,#4495,#4501));
#4486 = ORIENTED_EDGE('',*,*,#4472,.T.);
#4487 = ORIENTED_EDGE('',*,*,#4488,.T.);
#4488 = EDGE_CURVE('',#4465,#4489,#4491,.T.);
#4489 = VERTEX_POINT('',#4490);
#4490 = CARTESIAN_POINT('',(-5.927813965587,11.090159899181,2.19));
#4491 = LINE('',#4492,#4493);
#4492 = CARTESIAN_POINT('',(-6.2875,10.890269452589,2.19));
#4493 = VECTOR('',#4494,1.);
#4494 = DIRECTION('',(0.874090341627,0.485763393716,0.));
#4495 = ORIENTED_EDGE('',*,*,#4496,.F.);
#4496 = EDGE_CURVE('',#1360,#4489,#4497,.T.);
#4497 = LINE('',#4498,#4499);
#4498 = CARTESIAN_POINT('',(-5.927813965587,11.090159899181,1.89));
#4499 = VECTOR('',#4500,1.);
#4500 = DIRECTION('',(0.,0.,1.));
#4501 = ORIENTED_EDGE('',*,*,#1367,.F.);
#4502 = PLANE('',#4503);
#4503 = AXIS2_PLACEMENT_3D('',#4504,#4505,#4506);
#4504 = CARTESIAN_POINT('',(-6.2875,10.890269452589,1.89));
#4505 = DIRECTION('',(-0.485763393716,0.874090341627,0.));
#4506 = DIRECTION('',(0.874090341627,0.485763393716,0.));
#4507 = ADVANCED_FACE('',(#4508),#4526,.F.);
#4508 = FACE_BOUND('',#4509,.F.);
#4509 = EDGE_LOOP('',(#4510,#4511,#4519,#4525));
#4510 = ORIENTED_EDGE('',*,*,#4496,.T.);
#4511 = ORIENTED_EDGE('',*,*,#4512,.T.);
#4512 = EDGE_CURVE('',#4489,#4513,#4515,.T.);
#4513 = VERTEX_POINT('',#4514);
#4514 = CARTESIAN_POINT('',(-5.561780279504,11.278174724774,2.19));
#4515 = LINE('',#4516,#4517);
#4516 = CARTESIAN_POINT('',(-5.927813965587,11.090159899181,2.19));
#4517 = VECTOR('',#4518,1.);
#4518 = DIRECTION('',(0.889516075422,0.45690387563,0.));
#4519 = ORIENTED_EDGE('',*,*,#4520,.F.);
#4520 = EDGE_CURVE('',#1352,#4513,#4521,.T.);
#4521 = LINE('',#4522,#4523);
#4522 = CARTESIAN_POINT('',(-5.561780279504,11.278174724774,1.89));
#4523 = VECTOR('',#4524,1.);
#4524 = DIRECTION('',(0.,0.,1.));
#4525 = ORIENTED_EDGE('',*,*,#1359,.F.);
#4526 = PLANE('',#4527);
#4527 = AXIS2_PLACEMENT_3D('',#4528,#4529,#4530);
#4528 = CARTESIAN_POINT('',(-5.927813965587,11.090159899181,1.89));
#4529 = DIRECTION('',(-0.45690387563,0.889516075422,0.));
#4530 = DIRECTION('',(0.889516075422,0.45690387563,0.));
#4531 = ADVANCED_FACE('',(#4532),#4550,.F.);
#4532 = FACE_BOUND('',#4533,.F.);
#4533 = EDGE_LOOP('',(#4534,#4535,#4543,#4549));
#4534 = ORIENTED_EDGE('',*,*,#4520,.T.);
#4535 = ORIENTED_EDGE('',*,*,#4536,.T.);
#4536 = EDGE_CURVE('',#4513,#4537,#4539,.T.);
#4537 = VERTEX_POINT('',#4538);
#4538 = CARTESIAN_POINT('',(-5.18979089979,11.454112598384,2.19));
#4539 = LINE('',#4540,#4541);
#4540 = CARTESIAN_POINT('',(-5.561780279504,11.278174724774,2.19));
#4541 = VECTOR('',#4542,1.);
#4542 = DIRECTION('',(0.903989293123,0.42755509343,0.));
#4543 = ORIENTED_EDGE('',*,*,#4544,.F.);
#4544 = EDGE_CURVE('',#1344,#4537,#4545,.T.);
#4545 = LINE('',#4546,#4547);
#4546 = CARTESIAN_POINT('',(-5.18979089979,11.454112598384,1.89));
#4547 = VECTOR('',#4548,1.);
#4548 = DIRECTION('',(0.,0.,1.));
#4549 = ORIENTED_EDGE('',*,*,#1351,.F.);
#4550 = PLANE('',#4551);
#4551 = AXIS2_PLACEMENT_3D('',#4552,#4553,#4554);
#4552 = CARTESIAN_POINT('',(-5.561780279504,11.278174724774,1.89));
#4553 = DIRECTION('',(-0.42755509343,0.903989293123,0.));
#4554 = DIRECTION('',(0.903989293123,0.42755509343,0.));
#4555 = ADVANCED_FACE('',(#4556),#4574,.F.);
#4556 = FACE_BOUND('',#4557,.F.);
#4557 = EDGE_LOOP('',(#4558,#4559,#4567,#4573));
#4558 = ORIENTED_EDGE('',*,*,#4544,.T.);
#4559 = ORIENTED_EDGE('',*,*,#4560,.T.);
#4560 = EDGE_CURVE('',#4537,#4561,#4563,.T.);
#4561 = VERTEX_POINT('',#4562);
#4562 = CARTESIAN_POINT('',(-4.812244161991,11.617785121329,2.19));
#4563 = LINE('',#4564,#4565);
#4564 = CARTESIAN_POINT('',(-5.18979089979,11.454112598384,2.19));
#4565 = VECTOR('',#4566,1.);
#4566 = DIRECTION('',(0.917494496447,0.397748474527,0.));
#4567 = ORIENTED_EDGE('',*,*,#4568,.F.);
#4568 = EDGE_CURVE('',#1336,#4561,#4569,.T.);
#4569 = LINE('',#4570,#4571);
#4570 = CARTESIAN_POINT('',(-4.812244161991,11.617785121329,1.89));
#4571 = VECTOR('',#4572,1.);
#4572 = DIRECTION('',(0.,0.,1.));
#4573 = ORIENTED_EDGE('',*,*,#1343,.F.);
#4574 = PLANE('',#4575);
#4575 = AXIS2_PLACEMENT_3D('',#4576,#4577,#4578);
#4576 = CARTESIAN_POINT('',(-5.18979089979,11.454112598384,1.89));
#4577 = DIRECTION('',(-0.397748474527,0.917494496447,0.));
#4578 = DIRECTION('',(0.917494496447,0.397748474527,0.));
#4579 = ADVANCED_FACE('',(#4580),#4598,.F.);
#4580 = FACE_BOUND('',#4581,.F.);
#4581 = EDGE_LOOP('',(#4582,#4583,#4591,#4597));
#4582 = ORIENTED_EDGE('',*,*,#4568,.T.);
#4583 = ORIENTED_EDGE('',*,*,#4584,.T.);
#4584 = EDGE_CURVE('',#4561,#4585,#4587,.T.);
#4585 = VERTEX_POINT('',#4586);
#4586 = CARTESIAN_POINT('',(-4.42954435261,11.769017028973,2.19));
#4587 = LINE('',#4588,#4589);
#4588 = CARTESIAN_POINT('',(-4.812244161991,11.617785121329,2.19));
#4589 = VECTOR('',#4590,1.);
#4590 = DIRECTION('',(0.930017223684,0.367515936595,0.));
#4591 = ORIENTED_EDGE('',*,*,#4592,.F.);
#4592 = EDGE_CURVE('',#1328,#4585,#4593,.T.);
#4593 = LINE('',#4594,#4595);
#4594 = CARTESIAN_POINT('',(-4.42954435261,11.769017028973,1.89));
#4595 = VECTOR('',#4596,1.);
#4596 = DIRECTION('',(0.,0.,1.));
#4597 = ORIENTED_EDGE('',*,*,#1335,.F.);
#4598 = PLANE('',#4599);
#4599 = AXIS2_PLACEMENT_3D('',#4600,#4601,#4602);
#4600 = CARTESIAN_POINT('',(-4.812244161991,11.617785121329,1.89));
#4601 = DIRECTION('',(-0.367515936595,0.930017223684,0.));
#4602 = DIRECTION('',(0.930017223684,0.367515936595,0.));
#4603 = ADVANCED_FACE('',(#4604),#4622,.F.);
#4604 = FACE_BOUND('',#4605,.F.);
#4605 = EDGE_LOOP('',(#4606,#4607,#4615,#4621));
#4606 = ORIENTED_EDGE('',*,*,#4592,.T.);
#4607 = ORIENTED_EDGE('',*,*,#4608,.T.);
#4608 = EDGE_CURVE('',#4585,#4609,#4611,.T.);
#4609 = VERTEX_POINT('',#4610);
#4610 = CARTESIAN_POINT('',(-4.042101276187,11.907646378401,2.19));
#4611 = LINE('',#4612,#4613);
#4612 = CARTESIAN_POINT('',(-4.42954435261,11.769017028973,2.19));
#4613 = VECTOR('',#4614,1.);
#4614 = DIRECTION('',(0.941544065183,0.336889853392,0.));
#4615 = ORIENTED_EDGE('',*,*,#4616,.F.);
#4616 = EDGE_CURVE('',#1320,#4609,#4617,.T.);
#4617 = LINE('',#4618,#4619);
#4618 = CARTESIAN_POINT('',(-4.042101276187,11.907646378401,1.89));
#4619 = VECTOR('',#4620,1.);
#4620 = DIRECTION('',(0.,0.,1.));
#4621 = ORIENTED_EDGE('',*,*,#1327,.F.);
#4622 = PLANE('',#4623);
#4623 = AXIS2_PLACEMENT_3D('',#4624,#4625,#4626);
#4624 = CARTESIAN_POINT('',(-4.42954435261,11.769017028973,1.89));
#4625 = DIRECTION('',(-0.336889853392,0.941544065183,0.));
#4626 = DIRECTION('',(0.941544065183,0.336889853392,0.));
#4627 = ADVANCED_FACE('',(#4628),#4646,.F.);
#4628 = FACE_BOUND('',#4629,.F.);
#4629 = EDGE_LOOP('',(#4630,#4631,#4639,#4645));
#4630 = ORIENTED_EDGE('',*,*,#4616,.T.);
#4631 = ORIENTED_EDGE('',*,*,#4632,.T.);
#4632 = EDGE_CURVE('',#4609,#4633,#4635,.T.);
#4633 = VERTEX_POINT('',#4634);
#4634 = CARTESIAN_POINT('',(-3.650329816475,12.033524721833,2.19));
#4635 = LINE('',#4636,#4637);
#4636 = CARTESIAN_POINT('',(-4.042101276187,11.907646378401,2.19));
#4637 = VECTOR('',#4638,1.);
#4638 = DIRECTION('',(0.952062677714,0.305903020097,0.));
#4639 = ORIENTED_EDGE('',*,*,#4640,.F.);
#4640 = EDGE_CURVE('',#1312,#4633,#4641,.T.);
#4641 = LINE('',#4642,#4643);
#4642 = CARTESIAN_POINT('',(-3.650329816475,12.033524721833,1.89));
#4643 = VECTOR('',#4644,1.);
#4644 = DIRECTION('',(0.,0.,1.));
#4645 = ORIENTED_EDGE('',*,*,#1319,.F.);
#4646 = PLANE('',#4647);
#4647 = AXIS2_PLACEMENT_3D('',#4648,#4649,#4650);
#4648 = CARTESIAN_POINT('',(-4.042101276187,11.907646378401,1.89));
#4649 = DIRECTION('',(-0.305903020097,0.952062677714,0.));
#4650 = DIRECTION('',(0.952062677714,0.305903020097,0.));
#4651 = ADVANCED_FACE('',(#4652),#4670,.F.);
#4652 = FACE_BOUND('',#4653,.F.);
#4653 = EDGE_LOOP('',(#4654,#4655,#4663,#4669));
#4654 = ORIENTED_EDGE('',*,*,#4640,.T.);
#4655 = ORIENTED_EDGE('',*,*,#4656,.T.);
#4656 = EDGE_CURVE('',#4633,#4657,#4659,.T.);
#4657 = VERTEX_POINT('',#4658);
#4658 = CARTESIAN_POINT('',(-3.254649492164,12.146517265585,2.19));
#4659 = LINE('',#4660,#4661);
#4660 = CARTESIAN_POINT('',(-3.650329816475,12.033524721833,2.19));
#4661 = VECTOR('',#4662,1.);
#4662 = DIRECTION('',(0.961561797683,0.274588618185,0.));
#4663 = ORIENTED_EDGE('',*,*,#4664,.F.);
#4664 = EDGE_CURVE('',#1304,#4657,#4665,.T.);
#4665 = LINE('',#4666,#4667);
#4666 = CARTESIAN_POINT('',(-3.254649492164,12.146517265585,1.89));
#4667 = VECTOR('',#4668,1.);
#4668 = DIRECTION('',(0.,0.,1.));
#4669 = ORIENTED_EDGE('',*,*,#1311,.F.);
#4670 = PLANE('',#4671);
#4671 = AXIS2_PLACEMENT_3D('',#4672,#4673,#4674);
#4672 = CARTESIAN_POINT('',(-3.650329816475,12.033524721833,1.89));
#4673 = DIRECTION('',(-0.274588618185,0.961561797683,0.));
#4674 = DIRECTION('',(0.961561797683,0.274588618185,0.));
#4675 = ADVANCED_FACE('',(#4676),#4694,.F.);
#4676 = FACE_BOUND('',#4677,.F.);
#4677 = EDGE_LOOP('',(#4678,#4679,#4687,#4693));
#4678 = ORIENTED_EDGE('',*,*,#4664,.T.);
#4679 = ORIENTED_EDGE('',*,*,#4680,.T.);
#4680 = EDGE_CURVE('',#4657,#4681,#4683,.T.);
#4681 = VERTEX_POINT('',#4682);
#4682 = CARTESIAN_POINT('',(-2.855484007657,12.246503014412,2.19));
#4683 = LINE('',#4684,#4685);
#4684 = CARTESIAN_POINT('',(-3.254649492164,12.146517265585,2.19));
#4685 = VECTOR('',#4686,1.);
#4686 = DIRECTION('',(0.970031253195,0.242980179903,0.));
#4687 = ORIENTED_EDGE('',*,*,#4688,.F.);
#4688 = EDGE_CURVE('',#1296,#4681,#4689,.T.);
#4689 = LINE('',#4690,#4691);
#4690 = CARTESIAN_POINT('',(-2.855484007657,12.246503014412,1.89));
#4691 = VECTOR('',#4692,1.);
#4692 = DIRECTION('',(0.,0.,1.));
#4693 = ORIENTED_EDGE('',*,*,#1303,.F.);
#4694 = PLANE('',#4695);
#4695 = AXIS2_PLACEMENT_3D('',#4696,#4697,#4698);
#4696 = CARTESIAN_POINT('',(-3.254649492164,12.146517265585,1.89));
#4697 = DIRECTION('',(-0.242980179903,0.970031253195,0.));
#4698 = DIRECTION('',(0.970031253195,0.242980179903,0.));
#4699 = ADVANCED_FACE('',(#4700),#4718,.F.);
#4700 = FACE_BOUND('',#4701,.F.);
#4701 = EDGE_LOOP('',(#4702,#4703,#4711,#4717));
#4702 = ORIENTED_EDGE('',*,*,#4688,.T.);
#4703 = ORIENTED_EDGE('',*,*,#4704,.T.);
#4704 = EDGE_CURVE('',#4681,#4705,#4707,.T.);
#4705 = VERTEX_POINT('',#4706);
#4706 = CARTESIAN_POINT('',(-2.453260799353,12.333374901071,2.19));
#4707 = LINE('',#4708,#4709);
#4708 = CARTESIAN_POINT('',(-2.855484007657,12.246503014412,2.19));
#4709 = VECTOR('',#4710,1.);
#4710 = DIRECTION('',(0.977461974944,0.211111552359,0.));
#4711 = ORIENTED_EDGE('',*,*,#4712,.F.);
#4712 = EDGE_CURVE('',#1288,#4705,#4713,.T.);
#4713 = LINE('',#4714,#4715);
#4714 = CARTESIAN_POINT('',(-2.453260799353,12.333374901071,1.89));
#4715 = VECTOR('',#4716,1.);
#4716 = DIRECTION('',(0.,0.,1.));
#4717 = ORIENTED_EDGE('',*,*,#1295,.F.);
#4718 = PLANE('',#4719);
#4719 = AXIS2_PLACEMENT_3D('',#4720,#4721,#4722);
#4720 = CARTESIAN_POINT('',(-2.855484007657,12.246503014412,1.89));
#4721 = DIRECTION('',(-0.211111552359,0.977461974944,0.));
#4722 = DIRECTION('',(0.977461974944,0.211111552359,0.));
#4723 = ADVANCED_FACE('',(#4724),#4742,.F.);
#4724 = FACE_BOUND('',#4725,.F.);
#4725 = EDGE_LOOP('',(#4726,#4727,#4735,#4741));
#4726 = ORIENTED_EDGE('',*,*,#4712,.T.);
#4727 = ORIENTED_EDGE('',*,*,#4728,.T.);
#4728 = EDGE_CURVE('',#4705,#4729,#4731,.T.);
#4729 = VERTEX_POINT('',#4730);
#4730 = CARTESIAN_POINT('',(-2.048410577937,12.407039900967,2.19));
#4731 = LINE('',#4732,#4733);
#4732 = CARTESIAN_POINT('',(-2.453260799353,12.333374901071,2.19));
#4733 = VECTOR('',#4734,1.);
#4734 = DIRECTION('',(0.983846005927,0.179016861277,0.));
#4735 = ORIENTED_EDGE('',*,*,#4736,.F.);
#4736 = EDGE_CURVE('',#1280,#4729,#4737,.T.);
#4737 = LINE('',#4738,#4739);
#4738 = CARTESIAN_POINT('',(-2.048410577937,12.407039900967,1.89));
#4739 = VECTOR('',#4740,1.);
#4740 = DIRECTION('',(0.,0.,1.));
#4741 = ORIENTED_EDGE('',*,*,#1287,.F.);
#4742 = PLANE('',#4743);
#4743 = AXIS2_PLACEMENT_3D('',#4744,#4745,#4746);
#4744 = CARTESIAN_POINT('',(-2.453260799353,12.333374901071,1.89));
#4745 = DIRECTION('',(-0.179016861277,0.983846005927,0.));
#4746 = DIRECTION('',(0.983846005927,0.179016861277,0.));
#4747 = ADVANCED_FACE('',(#4748),#4766,.F.);
#4748 = FACE_BOUND('',#4749,.F.);
#4749 = EDGE_LOOP('',(#4750,#4751,#4759,#4765));
#4750 = ORIENTED_EDGE('',*,*,#4736,.T.);
#4751 = ORIENTED_EDGE('',*,*,#4752,.T.);
#4752 = EDGE_CURVE('',#4729,#4753,#4755,.T.);
#4753 = VERTEX_POINT('',#4754);
#4754 = CARTESIAN_POINT('',(-1.641366867167,12.467419131776,2.19));
#4755 = LINE('',#4756,#4757);
#4756 = CARTESIAN_POINT('',(-2.048410577937,12.407039900967,2.19));
#4757 = VECTOR('',#4758,1.);
#4758 = DIRECTION('',(0.989176509965,0.146730474455,0.));
#4759 = ORIENTED_EDGE('',*,*,#4760,.F.);
#4760 = EDGE_CURVE('',#1272,#4753,#4761,.T.);
#4761 = LINE('',#4762,#4763);
#4762 = CARTESIAN_POINT('',(-1.641366867167,12.467419131776,1.89));
#4763 = VECTOR('',#4764,1.);
#4764 = DIRECTION('',(0.,0.,1.));
#4765 = ORIENTED_EDGE('',*,*,#1279,.F.);
#4766 = PLANE('',#4767);
#4767 = AXIS2_PLACEMENT_3D('',#4768,#4769,#4770);
#4768 = CARTESIAN_POINT('',(-2.048410577937,12.407039900967,1.89));
#4769 = DIRECTION('',(-0.146730474455,0.989176509965,0.));
#4770 = DIRECTION('',(0.989176509965,0.146730474455,0.));
#4771 = ADVANCED_FACE('',(#4772),#4791,.F.);
#4772 = FACE_BOUND('',#4773,.F.);
#4773 = EDGE_LOOP('',(#4774,#4775,#4783,#4789,#4790));
#4774 = ORIENTED_EDGE('',*,*,#4760,.T.);
#4775 = ORIENTED_EDGE('',*,*,#4776,.T.);
#4776 = EDGE_CURVE('',#4753,#4777,#4779,.T.);
#4777 = VERTEX_POINT('',#4778);
#4778 = CARTESIAN_POINT('',(-1.735998356527,13.186216656272,2.19));
#4779 = LINE('',#4780,#4781);
#4780 = CARTESIAN_POINT('',(-1.641366867167,12.467419131776,2.19));
#4781 = VECTOR('',#4782,1.);
#4782 = DIRECTION('',(-0.13052619222,0.991444861374,0.));
#4783 = ORIENTED_EDGE('',*,*,#4784,.F.);
#4784 = EDGE_CURVE('',#1903,#4777,#4785,.T.);
#4785 = LINE('',#4786,#4787);
#4786 = CARTESIAN_POINT('',(-1.735998356527,13.186216656272,1.89));
#4787 = VECTOR('',#4788,1.);
#4788 = DIRECTION('',(0.,0.,1.));
#4789 = ORIENTED_EDGE('',*,*,#1902,.F.);
#4790 = ORIENTED_EDGE('',*,*,#1271,.F.);
#4791 = PLANE('',#4792);
#4792 = AXIS2_PLACEMENT_3D('',#4793,#4794,#4795);
#4793 = CARTESIAN_POINT('',(-1.641366867167,12.467419131776,1.89));
#4794 = DIRECTION('',(-0.991444861374,-0.13052619222,0.));
#4795 = DIRECTION('',(-0.13052619222,0.991444861374,0.));
#4796 = ADVANCED_FACE('',(#4797),#4816,.F.);
#4797 = FACE_BOUND('',#4798,.T.);
#4798 = EDGE_LOOP('',(#4799,#4800,#4808,#4815));
#4799 = ORIENTED_EDGE('',*,*,#1885,.T.);
#4800 = ORIENTED_EDGE('',*,*,#4801,.T.);
#4801 = EDGE_CURVE('',#1886,#4802,#4804,.T.);
#4802 = VERTEX_POINT('',#4803);
#4803 = CARTESIAN_POINT('',(12.475,0.,1.18));
#4804 = LINE('',#4805,#4806);
#4805 = CARTESIAN_POINT('',(12.475,0.,1.89));
#4806 = VECTOR('',#4807,1.);
#4807 = DIRECTION('',(0.,0.,-1.));
#4808 = ORIENTED_EDGE('',*,*,#4809,.F.);
#4809 = EDGE_CURVE('',#4802,#4802,#4810,.T.);
#4810 = CIRCLE('',#4811,12.475);
#4811 = AXIS2_PLACEMENT_3D('',#4812,#4813,#4814);
#4812 = CARTESIAN_POINT('',(0.,0.,1.18));
#4813 = DIRECTION('',(0.,0.,1.));
#4814 = DIRECTION('',(1.,0.,-0.));
#4815 = ORIENTED_EDGE('',*,*,#4801,.F.);
#4816 = CYLINDRICAL_SURFACE('',#4817,12.475);
#4817 = AXIS2_PLACEMENT_3D('',#4818,#4819,#4820);
#4818 = CARTESIAN_POINT('',(0.,0.,1.89));
#4819 = DIRECTION('',(-0.,-0.,-1.));
#4820 = DIRECTION('',(1.,0.,0.));
#4821 = ADVANCED_FACE('',(#4822),#4840,.F.);
#4822 = FACE_BOUND('',#4823,.F.);
#4823 = EDGE_LOOP('',(#4824,#4832,#4838,#4839));
#4824 = ORIENTED_EDGE('',*,*,#4825,.T.);
#4825 = EDGE_CURVE('',#2087,#4826,#4828,.T.);
#4826 = VERTEX_POINT('',#4827);
#4827 = CARTESIAN_POINT('',(-10.28103902972,8.437430679376,2.19));
#4828 = LINE('',#4829,#4830);
#4829 = CARTESIAN_POINT('',(-10.28103902972,8.437430679376,1.89));
#4830 = VECTOR('',#4831,1.);
#4831 = DIRECTION('',(0.,0.,1.));
#4832 = ORIENTED_EDGE('',*,*,#4833,.T.);
#4833 = EDGE_CURVE('',#4826,#4168,#4834,.T.);
#4834 = LINE('',#4835,#4836);
#4835 = CARTESIAN_POINT('',(-10.28103902972,8.437430679376,2.19));
#4836 = VECTOR('',#4837,1.);
#4837 = DIRECTION('',(-0.62166057337,-0.783286749229,0.));
#4838 = ORIENTED_EDGE('',*,*,#4167,.F.);
#4839 = ORIENTED_EDGE('',*,*,#2094,.F.);
#4840 = PLANE('',#4841);
#4841 = AXIS2_PLACEMENT_3D('',#4842,#4843,#4844);
#4842 = CARTESIAN_POINT('',(-10.28103902972,8.437430679376,1.89));
#4843 = DIRECTION('',(0.783286749229,-0.62166057337,0.));
#4844 = DIRECTION('',(-0.62166057337,-0.783286749229,0.));
#4845 = ADVANCED_FACE('',(#4846),#4864,.F.);
#4846 = FACE_BOUND('',#4847,.F.);
#4847 = EDGE_LOOP('',(#4848,#4856,#4862,#4863));
#4848 = ORIENTED_EDGE('',*,*,#4849,.T.);
#4849 = EDGE_CURVE('',#2079,#4850,#4852,.T.);
#4850 = VERTEX_POINT('',#4851);
#4851 = CARTESIAN_POINT('',(-9.99946943947,8.769299340831,2.19));
#4852 = LINE('',#4853,#4854);
#4853 = CARTESIAN_POINT('',(-9.99946943947,8.769299340831,1.89));
#4854 = VECTOR('',#4855,1.);
#4855 = DIRECTION('',(0.,0.,1.));
#4856 = ORIENTED_EDGE('',*,*,#4857,.T.);
#4857 = EDGE_CURVE('',#4850,#4826,#4858,.T.);
#4858 = LINE('',#4859,#4860);
#4859 = CARTESIAN_POINT('',(-9.99946943947,8.769299340831,2.19));
#4860 = VECTOR('',#4861,1.);
#4861 = DIRECTION('',(-0.646956152535,-0.762527203906,0.));
#4862 = ORIENTED_EDGE('',*,*,#4825,.F.);
#4863 = ORIENTED_EDGE('',*,*,#2086,.F.);
#4864 = PLANE('',#4865);
#4865 = AXIS2_PLACEMENT_3D('',#4866,#4867,#4868);
#4866 = CARTESIAN_POINT('',(-9.99946943947,8.769299340831,1.89));
#4867 = DIRECTION('',(0.762527203906,-0.646956152535,0.));
#4868 = DIRECTION('',(-0.646956152535,-0.762527203906,0.));
#4869 = ADVANCED_FACE('',(#4870),#4888,.F.);
#4870 = FACE_BOUND('',#4871,.F.);
#4871 = EDGE_LOOP('',(#4872,#4880,#4886,#4887));
#4872 = ORIENTED_EDGE('',*,*,#4873,.T.);
#4873 = EDGE_CURVE('',#2071,#4874,#4876,.T.);
#4874 = VERTEX_POINT('',#4875);
#4875 = CARTESIAN_POINT('',(-9.707192166881,9.091777616904,2.19));
#4876 = LINE('',#4877,#4878);
#4877 = CARTESIAN_POINT('',(-9.707192166881,9.091777616904,1.89));
#4878 = VECTOR('',#4879,1.);
#4879 = DIRECTION('',(0.,0.,1.));
#4880 = ORIENTED_EDGE('',*,*,#4881,.T.);
#4881 = EDGE_CURVE('',#4874,#4850,#4882,.T.);
#4882 = LINE('',#4883,#4884);
#4883 = CARTESIAN_POINT('',(-9.707192166881,9.091777616904,2.19));
#4884 = VECTOR('',#4885,1.);
#4885 = DIRECTION('',(-0.671558954847,-0.740951125355,0.));
#4886 = ORIENTED_EDGE('',*,*,#4849,.F.);
#4887 = ORIENTED_EDGE('',*,*,#2078,.F.);
#4888 = PLANE('',#4889);
#4889 = AXIS2_PLACEMENT_3D('',#4890,#4891,#4892);
#4890 = CARTESIAN_POINT('',(-9.707192166881,9.091777616904,1.89));
#4891 = DIRECTION('',(0.740951125355,-0.671558954847,0.));
#4892 = DIRECTION('',(-0.671558954847,-0.740951125355,0.));
#4893 = ADVANCED_FACE('',(#4894),#4912,.F.);
#4894 = FACE_BOUND('',#4895,.F.);
#4895 = EDGE_LOOP('',(#4896,#4904,#4910,#4911));
#4896 = ORIENTED_EDGE('',*,*,#4897,.T.);
#4897 = EDGE_CURVE('',#2063,#4898,#4900,.T.);
#4898 = VERTEX_POINT('',#4899);
#4899 = CARTESIAN_POINT('',(-9.404520189781,9.404520189781,2.19));
#4900 = LINE('',#4901,#4902);
#4901 = CARTESIAN_POINT('',(-9.404520189781,9.404520189781,1.89));
#4902 = VECTOR('',#4903,1.);
#4903 = DIRECTION('',(0.,0.,1.));
#4904 = ORIENTED_EDGE('',*,*,#4905,.T.);
#4905 = EDGE_CURVE('',#4898,#4874,#4906,.T.);
#4906 = LINE('',#4907,#4908);
#4907 = CARTESIAN_POINT('',(-9.404520189781,9.404520189781,2.19));
#4908 = VECTOR('',#4909,1.);
#4909 = DIRECTION('',(-0.69544263501,-0.71858161778,0.));
#4910 = ORIENTED_EDGE('',*,*,#4873,.F.);
#4911 = ORIENTED_EDGE('',*,*,#2070,.F.);
#4912 = PLANE('',#4913);
#4913 = AXIS2_PLACEMENT_3D('',#4914,#4915,#4916);
#4914 = CARTESIAN_POINT('',(-9.404520189781,9.404520189781,1.89));
#4915 = DIRECTION('',(0.71858161778,-0.69544263501,0.));
#4916 = DIRECTION('',(-0.69544263501,-0.71858161778,0.));
#4917 = ADVANCED_FACE('',(#4918),#4936,.F.);
#4918 = FACE_BOUND('',#4919,.F.);
#4919 = EDGE_LOOP('',(#4920,#4928,#4934,#4935));
#4920 = ORIENTED_EDGE('',*,*,#4921,.T.);
#4921 = EDGE_CURVE('',#2055,#4922,#4924,.T.);
#4922 = VERTEX_POINT('',#4923);
#4923 = CARTESIAN_POINT('',(-9.091777616904,9.707192166881,2.19));
#4924 = LINE('',#4925,#4926);
#4925 = CARTESIAN_POINT('',(-9.091777616904,9.707192166881,1.89));
#4926 = VECTOR('',#4927,1.);
#4927 = DIRECTION('',(0.,0.,1.));
#4928 = ORIENTED_EDGE('',*,*,#4929,.T.);
#4929 = EDGE_CURVE('',#4922,#4898,#4930,.T.);
#4930 = LINE('',#4931,#4932);
#4931 = CARTESIAN_POINT('',(-9.091777616904,9.707192166881,2.19));
#4932 = VECTOR('',#4933,1.);
#4933 = DIRECTION('',(-0.71858161778,-0.69544263501,0.));
#4934 = ORIENTED_EDGE('',*,*,#4897,.F.);
#4935 = ORIENTED_EDGE('',*,*,#2062,.F.);
#4936 = PLANE('',#4937);
#4937 = AXIS2_PLACEMENT_3D('',#4938,#4939,#4940);
#4938 = CARTESIAN_POINT('',(-9.091777616904,9.707192166881,1.89));
#4939 = DIRECTION('',(0.69544263501,-0.71858161778,0.));
#4940 = DIRECTION('',(-0.71858161778,-0.69544263501,0.));
#4941 = ADVANCED_FACE('',(#4942),#4960,.F.);
#4942 = FACE_BOUND('',#4943,.F.);
#4943 = EDGE_LOOP('',(#4944,#4952,#4958,#4959));
#4944 = ORIENTED_EDGE('',*,*,#4945,.T.);
#4945 = EDGE_CURVE('',#2047,#4946,#4948,.T.);
#4946 = VERTEX_POINT('',#4947);
#4947 = CARTESIAN_POINT('',(-8.769299340831,9.99946943947,2.19));
#4948 = LINE('',#4949,#4950);
#4949 = CARTESIAN_POINT('',(-8.769299340831,9.99946943947,1.89));
#4950 = VECTOR('',#4951,1.);
#4951 = DIRECTION('',(0.,0.,1.));
#4952 = ORIENTED_EDGE('',*,*,#4953,.T.);
#4953 = EDGE_CURVE('',#4946,#4922,#4954,.T.);
#4954 = LINE('',#4955,#4956);
#4955 = CARTESIAN_POINT('',(-8.769299340831,9.99946943947,2.19));
#4956 = VECTOR('',#4957,1.);
#4957 = DIRECTION('',(-0.740951125355,-0.671558954847,0.));
#4958 = ORIENTED_EDGE('',*,*,#4921,.F.);
#4959 = ORIENTED_EDGE('',*,*,#2054,.F.);
#4960 = PLANE('',#4961);
#4961 = AXIS2_PLACEMENT_3D('',#4962,#4963,#4964);
#4962 = CARTESIAN_POINT('',(-8.769299340831,9.99946943947,1.89));
#4963 = DIRECTION('',(0.671558954847,-0.740951125355,0.));
#4964 = DIRECTION('',(-0.740951125355,-0.671558954847,0.));
#4965 = ADVANCED_FACE('',(#4966),#4984,.F.);
#4966 = FACE_BOUND('',#4967,.F.);
#4967 = EDGE_LOOP('',(#4968,#4976,#4982,#4983));
#4968 = ORIENTED_EDGE('',*,*,#4969,.T.);
#4969 = EDGE_CURVE('',#2039,#4970,#4972,.T.);
#4970 = VERTEX_POINT('',#4971);
#4971 = CARTESIAN_POINT('',(-8.437430679376,10.281039029724,2.19));
#4972 = LINE('',#4973,#4974);
#4973 = CARTESIAN_POINT('',(-8.437430679376,10.281039029724,1.89));
#4974 = VECTOR('',#4975,1.);
#4975 = DIRECTION('',(0.,0.,1.));
#4976 = ORIENTED_EDGE('',*,*,#4977,.T.);
#4977 = EDGE_CURVE('',#4970,#4946,#4978,.T.);
#4978 = LINE('',#4979,#4980);
#4979 = CARTESIAN_POINT('',(-8.437430679376,10.281039029724,2.19));
#4980 = VECTOR('',#4981,1.);
#4981 = DIRECTION('',(-0.762527203906,-0.646956152535,0.));
#4982 = ORIENTED_EDGE('',*,*,#4945,.F.);
#4983 = ORIENTED_EDGE('',*,*,#2046,.F.);
#4984 = PLANE('',#4985);
#4985 = AXIS2_PLACEMENT_3D('',#4986,#4987,#4988);
#4986 = CARTESIAN_POINT('',(-8.437430679376,10.281039029724,1.89));
#4987 = DIRECTION('',(0.646956152535,-0.762527203906,0.));
#4988 = DIRECTION('',(-0.762527203906,-0.646956152535,0.));
#4989 = ADVANCED_FACE('',(#4990),#5008,.F.);
#4990 = FACE_BOUND('',#4991,.F.);
#4991 = EDGE_LOOP('',(#4992,#5000,#5006,#5007));
#4992 = ORIENTED_EDGE('',*,*,#4993,.T.);
#4993 = EDGE_CURVE('',#2031,#4994,#4996,.T.);
#4994 = VERTEX_POINT('',#4995);
#4995 = CARTESIAN_POINT('',(-8.096527005816,10.551599425873,2.19));
#4996 = LINE('',#4997,#4998);
#4997 = CARTESIAN_POINT('',(-8.096527005816,10.551599425873,1.89));
#4998 = VECTOR('',#4999,1.);
#4999 = DIRECTION('',(0.,0.,1.));
#5000 = ORIENTED_EDGE('',*,*,#5001,.T.);
#5001 = EDGE_CURVE('',#4994,#4970,#5002,.T.);
#5002 = LINE('',#5003,#5004);
#5003 = CARTESIAN_POINT('',(-8.096527005816,10.551599425873,2.19));
#5004 = VECTOR('',#5005,1.);
#5005 = DIRECTION('',(-0.783286749229,-0.62166057337,0.));
#5006 = ORIENTED_EDGE('',*,*,#4969,.F.);
#5007 = ORIENTED_EDGE('',*,*,#2038,.F.);
#5008 = PLANE('',#5009);
#5009 = AXIS2_PLACEMENT_3D('',#5010,#5011,#5012);
#5010 = CARTESIAN_POINT('',(-8.096527005816,10.551599425873,1.89));
#5011 = DIRECTION('',(0.62166057337,-0.783286749229,0.));
#5012 = DIRECTION('',(-0.783286749229,-0.62166057337,0.));
#5013 = ADVANCED_FACE('',(#5014),#5032,.F.);
#5014 = FACE_BOUND('',#5015,.F.);
#5015 = EDGE_LOOP('',(#5016,#5024,#5030,#5031));
#5016 = ORIENTED_EDGE('',*,*,#5017,.T.);
#5017 = EDGE_CURVE('',#2023,#5018,#5020,.T.);
#5018 = VERTEX_POINT('',#5019);
#5019 = CARTESIAN_POINT('',(-7.746953368342,10.810860905068,2.19));
#5020 = LINE('',#5021,#5022);
#5021 = CARTESIAN_POINT('',(-7.746953368342,10.810860905068,1.89));
#5022 = VECTOR('',#5023,1.);
#5023 = DIRECTION('',(0.,0.,1.));
#5024 = ORIENTED_EDGE('',*,*,#5025,.T.);
#5025 = EDGE_CURVE('',#5018,#4994,#5026,.T.);
#5026 = LINE('',#5027,#5028);
#5027 = CARTESIAN_POINT('',(-7.746953368342,10.810860905068,2.19));
#5028 = VECTOR('',#5029,1.);
#5029 = DIRECTION('',(-0.803207531481,-0.595699304492,0.));
#5030 = ORIENTED_EDGE('',*,*,#4993,.F.);
#5031 = ORIENTED_EDGE('',*,*,#2030,.F.);
#5032 = PLANE('',#5033);
#5033 = AXIS2_PLACEMENT_3D('',#5034,#5035,#5036);
#5034 = CARTESIAN_POINT('',(-7.746953368342,10.810860905068,1.89));
#5035 = DIRECTION('',(0.595699304492,-0.803207531481,0.));
#5036 = DIRECTION('',(-0.803207531481,-0.595699304492,0.));
#5037 = ADVANCED_FACE('',(#5038),#5056,.F.);
#5038 = FACE_BOUND('',#5039,.F.);
#5039 = EDGE_LOOP('',(#5040,#5048,#5054,#5055));
#5040 = ORIENTED_EDGE('',*,*,#5041,.T.);
#5041 = EDGE_CURVE('',#2015,#5042,#5044,.T.);
#5042 = VERTEX_POINT('',#5043);
#5043 = CARTESIAN_POINT('',(-7.389084099161,11.058545843624,2.19));
#5044 = LINE('',#5045,#5046);
#5045 = CARTESIAN_POINT('',(-7.389084099161,11.058545843624,1.89));
#5046 = VECTOR('',#5047,1.);
#5047 = DIRECTION('',(0.,0.,1.));
#5048 = ORIENTED_EDGE('',*,*,#5049,.T.);
#5049 = EDGE_CURVE('',#5042,#5018,#5050,.T.);
#5050 = LINE('',#5051,#5052);
#5051 = CARTESIAN_POINT('',(-7.389084099161,11.058545843624,2.19));
#5052 = VECTOR('',#5053,1.);
#5053 = DIRECTION('',(-0.82226821899,-0.569100145879,0.));
#5054 = ORIENTED_EDGE('',*,*,#5017,.F.);
#5055 = ORIENTED_EDGE('',*,*,#2022,.F.);
#5056 = PLANE('',#5057);
#5057 = AXIS2_PLACEMENT_3D('',#5058,#5059,#5060);
#5058 = CARTESIAN_POINT('',(-7.389084099161,11.058545843624,1.89));
#5059 = DIRECTION('',(0.569100145879,-0.82226821899,0.));
#5060 = DIRECTION('',(-0.82226821899,-0.569100145879,0.));
#5061 = ADVANCED_FACE('',(#5062),#5080,.F.);
#5062 = FACE_BOUND('',#5063,.F.);
#5063 = EDGE_LOOP('',(#5064,#5072,#5078,#5079));
#5064 = ORIENTED_EDGE('',*,*,#5065,.T.);
#5065 = EDGE_CURVE('',#2007,#5066,#5068,.T.);
#5066 = VERTEX_POINT('',#5067);
#5067 = CARTESIAN_POINT('',(-7.02330241365,11.294389014303,2.19));
#5068 = LINE('',#5069,#5070);
#5069 = CARTESIAN_POINT('',(-7.02330241365,11.294389014303,1.89));
#5070 = VECTOR('',#5071,1.);
#5071 = DIRECTION('',(0.,0.,1.));
#5072 = ORIENTED_EDGE('',*,*,#5073,.T.);
#5073 = EDGE_CURVE('',#5066,#5042,#5074,.T.);
#5074 = LINE('',#5075,#5076);
#5075 = CARTESIAN_POINT('',(-7.02330241365,11.294389014303,2.19));
#5076 = VECTOR('',#5077,1.);
#5077 = DIRECTION('',(-0.840448401094,-0.541891580575,0.));
#5078 = ORIENTED_EDGE('',*,*,#5041,.F.);
#5079 = ORIENTED_EDGE('',*,*,#2014,.F.);
#5080 = PLANE('',#5081);
#5081 = AXIS2_PLACEMENT_3D('',#5082,#5083,#5084);
#5082 = CARTESIAN_POINT('',(-7.02330241365,11.294389014303,1.89));
#5083 = DIRECTION('',(0.541891580575,-0.840448401094,0.));
#5084 = DIRECTION('',(-0.840448401094,-0.541891580575,0.));
#5085 = ADVANCED_FACE('',(#5086),#5104,.F.);
#5086 = FACE_BOUND('',#5087,.F.);
#5087 = EDGE_LOOP('',(#5088,#5096,#5102,#5103));
#5088 = ORIENTED_EDGE('',*,*,#5089,.T.);
#5089 = EDGE_CURVE('',#1999,#5090,#5092,.T.);
#5090 = VERTEX_POINT('',#5091);
#5091 = CARTESIAN_POINT('',(-6.65,11.518137870333,2.19));
#5092 = LINE('',#5093,#5094);
#5093 = CARTESIAN_POINT('',(-6.65,11.518137870333,1.89));
#5094 = VECTOR('',#5095,1.);
#5095 = DIRECTION('',(0.,0.,1.));
#5096 = ORIENTED_EDGE('',*,*,#5097,.T.);
#5097 = EDGE_CURVE('',#5090,#5066,#5098,.T.);
#5098 = LINE('',#5099,#5100);
#5099 = CARTESIAN_POINT('',(-6.65,11.518137870333,2.19));
#5100 = VECTOR('',#5101,1.);
#5101 = DIRECTION('',(-0.85772861,-0.514102744193,0.));
#5102 = ORIENTED_EDGE('',*,*,#5065,.F.);
#5103 = ORIENTED_EDGE('',*,*,#2006,.F.);
#5104 = PLANE('',#5105);
#5105 = AXIS2_PLACEMENT_3D('',#5106,#5107,#5108);
#5106 = CARTESIAN_POINT('',(-6.65,11.518137870333,1.89));
#5107 = DIRECTION('',(0.514102744193,-0.85772861,0.));
#5108 = DIRECTION('',(-0.85772861,-0.514102744193,0.));
#5109 = ADVANCED_FACE('',(#5110),#5128,.F.);
#5110 = FACE_BOUND('',#5111,.F.);
#5111 = EDGE_LOOP('',(#5112,#5120,#5126,#5127));
#5112 = ORIENTED_EDGE('',*,*,#5113,.T.);
#5113 = EDGE_CURVE('',#1991,#5114,#5116,.T.);
#5114 = VERTEX_POINT('',#5115);
#5115 = CARTESIAN_POINT('',(-6.269576599786,11.729552815833,2.19));
#5116 = LINE('',#5117,#5118);
#5117 = CARTESIAN_POINT('',(-6.269576599786,11.729552815833,1.89));
#5118 = VECTOR('',#5119,1.);
#5119 = DIRECTION('',(0.,0.,1.));
#5120 = ORIENTED_EDGE('',*,*,#5121,.T.);
#5121 = EDGE_CURVE('',#5114,#5090,#5122,.T.);
#5122 = LINE('',#5123,#5124);
#5123 = CARTESIAN_POINT('',(-6.269576599786,11.729552815833,2.19));
#5124 = VECTOR('',#5125,1.);
#5125 = DIRECTION('',(-0.874090341627,-0.485763393716,0.));
#5126 = ORIENTED_EDGE('',*,*,#5089,.F.);
#5127 = ORIENTED_EDGE('',*,*,#1998,.F.);
#5128 = PLANE('',#5129);
#5129 = AXIS2_PLACEMENT_3D('',#5130,#5131,#5132);
#5130 = CARTESIAN_POINT('',(-6.269576599786,11.729552815833,1.89));
#5131 = DIRECTION('',(0.485763393716,-0.874090341627,0.));
#5132 = DIRECTION('',(-0.874090341627,-0.485763393716,0.));
#5133 = ADVANCED_FACE('',(#5134),#5152,.F.);
#5134 = FACE_BOUND('',#5135,.F.);
#5135 = EDGE_LOOP('',(#5136,#5144,#5150,#5151));
#5136 = ORIENTED_EDGE('',*,*,#5137,.T.);
#5137 = EDGE_CURVE('',#1983,#5138,#5140,.T.);
#5138 = VERTEX_POINT('',#5139);
#5139 = CARTESIAN_POINT('',(-5.882439579913,11.928407462385,2.19));
#5140 = LINE('',#5141,#5142);
#5141 = CARTESIAN_POINT('',(-5.882439579913,11.928407462385,1.89));
#5142 = VECTOR('',#5143,1.);
#5143 = DIRECTION('',(0.,0.,1.));
#5144 = ORIENTED_EDGE('',*,*,#5145,.T.);
#5145 = EDGE_CURVE('',#5138,#5114,#5146,.T.);
#5146 = LINE('',#5147,#5148);
#5147 = CARTESIAN_POINT('',(-5.882439579913,11.928407462385,2.19));
#5148 = VECTOR('',#5149,1.);
#5149 = DIRECTION('',(-0.889516075422,-0.45690387563,0.));
#5150 = ORIENTED_EDGE('',*,*,#5113,.F.);
#5151 = ORIENTED_EDGE('',*,*,#1990,.F.);
#5152 = PLANE('',#5153);
#5153 = AXIS2_PLACEMENT_3D('',#5154,#5155,#5156);
#5154 = CARTESIAN_POINT('',(-5.882439579913,11.928407462385,1.89));
#5155 = DIRECTION('',(0.45690387563,-0.889516075422,0.));
#5156 = DIRECTION('',(-0.889516075422,-0.45690387563,0.));
#5157 = ADVANCED_FACE('',(#5158),#5176,.F.);
#5158 = FACE_BOUND('',#5159,.F.);
#5159 = EDGE_LOOP('',(#5160,#5168,#5174,#5175));
#5160 = ORIENTED_EDGE('',*,*,#5161,.T.);
#5161 = EDGE_CURVE('',#1975,#5162,#5164,.T.);
#5162 = VERTEX_POINT('',#5163);
#5163 = CARTESIAN_POINT('',(-5.489003496398,12.114488871452,2.19));
#5164 = LINE('',#5165,#5166);
#5165 = CARTESIAN_POINT('',(-5.489003496398,12.114488871452,1.89));
#5166 = VECTOR('',#5167,1.);
#5167 = DIRECTION('',(0.,0.,1.));
#5168 = ORIENTED_EDGE('',*,*,#5169,.T.);
#5169 = EDGE_CURVE('',#5162,#5138,#5170,.T.);
#5170 = LINE('',#5171,#5172);
#5171 = CARTESIAN_POINT('',(-5.489003496398,12.114488871452,2.19));
#5172 = VECTOR('',#5173,1.);
#5173 = DIRECTION('',(-0.903989293123,-0.42755509343,0.));
#5174 = ORIENTED_EDGE('',*,*,#5137,.F.);
#5175 = ORIENTED_EDGE('',*,*,#1982,.F.);
#5176 = PLANE('',#5177);
#5177 = AXIS2_PLACEMENT_3D('',#5178,#5179,#5180);
#5178 = CARTESIAN_POINT('',(-5.489003496398,12.114488871452,1.89));
#5179 = DIRECTION('',(0.42755509343,-0.903989293123,0.));
#5180 = DIRECTION('',(-0.903989293123,-0.42755509343,0.));
#5181 = ADVANCED_FACE('',(#5182),#5200,.F.);
#5182 = FACE_BOUND('',#5183,.F.);
#5183 = EDGE_LOOP('',(#5184,#5192,#5198,#5199));
#5184 = ORIENTED_EDGE('',*,*,#5185,.T.);
#5185 = EDGE_CURVE('',#1967,#5186,#5188,.T.);
#5186 = VERTEX_POINT('',#5187);
#5187 = CARTESIAN_POINT('',(-5.089689650456,12.2875977824,2.19));
#5188 = LINE('',#5189,#5190);
#5189 = CARTESIAN_POINT('',(-5.089689650456,12.2875977824,1.89));
#5190 = VECTOR('',#5191,1.);
#5191 = DIRECTION('',(0.,0.,1.));
#5192 = ORIENTED_EDGE('',*,*,#5193,.T.);
#5193 = EDGE_CURVE('',#5186,#5162,#5194,.T.);
#5194 = LINE('',#5195,#5196);
#5195 = CARTESIAN_POINT('',(-5.089689650456,12.2875977824,2.19));
#5196 = VECTOR('',#5197,1.);
#5197 = DIRECTION('',(-0.917494496447,-0.397748474527,0.));
#5198 = ORIENTED_EDGE('',*,*,#5161,.F.);
#5199 = ORIENTED_EDGE('',*,*,#1974,.F.);
#5200 = PLANE('',#5201);
#5201 = AXIS2_PLACEMENT_3D('',#5202,#5203,#5204);
#5202 = CARTESIAN_POINT('',(-5.089689650456,12.2875977824,1.89));
#5203 = DIRECTION('',(0.397748474527,-0.917494496447,0.));
#5204 = DIRECTION('',(-0.917494496447,-0.397748474527,0.));
#5205 = ADVANCED_FACE('',(#5206),#5224,.F.);
#5206 = FACE_BOUND('',#5207,.F.);
#5207 = EDGE_LOOP('',(#5208,#5216,#5222,#5223));
#5208 = ORIENTED_EDGE('',*,*,#5209,.T.);
#5209 = EDGE_CURVE('',#1959,#5210,#5212,.T.);
#5210 = VERTEX_POINT('',#5211);
#5211 = CARTESIAN_POINT('',(-4.684925637352,12.447548825872,2.19));
#5212 = LINE('',#5213,#5214);
#5213 = CARTESIAN_POINT('',(-4.684925637352,12.447548825872,1.89));
#5214 = VECTOR('',#5215,1.);
#5215 = DIRECTION('',(0.,0.,1.));
#5216 = ORIENTED_EDGE('',*,*,#5217,.T.);
#5217 = EDGE_CURVE('',#5210,#5186,#5218,.T.);
#5218 = LINE('',#5219,#5220);
#5219 = CARTESIAN_POINT('',(-4.684925637352,12.447548825872,2.19));
#5220 = VECTOR('',#5221,1.);
#5221 = DIRECTION('',(-0.930017223684,-0.367515936595,0.));
#5222 = ORIENTED_EDGE('',*,*,#5185,.F.);
#5223 = ORIENTED_EDGE('',*,*,#1966,.F.);
#5224 = PLANE('',#5225);
#5225 = AXIS2_PLACEMENT_3D('',#5226,#5227,#5228);
#5226 = CARTESIAN_POINT('',(-4.684925637352,12.447548825872,1.89));
#5227 = DIRECTION('',(0.367515936595,-0.930017223684,0.));
#5228 = DIRECTION('',(-0.930017223684,-0.367515936595,0.));
#5229 = ADVANCED_FACE('',(#5230),#5248,.F.);
#5230 = FACE_BOUND('',#5231,.F.);
#5231 = EDGE_LOOP('',(#5232,#5240,#5246,#5247));
#5232 = ORIENTED_EDGE('',*,*,#5233,.T.);
#5233 = EDGE_CURVE('',#1951,#5234,#5236,.T.);
#5234 = VERTEX_POINT('',#5235);
#5235 = CARTESIAN_POINT('',(-4.275144888532,12.594170722285,2.19));
#5236 = LINE('',#5237,#5238);
#5237 = CARTESIAN_POINT('',(-4.275144888532,12.594170722285,1.89));
#5238 = VECTOR('',#5239,1.);
#5239 = DIRECTION('',(0.,0.,1.));
#5240 = ORIENTED_EDGE('',*,*,#5241,.T.);
#5241 = EDGE_CURVE('',#5234,#5210,#5242,.T.);
#5242 = LINE('',#5243,#5244);
#5243 = CARTESIAN_POINT('',(-4.275144888532,12.594170722285,2.19));
#5244 = VECTOR('',#5245,1.);
#5245 = DIRECTION('',(-0.941544065183,-0.336889853392,0.));
#5246 = ORIENTED_EDGE('',*,*,#5209,.F.);
#5247 = ORIENTED_EDGE('',*,*,#1958,.F.);
#5248 = PLANE('',#5249);
#5249 = AXIS2_PLACEMENT_3D('',#5250,#5251,#5252);
#5250 = CARTESIAN_POINT('',(-4.275144888532,12.594170722285,1.89));
#5251 = DIRECTION('',(0.336889853392,-0.941544065183,0.));
#5252 = DIRECTION('',(-0.941544065183,-0.336889853392,0.));
#5253 = ADVANCED_FACE('',(#5254),#5272,.F.);
#5254 = FACE_BOUND('',#5255,.F.);
#5255 = EDGE_LOOP('',(#5256,#5264,#5270,#5271));
#5256 = ORIENTED_EDGE('',*,*,#5257,.T.);
#5257 = EDGE_CURVE('',#1943,#5258,#5260,.T.);
#5258 = VERTEX_POINT('',#5259);
#5259 = CARTESIAN_POINT('',(-3.860786207484,12.727306465238,2.19));
#5260 = LINE('',#5261,#5262);
#5261 = CARTESIAN_POINT('',(-3.860786207484,12.727306465238,1.89));
#5262 = VECTOR('',#5263,1.);
#5263 = DIRECTION('',(0.,0.,1.));
#5264 = ORIENTED_EDGE('',*,*,#5265,.T.);
#5265 = EDGE_CURVE('',#5258,#5234,#5266,.T.);
#5266 = LINE('',#5267,#5268);
#5267 = CARTESIAN_POINT('',(-3.860786207484,12.727306465238,2.19));
#5268 = VECTOR('',#5269,1.);
#5269 = DIRECTION('',(-0.952062677714,-0.305903020097,0.));
#5270 = ORIENTED_EDGE('',*,*,#5233,.F.);
#5271 = ORIENTED_EDGE('',*,*,#1950,.F.);
#5272 = PLANE('',#5273);
#5273 = AXIS2_PLACEMENT_3D('',#5274,#5275,#5276);
#5274 = CARTESIAN_POINT('',(-3.860786207484,12.727306465238,1.89));
#5275 = DIRECTION('',(0.305903020097,-0.952062677714,0.));
#5276 = DIRECTION('',(-0.952062677714,-0.305903020097,0.));
#5277 = ADVANCED_FACE('',(#5278),#5296,.F.);
#5278 = FACE_BOUND('',#5279,.F.);
#5279 = EDGE_LOOP('',(#5280,#5288,#5294,#5295));
#5280 = ORIENTED_EDGE('',*,*,#5281,.T.);
#5281 = EDGE_CURVE('',#1935,#5282,#5284,.T.);
#5282 = VERTEX_POINT('',#5283);
#5283 = CARTESIAN_POINT('',(-3.442293299864,12.846813489645,2.19));
#5284 = LINE('',#5285,#5286);
#5285 = CARTESIAN_POINT('',(-3.442293299864,12.846813489645,1.89));
#5286 = VECTOR('',#5287,1.);
#5287 = DIRECTION('',(0.,0.,1.));
#5288 = ORIENTED_EDGE('',*,*,#5289,.T.);
#5289 = EDGE_CURVE('',#5282,#5258,#5290,.T.);
#5290 = LINE('',#5291,#5292);
#5291 = CARTESIAN_POINT('',(-3.442293299864,12.846813489645,2.19));
#5292 = VECTOR('',#5293,1.);
#5293 = DIRECTION('',(-0.961561797683,-0.274588618185,0.));
#5294 = ORIENTED_EDGE('',*,*,#5257,.F.);
#5295 = ORIENTED_EDGE('',*,*,#1942,.F.);
#5296 = PLANE('',#5297);
#5297 = AXIS2_PLACEMENT_3D('',#5298,#5299,#5300);
#5298 = CARTESIAN_POINT('',(-3.442293299864,12.846813489645,1.89));
#5299 = DIRECTION('',(0.274588618185,-0.961561797683,0.));
#5300 = DIRECTION('',(-0.961561797683,-0.274588618185,0.));
#5301 = ADVANCED_FACE('',(#5302),#5320,.F.);
#5302 = FACE_BOUND('',#5303,.F.);
#5303 = EDGE_LOOP('',(#5304,#5312,#5318,#5319));
#5304 = ORIENTED_EDGE('',*,*,#5305,.T.);
#5305 = EDGE_CURVE('',#1927,#5306,#5308,.T.);
#5306 = VERTEX_POINT('',#5307);
#5307 = CARTESIAN_POINT('',(-3.020114298357,12.952563824389,2.19));
#5308 = LINE('',#5309,#5310);
#5309 = CARTESIAN_POINT('',(-3.020114298357,12.952563824389,1.89));
#5310 = VECTOR('',#5311,1.);
#5311 = DIRECTION('',(0.,0.,1.));
#5312 = ORIENTED_EDGE('',*,*,#5313,.T.);
#5313 = EDGE_CURVE('',#5306,#5282,#5314,.T.);
#5314 = LINE('',#5315,#5316);
#5315 = CARTESIAN_POINT('',(-3.020114298357,12.952563824389,2.19));
#5316 = VECTOR('',#5317,1.);
#5317 = DIRECTION('',(-0.970031253195,-0.242980179903,0.));
#5318 = ORIENTED_EDGE('',*,*,#5281,.F.);
#5319 = ORIENTED_EDGE('',*,*,#1934,.F.);
#5320 = PLANE('',#5321);
#5321 = AXIS2_PLACEMENT_3D('',#5322,#5323,#5324);
#5322 = CARTESIAN_POINT('',(-3.020114298357,12.952563824389,1.89));
#5323 = DIRECTION('',(0.242980179903,-0.970031253195,0.));
#5324 = DIRECTION('',(-0.970031253195,-0.242980179903,0.));
#5325 = ADVANCED_FACE('',(#5326),#5344,.F.);
#5326 = FACE_BOUND('',#5327,.F.);
#5327 = EDGE_LOOP('',(#5328,#5336,#5342,#5343));
#5328 = ORIENTED_EDGE('',*,*,#5329,.T.);
#5329 = EDGE_CURVE('',#1919,#5330,#5332,.T.);
#5330 = VERTEX_POINT('',#5331);
#5331 = CARTESIAN_POINT('',(-2.594701282815,13.044444229363,2.19));
#5332 = LINE('',#5333,#5334);
#5333 = CARTESIAN_POINT('',(-2.594701282815,13.044444229363,1.89));
#5334 = VECTOR('',#5335,1.);
#5335 = DIRECTION('',(0.,0.,1.));
#5336 = ORIENTED_EDGE('',*,*,#5337,.T.);
#5337 = EDGE_CURVE('',#5330,#5306,#5338,.T.);
#5338 = LINE('',#5339,#5340);
#5339 = CARTESIAN_POINT('',(-2.594701282815,13.044444229363,2.19));
#5340 = VECTOR('',#5341,1.);
#5341 = DIRECTION('',(-0.977461974944,-0.211111552359,0.));
#5342 = ORIENTED_EDGE('',*,*,#5305,.F.);
#5343 = ORIENTED_EDGE('',*,*,#1926,.F.);
#5344 = PLANE('',#5345);
#5345 = AXIS2_PLACEMENT_3D('',#5346,#5347,#5348);
#5346 = CARTESIAN_POINT('',(-2.594701282815,13.044444229363,1.89));
#5347 = DIRECTION('',(0.211111552359,-0.977461974944,0.));
#5348 = DIRECTION('',(-0.977461974944,-0.211111552359,0.));
#5349 = ADVANCED_FACE('',(#5350),#5368,.F.);
#5350 = FACE_BOUND('',#5351,.F.);
#5351 = EDGE_LOOP('',(#5352,#5360,#5366,#5367));
#5352 = ORIENTED_EDGE('',*,*,#5353,.T.);
#5353 = EDGE_CURVE('',#1911,#5354,#5356,.T.);
#5354 = VERTEX_POINT('',#5355);
#5355 = CARTESIAN_POINT('',(-2.166509796148,13.122356316729,2.19));
#5356 = LINE('',#5357,#5358);
#5357 = CARTESIAN_POINT('',(-2.166509796148,13.122356316729,1.89));
#5358 = VECTOR('',#5359,1.);
#5359 = DIRECTION('',(0.,0.,1.));
#5360 = ORIENTED_EDGE('',*,*,#5361,.T.);
#5361 = EDGE_CURVE('',#5354,#5330,#5362,.T.);
#5362 = LINE('',#5363,#5364);
#5363 = CARTESIAN_POINT('',(-2.166509796148,13.122356316729,2.19));
#5364 = VECTOR('',#5365,1.);
#5365 = DIRECTION('',(-0.983846005927,-0.179016861277,0.));
#5366 = ORIENTED_EDGE('',*,*,#5329,.F.);
#5367 = ORIENTED_EDGE('',*,*,#1918,.F.);
#5368 = PLANE('',#5369);
#5369 = AXIS2_PLACEMENT_3D('',#5370,#5371,#5372);
#5370 = CARTESIAN_POINT('',(-2.166509796148,13.122356316729,1.89));
#5371 = DIRECTION('',(0.179016861277,-0.983846005927,0.));
#5372 = DIRECTION('',(-0.983846005927,-0.179016861277,0.));
#5373 = ADVANCED_FACE('',(#5374),#5385,.F.);
#5374 = FACE_BOUND('',#5375,.F.);
#5375 = EDGE_LOOP('',(#5376,#5377,#5383,#5384));
#5376 = ORIENTED_EDGE('',*,*,#4784,.T.);
#5377 = ORIENTED_EDGE('',*,*,#5378,.T.);
#5378 = EDGE_CURVE('',#4777,#5354,#5379,.T.);
#5379 = LINE('',#5380,#5381);
#5380 = CARTESIAN_POINT('',(-1.735998356527,13.186216656272,2.19));
#5381 = VECTOR('',#5382,1.);
#5382 = DIRECTION('',(-0.989176509965,-0.146730474455,0.));
#5383 = ORIENTED_EDGE('',*,*,#5353,.F.);
#5384 = ORIENTED_EDGE('',*,*,#1910,.F.);
#5385 = PLANE('',#5386);
#5386 = AXIS2_PLACEMENT_3D('',#5387,#5388,#5389);
#5387 = CARTESIAN_POINT('',(-1.735998356527,13.186216656272,1.89));
#5388 = DIRECTION('',(0.146730474455,-0.989176509965,0.));
#5389 = DIRECTION('',(-0.989176509965,-0.146730474455,0.));
#5390 = ADVANCED_FACE('',(#5391),#5409,.F.);
#5391 = FACE_BOUND('',#5392,.F.);
#5392 = EDGE_LOOP('',(#5393,#5401,#5407,#5408));
#5393 = ORIENTED_EDGE('',*,*,#5394,.T.);
#5394 = EDGE_CURVE('',#2302,#5395,#5397,.T.);
#5395 = VERTEX_POINT('',#5396);
#5396 = CARTESIAN_POINT('',(-2.166509796148,-13.12235631672,2.19));
#5397 = LINE('',#5398,#5399);
#5398 = CARTESIAN_POINT('',(-2.166509796148,-13.12235631672,1.89));
#5399 = VECTOR('',#5400,1.);
#5400 = DIRECTION('',(0.,0.,1.));
#5401 = ORIENTED_EDGE('',*,*,#5402,.T.);
#5402 = EDGE_CURVE('',#5395,#3535,#5403,.T.);
#5403 = LINE('',#5404,#5405);
#5404 = CARTESIAN_POINT('',(-2.166509796148,-13.12235631672,2.19));
#5405 = VECTOR('',#5406,1.);
#5406 = DIRECTION('',(0.989176509965,-0.146730474455,0.));
#5407 = ORIENTED_EDGE('',*,*,#3534,.F.);
#5408 = ORIENTED_EDGE('',*,*,#2309,.F.);
#5409 = PLANE('',#5410);
#5410 = AXIS2_PLACEMENT_3D('',#5411,#5412,#5413);
#5411 = CARTESIAN_POINT('',(-2.166509796148,-13.12235631672,1.89));
#5412 = DIRECTION('',(0.146730474455,0.989176509965,-0.));
#5413 = DIRECTION('',(0.989176509965,-0.146730474455,0.));
#5414 = ADVANCED_FACE('',(#5415),#5433,.F.);
#5415 = FACE_BOUND('',#5416,.F.);
#5416 = EDGE_LOOP('',(#5417,#5425,#5431,#5432));
#5417 = ORIENTED_EDGE('',*,*,#5418,.T.);
#5418 = EDGE_CURVE('',#2294,#5419,#5421,.T.);
#5419 = VERTEX_POINT('',#5420);
#5420 = CARTESIAN_POINT('',(-2.594701282815,-13.04444422936,2.19));
#5421 = LINE('',#5422,#5423);
#5422 = CARTESIAN_POINT('',(-2.594701282815,-13.04444422936,1.89));
#5423 = VECTOR('',#5424,1.);
#5424 = DIRECTION('',(0.,0.,1.));
#5425 = ORIENTED_EDGE('',*,*,#5426,.T.);
#5426 = EDGE_CURVE('',#5419,#5395,#5427,.T.);
#5427 = LINE('',#5428,#5429);
#5428 = CARTESIAN_POINT('',(-2.594701282815,-13.04444422936,2.19));
#5429 = VECTOR('',#5430,1.);
#5430 = DIRECTION('',(0.983846005927,-0.179016861277,0.));
#5431 = ORIENTED_EDGE('',*,*,#5394,.F.);
#5432 = ORIENTED_EDGE('',*,*,#2301,.F.);
#5433 = PLANE('',#5434);
#5434 = AXIS2_PLACEMENT_3D('',#5435,#5436,#5437);
#5435 = CARTESIAN_POINT('',(-2.594701282815,-13.04444422936,1.89));
#5436 = DIRECTION('',(0.179016861277,0.983846005927,-0.));
#5437 = DIRECTION('',(0.983846005927,-0.179016861277,0.));
#5438 = ADVANCED_FACE('',(#5439),#5457,.F.);
#5439 = FACE_BOUND('',#5440,.F.);
#5440 = EDGE_LOOP('',(#5441,#5449,#5455,#5456));
#5441 = ORIENTED_EDGE('',*,*,#5442,.T.);
#5442 = EDGE_CURVE('',#2286,#5443,#5445,.T.);
#5443 = VERTEX_POINT('',#5444);
#5444 = CARTESIAN_POINT('',(-3.020114298357,-12.95256382438,2.19));
#5445 = LINE('',#5446,#5447);
#5446 = CARTESIAN_POINT('',(-3.020114298357,-12.95256382438,1.89));
#5447 = VECTOR('',#5448,1.);
#5448 = DIRECTION('',(0.,0.,1.));
#5449 = ORIENTED_EDGE('',*,*,#5450,.T.);
#5450 = EDGE_CURVE('',#5443,#5419,#5451,.T.);
#5451 = LINE('',#5452,#5453);
#5452 = CARTESIAN_POINT('',(-3.020114298357,-12.95256382438,2.19));
#5453 = VECTOR('',#5454,1.);
#5454 = DIRECTION('',(0.977461974944,-0.211111552359,0.));
#5455 = ORIENTED_EDGE('',*,*,#5418,.F.);
#5456 = ORIENTED_EDGE('',*,*,#2293,.F.);
#5457 = PLANE('',#5458);
#5458 = AXIS2_PLACEMENT_3D('',#5459,#5460,#5461);
#5459 = CARTESIAN_POINT('',(-3.020114298357,-12.95256382438,1.89));
#5460 = DIRECTION('',(0.211111552359,0.977461974944,-0.));
#5461 = DIRECTION('',(0.977461974944,-0.211111552359,0.));
#5462 = ADVANCED_FACE('',(#5463),#5481,.F.);
#5463 = FACE_BOUND('',#5464,.F.);
#5464 = EDGE_LOOP('',(#5465,#5473,#5479,#5480));
#5465 = ORIENTED_EDGE('',*,*,#5466,.T.);
#5466 = EDGE_CURVE('',#2278,#5467,#5469,.T.);
#5467 = VERTEX_POINT('',#5468);
#5468 = CARTESIAN_POINT('',(-3.442293299864,-12.84681348964,2.19));
#5469 = LINE('',#5470,#5471);
#5470 = CARTESIAN_POINT('',(-3.442293299864,-12.84681348964,1.89));
#5471 = VECTOR('',#5472,1.);
#5472 = DIRECTION('',(0.,0.,1.));
#5473 = ORIENTED_EDGE('',*,*,#5474,.T.);
#5474 = EDGE_CURVE('',#5467,#5443,#5475,.T.);
#5475 = LINE('',#5476,#5477);
#5476 = CARTESIAN_POINT('',(-3.442293299864,-12.84681348964,2.19));
#5477 = VECTOR('',#5478,1.);
#5478 = DIRECTION('',(0.970031253195,-0.242980179903,0.));
#5479 = ORIENTED_EDGE('',*,*,#5442,.F.);
#5480 = ORIENTED_EDGE('',*,*,#2285,.F.);
#5481 = PLANE('',#5482);
#5482 = AXIS2_PLACEMENT_3D('',#5483,#5484,#5485);
#5483 = CARTESIAN_POINT('',(-3.442293299864,-12.84681348964,1.89));
#5484 = DIRECTION('',(0.242980179903,0.970031253195,-0.));
#5485 = DIRECTION('',(0.970031253195,-0.242980179903,0.));
#5486 = ADVANCED_FACE('',(#5487),#5505,.F.);
#5487 = FACE_BOUND('',#5488,.F.);
#5488 = EDGE_LOOP('',(#5489,#5497,#5503,#5504));
#5489 = ORIENTED_EDGE('',*,*,#5490,.T.);
#5490 = EDGE_CURVE('',#2270,#5491,#5493,.T.);
#5491 = VERTEX_POINT('',#5492);
#5492 = CARTESIAN_POINT('',(-3.860786207484,-12.72730646523,2.19));
#5493 = LINE('',#5494,#5495);
#5494 = CARTESIAN_POINT('',(-3.860786207484,-12.72730646523,1.89));
#5495 = VECTOR('',#5496,1.);
#5496 = DIRECTION('',(0.,0.,1.));
#5497 = ORIENTED_EDGE('',*,*,#5498,.T.);
#5498 = EDGE_CURVE('',#5491,#5467,#5499,.T.);
#5499 = LINE('',#5500,#5501);
#5500 = CARTESIAN_POINT('',(-3.860786207484,-12.72730646523,2.19));
#5501 = VECTOR('',#5502,1.);
#5502 = DIRECTION('',(0.961561797683,-0.274588618185,0.));
#5503 = ORIENTED_EDGE('',*,*,#5466,.F.);
#5504 = ORIENTED_EDGE('',*,*,#2277,.F.);
#5505 = PLANE('',#5506);
#5506 = AXIS2_PLACEMENT_3D('',#5507,#5508,#5509);
#5507 = CARTESIAN_POINT('',(-3.860786207484,-12.72730646523,1.89));
#5508 = DIRECTION('',(0.274588618185,0.961561797683,-0.));
#5509 = DIRECTION('',(0.961561797683,-0.274588618185,0.));
#5510 = ADVANCED_FACE('',(#5511),#5529,.F.);
#5511 = FACE_BOUND('',#5512,.F.);
#5512 = EDGE_LOOP('',(#5513,#5521,#5527,#5528));
#5513 = ORIENTED_EDGE('',*,*,#5514,.T.);
#5514 = EDGE_CURVE('',#2262,#5515,#5517,.T.);
#5515 = VERTEX_POINT('',#5516);
#5516 = CARTESIAN_POINT('',(-4.275144888532,-12.59417072228,2.19));
#5517 = LINE('',#5518,#5519);
#5518 = CARTESIAN_POINT('',(-4.275144888532,-12.59417072228,1.89));
#5519 = VECTOR('',#5520,1.);
#5520 = DIRECTION('',(0.,0.,1.));
#5521 = ORIENTED_EDGE('',*,*,#5522,.T.);
#5522 = EDGE_CURVE('',#5515,#5491,#5523,.T.);
#5523 = LINE('',#5524,#5525);
#5524 = CARTESIAN_POINT('',(-4.275144888532,-12.59417072228,2.19));
#5525 = VECTOR('',#5526,1.);
#5526 = DIRECTION('',(0.952062677714,-0.305903020097,0.));
#5527 = ORIENTED_EDGE('',*,*,#5490,.F.);
#5528 = ORIENTED_EDGE('',*,*,#2269,.F.);
#5529 = PLANE('',#5530);
#5530 = AXIS2_PLACEMENT_3D('',#5531,#5532,#5533);
#5531 = CARTESIAN_POINT('',(-4.275144888532,-12.59417072228,1.89));
#5532 = DIRECTION('',(0.305903020097,0.952062677714,-0.));
#5533 = DIRECTION('',(0.952062677714,-0.305903020097,0.));
#5534 = ADVANCED_FACE('',(#5535),#5553,.F.);
#5535 = FACE_BOUND('',#5536,.F.);
#5536 = EDGE_LOOP('',(#5537,#5545,#5551,#5552));
#5537 = ORIENTED_EDGE('',*,*,#5538,.T.);
#5538 = EDGE_CURVE('',#2254,#5539,#5541,.T.);
#5539 = VERTEX_POINT('',#5540);
#5540 = CARTESIAN_POINT('',(-4.684925637352,-12.44754882587,2.19));
#5541 = LINE('',#5542,#5543);
#5542 = CARTESIAN_POINT('',(-4.684925637352,-12.44754882587,1.89));
#5543 = VECTOR('',#5544,1.);
#5544 = DIRECTION('',(0.,0.,1.));
#5545 = ORIENTED_EDGE('',*,*,#5546,.T.);
#5546 = EDGE_CURVE('',#5539,#5515,#5547,.T.);
#5547 = LINE('',#5548,#5549);
#5548 = CARTESIAN_POINT('',(-4.684925637352,-12.44754882587,2.19));
#5549 = VECTOR('',#5550,1.);
#5550 = DIRECTION('',(0.941544065183,-0.336889853392,0.));
#5551 = ORIENTED_EDGE('',*,*,#5514,.F.);
#5552 = ORIENTED_EDGE('',*,*,#2261,.F.);
#5553 = PLANE('',#5554);
#5554 = AXIS2_PLACEMENT_3D('',#5555,#5556,#5557);
#5555 = CARTESIAN_POINT('',(-4.684925637352,-12.44754882587,1.89));
#5556 = DIRECTION('',(0.336889853392,0.941544065183,-0.));
#5557 = DIRECTION('',(0.941544065183,-0.336889853392,0.));
#5558 = ADVANCED_FACE('',(#5559),#5577,.F.);
#5559 = FACE_BOUND('',#5560,.F.);
#5560 = EDGE_LOOP('',(#5561,#5569,#5575,#5576));
#5561 = ORIENTED_EDGE('',*,*,#5562,.T.);
#5562 = EDGE_CURVE('',#2246,#5563,#5565,.T.);
#5563 = VERTEX_POINT('',#5564);
#5564 = CARTESIAN_POINT('',(-5.089689650456,-12.2875977824,2.19));
#5565 = LINE('',#5566,#5567);
#5566 = CARTESIAN_POINT('',(-5.089689650456,-12.2875977824,1.89));
#5567 = VECTOR('',#5568,1.);
#5568 = DIRECTION('',(0.,0.,1.));
#5569 = ORIENTED_EDGE('',*,*,#5570,.T.);
#5570 = EDGE_CURVE('',#5563,#5539,#5571,.T.);
#5571 = LINE('',#5572,#5573);
#5572 = CARTESIAN_POINT('',(-5.089689650456,-12.2875977824,2.19));
#5573 = VECTOR('',#5574,1.);
#5574 = DIRECTION('',(0.930017223684,-0.367515936595,0.));
#5575 = ORIENTED_EDGE('',*,*,#5538,.F.);
#5576 = ORIENTED_EDGE('',*,*,#2253,.F.);
#5577 = PLANE('',#5578);
#5578 = AXIS2_PLACEMENT_3D('',#5579,#5580,#5581);
#5579 = CARTESIAN_POINT('',(-5.089689650456,-12.2875977824,1.89));
#5580 = DIRECTION('',(0.367515936595,0.930017223684,-0.));
#5581 = DIRECTION('',(0.930017223684,-0.367515936595,0.));
#5582 = ADVANCED_FACE('',(#5583),#5601,.F.);
#5583 = FACE_BOUND('',#5584,.F.);
#5584 = EDGE_LOOP('',(#5585,#5593,#5599,#5600));
#5585 = ORIENTED_EDGE('',*,*,#5586,.T.);
#5586 = EDGE_CURVE('',#2238,#5587,#5589,.T.);
#5587 = VERTEX_POINT('',#5588);
#5588 = CARTESIAN_POINT('',(-5.489003496398,-12.11448887145,2.19));
#5589 = LINE('',#5590,#5591);
#5590 = CARTESIAN_POINT('',(-5.489003496398,-12.11448887145,1.89));
#5591 = VECTOR('',#5592,1.);
#5592 = DIRECTION('',(0.,0.,1.));
#5593 = ORIENTED_EDGE('',*,*,#5594,.T.);
#5594 = EDGE_CURVE('',#5587,#5563,#5595,.T.);
#5595 = LINE('',#5596,#5597);
#5596 = CARTESIAN_POINT('',(-5.489003496398,-12.11448887145,2.19));
#5597 = VECTOR('',#5598,1.);
#5598 = DIRECTION('',(0.917494496447,-0.397748474527,0.));
#5599 = ORIENTED_EDGE('',*,*,#5562,.F.);
#5600 = ORIENTED_EDGE('',*,*,#2245,.F.);
#5601 = PLANE('',#5602);
#5602 = AXIS2_PLACEMENT_3D('',#5603,#5604,#5605);
#5603 = CARTESIAN_POINT('',(-5.489003496398,-12.11448887145,1.89));
#5604 = DIRECTION('',(0.397748474527,0.917494496447,-0.));
#5605 = DIRECTION('',(0.917494496447,-0.397748474527,0.));
#5606 = ADVANCED_FACE('',(#5607),#5625,.F.);
#5607 = FACE_BOUND('',#5608,.F.);
#5608 = EDGE_LOOP('',(#5609,#5617,#5623,#5624));
#5609 = ORIENTED_EDGE('',*,*,#5610,.T.);
#5610 = EDGE_CURVE('',#2230,#5611,#5613,.T.);
#5611 = VERTEX_POINT('',#5612);
#5612 = CARTESIAN_POINT('',(-5.882439579913,-11.92840746238,2.19));
#5613 = LINE('',#5614,#5615);
#5614 = CARTESIAN_POINT('',(-5.882439579913,-11.92840746238,1.89));
#5615 = VECTOR('',#5616,1.);
#5616 = DIRECTION('',(0.,0.,1.));
#5617 = ORIENTED_EDGE('',*,*,#5618,.T.);
#5618 = EDGE_CURVE('',#5611,#5587,#5619,.T.);
#5619 = LINE('',#5620,#5621);
#5620 = CARTESIAN_POINT('',(-5.882439579913,-11.92840746238,2.19));
#5621 = VECTOR('',#5622,1.);
#5622 = DIRECTION('',(0.903989293123,-0.42755509343,0.));
#5623 = ORIENTED_EDGE('',*,*,#5586,.F.);
#5624 = ORIENTED_EDGE('',*,*,#2237,.F.);
#5625 = PLANE('',#5626);
#5626 = AXIS2_PLACEMENT_3D('',#5627,#5628,#5629);
#5627 = CARTESIAN_POINT('',(-5.882439579913,-11.92840746238,1.89));
#5628 = DIRECTION('',(0.42755509343,0.903989293123,-0.));
#5629 = DIRECTION('',(0.903989293123,-0.42755509343,0.));
#5630 = ADVANCED_FACE('',(#5631),#5649,.F.);
#5631 = FACE_BOUND('',#5632,.F.);
#5632 = EDGE_LOOP('',(#5633,#5641,#5647,#5648));
#5633 = ORIENTED_EDGE('',*,*,#5634,.T.);
#5634 = EDGE_CURVE('',#2222,#5635,#5637,.T.);
#5635 = VERTEX_POINT('',#5636);
#5636 = CARTESIAN_POINT('',(-6.269576599786,-11.72955281583,2.19));
#5637 = LINE('',#5638,#5639);
#5638 = CARTESIAN_POINT('',(-6.269576599786,-11.72955281583,1.89));
#5639 = VECTOR('',#5640,1.);
#5640 = DIRECTION('',(0.,0.,1.));
#5641 = ORIENTED_EDGE('',*,*,#5642,.T.);
#5642 = EDGE_CURVE('',#5635,#5611,#5643,.T.);
#5643 = LINE('',#5644,#5645);
#5644 = CARTESIAN_POINT('',(-6.269576599786,-11.72955281583,2.19));
#5645 = VECTOR('',#5646,1.);
#5646 = DIRECTION('',(0.889516075422,-0.45690387563,0.));
#5647 = ORIENTED_EDGE('',*,*,#5610,.F.);
#5648 = ORIENTED_EDGE('',*,*,#2229,.F.);
#5649 = PLANE('',#5650);
#5650 = AXIS2_PLACEMENT_3D('',#5651,#5652,#5653);
#5651 = CARTESIAN_POINT('',(-6.269576599786,-11.72955281583,1.89));
#5652 = DIRECTION('',(0.45690387563,0.889516075422,-0.));
#5653 = DIRECTION('',(0.889516075422,-0.45690387563,0.));
#5654 = ADVANCED_FACE('',(#5655),#5673,.F.);
#5655 = FACE_BOUND('',#5656,.F.);
#5656 = EDGE_LOOP('',(#5657,#5665,#5671,#5672));
#5657 = ORIENTED_EDGE('',*,*,#5658,.T.);
#5658 = EDGE_CURVE('',#2214,#5659,#5661,.T.);
#5659 = VERTEX_POINT('',#5660);
#5660 = CARTESIAN_POINT('',(-6.65,-11.51813787033,2.19));
#5661 = LINE('',#5662,#5663);
#5662 = CARTESIAN_POINT('',(-6.65,-11.51813787033,1.89));
#5663 = VECTOR('',#5664,1.);
#5664 = DIRECTION('',(0.,0.,1.));
#5665 = ORIENTED_EDGE('',*,*,#5666,.T.);
#5666 = EDGE_CURVE('',#5659,#5635,#5667,.T.);
#5667 = LINE('',#5668,#5669);
#5668 = CARTESIAN_POINT('',(-6.65,-11.51813787033,2.19));
#5669 = VECTOR('',#5670,1.);
#5670 = DIRECTION('',(0.874090341627,-0.485763393716,0.));
#5671 = ORIENTED_EDGE('',*,*,#5634,.F.);
#5672 = ORIENTED_EDGE('',*,*,#2221,.F.);
#5673 = PLANE('',#5674);
#5674 = AXIS2_PLACEMENT_3D('',#5675,#5676,#5677);
#5675 = CARTESIAN_POINT('',(-6.65,-11.51813787033,1.89));
#5676 = DIRECTION('',(0.485763393716,0.874090341627,-0.));
#5677 = DIRECTION('',(0.874090341627,-0.485763393716,0.));
#5678 = ADVANCED_FACE('',(#5679),#5697,.F.);
#5679 = FACE_BOUND('',#5680,.F.);
#5680 = EDGE_LOOP('',(#5681,#5689,#5695,#5696));
#5681 = ORIENTED_EDGE('',*,*,#5682,.T.);
#5682 = EDGE_CURVE('',#2206,#5683,#5685,.T.);
#5683 = VERTEX_POINT('',#5684);
#5684 = CARTESIAN_POINT('',(-7.02330241365,-11.2943890143,2.19));
#5685 = LINE('',#5686,#5687);
#5686 = CARTESIAN_POINT('',(-7.02330241365,-11.2943890143,1.89));
#5687 = VECTOR('',#5688,1.);
#5688 = DIRECTION('',(0.,0.,1.));
#5689 = ORIENTED_EDGE('',*,*,#5690,.T.);
#5690 = EDGE_CURVE('',#5683,#5659,#5691,.T.);
#5691 = LINE('',#5692,#5693);
#5692 = CARTESIAN_POINT('',(-7.02330241365,-11.2943890143,2.19));
#5693 = VECTOR('',#5694,1.);
#5694 = DIRECTION('',(0.85772861,-0.514102744193,0.));
#5695 = ORIENTED_EDGE('',*,*,#5658,.F.);
#5696 = ORIENTED_EDGE('',*,*,#2213,.F.);
#5697 = PLANE('',#5698);
#5698 = AXIS2_PLACEMENT_3D('',#5699,#5700,#5701);
#5699 = CARTESIAN_POINT('',(-7.02330241365,-11.2943890143,1.89));
#5700 = DIRECTION('',(0.514102744193,0.85772861,-0.));
#5701 = DIRECTION('',(0.85772861,-0.514102744193,0.));
#5702 = ADVANCED_FACE('',(#5703),#5721,.F.);
#5703 = FACE_BOUND('',#5704,.F.);
#5704 = EDGE_LOOP('',(#5705,#5713,#5719,#5720));
#5705 = ORIENTED_EDGE('',*,*,#5706,.T.);
#5706 = EDGE_CURVE('',#2198,#5707,#5709,.T.);
#5707 = VERTEX_POINT('',#5708);
#5708 = CARTESIAN_POINT('',(-7.389084099161,-11.05854584362,2.19));
#5709 = LINE('',#5710,#5711);
#5710 = CARTESIAN_POINT('',(-7.389084099161,-11.05854584362,1.89));
#5711 = VECTOR('',#5712,1.);
#5712 = DIRECTION('',(0.,0.,1.));
#5713 = ORIENTED_EDGE('',*,*,#5714,.T.);
#5714 = EDGE_CURVE('',#5707,#5683,#5715,.T.);
#5715 = LINE('',#5716,#5717);
#5716 = CARTESIAN_POINT('',(-7.389084099161,-11.05854584362,2.19));
#5717 = VECTOR('',#5718,1.);
#5718 = DIRECTION('',(0.840448401094,-0.541891580575,0.));
#5719 = ORIENTED_EDGE('',*,*,#5682,.F.);
#5720 = ORIENTED_EDGE('',*,*,#2205,.F.);
#5721 = PLANE('',#5722);
#5722 = AXIS2_PLACEMENT_3D('',#5723,#5724,#5725);
#5723 = CARTESIAN_POINT('',(-7.389084099161,-11.05854584362,1.89));
#5724 = DIRECTION('',(0.541891580575,0.840448401094,-0.));
#5725 = DIRECTION('',(0.840448401094,-0.541891580575,0.));
#5726 = ADVANCED_FACE('',(#5727),#5745,.F.);
#5727 = FACE_BOUND('',#5728,.F.);
#5728 = EDGE_LOOP('',(#5729,#5737,#5743,#5744));
#5729 = ORIENTED_EDGE('',*,*,#5730,.T.);
#5730 = EDGE_CURVE('',#2190,#5731,#5733,.T.);
#5731 = VERTEX_POINT('',#5732);
#5732 = CARTESIAN_POINT('',(-7.746953368342,-10.81086090506,2.19));
#5733 = LINE('',#5734,#5735);
#5734 = CARTESIAN_POINT('',(-7.746953368342,-10.81086090506,1.89));
#5735 = VECTOR('',#5736,1.);
#5736 = DIRECTION('',(0.,0.,1.));
#5737 = ORIENTED_EDGE('',*,*,#5738,.T.);
#5738 = EDGE_CURVE('',#5731,#5707,#5739,.T.);
#5739 = LINE('',#5740,#5741);
#5740 = CARTESIAN_POINT('',(-7.746953368342,-10.81086090506,2.19));
#5741 = VECTOR('',#5742,1.);
#5742 = DIRECTION('',(0.82226821899,-0.569100145879,0.));
#5743 = ORIENTED_EDGE('',*,*,#5706,.F.);
#5744 = ORIENTED_EDGE('',*,*,#2197,.F.);
#5745 = PLANE('',#5746);
#5746 = AXIS2_PLACEMENT_3D('',#5747,#5748,#5749);
#5747 = CARTESIAN_POINT('',(-7.746953368342,-10.81086090506,1.89));
#5748 = DIRECTION('',(0.569100145879,0.82226821899,-0.));
#5749 = DIRECTION('',(0.82226821899,-0.569100145879,0.));
#5750 = ADVANCED_FACE('',(#5751),#5769,.F.);
#5751 = FACE_BOUND('',#5752,.F.);
#5752 = EDGE_LOOP('',(#5753,#5761,#5767,#5768));
#5753 = ORIENTED_EDGE('',*,*,#5754,.T.);
#5754 = EDGE_CURVE('',#2182,#5755,#5757,.T.);
#5755 = VERTEX_POINT('',#5756);
#5756 = CARTESIAN_POINT('',(-8.096527005816,-10.55159942587,2.19));
#5757 = LINE('',#5758,#5759);
#5758 = CARTESIAN_POINT('',(-8.096527005816,-10.55159942587,1.89));
#5759 = VECTOR('',#5760,1.);
#5760 = DIRECTION('',(0.,0.,1.));
#5761 = ORIENTED_EDGE('',*,*,#5762,.T.);
#5762 = EDGE_CURVE('',#5755,#5731,#5763,.T.);
#5763 = LINE('',#5764,#5765);
#5764 = CARTESIAN_POINT('',(-8.096527005816,-10.55159942587,2.19));
#5765 = VECTOR('',#5766,1.);
#5766 = DIRECTION('',(0.803207531481,-0.595699304492,0.));
#5767 = ORIENTED_EDGE('',*,*,#5730,.F.);
#5768 = ORIENTED_EDGE('',*,*,#2189,.F.);
#5769 = PLANE('',#5770);
#5770 = AXIS2_PLACEMENT_3D('',#5771,#5772,#5773);
#5771 = CARTESIAN_POINT('',(-8.096527005816,-10.55159942587,1.89));
#5772 = DIRECTION('',(0.595699304492,0.803207531481,-0.));
#5773 = DIRECTION('',(0.803207531481,-0.595699304492,0.));
#5774 = ADVANCED_FACE('',(#5775),#5793,.F.);
#5775 = FACE_BOUND('',#5776,.F.);
#5776 = EDGE_LOOP('',(#5777,#5785,#5791,#5792));
#5777 = ORIENTED_EDGE('',*,*,#5778,.T.);
#5778 = EDGE_CURVE('',#2174,#5779,#5781,.T.);
#5779 = VERTEX_POINT('',#5780);
#5780 = CARTESIAN_POINT('',(-8.437430679376,-10.28103902972,2.19));
#5781 = LINE('',#5782,#5783);
#5782 = CARTESIAN_POINT('',(-8.437430679376,-10.28103902972,1.89));
#5783 = VECTOR('',#5784,1.);
#5784 = DIRECTION('',(0.,0.,1.));
#5785 = ORIENTED_EDGE('',*,*,#5786,.T.);
#5786 = EDGE_CURVE('',#5779,#5755,#5787,.T.);
#5787 = LINE('',#5788,#5789);
#5788 = CARTESIAN_POINT('',(-8.437430679376,-10.28103902972,2.19));
#5789 = VECTOR('',#5790,1.);
#5790 = DIRECTION('',(0.783286749229,-0.62166057337,0.));
#5791 = ORIENTED_EDGE('',*,*,#5754,.F.);
#5792 = ORIENTED_EDGE('',*,*,#2181,.F.);
#5793 = PLANE('',#5794);
#5794 = AXIS2_PLACEMENT_3D('',#5795,#5796,#5797);
#5795 = CARTESIAN_POINT('',(-8.437430679376,-10.28103902972,1.89));
#5796 = DIRECTION('',(0.62166057337,0.783286749229,-0.));
#5797 = DIRECTION('',(0.783286749229,-0.62166057337,0.));
#5798 = ADVANCED_FACE('',(#5799),#5817,.F.);
#5799 = FACE_BOUND('',#5800,.F.);
#5800 = EDGE_LOOP('',(#5801,#5809,#5815,#5816));
#5801 = ORIENTED_EDGE('',*,*,#5802,.T.);
#5802 = EDGE_CURVE('',#2166,#5803,#5805,.T.);
#5803 = VERTEX_POINT('',#5804);
#5804 = CARTESIAN_POINT('',(-8.769299340831,-9.99946943947,2.19));
#5805 = LINE('',#5806,#5807);
#5806 = CARTESIAN_POINT('',(-8.769299340831,-9.99946943947,1.89));
#5807 = VECTOR('',#5808,1.);
#5808 = DIRECTION('',(0.,0.,1.));
#5809 = ORIENTED_EDGE('',*,*,#5810,.T.);
#5810 = EDGE_CURVE('',#5803,#5779,#5811,.T.);
#5811 = LINE('',#5812,#5813);
#5812 = CARTESIAN_POINT('',(-8.769299340831,-9.99946943947,2.19));
#5813 = VECTOR('',#5814,1.);
#5814 = DIRECTION('',(0.762527203906,-0.646956152535,0.));
#5815 = ORIENTED_EDGE('',*,*,#5778,.F.);
#5816 = ORIENTED_EDGE('',*,*,#2173,.F.);
#5817 = PLANE('',#5818);
#5818 = AXIS2_PLACEMENT_3D('',#5819,#5820,#5821);
#5819 = CARTESIAN_POINT('',(-8.769299340831,-9.99946943947,1.89));
#5820 = DIRECTION('',(0.646956152535,0.762527203906,-0.));
#5821 = DIRECTION('',(0.762527203906,-0.646956152535,0.));
#5822 = ADVANCED_FACE('',(#5823),#5841,.F.);
#5823 = FACE_BOUND('',#5824,.F.);
#5824 = EDGE_LOOP('',(#5825,#5833,#5839,#5840));
#5825 = ORIENTED_EDGE('',*,*,#5826,.T.);
#5826 = EDGE_CURVE('',#2158,#5827,#5829,.T.);
#5827 = VERTEX_POINT('',#5828);
#5828 = CARTESIAN_POINT('',(-9.091777616904,-9.707192166881,2.19));
#5829 = LINE('',#5830,#5831);
#5830 = CARTESIAN_POINT('',(-9.091777616904,-9.707192166881,1.89));
#5831 = VECTOR('',#5832,1.);
#5832 = DIRECTION('',(0.,0.,1.));
#5833 = ORIENTED_EDGE('',*,*,#5834,.T.);
#5834 = EDGE_CURVE('',#5827,#5803,#5835,.T.);
#5835 = LINE('',#5836,#5837);
#5836 = CARTESIAN_POINT('',(-9.091777616904,-9.707192166881,2.19));
#5837 = VECTOR('',#5838,1.);
#5838 = DIRECTION('',(0.740951125355,-0.671558954847,0.));
#5839 = ORIENTED_EDGE('',*,*,#5802,.F.);
#5840 = ORIENTED_EDGE('',*,*,#2165,.F.);
#5841 = PLANE('',#5842);
#5842 = AXIS2_PLACEMENT_3D('',#5843,#5844,#5845);
#5843 = CARTESIAN_POINT('',(-9.091777616904,-9.707192166881,1.89));
#5844 = DIRECTION('',(0.671558954847,0.740951125355,-0.));
#5845 = DIRECTION('',(0.740951125355,-0.671558954847,0.));
#5846 = ADVANCED_FACE('',(#5847),#5865,.F.);
#5847 = FACE_BOUND('',#5848,.F.);
#5848 = EDGE_LOOP('',(#5849,#5857,#5863,#5864));
#5849 = ORIENTED_EDGE('',*,*,#5850,.T.);
#5850 = EDGE_CURVE('',#2150,#5851,#5853,.T.);
#5851 = VERTEX_POINT('',#5852);
#5852 = CARTESIAN_POINT('',(-9.404520189781,-9.404520189781,2.19));
#5853 = LINE('',#5854,#5855);
#5854 = CARTESIAN_POINT('',(-9.404520189781,-9.404520189781,1.89));
#5855 = VECTOR('',#5856,1.);
#5856 = DIRECTION('',(0.,0.,1.));
#5857 = ORIENTED_EDGE('',*,*,#5858,.T.);
#5858 = EDGE_CURVE('',#5851,#5827,#5859,.T.);
#5859 = LINE('',#5860,#5861);
#5860 = CARTESIAN_POINT('',(-9.404520189781,-9.404520189781,2.19));
#5861 = VECTOR('',#5862,1.);
#5862 = DIRECTION('',(0.71858161778,-0.69544263501,0.));
#5863 = ORIENTED_EDGE('',*,*,#5826,.F.);
#5864 = ORIENTED_EDGE('',*,*,#2157,.F.);
#5865 = PLANE('',#5866);
#5866 = AXIS2_PLACEMENT_3D('',#5867,#5868,#5869);
#5867 = CARTESIAN_POINT('',(-9.404520189781,-9.404520189781,1.89));
#5868 = DIRECTION('',(0.69544263501,0.71858161778,-0.));
#5869 = DIRECTION('',(0.71858161778,-0.69544263501,0.));
#5870 = ADVANCED_FACE('',(#5871),#5889,.F.);
#5871 = FACE_BOUND('',#5872,.F.);
#5872 = EDGE_LOOP('',(#5873,#5881,#5887,#5888));
#5873 = ORIENTED_EDGE('',*,*,#5874,.T.);
#5874 = EDGE_CURVE('',#2142,#5875,#5877,.T.);
#5875 = VERTEX_POINT('',#5876);
#5876 = CARTESIAN_POINT('',(-9.707192166881,-9.091777616904,2.19));
#5877 = LINE('',#5878,#5879);
#5878 = CARTESIAN_POINT('',(-9.707192166881,-9.091777616904,1.89));
#5879 = VECTOR('',#5880,1.);
#5880 = DIRECTION('',(0.,0.,1.));
#5881 = ORIENTED_EDGE('',*,*,#5882,.T.);
#5882 = EDGE_CURVE('',#5875,#5851,#5883,.T.);
#5883 = LINE('',#5884,#5885);
#5884 = CARTESIAN_POINT('',(-9.707192166881,-9.091777616904,2.19));
#5885 = VECTOR('',#5886,1.);
#5886 = DIRECTION('',(0.69544263501,-0.71858161778,0.));
#5887 = ORIENTED_EDGE('',*,*,#5850,.F.);
#5888 = ORIENTED_EDGE('',*,*,#2149,.F.);
#5889 = PLANE('',#5890);
#5890 = AXIS2_PLACEMENT_3D('',#5891,#5892,#5893);
#5891 = CARTESIAN_POINT('',(-9.707192166881,-9.091777616904,1.89));
#5892 = DIRECTION('',(0.71858161778,0.69544263501,-0.));
#5893 = DIRECTION('',(0.69544263501,-0.71858161778,0.));
#5894 = ADVANCED_FACE('',(#5895),#5913,.F.);
#5895 = FACE_BOUND('',#5896,.F.);
#5896 = EDGE_LOOP('',(#5897,#5905,#5911,#5912));
#5897 = ORIENTED_EDGE('',*,*,#5898,.T.);
#5898 = EDGE_CURVE('',#2134,#5899,#5901,.T.);
#5899 = VERTEX_POINT('',#5900);
#5900 = CARTESIAN_POINT('',(-9.99946943947,-8.769299340831,2.19));
#5901 = LINE('',#5902,#5903);
#5902 = CARTESIAN_POINT('',(-9.99946943947,-8.769299340831,1.89));
#5903 = VECTOR('',#5904,1.);
#5904 = DIRECTION('',(0.,0.,1.));
#5905 = ORIENTED_EDGE('',*,*,#5906,.T.);
#5906 = EDGE_CURVE('',#5899,#5875,#5907,.T.);
#5907 = LINE('',#5908,#5909);
#5908 = CARTESIAN_POINT('',(-9.99946943947,-8.769299340831,2.19));
#5909 = VECTOR('',#5910,1.);
#5910 = DIRECTION('',(0.671558954847,-0.740951125355,0.));
#5911 = ORIENTED_EDGE('',*,*,#5874,.F.);
#5912 = ORIENTED_EDGE('',*,*,#2141,.F.);
#5913 = PLANE('',#5914);
#5914 = AXIS2_PLACEMENT_3D('',#5915,#5916,#5917);
#5915 = CARTESIAN_POINT('',(-9.99946943947,-8.769299340831,1.89));
#5916 = DIRECTION('',(0.740951125355,0.671558954847,-0.));
#5917 = DIRECTION('',(0.671558954847,-0.740951125355,0.));
#5918 = ADVANCED_FACE('',(#5919),#5937,.F.);
#5919 = FACE_BOUND('',#5920,.F.);
#5920 = EDGE_LOOP('',(#5921,#5929,#5935,#5936));
#5921 = ORIENTED_EDGE('',*,*,#5922,.T.);
#5922 = EDGE_CURVE('',#2126,#5923,#5925,.T.);
#5923 = VERTEX_POINT('',#5924);
#5924 = CARTESIAN_POINT('',(-10.28103902972,-8.437430679376,2.19));
#5925 = LINE('',#5926,#5927);
#5926 = CARTESIAN_POINT('',(-10.28103902972,-8.437430679376,1.89));
#5927 = VECTOR('',#5928,1.);
#5928 = DIRECTION('',(0.,0.,1.));
#5929 = ORIENTED_EDGE('',*,*,#5930,.T.);
#5930 = EDGE_CURVE('',#5923,#5899,#5931,.T.);
#5931 = LINE('',#5932,#5933);
#5932 = CARTESIAN_POINT('',(-10.28103902972,-8.437430679376,2.19));
#5933 = VECTOR('',#5934,1.);
#5934 = DIRECTION('',(0.646956152535,-0.762527203906,0.));
#5935 = ORIENTED_EDGE('',*,*,#5898,.F.);
#5936 = ORIENTED_EDGE('',*,*,#2133,.F.);
#5937 = PLANE('',#5938);
#5938 = AXIS2_PLACEMENT_3D('',#5939,#5940,#5941);
#5939 = CARTESIAN_POINT('',(-10.28103902972,-8.437430679376,1.89));
#5940 = DIRECTION('',(0.762527203906,0.646956152535,-0.));
#5941 = DIRECTION('',(0.646956152535,-0.762527203906,0.));
#5942 = ADVANCED_FACE('',(#5943),#5954,.F.);
#5943 = FACE_BOUND('',#5944,.F.);
#5944 = EDGE_LOOP('',(#5945,#5946,#5952,#5953));
#5945 = ORIENTED_EDGE('',*,*,#4151,.T.);
#5946 = ORIENTED_EDGE('',*,*,#5947,.T.);
#5947 = EDGE_CURVE('',#4144,#5923,#5948,.T.);
#5948 = LINE('',#5949,#5950);
#5949 = CARTESIAN_POINT('',(-10.55159942587,-8.096527005816,2.19));
#5950 = VECTOR('',#5951,1.);
#5951 = DIRECTION('',(0.62166057337,-0.783286749229,0.));
#5952 = ORIENTED_EDGE('',*,*,#5922,.F.);
#5953 = ORIENTED_EDGE('',*,*,#2125,.F.);
#5954 = PLANE('',#5955);
#5955 = AXIS2_PLACEMENT_3D('',#5956,#5957,#5958);
#5956 = CARTESIAN_POINT('',(-10.55159942587,-8.096527005816,1.89));
#5957 = DIRECTION('',(0.783286749229,0.62166057337,-0.));
#5958 = DIRECTION('',(0.62166057337,-0.783286749229,0.));
#5959 = ADVANCED_FACE('',(#5960),#6012,.T.);
#5960 = FACE_BOUND('',#5961,.T.);
#5961 = EDGE_LOOP('',(#5962,#5963,#5964,#5965,#5966,#5967,#5968,#5969,
    #5970,#5971,#5972,#5973,#5974,#5975,#5976,#5977,#5978,#5979,#5980,
    #5981,#5982,#5983,#5984,#5985,#5986,#5987,#5988,#5989,#5990,#5991,
    #5992,#5993,#5994,#5995,#5996,#5997,#5998,#5999,#6000,#6001,#6002,
    #6003,#6004,#6005,#6006,#6007,#6008,#6009,#6010,#6011));
#5962 = ORIENTED_EDGE('',*,*,#2949,.T.);
#5963 = ORIENTED_EDGE('',*,*,#2932,.T.);
#5964 = ORIENTED_EDGE('',*,*,#2908,.T.);
#5965 = ORIENTED_EDGE('',*,*,#2884,.T.);
#5966 = ORIENTED_EDGE('',*,*,#2860,.T.);
#5967 = ORIENTED_EDGE('',*,*,#2836,.T.);
#5968 = ORIENTED_EDGE('',*,*,#2812,.T.);
#5969 = ORIENTED_EDGE('',*,*,#2788,.T.);
#5970 = ORIENTED_EDGE('',*,*,#2764,.T.);
#5971 = ORIENTED_EDGE('',*,*,#2740,.T.);
#5972 = ORIENTED_EDGE('',*,*,#2716,.T.);
#5973 = ORIENTED_EDGE('',*,*,#2692,.T.);
#5974 = ORIENTED_EDGE('',*,*,#2668,.T.);
#5975 = ORIENTED_EDGE('',*,*,#2644,.T.);
#5976 = ORIENTED_EDGE('',*,*,#2620,.T.);
#5977 = ORIENTED_EDGE('',*,*,#2596,.T.);
#5978 = ORIENTED_EDGE('',*,*,#2572,.T.);
#5979 = ORIENTED_EDGE('',*,*,#2548,.T.);
#5980 = ORIENTED_EDGE('',*,*,#2524,.T.);
#5981 = ORIENTED_EDGE('',*,*,#2500,.T.);
#5982 = ORIENTED_EDGE('',*,*,#2476,.T.);
#5983 = ORIENTED_EDGE('',*,*,#2452,.T.);
#5984 = ORIENTED_EDGE('',*,*,#2428,.T.);
#5985 = ORIENTED_EDGE('',*,*,#2404,.T.);
#5986 = ORIENTED_EDGE('',*,*,#2372,.T.);
#5987 = ORIENTED_EDGE('',*,*,#2966,.T.);
#5988 = ORIENTED_EDGE('',*,*,#2990,.T.);
#5989 = ORIENTED_EDGE('',*,*,#3014,.T.);
#5990 = ORIENTED_EDGE('',*,*,#3038,.T.);
#5991 = ORIENTED_EDGE('',*,*,#3062,.T.);
#5992 = ORIENTED_EDGE('',*,*,#3086,.T.);
#5993 = ORIENTED_EDGE('',*,*,#3110,.T.);
#5994 = ORIENTED_EDGE('',*,*,#3134,.T.);
#5995 = ORIENTED_EDGE('',*,*,#3158,.T.);
#5996 = ORIENTED_EDGE('',*,*,#3182,.T.);
#5997 = ORIENTED_EDGE('',*,*,#3206,.T.);
#5998 = ORIENTED_EDGE('',*,*,#3230,.T.);
#5999 = ORIENTED_EDGE('',*,*,#3254,.T.);
#6000 = ORIENTED_EDGE('',*,*,#3278,.T.);
#6001 = ORIENTED_EDGE('',*,*,#3302,.T.);
#6002 = ORIENTED_EDGE('',*,*,#3326,.T.);
#6003 = ORIENTED_EDGE('',*,*,#3350,.T.);
#6004 = ORIENTED_EDGE('',*,*,#3374,.T.);
#6005 = ORIENTED_EDGE('',*,*,#3398,.T.);
#6006 = ORIENTED_EDGE('',*,*,#3422,.T.);
#6007 = ORIENTED_EDGE('',*,*,#3446,.T.);
#6008 = ORIENTED_EDGE('',*,*,#3470,.T.);
#6009 = ORIENTED_EDGE('',*,*,#3494,.T.);
#6010 = ORIENTED_EDGE('',*,*,#3518,.T.);
#6011 = ORIENTED_EDGE('',*,*,#2340,.T.);
#6012 = PLANE('',#6013);
#6013 = AXIS2_PLACEMENT_3D('',#6014,#6015,#6016);
#6014 = CARTESIAN_POINT('',(12.572107890776,1.83581516549E-16,2.19));
#6015 = DIRECTION('',(0.,0.,1.));
#6016 = DIRECTION('',(1.,0.,-0.));
#6017 = ADVANCED_FACE('',(#6018),#6070,.T.);
#6018 = FACE_BOUND('',#6019,.T.);
#6019 = EDGE_LOOP('',(#6020,#6021,#6022,#6023,#6024,#6025,#6026,#6027,
    #6028,#6029,#6030,#6031,#6032,#6033,#6034,#6035,#6036,#6037,#6038,
    #6039,#6040,#6041,#6042,#6043,#6044,#6045,#6046,#6047,#6048,#6049,
    #6050,#6051,#6052,#6053,#6054,#6055,#6056,#6057,#6058,#6059,#6060,
    #6061,#6062,#6063,#6064,#6065,#6066,#6067,#6068,#6069));
#6020 = ORIENTED_EDGE('',*,*,#5947,.T.);
#6021 = ORIENTED_EDGE('',*,*,#5930,.T.);
#6022 = ORIENTED_EDGE('',*,*,#5906,.T.);
#6023 = ORIENTED_EDGE('',*,*,#5882,.T.);
#6024 = ORIENTED_EDGE('',*,*,#5858,.T.);
#6025 = ORIENTED_EDGE('',*,*,#5834,.T.);
#6026 = ORIENTED_EDGE('',*,*,#5810,.T.);
#6027 = ORIENTED_EDGE('',*,*,#5786,.T.);
#6028 = ORIENTED_EDGE('',*,*,#5762,.T.);
#6029 = ORIENTED_EDGE('',*,*,#5738,.T.);
#6030 = ORIENTED_EDGE('',*,*,#5714,.T.);
#6031 = ORIENTED_EDGE('',*,*,#5690,.T.);
#6032 = ORIENTED_EDGE('',*,*,#5666,.T.);
#6033 = ORIENTED_EDGE('',*,*,#5642,.T.);
#6034 = ORIENTED_EDGE('',*,*,#5618,.T.);
#6035 = ORIENTED_EDGE('',*,*,#5594,.T.);
#6036 = ORIENTED_EDGE('',*,*,#5570,.T.);
#6037 = ORIENTED_EDGE('',*,*,#5546,.T.);
#6038 = ORIENTED_EDGE('',*,*,#5522,.T.);
#6039 = ORIENTED_EDGE('',*,*,#5498,.T.);
#6040 = ORIENTED_EDGE('',*,*,#5474,.T.);
#6041 = ORIENTED_EDGE('',*,*,#5450,.T.);
#6042 = ORIENTED_EDGE('',*,*,#5426,.T.);
#6043 = ORIENTED_EDGE('',*,*,#5402,.T.);
#6044 = ORIENTED_EDGE('',*,*,#3542,.T.);
#6045 = ORIENTED_EDGE('',*,*,#3567,.T.);
#6046 = ORIENTED_EDGE('',*,*,#3591,.T.);
#6047 = ORIENTED_EDGE('',*,*,#3615,.T.);
#6048 = ORIENTED_EDGE('',*,*,#3639,.T.);
#6049 = ORIENTED_EDGE('',*,*,#3663,.T.);
#6050 = ORIENTED_EDGE('',*,*,#3687,.T.);
#6051 = ORIENTED_EDGE('',*,*,#3711,.T.);
#6052 = ORIENTED_EDGE('',*,*,#3735,.T.);
#6053 = ORIENTED_EDGE('',*,*,#3759,.T.);
#6054 = ORIENTED_EDGE('',*,*,#3783,.T.);
#6055 = ORIENTED_EDGE('',*,*,#3807,.T.);
#6056 = ORIENTED_EDGE('',*,*,#3831,.T.);
#6057 = ORIENTED_EDGE('',*,*,#3855,.T.);
#6058 = ORIENTED_EDGE('',*,*,#3879,.T.);
#6059 = ORIENTED_EDGE('',*,*,#3903,.T.);
#6060 = ORIENTED_EDGE('',*,*,#3927,.T.);
#6061 = ORIENTED_EDGE('',*,*,#3951,.T.);
#6062 = ORIENTED_EDGE('',*,*,#3975,.T.);
#6063 = ORIENTED_EDGE('',*,*,#3999,.T.);
#6064 = ORIENTED_EDGE('',*,*,#4023,.T.);
#6065 = ORIENTED_EDGE('',*,*,#4047,.T.);
#6066 = ORIENTED_EDGE('',*,*,#4071,.T.);
#6067 = ORIENTED_EDGE('',*,*,#4095,.T.);
#6068 = ORIENTED_EDGE('',*,*,#4119,.T.);
#6069 = ORIENTED_EDGE('',*,*,#4143,.T.);
#6070 = PLANE('',#6071);
#6071 = AXIS2_PLACEMENT_3D('',#6072,#6073,#6074);
#6072 = CARTESIAN_POINT('',(-6.286053945388,-10.88776481253,2.19));
#6073 = DIRECTION('',(0.,0.,1.));
#6074 = DIRECTION('',(1.,0.,-0.));
#6075 = ADVANCED_FACE('',(#6076),#6128,.T.);
#6076 = FACE_BOUND('',#6077,.T.);
#6077 = EDGE_LOOP('',(#6078,#6079,#6080,#6081,#6082,#6083,#6084,#6085,
    #6086,#6087,#6088,#6089,#6090,#6091,#6092,#6093,#6094,#6095,#6096,
    #6097,#6098,#6099,#6100,#6101,#6102,#6103,#6104,#6105,#6106,#6107,
    #6108,#6109,#6110,#6111,#6112,#6113,#6114,#6115,#6116,#6117,#6118,
    #6119,#6120,#6121,#6122,#6123,#6124,#6125,#6126,#6127));
#6078 = ORIENTED_EDGE('',*,*,#5378,.T.);
#6079 = ORIENTED_EDGE('',*,*,#5361,.T.);
#6080 = ORIENTED_EDGE('',*,*,#5337,.T.);
#6081 = ORIENTED_EDGE('',*,*,#5313,.T.);
#6082 = ORIENTED_EDGE('',*,*,#5289,.T.);
#6083 = ORIENTED_EDGE('',*,*,#5265,.T.);
#6084 = ORIENTED_EDGE('',*,*,#5241,.T.);
#6085 = ORIENTED_EDGE('',*,*,#5217,.T.);
#6086 = ORIENTED_EDGE('',*,*,#5193,.T.);
#6087 = ORIENTED_EDGE('',*,*,#5169,.T.);
#6088 = ORIENTED_EDGE('',*,*,#5145,.T.);
#6089 = ORIENTED_EDGE('',*,*,#5121,.T.);
#6090 = ORIENTED_EDGE('',*,*,#5097,.T.);
#6091 = ORIENTED_EDGE('',*,*,#5073,.T.);
#6092 = ORIENTED_EDGE('',*,*,#5049,.T.);
#6093 = ORIENTED_EDGE('',*,*,#5025,.T.);
#6094 = ORIENTED_EDGE('',*,*,#5001,.T.);
#6095 = ORIENTED_EDGE('',*,*,#4977,.T.);
#6096 = ORIENTED_EDGE('',*,*,#4953,.T.);
#6097 = ORIENTED_EDGE('',*,*,#4929,.T.);
#6098 = ORIENTED_EDGE('',*,*,#4905,.T.);
#6099 = ORIENTED_EDGE('',*,*,#4881,.T.);
#6100 = ORIENTED_EDGE('',*,*,#4857,.T.);
#6101 = ORIENTED_EDGE('',*,*,#4833,.T.);
#6102 = ORIENTED_EDGE('',*,*,#4175,.T.);
#6103 = ORIENTED_EDGE('',*,*,#4200,.T.);
#6104 = ORIENTED_EDGE('',*,*,#4224,.T.);
#6105 = ORIENTED_EDGE('',*,*,#4248,.T.);
#6106 = ORIENTED_EDGE('',*,*,#4272,.T.);
#6107 = ORIENTED_EDGE('',*,*,#4296,.T.);
#6108 = ORIENTED_EDGE('',*,*,#4320,.T.);
#6109 = ORIENTED_EDGE('',*,*,#4344,.T.);
#6110 = ORIENTED_EDGE('',*,*,#4368,.T.);
#6111 = ORIENTED_EDGE('',*,*,#4392,.T.);
#6112 = ORIENTED_EDGE('',*,*,#4416,.T.);
#6113 = ORIENTED_EDGE('',*,*,#4440,.T.);
#6114 = ORIENTED_EDGE('',*,*,#4464,.T.);
#6115 = ORIENTED_EDGE('',*,*,#4488,.T.);
#6116 = ORIENTED_EDGE('',*,*,#4512,.T.);
#6117 = ORIENTED_EDGE('',*,*,#4536,.T.);
#6118 = ORIENTED_EDGE('',*,*,#4560,.T.);
#6119 = ORIENTED_EDGE('',*,*,#4584,.T.);
#6120 = ORIENTED_EDGE('',*,*,#4608,.T.);
#6121 = ORIENTED_EDGE('',*,*,#4632,.T.);
#6122 = ORIENTED_EDGE('',*,*,#4656,.T.);
#6123 = ORIENTED_EDGE('',*,*,#4680,.T.);
#6124 = ORIENTED_EDGE('',*,*,#4704,.T.);
#6125 = ORIENTED_EDGE('',*,*,#4728,.T.);
#6126 = ORIENTED_EDGE('',*,*,#4752,.T.);
#6127 = ORIENTED_EDGE('',*,*,#4776,.T.);
#6128 = PLANE('',#6129);
#6129 = AXIS2_PLACEMENT_3D('',#6130,#6131,#6132);
#6130 = CARTESIAN_POINT('',(-6.286053945388,10.887764812531,2.19));
#6131 = DIRECTION('',(0.,0.,1.));
#6132 = DIRECTION('',(1.,0.,-0.));
#6133 = ADVANCED_FACE('',(#6134),#6153,.F.);
#6134 = FACE_BOUND('',#6135,.T.);
#6135 = EDGE_LOOP('',(#6136,#6137,#6145,#6152));
#6136 = ORIENTED_EDGE('',*,*,#4809,.T.);
#6137 = ORIENTED_EDGE('',*,*,#6138,.T.);
#6138 = EDGE_CURVE('',#4802,#6139,#6141,.T.);
#6139 = VERTEX_POINT('',#6140);
#6140 = CARTESIAN_POINT('',(12.335,0.,1.126));
#6141 = LINE('',#6142,#6143);
#6142 = CARTESIAN_POINT('',(12.475,0.,1.18));
#6143 = VECTOR('',#6144,1.);
#6144 = DIRECTION('',(-0.933001658364,0.,-0.359872068226));
#6145 = ORIENTED_EDGE('',*,*,#6146,.F.);
#6146 = EDGE_CURVE('',#6139,#6139,#6147,.T.);
#6147 = CIRCLE('',#6148,12.335);
#6148 = AXIS2_PLACEMENT_3D('',#6149,#6150,#6151);
#6149 = CARTESIAN_POINT('',(0.,0.,1.126));
#6150 = DIRECTION('',(0.,0.,1.));
#6151 = DIRECTION('',(1.,0.,-0.));
#6152 = ORIENTED_EDGE('',*,*,#6138,.F.);
#6153 = CONICAL_SURFACE('',#6154,12.475,1.20266555547);
#6154 = AXIS2_PLACEMENT_3D('',#6155,#6156,#6157);
#6155 = CARTESIAN_POINT('',(0.,0.,1.18));
#6156 = DIRECTION('',(0.,0.,1.));
#6157 = DIRECTION('',(1.,0.,0.));
#6158 = ADVANCED_FACE('',(#6159),#6178,.F.);
#6159 = FACE_BOUND('',#6160,.T.);
#6160 = EDGE_LOOP('',(#6161,#6162,#6170,#6177));
#6161 = ORIENTED_EDGE('',*,*,#6146,.T.);
#6162 = ORIENTED_EDGE('',*,*,#6163,.T.);
#6163 = EDGE_CURVE('',#6139,#6164,#6166,.T.);
#6164 = VERTEX_POINT('',#6165);
#6165 = CARTESIAN_POINT('',(11.945,0.,1.075));
#6166 = LINE('',#6167,#6168);
#6167 = CARTESIAN_POINT('',(12.335,0.,1.126));
#6168 = VECTOR('',#6169,1.);
#6169 = DIRECTION('',(-0.991557825782,0.,-0.129665254141));
#6170 = ORIENTED_EDGE('',*,*,#6171,.F.);
#6171 = EDGE_CURVE('',#6164,#6164,#6172,.T.);
#6172 = CIRCLE('',#6173,11.945);
#6173 = AXIS2_PLACEMENT_3D('',#6174,#6175,#6176);
#6174 = CARTESIAN_POINT('',(0.,0.,1.075));
#6175 = DIRECTION('',(0.,0.,1.));
#6176 = DIRECTION('',(1.,0.,-0.));
#6177 = ORIENTED_EDGE('',*,*,#6163,.F.);
#6178 = CONICAL_SURFACE('',#6179,12.335,1.440764950453);
#6179 = AXIS2_PLACEMENT_3D('',#6180,#6181,#6182);
#6180 = CARTESIAN_POINT('',(0.,0.,1.126));
#6181 = DIRECTION('',(0.,0.,1.));
#6182 = DIRECTION('',(1.,0.,0.));
#6183 = ADVANCED_FACE('',(#6184),#6203,.F.);
#6184 = FACE_BOUND('',#6185,.T.);
#6185 = EDGE_LOOP('',(#6186,#6187,#6195,#6202));
#6186 = ORIENTED_EDGE('',*,*,#6171,.T.);
#6187 = ORIENTED_EDGE('',*,*,#6188,.T.);
#6188 = EDGE_CURVE('',#6164,#6189,#6191,.T.);
#6189 = VERTEX_POINT('',#6190);
#6190 = CARTESIAN_POINT('',(11.555,0.,1.025));
#6191 = LINE('',#6192,#6193);
#6192 = CARTESIAN_POINT('',(11.945,0.,1.075));
#6193 = VECTOR('',#6194,1.);
#6194 = DIRECTION('',(-0.991881664686,0.,-0.127164315985));
#6195 = ORIENTED_EDGE('',*,*,#6196,.F.);
#6196 = EDGE_CURVE('',#6189,#6189,#6197,.T.);
#6197 = CIRCLE('',#6198,11.555);
#6198 = AXIS2_PLACEMENT_3D('',#6199,#6200,#6201);
#6199 = CARTESIAN_POINT('',(0.,0.,1.025));
#6200 = DIRECTION('',(0.,0.,1.));
#6201 = DIRECTION('',(1.,0.,-0.));
#6202 = ORIENTED_EDGE('',*,*,#6188,.F.);
#6203 = CONICAL_SURFACE('',#6204,11.945,1.44328676858);
#6204 = AXIS2_PLACEMENT_3D('',#6205,#6206,#6207);
#6205 = CARTESIAN_POINT('',(0.,0.,1.075));
#6206 = DIRECTION('',(0.,0.,1.));
#6207 = DIRECTION('',(1.,0.,0.));
#6208 = ADVANCED_FACE('',(#6209),#6228,.F.);
#6209 = FACE_BOUND('',#6210,.T.);
#6210 = EDGE_LOOP('',(#6211,#6212,#6220,#6227));
#6211 = ORIENTED_EDGE('',*,*,#6196,.T.);
#6212 = ORIENTED_EDGE('',*,*,#6213,.T.);
#6213 = EDGE_CURVE('',#6189,#6214,#6216,.T.);
#6214 = VERTEX_POINT('',#6215);
#6215 = CARTESIAN_POINT('',(11.16,0.,0.977));
#6216 = LINE('',#6217,#6218);
#6217 = CARTESIAN_POINT('',(11.555,0.,1.025));
#6218 = VECTOR('',#6219,1.);
#6219 = DIRECTION('',(-0.992697347024,0.,-0.120631576347));
#6220 = ORIENTED_EDGE('',*,*,#6221,.F.);
#6221 = EDGE_CURVE('',#6214,#6214,#6222,.T.);
#6222 = CIRCLE('',#6223,11.16);
#6223 = AXIS2_PLACEMENT_3D('',#6224,#6225,#6226);
#6224 = CARTESIAN_POINT('',(0.,0.,0.977));
#6225 = DIRECTION('',(0.,0.,1.));
#6226 = DIRECTION('',(1.,0.,-0.));
#6227 = ORIENTED_EDGE('',*,*,#6213,.F.);
#6228 = CONICAL_SURFACE('',#6229,11.555,1.44987024649);
#6229 = AXIS2_PLACEMENT_3D('',#6230,#6231,#6232);
#6230 = CARTESIAN_POINT('',(0.,0.,1.025));
#6231 = DIRECTION('',(0.,0.,1.));
#6232 = DIRECTION('',(1.,0.,0.));
#6233 = ADVANCED_FACE('',(#6234),#6253,.F.);
#6234 = FACE_BOUND('',#6235,.T.);
#6235 = EDGE_LOOP('',(#6236,#6237,#6245,#6252));
#6236 = ORIENTED_EDGE('',*,*,#6221,.T.);
#6237 = ORIENTED_EDGE('',*,*,#6238,.T.);
#6238 = EDGE_CURVE('',#6214,#6239,#6241,.T.);
#6239 = VERTEX_POINT('',#6240);
#6240 = CARTESIAN_POINT('',(10.77,0.,0.93));
#6241 = LINE('',#6242,#6243);
#6242 = CARTESIAN_POINT('',(11.16,0.,0.977));
#6243 = VECTOR('',#6244,1.);
#6244 = DIRECTION('',(-0.992816482527,0.,-0.119647114561));
#6245 = ORIENTED_EDGE('',*,*,#6246,.F.);
#6246 = EDGE_CURVE('',#6239,#6239,#6247,.T.);
#6247 = CIRCLE('',#6248,10.77);
#6248 = AXIS2_PLACEMENT_3D('',#6249,#6250,#6251);
#6249 = CARTESIAN_POINT('',(0.,0.,0.93));
#6250 = DIRECTION('',(0.,0.,1.));
#6251 = DIRECTION('',(1.,0.,-0.));
#6252 = ORIENTED_EDGE('',*,*,#6238,.F.);
#6253 = CONICAL_SURFACE('',#6254,11.16,1.45086189076);
#6254 = AXIS2_PLACEMENT_3D('',#6255,#6256,#6257);
#6255 = CARTESIAN_POINT('',(0.,0.,0.977));
#6256 = DIRECTION('',(0.,0.,1.));
#6257 = DIRECTION('',(1.,0.,0.));
#6258 = ADVANCED_FACE('',(#6259),#6278,.F.);
#6259 = FACE_BOUND('',#6260,.T.);
#6260 = EDGE_LOOP('',(#6261,#6262,#6270,#6277));
#6261 = ORIENTED_EDGE('',*,*,#6246,.T.);
#6262 = ORIENTED_EDGE('',*,*,#6263,.T.);
#6263 = EDGE_CURVE('',#6239,#6264,#6266,.T.);
#6264 = VERTEX_POINT('',#6265);
#6265 = CARTESIAN_POINT('',(10.38,0.,0.885));
#6266 = LINE('',#6267,#6268);
#6267 = CARTESIAN_POINT('',(10.77,0.,0.93));
#6268 = VECTOR('',#6269,1.);
#6269 = DIRECTION('',(-0.993408935871,0.,-0.114624107985));
#6270 = ORIENTED_EDGE('',*,*,#6271,.F.);
#6271 = EDGE_CURVE('',#6264,#6264,#6272,.T.);
#6272 = CIRCLE('',#6273,10.38);
#6273 = AXIS2_PLACEMENT_3D('',#6274,#6275,#6276);
#6274 = CARTESIAN_POINT('',(0.,0.,0.885));
#6275 = DIRECTION('',(0.,0.,1.));
#6276 = DIRECTION('',(1.,0.,-0.));
#6277 = ORIENTED_EDGE('',*,*,#6263,.F.);
#6278 = CONICAL_SURFACE('',#6279,10.77,1.455919721378);
#6279 = AXIS2_PLACEMENT_3D('',#6280,#6281,#6282);
#6280 = CARTESIAN_POINT('',(0.,0.,0.93));
#6281 = DIRECTION('',(0.,0.,1.));
#6282 = DIRECTION('',(1.,0.,0.));
#6283 = ADVANCED_FACE('',(#6284),#6303,.F.);
#6284 = FACE_BOUND('',#6285,.T.);
#6285 = EDGE_LOOP('',(#6286,#6287,#6295,#6302));
#6286 = ORIENTED_EDGE('',*,*,#6271,.T.);
#6287 = ORIENTED_EDGE('',*,*,#6288,.T.);
#6288 = EDGE_CURVE('',#6264,#6289,#6291,.T.);
#6289 = VERTEX_POINT('',#6290);
#6290 = CARTESIAN_POINT('',(9.995,0.,0.841));
#6291 = LINE('',#6292,#6293);
#6292 = CARTESIAN_POINT('',(10.38,0.,0.885));
#6293 = VECTOR('',#6294,1.);
#6294 = DIRECTION('',(-0.993532672656,0.,-0.113546591161));
#6295 = ORIENTED_EDGE('',*,*,#6296,.F.);
#6296 = EDGE_CURVE('',#6289,#6289,#6297,.T.);
#6297 = CIRCLE('',#6298,9.995);
#6298 = AXIS2_PLACEMENT_3D('',#6299,#6300,#6301);
#6299 = CARTESIAN_POINT('',(0.,0.,0.841));
#6300 = DIRECTION('',(0.,0.,1.));
#6301 = DIRECTION('',(1.,0.,-0.));
#6302 = ORIENTED_EDGE('',*,*,#6288,.F.);
#6303 = CONICAL_SURFACE('',#6304,10.38,1.457004319651);
#6304 = AXIS2_PLACEMENT_3D('',#6305,#6306,#6307);
#6305 = CARTESIAN_POINT('',(0.,0.,0.885));
#6306 = DIRECTION('',(0.,0.,1.));
#6307 = DIRECTION('',(1.,0.,0.));
#6308 = ADVANCED_FACE('',(#6309),#6328,.F.);
#6309 = FACE_BOUND('',#6310,.T.);
#6310 = EDGE_LOOP('',(#6311,#6312,#6320,#6327));
#6311 = ORIENTED_EDGE('',*,*,#6296,.T.);
#6312 = ORIENTED_EDGE('',*,*,#6313,.T.);
#6313 = EDGE_CURVE('',#6289,#6314,#6316,.T.);
#6314 = VERTEX_POINT('',#6315);
#6315 = CARTESIAN_POINT('',(9.605,0.,0.799));
#6316 = LINE('',#6317,#6318);
#6317 = CARTESIAN_POINT('',(9.995,0.,0.841));
#6318 = VECTOR('',#6319,1.);
#6319 = DIRECTION('',(-0.994251140257,0.,-0.10707319972));
#6320 = ORIENTED_EDGE('',*,*,#6321,.F.);
#6321 = EDGE_CURVE('',#6314,#6314,#6322,.T.);
#6322 = CIRCLE('',#6323,9.605);
#6323 = AXIS2_PLACEMENT_3D('',#6324,#6325,#6326);
#6324 = CARTESIAN_POINT('',(0.,0.,0.799));
#6325 = DIRECTION('',(0.,0.,1.));
#6326 = DIRECTION('',(1.,0.,-0.));
#6327 = ORIENTED_EDGE('',*,*,#6313,.F.);
#6328 = CONICAL_SURFACE('',#6329,9.995,1.463517471146);
#6329 = AXIS2_PLACEMENT_3D('',#6330,#6331,#6332);
#6330 = CARTESIAN_POINT('',(0.,0.,0.841));
#6331 = DIRECTION('',(0.,0.,1.));
#6332 = DIRECTION('',(1.,0.,0.));
#6333 = ADVANCED_FACE('',(#6334),#6353,.F.);
#6334 = FACE_BOUND('',#6335,.T.);
#6335 = EDGE_LOOP('',(#6336,#6337,#6345,#6352));
#6336 = ORIENTED_EDGE('',*,*,#6321,.T.);
#6337 = ORIENTED_EDGE('',*,*,#6338,.T.);
#6338 = EDGE_CURVE('',#6314,#6339,#6341,.T.);
#6339 = VERTEX_POINT('',#6340);
#6340 = CARTESIAN_POINT('',(9.21,0.,0.759));
#6341 = LINE('',#6342,#6343);
#6342 = CARTESIAN_POINT('',(9.605,0.,0.799));
#6343 = VECTOR('',#6344,1.);
#6344 = DIRECTION('',(-0.994911717657,0.,-0.100750553687));
#6345 = ORIENTED_EDGE('',*,*,#6346,.F.);
#6346 = EDGE_CURVE('',#6339,#6339,#6347,.T.);
#6347 = CIRCLE('',#6348,9.21);
#6348 = AXIS2_PLACEMENT_3D('',#6349,#6350,#6351);
#6349 = CARTESIAN_POINT('',(0.,0.,0.759));
#6350 = DIRECTION('',(0.,0.,1.));
#6351 = DIRECTION('',(1.,0.,-0.));
#6352 = ORIENTED_EDGE('',*,*,#6338,.F.);
#6353 = CONICAL_SURFACE('',#6354,9.605,1.469874542128);
#6354 = AXIS2_PLACEMENT_3D('',#6355,#6356,#6357);
#6355 = CARTESIAN_POINT('',(0.,0.,0.799));
#6356 = DIRECTION('',(0.,0.,1.));
#6357 = DIRECTION('',(1.,0.,0.));
#6358 = ADVANCED_FACE('',(#6359),#6378,.F.);
#6359 = FACE_BOUND('',#6360,.T.);
#6360 = EDGE_LOOP('',(#6361,#6362,#6370,#6377));
#6361 = ORIENTED_EDGE('',*,*,#6346,.T.);
#6362 = ORIENTED_EDGE('',*,*,#6363,.T.);
#6363 = EDGE_CURVE('',#6339,#6364,#6366,.T.);
#6364 = VERTEX_POINT('',#6365);
#6365 = CARTESIAN_POINT('',(8.82,0.,0.72));
#6366 = LINE('',#6367,#6368);
#6367 = CARTESIAN_POINT('',(9.21,0.,0.759));
#6368 = VECTOR('',#6369,1.);
#6369 = DIRECTION('',(-0.99503719021,0.,-9.9503719021E-02));
#6370 = ORIENTED_EDGE('',*,*,#6371,.F.);
#6371 = EDGE_CURVE('',#6364,#6364,#6372,.T.);
#6372 = CIRCLE('',#6373,8.82);
#6373 = AXIS2_PLACEMENT_3D('',#6374,#6375,#6376);
#6374 = CARTESIAN_POINT('',(0.,0.,0.72));
#6375 = DIRECTION('',(0.,0.,1.));
#6376 = DIRECTION('',(1.,0.,-0.));
#6377 = ORIENTED_EDGE('',*,*,#6363,.F.);
#6378 = CONICAL_SURFACE('',#6379,9.21,1.471127674304);
#6379 = AXIS2_PLACEMENT_3D('',#6380,#6381,#6382);
#6380 = CARTESIAN_POINT('',(0.,0.,0.759));
#6381 = DIRECTION('',(0.,0.,1.));
#6382 = DIRECTION('',(1.,0.,0.));
#6383 = ADVANCED_FACE('',(#6384),#6403,.F.);
#6384 = FACE_BOUND('',#6385,.T.);
#6385 = EDGE_LOOP('',(#6386,#6387,#6395,#6402));
#6386 = ORIENTED_EDGE('',*,*,#6371,.T.);
#6387 = ORIENTED_EDGE('',*,*,#6388,.T.);
#6388 = EDGE_CURVE('',#6364,#6389,#6391,.T.);
#6389 = VERTEX_POINT('',#6390);
#6390 = CARTESIAN_POINT('',(8.43,0.,0.682));
#6391 = LINE('',#6392,#6393);
#6392 = CARTESIAN_POINT('',(8.82,0.,0.72));
#6393 = VECTOR('',#6394,1.);
#6394 = DIRECTION('',(-0.995286657009,0.,-9.697664863165E-02));
#6395 = ORIENTED_EDGE('',*,*,#6396,.F.);
#6396 = EDGE_CURVE('',#6389,#6389,#6397,.T.);
#6397 = CIRCLE('',#6398,8.43);
#6398 = AXIS2_PLACEMENT_3D('',#6399,#6400,#6401);
#6399 = CARTESIAN_POINT('',(0.,0.,0.682));
#6400 = DIRECTION('',(0.,0.,1.));
#6401 = DIRECTION('',(1.,0.,-0.));
#6402 = ORIENTED_EDGE('',*,*,#6388,.F.);
#6403 = CONICAL_SURFACE('',#6404,8.82,1.473667028927);
#6404 = AXIS2_PLACEMENT_3D('',#6405,#6406,#6407);
#6405 = CARTESIAN_POINT('',(0.,0.,0.72));
#6406 = DIRECTION('',(0.,0.,1.));
#6407 = DIRECTION('',(1.,0.,0.));
#6408 = ADVANCED_FACE('',(#6409),#6428,.F.);
#6409 = FACE_BOUND('',#6410,.T.);
#6410 = EDGE_LOOP('',(#6411,#6412,#6420,#6427));
#6411 = ORIENTED_EDGE('',*,*,#6396,.T.);
#6412 = ORIENTED_EDGE('',*,*,#6413,.T.);
#6413 = EDGE_CURVE('',#6389,#6414,#6416,.T.);
#6414 = VERTEX_POINT('',#6415);
#6415 = CARTESIAN_POINT('',(8.035,0.,0.646));
#6416 = LINE('',#6417,#6418);
#6417 = CARTESIAN_POINT('',(8.43,0.,0.682));
#6418 = VECTOR('',#6419,1.);
#6419 = DIRECTION('',(-0.995872514981,0.,-9.076306465648E-02));
#6420 = ORIENTED_EDGE('',*,*,#6421,.F.);
#6421 = EDGE_CURVE('',#6414,#6414,#6422,.T.);
#6422 = CIRCLE('',#6423,8.035);
#6423 = AXIS2_PLACEMENT_3D('',#6424,#6425,#6426);
#6424 = CARTESIAN_POINT('',(0.,0.,0.646));
#6425 = DIRECTION('',(0.,0.,1.));
#6426 = DIRECTION('',(1.,0.,-0.));
#6427 = ORIENTED_EDGE('',*,*,#6413,.F.);
#6428 = CONICAL_SURFACE('',#6429,8.43,1.47990818121);
#6429 = AXIS2_PLACEMENT_3D('',#6430,#6431,#6432);
#6430 = CARTESIAN_POINT('',(0.,0.,0.682));
#6431 = DIRECTION('',(0.,0.,1.));
#6432 = DIRECTION('',(1.,0.,0.));
#6433 = ADVANCED_FACE('',(#6434),#6453,.F.);
#6434 = FACE_BOUND('',#6435,.T.);
#6435 = EDGE_LOOP('',(#6436,#6437,#6445,#6452));
#6436 = ORIENTED_EDGE('',*,*,#6421,.T.);
#6437 = ORIENTED_EDGE('',*,*,#6438,.T.);
#6438 = EDGE_CURVE('',#6414,#6439,#6441,.T.);
#6439 = VERTEX_POINT('',#6440);
#6440 = CARTESIAN_POINT('',(7.645,0.,0.615));
#6441 = LINE('',#6442,#6443);
#6442 = CARTESIAN_POINT('',(8.035,0.,0.646));
#6443 = VECTOR('',#6444,1.);
#6444 = DIRECTION('',(-0.996855785687,0.,-7.923725475976E-02));
#6445 = ORIENTED_EDGE('',*,*,#6446,.F.);
#6446 = EDGE_CURVE('',#6439,#6439,#6447,.T.);
#6447 = CIRCLE('',#6448,7.645);
#6448 = AXIS2_PLACEMENT_3D('',#6449,#6450,#6451);
#6449 = CARTESIAN_POINT('',(0.,0.,0.615));
#6450 = DIRECTION('',(0.,0.,1.));
#6451 = DIRECTION('',(1.,0.,-0.));
#6452 = ORIENTED_EDGE('',*,*,#6438,.F.);
#6453 = CONICAL_SURFACE('',#6454,8.035,1.491475921145);
#6454 = AXIS2_PLACEMENT_3D('',#6455,#6456,#6457);
#6455 = CARTESIAN_POINT('',(0.,0.,0.646));
#6456 = DIRECTION('',(0.,0.,1.));
#6457 = DIRECTION('',(1.,0.,0.));
#6458 = ADVANCED_FACE('',(#6459),#6478,.F.);
#6459 = FACE_BOUND('',#6460,.T.);
#6460 = EDGE_LOOP('',(#6461,#6462,#6470,#6477));
#6461 = ORIENTED_EDGE('',*,*,#6446,.T.);
#6462 = ORIENTED_EDGE('',*,*,#6463,.T.);
#6463 = EDGE_CURVE('',#6439,#6464,#6466,.T.);
#6464 = VERTEX_POINT('',#6465);
#6465 = CARTESIAN_POINT('',(7.255,0.,0.587));
#6466 = LINE('',#6467,#6468);
#6467 = CARTESIAN_POINT('',(7.645,0.,0.615));
#6468 = VECTOR('',#6469,1.);
#6469 = DIRECTION('',(-0.997432668928,0.,-7.161055058968E-02));
#6470 = ORIENTED_EDGE('',*,*,#6471,.F.);
#6471 = EDGE_CURVE('',#6464,#6464,#6472,.T.);
#6472 = CIRCLE('',#6473,7.255);
#6473 = AXIS2_PLACEMENT_3D('',#6474,#6475,#6476);
#6474 = CARTESIAN_POINT('',(0.,0.,0.587));
#6475 = DIRECTION('',(0.,0.,1.));
#6476 = DIRECTION('',(1.,0.,-0.));
#6477 = ORIENTED_EDGE('',*,*,#6463,.F.);
#6478 = CONICAL_SURFACE('',#6479,7.645,1.499124430539);
#6479 = AXIS2_PLACEMENT_3D('',#6480,#6481,#6482);
#6480 = CARTESIAN_POINT('',(0.,0.,0.615));
#6481 = DIRECTION('',(0.,0.,1.));
#6482 = DIRECTION('',(1.,0.,0.));
#6483 = ADVANCED_FACE('',(#6484),#6503,.F.);
#6484 = FACE_BOUND('',#6485,.T.);
#6485 = EDGE_LOOP('',(#6486,#6487,#6495,#6502));
#6486 = ORIENTED_EDGE('',*,*,#6471,.T.);
#6487 = ORIENTED_EDGE('',*,*,#6488,.T.);
#6488 = EDGE_CURVE('',#6464,#6489,#6491,.T.);
#6489 = VERTEX_POINT('',#6490);
#6490 = CARTESIAN_POINT('',(6.86,0.,0.56));
#6491 = LINE('',#6492,#6493);
#6492 = CARTESIAN_POINT('',(7.255,0.,0.587));
#6493 = VECTOR('',#6494,1.);
#6494 = DIRECTION('',(-0.997671990672,0.,-6.819530062824E-02));
#6495 = ORIENTED_EDGE('',*,*,#6496,.F.);
#6496 = EDGE_CURVE('',#6489,#6489,#6497,.T.);
#6497 = CIRCLE('',#6498,6.86);
#6498 = AXIS2_PLACEMENT_3D('',#6499,#6500,#6501);
#6499 = CARTESIAN_POINT('',(0.,0.,0.56));
#6500 = DIRECTION('',(0.,0.,1.));
#6501 = DIRECTION('',(1.,0.,-0.));
#6502 = ORIENTED_EDGE('',*,*,#6488,.F.);
#6503 = CONICAL_SURFACE('',#6504,7.255,1.502548057073);
#6504 = AXIS2_PLACEMENT_3D('',#6505,#6506,#6507);
#6505 = CARTESIAN_POINT('',(0.,0.,0.587));
#6506 = DIRECTION('',(0.,0.,1.));
#6507 = DIRECTION('',(1.,0.,0.));
#6508 = ADVANCED_FACE('',(#6509),#6528,.F.);
#6509 = FACE_BOUND('',#6510,.T.);
#6510 = EDGE_LOOP('',(#6511,#6512,#6520,#6527));
#6511 = ORIENTED_EDGE('',*,*,#6496,.T.);
#6512 = ORIENTED_EDGE('',*,*,#6513,.T.);
#6513 = EDGE_CURVE('',#6489,#6514,#6516,.T.);
#6514 = VERTEX_POINT('',#6515);
#6515 = CARTESIAN_POINT('',(6.47,0.,0.532));
#6516 = LINE('',#6517,#6518);
#6517 = CARTESIAN_POINT('',(6.86,0.,0.56));
#6518 = VECTOR('',#6519,1.);
#6519 = DIRECTION('',(-0.997432668928,0.,-7.161055058968E-02));
#6520 = ORIENTED_EDGE('',*,*,#6521,.F.);
#6521 = EDGE_CURVE('',#6514,#6514,#6522,.T.);
#6522 = CIRCLE('',#6523,6.47);
#6523 = AXIS2_PLACEMENT_3D('',#6524,#6525,#6526);
#6524 = CARTESIAN_POINT('',(0.,0.,0.532));
#6525 = DIRECTION('',(0.,0.,1.));
#6526 = DIRECTION('',(1.,0.,-0.));
#6527 = ORIENTED_EDGE('',*,*,#6513,.F.);
#6528 = CONICAL_SURFACE('',#6529,6.86,1.499124430539);
#6529 = AXIS2_PLACEMENT_3D('',#6530,#6531,#6532);
#6530 = CARTESIAN_POINT('',(0.,0.,0.56));
#6531 = DIRECTION('',(0.,0.,1.));
#6532 = DIRECTION('',(1.,0.,0.));
#6533 = ADVANCED_FACE('',(#6534),#6553,.F.);
#6534 = FACE_BOUND('',#6535,.T.);
#6535 = EDGE_LOOP('',(#6536,#6537,#6545,#6552));
#6536 = ORIENTED_EDGE('',*,*,#6521,.T.);
#6537 = ORIENTED_EDGE('',*,*,#6538,.T.);
#6538 = EDGE_CURVE('',#6514,#6539,#6541,.T.);
#6539 = VERTEX_POINT('',#6540);
#6540 = CARTESIAN_POINT('',(6.085,0.,0.503));
#6541 = LINE('',#6542,#6543);
#6542 = CARTESIAN_POINT('',(6.47,0.,0.532));
#6543 = VECTOR('',#6544,1.);
#6544 = DIRECTION('',(-0.997175111878,0.,-7.511189154405E-02));
#6545 = ORIENTED_EDGE('',*,*,#6546,.F.);
#6546 = EDGE_CURVE('',#6539,#6539,#6547,.T.);
#6547 = CIRCLE('',#6548,6.085);
#6548 = AXIS2_PLACEMENT_3D('',#6549,#6550,#6551);
#6549 = CARTESIAN_POINT('',(0.,0.,0.503));
#6550 = DIRECTION('',(0.,0.,1.));
#6551 = DIRECTION('',(1.,0.,-0.));
#6552 = ORIENTED_EDGE('',*,*,#6538,.F.);
#6553 = CONICAL_SURFACE('',#6554,6.47,1.495613627672);
#6554 = AXIS2_PLACEMENT_3D('',#6555,#6556,#6557);
#6555 = CARTESIAN_POINT('',(0.,0.,0.532));
#6556 = DIRECTION('',(0.,0.,1.));
#6557 = DIRECTION('',(1.,0.,0.));
#6558 = ADVANCED_FACE('',(#6559),#6578,.F.);
#6559 = FACE_BOUND('',#6560,.T.);
#6560 = EDGE_LOOP('',(#6561,#6562,#6570,#6577));
#6561 = ORIENTED_EDGE('',*,*,#6546,.T.);
#6562 = ORIENTED_EDGE('',*,*,#6563,.T.);
#6563 = EDGE_CURVE('',#6539,#6564,#6566,.T.);
#6564 = VERTEX_POINT('',#6565);
#6565 = CARTESIAN_POINT('',(5.695,0.,0.477));
#6566 = LINE('',#6567,#6568);
#6567 = CARTESIAN_POINT('',(6.085,0.,0.503));
#6568 = VECTOR('',#6569,1.);
#6569 = DIRECTION('',(-0.997785157857,0.,-6.651901052377E-02));
#6570 = ORIENTED_EDGE('',*,*,#6571,.F.);
#6571 = EDGE_CURVE('',#6564,#6564,#6572,.T.);
#6572 = CIRCLE('',#6573,5.695);
#6573 = AXIS2_PLACEMENT_3D('',#6574,#6575,#6576);
#6574 = CARTESIAN_POINT('',(0.,0.,0.477));
#6575 = DIRECTION('',(0.,0.,1.));
#6576 = DIRECTION('',(1.,0.,-0.));
#6577 = ORIENTED_EDGE('',*,*,#6563,.F.);
#6578 = CONICAL_SURFACE('',#6579,6.085,1.504228163019);
#6579 = AXIS2_PLACEMENT_3D('',#6580,#6581,#6582);
#6580 = CARTESIAN_POINT('',(0.,0.,0.503));
#6581 = DIRECTION('',(0.,0.,1.));
#6582 = DIRECTION('',(1.,0.,0.));
#6583 = ADVANCED_FACE('',(#6584),#6603,.F.);
#6584 = FACE_BOUND('',#6585,.T.);
#6585 = EDGE_LOOP('',(#6586,#6587,#6595,#6602));
#6586 = ORIENTED_EDGE('',*,*,#6571,.T.);
#6587 = ORIENTED_EDGE('',*,*,#6588,.T.);
#6588 = EDGE_CURVE('',#6564,#6589,#6591,.T.);
#6589 = VERTEX_POINT('',#6590);
#6590 = CARTESIAN_POINT('',(5.3,0.,0.453));
#6591 = LINE('',#6592,#6593);
#6592 = CARTESIAN_POINT('',(5.695,0.,0.477));
#6593 = VECTOR('',#6594,1.);
#6594 = DIRECTION('',(-0.99815923708,0.,-6.064764984789E-02));
#6595 = ORIENTED_EDGE('',*,*,#6596,.F.);
#6596 = EDGE_CURVE('',#6589,#6589,#6597,.T.);
#6597 = CIRCLE('',#6598,5.3);
#6598 = AXIS2_PLACEMENT_3D('',#6599,#6600,#6601);
#6599 = CARTESIAN_POINT('',(0.,0.,0.453));
#6600 = DIRECTION('',(0.,0.,1.));
#6601 = DIRECTION('',(1.,0.,-0.));
#6602 = ORIENTED_EDGE('',*,*,#6588,.F.);
#6603 = CONICAL_SURFACE('',#6604,5.695,1.510111436877);
#6604 = AXIS2_PLACEMENT_3D('',#6605,#6606,#6607);
#6605 = CARTESIAN_POINT('',(0.,0.,0.477));
#6606 = DIRECTION('',(0.,0.,1.));
#6607 = DIRECTION('',(1.,0.,0.));
#6608 = ADVANCED_FACE('',(#6609),#6628,.F.);
#6609 = FACE_BOUND('',#6610,.T.);
#6610 = EDGE_LOOP('',(#6611,#6612,#6620,#6627));
#6611 = ORIENTED_EDGE('',*,*,#6596,.T.);
#6612 = ORIENTED_EDGE('',*,*,#6613,.T.);
#6613 = EDGE_CURVE('',#6589,#6614,#6616,.T.);
#6614 = VERTEX_POINT('',#6615);
#6615 = CARTESIAN_POINT('',(4.91,0.,0.43));
#6616 = LINE('',#6617,#6618);
#6617 = CARTESIAN_POINT('',(5.3,0.,0.453));
#6618 = VECTOR('',#6619,1.);
#6619 = DIRECTION('',(-0.998265535501,0.,-5.887207004236E-02));
#6620 = ORIENTED_EDGE('',*,*,#6621,.F.);
#6621 = EDGE_CURVE('',#6614,#6614,#6622,.T.);
#6622 = CIRCLE('',#6623,4.91);
#6623 = AXIS2_PLACEMENT_3D('',#6624,#6625,#6626);
#6624 = CARTESIAN_POINT('',(0.,0.,0.43));
#6625 = DIRECTION('',(0.,0.,1.));
#6626 = DIRECTION('',(1.,0.,-0.));
#6627 = ORIENTED_EDGE('',*,*,#6613,.F.);
#6628 = CONICAL_SURFACE('',#6629,5.3,1.511890195949);
#6629 = AXIS2_PLACEMENT_3D('',#6630,#6631,#6632);
#6630 = CARTESIAN_POINT('',(0.,0.,0.453));
#6631 = DIRECTION('',(0.,0.,1.));
#6632 = DIRECTION('',(1.,0.,0.));
#6633 = ADVANCED_FACE('',(#6634),#6653,.F.);
#6634 = FACE_BOUND('',#6635,.T.);
#6635 = EDGE_LOOP('',(#6636,#6637,#6645,#6652));
#6636 = ORIENTED_EDGE('',*,*,#6621,.T.);
#6637 = ORIENTED_EDGE('',*,*,#6638,.T.);
#6638 = EDGE_CURVE('',#6614,#6639,#6641,.T.);
#6639 = VERTEX_POINT('',#6640);
#6640 = CARTESIAN_POINT('',(4.515,0.,0.408));
#6641 = LINE('',#6642,#6643);
#6642 = CARTESIAN_POINT('',(4.91,0.,0.43));
#6643 = VECTOR('',#6644,1.);
#6644 = DIRECTION('',(-0.998452565766,0.,-5.561001632115E-02));
#6645 = ORIENTED_EDGE('',*,*,#6646,.F.);
#6646 = EDGE_CURVE('',#6639,#6639,#6647,.T.);
#6647 = CIRCLE('',#6648,4.515);
#6648 = AXIS2_PLACEMENT_3D('',#6649,#6650,#6651);
#6649 = CARTESIAN_POINT('',(0.,0.,0.408));
#6650 = DIRECTION('',(0.,0.,1.));
#6651 = DIRECTION('',(1.,0.,-0.));
#6652 = ORIENTED_EDGE('',*,*,#6638,.F.);
#6653 = CONICAL_SURFACE('',#6654,4.91,1.515157608426);
#6654 = AXIS2_PLACEMENT_3D('',#6655,#6656,#6657);
#6655 = CARTESIAN_POINT('',(0.,0.,0.43));
#6656 = DIRECTION('',(0.,0.,1.));
#6657 = DIRECTION('',(1.,0.,0.));
#6658 = ADVANCED_FACE('',(#6659),#6678,.F.);
#6659 = FACE_BOUND('',#6660,.T.);
#6660 = EDGE_LOOP('',(#6661,#6662,#6670,#6677));
#6661 = ORIENTED_EDGE('',*,*,#6646,.T.);
#6662 = ORIENTED_EDGE('',*,*,#6663,.T.);
#6663 = EDGE_CURVE('',#6639,#6664,#6666,.T.);
#6664 = VERTEX_POINT('',#6665);
#6665 = CARTESIAN_POINT('',(4.125,0.,0.388));
#6666 = LINE('',#6667,#6668);
#6667 = CARTESIAN_POINT('',(4.515,0.,0.408));
#6668 = VECTOR('',#6669,1.);
#6669 = DIRECTION('',(-0.998687663477,0.,-5.121475197316E-02));
#6670 = ORIENTED_EDGE('',*,*,#6671,.F.);
#6671 = EDGE_CURVE('',#6664,#6664,#6672,.T.);
#6672 = CIRCLE('',#6673,4.125);
#6673 = AXIS2_PLACEMENT_3D('',#6674,#6675,#6676);
#6674 = CARTESIAN_POINT('',(0.,0.,0.388));
#6675 = DIRECTION('',(0.,0.,1.));
#6676 = DIRECTION('',(1.,0.,-0.));
#6677 = ORIENTED_EDGE('',*,*,#6663,.F.);
#6678 = CONICAL_SURFACE('',#6679,4.515,1.519559159391);
#6679 = AXIS2_PLACEMENT_3D('',#6680,#6681,#6682);
#6680 = CARTESIAN_POINT('',(0.,0.,0.408));
#6681 = DIRECTION('',(0.,0.,1.));
#6682 = DIRECTION('',(1.,0.,0.));
#6683 = ADVANCED_FACE('',(#6684),#6703,.F.);
#6684 = FACE_BOUND('',#6685,.T.);
#6685 = EDGE_LOOP('',(#6686,#6687,#6695,#6702));
#6686 = ORIENTED_EDGE('',*,*,#6671,.T.);
#6687 = ORIENTED_EDGE('',*,*,#6688,.T.);
#6688 = EDGE_CURVE('',#6664,#6689,#6691,.T.);
#6689 = VERTEX_POINT('',#6690);
#6690 = CARTESIAN_POINT('',(3.73,0.,0.373));
#6691 = LINE('',#6692,#6693);
#6692 = CARTESIAN_POINT('',(4.125,0.,0.388));
#6693 = VECTOR('',#6694,1.);
#6694 = DIRECTION('',(-0.999279740613,0.,-3.794733192202E-02));
#6695 = ORIENTED_EDGE('',*,*,#6696,.F.);
#6696 = EDGE_CURVE('',#6689,#6689,#6697,.T.);
#6697 = CIRCLE('',#6698,3.73);
#6698 = AXIS2_PLACEMENT_3D('',#6699,#6700,#6701);
#6699 = CARTESIAN_POINT('',(0.,0.,0.373));
#6700 = DIRECTION('',(0.,0.,1.));
#6701 = DIRECTION('',(1.,0.,-0.));
#6702 = ORIENTED_EDGE('',*,*,#6688,.F.);
#6703 = CONICAL_SURFACE('',#6704,4.125,1.532839881607);
#6704 = AXIS2_PLACEMENT_3D('',#6705,#6706,#6707);
#6705 = CARTESIAN_POINT('',(0.,0.,0.388));
#6706 = DIRECTION('',(0.,0.,1.));
#6707 = DIRECTION('',(1.,0.,0.));
#6708 = ADVANCED_FACE('',(#6709),#6728,.F.);
#6709 = FACE_BOUND('',#6710,.T.);
#6710 = EDGE_LOOP('',(#6711,#6712,#6720,#6727));
#6711 = ORIENTED_EDGE('',*,*,#6696,.T.);
#6712 = ORIENTED_EDGE('',*,*,#6713,.T.);
#6713 = EDGE_CURVE('',#6689,#6714,#6716,.T.);
#6714 = VERTEX_POINT('',#6715);
#6715 = CARTESIAN_POINT('',(3.34,0.,0.361));
#6716 = LINE('',#6717,#6718);
#6717 = CARTESIAN_POINT('',(3.73,0.,0.373));
#6718 = VECTOR('',#6719,1.);
#6719 = DIRECTION('',(-0.999526963077,0.,-3.075467578697E-02));
#6720 = ORIENTED_EDGE('',*,*,#6721,.F.);
#6721 = EDGE_CURVE('',#6714,#6714,#6722,.T.);
#6722 = CIRCLE('',#6723,3.34);
#6723 = AXIS2_PLACEMENT_3D('',#6724,#6725,#6726);
#6724 = CARTESIAN_POINT('',(0.,0.,0.361));
#6725 = DIRECTION('',(0.,0.,1.));
#6726 = DIRECTION('',(1.,0.,-0.));
#6727 = ORIENTED_EDGE('',*,*,#6713,.F.);
#6728 = CONICAL_SURFACE('',#6729,3.73,1.540036800724);
#6729 = AXIS2_PLACEMENT_3D('',#6730,#6731,#6732);
#6730 = CARTESIAN_POINT('',(0.,0.,0.373));
#6731 = DIRECTION('',(0.,0.,1.));
#6732 = DIRECTION('',(1.,0.,0.));
#6733 = ADVANCED_FACE('',(#6734),#6753,.F.);
#6734 = FACE_BOUND('',#6735,.T.);
#6735 = EDGE_LOOP('',(#6736,#6737,#6745,#6752));
#6736 = ORIENTED_EDGE('',*,*,#6721,.T.);
#6737 = ORIENTED_EDGE('',*,*,#6738,.T.);
#6738 = EDGE_CURVE('',#6714,#6739,#6741,.T.);
#6739 = VERTEX_POINT('',#6740);
#6740 = CARTESIAN_POINT('',(2.95,0.,0.35));
#6741 = LINE('',#6742,#6743);
#6742 = CARTESIAN_POINT('',(3.34,0.,0.361));
#6743 = VECTOR('',#6744,1.);
#6744 = DIRECTION('',(-0.999602472539,0.,-2.819391589213E-02));
#6745 = ORIENTED_EDGE('',*,*,#6746,.F.);
#6746 = EDGE_CURVE('',#6739,#6739,#6747,.T.);
#6747 = CIRCLE('',#6748,2.95);
#6748 = AXIS2_PLACEMENT_3D('',#6749,#6750,#6751);
#6749 = CARTESIAN_POINT('',(0.,0.,0.35));
#6750 = DIRECTION('',(0.,0.,1.));
#6751 = DIRECTION('',(1.,0.,-0.));
#6752 = ORIENTED_EDGE('',*,*,#6738,.F.);
#6753 = CONICAL_SURFACE('',#6754,3.34,1.542598674357);
#6754 = AXIS2_PLACEMENT_3D('',#6755,#6756,#6757);
#6755 = CARTESIAN_POINT('',(0.,0.,0.361));
#6756 = DIRECTION('',(0.,0.,1.));
#6757 = DIRECTION('',(1.,0.,0.));
#6758 = ADVANCED_FACE('',(#6759),#6778,.F.);
#6759 = FACE_BOUND('',#6760,.T.);
#6760 = EDGE_LOOP('',(#6761,#6762,#6770,#6777));
#6761 = ORIENTED_EDGE('',*,*,#6746,.T.);
#6762 = ORIENTED_EDGE('',*,*,#6763,.T.);
#6763 = EDGE_CURVE('',#6739,#6764,#6766,.T.);
#6764 = VERTEX_POINT('',#6765);
#6765 = CARTESIAN_POINT('',(2.555,0.,0.337));
#6766 = LINE('',#6767,#6768);
#6767 = CARTESIAN_POINT('',(2.95,0.,0.35));
#6768 = VECTOR('',#6769,1.);
#6769 = DIRECTION('',(-0.999458859691,0.,-3.289358272402E-02));
#6770 = ORIENTED_EDGE('',*,*,#6771,.F.);
#6771 = EDGE_CURVE('',#6764,#6764,#6772,.T.);
#6772 = CIRCLE('',#6773,2.555);
#6773 = AXIS2_PLACEMENT_3D('',#6774,#6775,#6776);
#6774 = CARTESIAN_POINT('',(0.,0.,0.337));
#6775 = DIRECTION('',(0.,0.,1.));
#6776 = DIRECTION('',(1.,0.,-0.));
#6777 = ORIENTED_EDGE('',*,*,#6763,.F.);
#6778 = CONICAL_SURFACE('',#6779,2.95,1.537896809438);
#6779 = AXIS2_PLACEMENT_3D('',#6780,#6781,#6782);
#6780 = CARTESIAN_POINT('',(0.,0.,0.35));
#6781 = DIRECTION('',(0.,0.,1.));
#6782 = DIRECTION('',(1.,0.,0.));
#6783 = ADVANCED_FACE('',(#6784),#6803,.F.);
#6784 = FACE_BOUND('',#6785,.T.);
#6785 = EDGE_LOOP('',(#6786,#6787,#6795,#6802));
#6786 = ORIENTED_EDGE('',*,*,#6771,.T.);
#6787 = ORIENTED_EDGE('',*,*,#6788,.T.);
#6788 = EDGE_CURVE('',#6764,#6789,#6791,.T.);
#6789 = VERTEX_POINT('',#6790);
#6790 = CARTESIAN_POINT('',(2.16,0.,0.325));
#6791 = LINE('',#6792,#6793);
#6792 = CARTESIAN_POINT('',(2.555,0.,0.337));
#6793 = VECTOR('',#6794,1.);
#6794 = DIRECTION('',(-0.99953885467,0.,-3.036573735706E-02));
#6795 = ORIENTED_EDGE('',*,*,#6796,.F.);
#6796 = EDGE_CURVE('',#6789,#6789,#6797,.T.);
#6797 = CIRCLE('',#6798,2.16);
#6798 = AXIS2_PLACEMENT_3D('',#6799,#6800,#6801);
#6799 = CARTESIAN_POINT('',(0.,0.,0.325));
#6800 = DIRECTION('',(0.,0.,1.));
#6801 = DIRECTION('',(1.,0.,-0.));
#6802 = ORIENTED_EDGE('',*,*,#6788,.F.);
#6803 = CONICAL_SURFACE('',#6804,2.555,1.540425920904);
#6804 = AXIS2_PLACEMENT_3D('',#6805,#6806,#6807);
#6805 = CARTESIAN_POINT('',(0.,0.,0.337));
#6806 = DIRECTION('',(0.,0.,1.));
#6807 = DIRECTION('',(1.,0.,0.));
#6808 = ADVANCED_FACE('',(#6809),#6828,.F.);
#6809 = FACE_BOUND('',#6810,.T.);
#6810 = EDGE_LOOP('',(#6811,#6812,#6820,#6827));
#6811 = ORIENTED_EDGE('',*,*,#6796,.T.);
#6812 = ORIENTED_EDGE('',*,*,#6813,.T.);
#6813 = EDGE_CURVE('',#6789,#6814,#6816,.T.);
#6814 = VERTEX_POINT('',#6815);
#6815 = CARTESIAN_POINT('',(1.765,0.,0.316));
#6816 = LINE('',#6817,#6818);
#6817 = CARTESIAN_POINT('',(2.16,0.,0.325));
#6818 = VECTOR('',#6819,1.);
#6819 = DIRECTION('',(-0.999740527238,0.,-2.277889808896E-02));
#6820 = ORIENTED_EDGE('',*,*,#6821,.F.);
#6821 = EDGE_CURVE('',#6814,#6814,#6822,.T.);
#6822 = CIRCLE('',#6823,1.765);
#6823 = AXIS2_PLACEMENT_3D('',#6824,#6825,#6826);
#6824 = CARTESIAN_POINT('',(0.,0.,0.316));
#6825 = DIRECTION('',(0.,0.,1.));
#6826 = DIRECTION('',(1.,0.,-0.));
#6827 = ORIENTED_EDGE('',*,*,#6813,.F.);
#6828 = CONICAL_SURFACE('',#6829,2.16,1.548015458334);
#6829 = AXIS2_PLACEMENT_3D('',#6830,#6831,#6832);
#6830 = CARTESIAN_POINT('',(0.,0.,0.325));
#6831 = DIRECTION('',(0.,0.,1.));
#6832 = DIRECTION('',(1.,0.,0.));
#6833 = ADVANCED_FACE('',(#6834),#6853,.F.);
#6834 = FACE_BOUND('',#6835,.T.);
#6835 = EDGE_LOOP('',(#6836,#6837,#6845,#6852));
#6836 = ORIENTED_EDGE('',*,*,#6821,.T.);
#6837 = ORIENTED_EDGE('',*,*,#6838,.T.);
#6838 = EDGE_CURVE('',#6814,#6839,#6841,.T.);
#6839 = VERTEX_POINT('',#6840);
#6840 = CARTESIAN_POINT('',(1.37,0.,0.312));
#6841 = LINE('',#6842,#6843);
#6842 = CARTESIAN_POINT('',(1.765,0.,0.316));
#6843 = VECTOR('',#6844,1.);
#6844 = DIRECTION('',(-0.999948730109,0.,-1.012606308971E-02));
#6845 = ORIENTED_EDGE('',*,*,#6846,.F.);
#6846 = EDGE_CURVE('',#6839,#6839,#6847,.T.);
#6847 = CIRCLE('',#6848,1.37);
#6848 = AXIS2_PLACEMENT_3D('',#6849,#6850,#6851);
#6849 = CARTESIAN_POINT('',(0.,0.,0.312));
#6850 = DIRECTION('',(0.,0.,1.));
#6851 = DIRECTION('',(1.,0.,-0.));
#6852 = ORIENTED_EDGE('',*,*,#6838,.F.);
#6853 = CONICAL_SURFACE('',#6854,1.765,1.560670090648);
#6854 = AXIS2_PLACEMENT_3D('',#6855,#6856,#6857);
#6855 = CARTESIAN_POINT('',(0.,0.,0.316));
#6856 = DIRECTION('',(0.,0.,1.));
#6857 = DIRECTION('',(1.,0.,0.));
#6858 = ADVANCED_FACE('',(#6859),#6878,.F.);
#6859 = FACE_BOUND('',#6860,.T.);
#6860 = EDGE_LOOP('',(#6861,#6862,#6870,#6877));
#6861 = ORIENTED_EDGE('',*,*,#6846,.T.);
#6862 = ORIENTED_EDGE('',*,*,#6863,.T.);
#6863 = EDGE_CURVE('',#6839,#6864,#6866,.T.);
#6864 = VERTEX_POINT('',#6865);
#6865 = CARTESIAN_POINT('',(0.98,0.,0.31));
#6866 = LINE('',#6867,#6868);
#6867 = CARTESIAN_POINT('',(1.37,0.,0.312));
#6868 = VECTOR('',#6869,1.);
#6869 = DIRECTION('',(-0.999986851015,0.,-5.128137697515E-03));
#6870 = ORIENTED_EDGE('',*,*,#6871,.F.);
#6871 = EDGE_CURVE('',#6864,#6864,#6872,.T.);
#6872 = CIRCLE('',#6873,0.98);
#6873 = AXIS2_PLACEMENT_3D('',#6874,#6875,#6876);
#6874 = CARTESIAN_POINT('',(0.,0.,0.31));
#6875 = DIRECTION('',(0.,0.,1.));
#6876 = DIRECTION('',(1.,0.,-0.));
#6877 = ORIENTED_EDGE('',*,*,#6863,.F.);
#6878 = CONICAL_SURFACE('',#6879,1.37,1.565668166621);
#6879 = AXIS2_PLACEMENT_3D('',#6880,#6881,#6882);
#6880 = CARTESIAN_POINT('',(0.,0.,0.312));
#6881 = DIRECTION('',(0.,0.,1.));
#6882 = DIRECTION('',(1.,0.,0.));
#6883 = ADVANCED_FACE('',(#6884),#6903,.F.);
#6884 = FACE_BOUND('',#6885,.T.);
#6885 = EDGE_LOOP('',(#6886,#6887,#6895,#6902));
#6886 = ORIENTED_EDGE('',*,*,#6871,.T.);
#6887 = ORIENTED_EDGE('',*,*,#6888,.T.);
#6888 = EDGE_CURVE('',#6864,#6889,#6891,.T.);
#6889 = VERTEX_POINT('',#6890);
#6890 = CARTESIAN_POINT('',(0.59,0.,0.308));
#6891 = LINE('',#6892,#6893);
#6892 = CARTESIAN_POINT('',(0.98,0.,0.31));
#6893 = VECTOR('',#6894,1.);
#6894 = DIRECTION('',(-0.999986851015,0.,-5.128137697515E-03));
#6895 = ORIENTED_EDGE('',*,*,#6896,.F.);
#6896 = EDGE_CURVE('',#6889,#6889,#6897,.T.);
#6897 = CIRCLE('',#6898,0.59);
#6898 = AXIS2_PLACEMENT_3D('',#6899,#6900,#6901);
#6899 = CARTESIAN_POINT('',(0.,0.,0.308));
#6900 = DIRECTION('',(0.,0.,1.));
#6901 = DIRECTION('',(1.,0.,-0.));
#6902 = ORIENTED_EDGE('',*,*,#6888,.F.);
#6903 = CONICAL_SURFACE('',#6904,0.98,1.565668166621);
#6904 = AXIS2_PLACEMENT_3D('',#6905,#6906,#6907);
#6905 = CARTESIAN_POINT('',(0.,0.,0.31));
#6906 = DIRECTION('',(0.,0.,1.));
#6907 = DIRECTION('',(1.,0.,0.));
#6908 = ADVANCED_FACE('',(#6909),#6928,.F.);
#6909 = FACE_BOUND('',#6910,.T.);
#6910 = EDGE_LOOP('',(#6911,#6912,#6920,#6927));
#6911 = ORIENTED_EDGE('',*,*,#6896,.T.);
#6912 = ORIENTED_EDGE('',*,*,#6913,.T.);
#6913 = EDGE_CURVE('',#6889,#6914,#6916,.T.);
#6914 = VERTEX_POINT('',#6915);
#6915 = CARTESIAN_POINT('',(0.235,0.,0.304));
#6916 = LINE('',#6917,#6918);
#6917 = CARTESIAN_POINT('',(0.59,0.,0.308));
#6918 = VECTOR('',#6919,1.);
#6919 = DIRECTION('',(-0.999936526575,0.,-1.126689044029E-02));
#6920 = ORIENTED_EDGE('',*,*,#6921,.F.);
#6921 = EDGE_CURVE('',#6914,#6914,#6922,.T.);
#6922 = CIRCLE('',#6923,0.235);
#6923 = AXIS2_PLACEMENT_3D('',#6924,#6925,#6926);
#6924 = CARTESIAN_POINT('',(0.,0.,0.304));
#6925 = DIRECTION('',(0.,0.,1.));
#6926 = DIRECTION('',(1.,0.,-0.));
#6927 = ORIENTED_EDGE('',*,*,#6913,.F.);
#6928 = CONICAL_SURFACE('',#6929,0.59,1.559529197966);
#6929 = AXIS2_PLACEMENT_3D('',#6930,#6931,#6932);
#6930 = CARTESIAN_POINT('',(0.,0.,0.308));
#6931 = DIRECTION('',(0.,0.,1.));
#6932 = DIRECTION('',(1.,0.,0.));
#6933 = ADVANCED_FACE('',(#6934),#6953,.F.);
#6934 = FACE_BOUND('',#6935,.T.);
#6935 = EDGE_LOOP('',(#6936,#6937,#6945,#6952));
#6936 = ORIENTED_EDGE('',*,*,#6921,.T.);
#6937 = ORIENTED_EDGE('',*,*,#6938,.T.);
#6938 = EDGE_CURVE('',#6914,#6939,#6941,.T.);
#6939 = VERTEX_POINT('',#6940);
#6940 = CARTESIAN_POINT('',(4.E-02,0.,0.301));
#6941 = LINE('',#6942,#6943);
#6942 = CARTESIAN_POINT('',(0.235,0.,0.304));
#6943 = VECTOR('',#6944,1.);
#6944 = DIRECTION('',(-0.999881677808,0.,-1.53827950432E-02));
#6945 = ORIENTED_EDGE('',*,*,#6946,.F.);
#6946 = EDGE_CURVE('',#6939,#6939,#6947,.T.);
#6947 = CIRCLE('',#6948,4.E-02);
#6948 = AXIS2_PLACEMENT_3D('',#6949,#6950,#6951);
#6949 = CARTESIAN_POINT('',(0.,0.,0.301));
#6950 = DIRECTION('',(0.,0.,1.));
#6951 = DIRECTION('',(1.,0.,-0.));
#6952 = ORIENTED_EDGE('',*,*,#6938,.F.);
#6953 = CONICAL_SURFACE('',#6954,0.235,1.555412925014);
#6954 = AXIS2_PLACEMENT_3D('',#6955,#6956,#6957);
#6955 = CARTESIAN_POINT('',(0.,0.,0.304));
#6956 = DIRECTION('',(0.,0.,1.));
#6957 = DIRECTION('',(1.,0.,0.));
#6958 = ADVANCED_FACE('',(#6959),#6971,.F.);
#6959 = FACE_BOUND('',#6960,.T.);
#6960 = EDGE_LOOP('',(#6961,#6962,#6970));
#6961 = ORIENTED_EDGE('',*,*,#6946,.T.);
#6962 = ORIENTED_EDGE('',*,*,#6963,.T.);
#6963 = EDGE_CURVE('',#6939,#6964,#6966,.T.);
#6964 = VERTEX_POINT('',#6965);
#6965 = CARTESIAN_POINT('',(0.,0.,0.3));
#6966 = LINE('',#6967,#6968);
#6967 = CARTESIAN_POINT('',(4.E-02,0.,0.301));
#6968 = VECTOR('',#6969,1.);
#6969 = DIRECTION('',(-0.999687646408,0.,-2.49921911602E-02));
#6970 = ORIENTED_EDGE('',*,*,#6963,.F.);
#6971 = CONICAL_SURFACE('',#6972,4.E-02,1.545801533176);
#6972 = AXIS2_PLACEMENT_3D('',#6973,#6974,#6975);
#6973 = CARTESIAN_POINT('',(0.,0.,0.301));
#6974 = DIRECTION('',(0.,0.,1.));
#6975 = DIRECTION('',(1.,0.,0.));
#6976 = ( GEOMETRIC_REPRESENTATION_CONTEXT(3) 
GLOBAL_UNCERTAINTY_ASSIGNED_CONTEXT((#6980)) 
GLOBAL_UNIT_ASSIGNED_CONTEXT((#6977,#6978,#6979)) REPRESENTATION_CONTEXT
('Context #1','3D Context with UNIT and UNCERTAINTY') );
#6977 = ( LENGTH_UNIT() NAMED_UNIT(*) SI_UNIT(.MILLI.,.METRE.) );
#6978 = ( NAMED_UNIT(*) PLANE_ANGLE_UNIT() SI_UNIT($,.RADIAN.) );
#6979 = ( NAMED_UNIT(*) SI_UNIT($,.STERADIAN.) SOLID_ANGLE_UNIT() );
#6980 = UNCERTAINTY_MEASURE_WITH_UNIT(LENGTH_MEASURE(1.E-07),#6977,
  'distance_accuracy_value','confusion accuracy');
#6981 = PRODUCT_RELATED_PRODUCT_CATEGORY('part',$,(#7));
ENDSEC;
END-ISO-10303-21;
